Thu Feb 19 09:53:29 2026       
+-----------------------------------------------------------------------------------------+
| NVIDIA-SMI 560.35.03              Driver Version: 560.35.03      CUDA Version: 12.6     |
|-----------------------------------------+------------------------+----------------------+
| GPU  Name                 Persistence-M | Bus-Id          Disp.A | Volatile Uncorr. ECC |
| Fan  Temp   Perf          Pwr:Usage/Cap |           Memory-Usage | GPU-Util  Compute M. |
|                                         |                        |               MIG M. |
|=========================================+========================+======================|
|   0  NVIDIA A100-SXM4-80GB          On  |   00000000:07:00.0 Off |                    0 |
| N/A   27C    P0             62W /  400W |       1MiB /  81920MiB |      0%      Default |
|                                         |                        |             Disabled |
+-----------------------------------------+------------------------+----------------------+
                                                                                         
+-----------------------------------------------------------------------------------------+
| Processes:                                                                              |
|  GPU   GI   CI        PID   Type   Process name                              GPU Memory |
|        ID   ID                                                               Usage      |
|=========================================================================================|
|  No running processes found                                                             |
+-----------------------------------------------------------------------------------------+
-----------------------------
PWD: /data2/cmdir/home/ioit111/trung_ng
SLURM_SUBMIT_DIR: /data2/cmdir/home/ioit111/trung_ng
PYTHONPATH: /data2/cmdir/home/ioit111/trung_ng:/data2/cmdir/home/ioit111/guided_diffusion:/data2/cmdir/home/ioit111:
Using MODEL_PATH (EMA): /data2/cmdir/home/ioit111/trung_ng/results/emasavedmodel_0.9999_060000.pt
Logging to ./results
creating model and diffusion...
/data2/cmdir/home/ioit111/trung_ng/guided_diffusion/dist_util.py:67: FutureWarning: You are using `torch.load` with `weights_only=False` (the current default value), which uses the default pickle module implicitly. It is possible to construct malicious pickle data which will execute arbitrary code during unpickling (See https://github.com/pytorch/pytorch/blob/main/SECURITY.md#untrusted-models for more details). In a future release, the default value for `weights_only` will be flipped to `True`. This limits the functions that could be executed during unpickling. Arbitrary objects will no longer be allowed to be loaded via this mode unless they are explicitly allowlisted by the user via `torch.serialization.add_safe_globals`. We recommend you start setting `weights_only=True` for any use case where you don't have full control of the loaded file. Please open an issue on GitHub for any issues related to this experimental feature.
  return th.load(io.BytesIO(data), **kwargs)
using checkpoint: /data2/cmdir/home/ioit111/trung_ng/results/emasavedmodel_0.9999_060000.pt
device=cuda batch_size=8 num_ensemble=4 sampler=ddpm
evaluating 2340 case(s)...
[batch 1/293] start batch_cases=8 evaluated=0/2340 cases=0..1003
[batch 1/293] ensemble 1/4 done in 27.67s
[batch 1/293] ensemble 2/4 done in 26.95s
[batch 1/293] ensemble 3/4 done in 27.06s
[batch 1/293] ensemble 4/4 done in 26.79s
case=0 GED=0.250529 D_max=0.823469 Sc=0.827160 D_a=1.000000 CI=0.876340
case=1 GED=0.435600 D_max=0.702008 Sc=1.000000 D_a=0.833027 CI=0.827603
case=10 GED=0.668582 D_max=0.307837 Sc=0.987147 D_a=0.598003 CI=0.505584
case=100 GED=0.518594 D_max=0.552358 Sc=0.981132 D_a=0.902567 CI=0.761885
case=1000 GED=0.488872 D_max=0.658012 Sc=0.944444 D_a=0.853571 CI=0.799979
case=1001 GED=0.476232 D_max=0.632489 Sc=0.939759 D_a=0.910145 CI=0.801307
case=1002 GED=0.494727 D_max=0.511742 Sc=0.991228 D_a=0.569738 CI=0.635842
case=1003 GED=0.279984 D_max=0.790179 Sc=1.000000 D_a=1.000000 CI=0.918685
[batch 1/293] done in 108.68s evaluated=8/2340
[batch 2/293] start batch_cases=8 evaluated=8/2340 cases=1004..1010
[batch 2/293] ensemble 1/4 done in 26.79s
[batch 2/293] ensemble 2/4 done in 26.80s
[batch 2/293] ensemble 3/4 done in 26.79s
[batch 2/293] ensemble 4/4 done in 26.79s
case=1004 GED=1.102063 D_max=0.095238 Sc=1.000000 D_a=0.561693 CI=0.225898
case=1005 GED=0.560150 D_max=0.840909 Sc=1.000000 D_a=0.803797 CI=0.873799
case=1006 GED=0.246810 D_max=0.820248 Sc=0.956522 D_a=1.000000 CI=0.918949
case=1007 GED=1.071067 D_max=0.117188 Sc=1.000000 D_a=0.546560 CI=0.264016
case=1008 GED=1.109402 D_max=0.104839 Sc=1.000000 D_a=0.535928 CI=0.241850
case=1009 GED=0.600940 D_max=0.831871 Sc=1.000000 D_a=0.839286 CI=0.884017
case=101 GED=0.698847 D_max=0.375239 Sc=0.984615 D_a=0.580269 CI=0.555151
case=1010 GED=0.262478 D_max=0.810976 Sc=0.933333 D_a=1.000000 CI=0.907850
[batch 2/293] done in 107.68s evaluated=16/2340
[batch 3/293] start batch_cases=8 evaluated=16/2340 cases=1011..1018
[batch 3/293] ensemble 1/4 done in 26.84s
[batch 3/293] ensemble 2/4 done in 26.79s
[batch 3/293] ensemble 3/4 done in 26.81s
[batch 3/293] ensemble 4/4 done in 26.79s
case=1011 GED=0.510454 D_max=0.412925 Sc=0.914894 D_a=0.857374 CI=0.640871
case=1012 GED=0.912683 D_max=0.353855 Sc=0.761194 D_a=0.671647 CI=0.532991
case=1013 GED=0.621789 D_max=0.553926 Sc=0.923077 D_a=0.821871 CI=0.730751
case=1014 GED=0.609002 D_max=0.623804 Sc=0.929825 D_a=0.866553 CI=0.782772
[running mean @ 20 cases] GED=0.595940 D_max=0.545956 Sc=0.953716 D_a=0.787601 CI=0.684307
case=1015 GED=0.613552 D_max=0.576044 Sc=0.943396 D_a=0.858327 CI=0.757378
case=1016 GED=0.672405 D_max=0.484277 Sc=0.879630 D_a=0.607473 CI=0.618820
case=1017 GED=0.230856 D_max=0.692951 Sc=0.950820 D_a=1.000000 CI=0.858411
case=1018 GED=0.526909 D_max=0.834211 Sc=0.971429 D_a=0.725806 CI=0.831963
[batch 3/293] done in 107.38s evaluated=24/2340
[batch 4/293] start batch_cases=8 evaluated=24/2340 cases=1019..1025
[batch 4/293] ensemble 1/4 done in 26.81s
[batch 4/293] ensemble 2/4 done in 26.79s
[batch 4/293] ensemble 3/4 done in 26.80s
[batch 4/293] ensemble 4/4 done in 26.80s
case=1019 GED=0.280508 D_max=0.782051 Sc=0.714286 D_a=1.000000 CI=0.815508
case=102 GED=0.508051 D_max=0.824074 Sc=0.937500 D_a=0.677700 CI=0.798780
case=1020 GED=0.851851 D_max=0.169895 Sc=1.000000 D_a=0.688490 CI=0.359780
case=1021 GED=0.808092 D_max=0.397229 Sc=0.950820 D_a=0.540943 CI=0.553732
case=1022 GED=0.778044 D_max=0.511320 Sc=1.000000 D_a=0.863692 CI=0.729298
case=1023 GED=0.716794 D_max=0.539574 Sc=0.988889 D_a=0.833225 CI=0.738061
case=1024 GED=0.683852 D_max=0.583190 Sc=0.988764 D_a=0.860210 CI=0.771490
case=1025 GED=0.681075 D_max=0.555164 Sc=0.966292 D_a=0.859327 CI=0.750027
[batch 4/293] done in 107.33s evaluated=32/2340
[batch 5/293] start batch_cases=8 evaluated=32/2340 cases=1026..1032
[batch 5/293] ensemble 1/4 done in 26.80s
[batch 5/293] ensemble 2/4 done in 26.81s
[batch 5/293] ensemble 3/4 done in 26.79s
[batch 5/293] ensemble 4/4 done in 26.80s
case=1026 GED=0.659926 D_max=0.586166 Sc=0.985507 D_a=0.602381 CI=0.684809
case=1027 GED=0.497836 D_max=0.918966 Sc=0.950000 D_a=0.844828 CI=0.902395
case=1028 GED=0.252914 D_max=0.817308 Sc=0.913043 D_a=1.000000 CI=0.903950
case=1029 GED=0.896829 D_max=0.198014 Sc=1.000000 D_a=0.818770 CI=0.412571
case=103 GED=0.759814 D_max=0.362764 Sc=1.000000 D_a=0.865183 CI=0.610695
case=1030 GED=0.743792 D_max=0.408095 Sc=0.971429 D_a=0.886520 CI=0.651066
case=1031 GED=0.721228 D_max=0.453722 Sc=1.000000 D_a=0.654063 CI=0.633861
case=1032 GED=0.728496 D_max=0.458997 Sc=0.986667 D_a=0.604556 CI=0.619031
[running mean @ 40 cases] GED=0.613291 D_max=0.551828 Sc=0.954320 D_a=0.788588 CI=0.692194
[batch 5/293] done in 107.71s evaluated=40/2340
[batch 6/293] start batch_cases=8 evaluated=40/2340 cases=1033..104
[batch 6/293] ensemble 1/4 done in 26.79s
[batch 6/293] ensemble 2/4 done in 26.81s
[batch 6/293] ensemble 3/4 done in 26.80s
[batch 6/293] ensemble 4/4 done in 26.80s
case=1033 GED=0.744385 D_max=0.416477 Sc=0.984615 D_a=0.614792 CI=0.594850
case=1034 GED=0.760754 D_max=0.355304 Sc=1.000000 D_a=0.682164 CI=0.568138
case=1035 GED=0.968016 D_max=0.137681 Sc=1.000000 D_a=0.625036 CI=0.304165
case=1036 GED=1.049123 D_max=0.081871 Sc=1.000000 D_a=0.544192 CI=0.199311
case=1037 GED=0.543977 D_max=0.458852 Sc=1.000000 D_a=0.545568 CI=0.598527
case=1038 GED=0.640365 D_max=0.406821 Sc=0.980000 D_a=0.635270 CI=0.593750
case=1039 GED=0.565965 D_max=0.611842 Sc=1.000000 D_a=0.805842 CI=0.774124
case=104 GED=0.706301 D_max=0.505374 Sc=0.975309 D_a=0.828241 CI=0.712348
[batch 6/293] done in 107.60s evaluated=48/2340
[batch 7/293] start batch_cases=8 evaluated=48/2340 cases=1040..1047
[batch 7/293] ensemble 1/4 done in 26.80s
[batch 7/293] ensemble 2/4 done in 26.80s
[batch 7/293] ensemble 3/4 done in 26.80s
[batch 7/293] ensemble 4/4 done in 26.80s
case=1040 GED=0.861244 D_max=0.237624 Sc=1.000000 D_a=0.563119 CI=0.429544
case=1041 GED=0.571495 D_max=0.485147 Sc=1.000000 D_a=0.551080 CI=0.615278
case=1042 GED=0.267733 D_max=0.830808 Sc=1.000000 D_a=1.000000 CI=0.936433
case=1043 GED=1.086857 D_max=0.135071 Sc=1.000000 D_a=0.545235 CI=0.293038
case=1044 GED=0.280121 D_max=0.754762 Sc=0.999999 D_a=0.999995 CI=0.902275
case=1045 GED=0.355487 D_max=0.574787 Sc=1.000000 D_a=1.000000 CI=0.802187
case=1046 GED=0.564191 D_max=0.655914 Sc=1.000000 D_a=0.865854 CI=0.815324
case=1047 GED=0.725706 D_max=0.299453 Sc=0.990196 D_a=0.578855 CI=0.493675
[batch 7/293] done in 107.32s evaluated=56/2340
[batch 8/293] start batch_cases=8 evaluated=56/2340 cases=1048..1054
[batch 8/293] ensemble 1/4 done in 26.81s
[batch 8/293] ensemble 2/4 done in 26.81s
[batch 8/293] ensemble 3/4 done in 26.81s
[batch 8/293] ensemble 4/4 done in 26.82s
case=1048 GED=0.639718 D_max=0.567923 Sc=0.934579 D_a=0.553285 CI=0.646804
case=1049 GED=0.527831 D_max=0.482575 Sc=1.000000 D_a=0.960526 CI=0.729339
case=105 GED=0.833534 D_max=0.126201 Sc=0.972973 D_a=0.547215 CI=0.278317
case=1050 GED=0.605571 D_max=0.426743 Sc=0.987179 D_a=0.532230 CI=0.573044
[running mean @ 60 cases] GED=0.630500 D_max=0.510406 Sc=0.966628 D_a=0.758700 CI=0.659137
case=1051 GED=0.576853 D_max=0.460764 Sc=0.203077 D_a=0.857285 CI=0.363151
case=1052 GED=0.596857 D_max=0.520083 Sc=0.327869 D_a=0.991319 CI=0.501544
case=1053 GED=0.549803 D_max=0.667049 Sc=0.507752 D_a=0.972752 CI=0.667168
case=1054 GED=0.370792 D_max=0.500000 Sc=0.000000 D_a=1.000000 CI=0.000000
[batch 8/293] done in 107.38s evaluated=64/2340
[batch 9/293] start batch_cases=8 evaluated=64/2340 cases=1055..1061
[batch 9/293] ensemble 1/4 done in 26.83s
[batch 9/293] ensemble 2/4 done in 26.80s
[batch 9/293] ensemble 3/4 done in 26.81s
[batch 9/293] ensemble 4/4 done in 26.80s
case=1055 GED=0.393250 D_max=0.590489 Sc=0.987179 D_a=0.553631 CI=0.664782
case=1056 GED=0.305571 D_max=0.638524 Sc=0.997460 D_a=0.525185 CI=0.670728
case=1057 GED=0.248296 D_max=0.670042 Sc=0.997992 D_a=0.514714 CI=0.676090
case=1058 GED=0.258876 D_max=0.679981 Sc=0.993560 D_a=0.619552 CI=0.733285
case=1059 GED=1.098640 D_max=0.250000 Sc=0.000000 D_a=0.493214 CI=0.000000
case=106 GED=0.703724 D_max=0.458989 Sc=0.956522 D_a=0.917285 CI=0.695357
case=1060 GED=0.371639 D_max=0.857940 Sc=0.785714 D_a=0.994886 CI=0.871219
case=1061 GED=0.200864 D_max=0.915447 Sc=0.984211 D_a=0.866947 CI=0.919715
[batch 9/293] done in 107.92s evaluated=72/2340
[batch 10/293] start batch_cases=8 evaluated=72/2340 cases=1062..1069
[batch 10/293] ensemble 1/4 done in 26.82s
[batch 10/293] ensemble 2/4 done in 26.80s
[batch 10/293] ensemble 3/4 done in 26.82s
[batch 10/293] ensemble 4/4 done in 26.81s
case=1062 GED=0.303818 D_max=0.629673 Sc=0.999196 D_a=0.568336 CI=0.689901
case=1063 GED=0.791006 D_max=0.248043 Sc=1.000000 D_a=0.592225 CI=0.446421
case=1064 GED=0.308181 D_max=0.643607 Sc=1.000000 D_a=1.000000 CI=0.844181
case=1065 GED=0.872453 D_max=0.259299 Sc=0.818182 D_a=0.747253 CI=0.467508
case=1066 GED=0.865071 D_max=0.336594 Sc=1.000000 D_a=0.604994 CI=0.533443
case=1067 GED=0.945778 D_max=0.346766 Sc=1.000000 D_a=0.857808 CI=0.594112
case=1068 GED=0.948155 D_max=0.317031 Sc=1.000000 D_a=0.834528 CI=0.560481
case=1069 GED=1.152066 D_max=0.109163 Sc=0.777778 D_a=0.714286 CI=0.253242
[running mean @ 80 cases] GED=0.621146 D_max=0.509048 Sc=0.916677 D_a=0.759353 CI=0.633757
[batch 10/293] done in 107.76s evaluated=80/2340
[batch 11/293] start batch_cases=8 evaluated=80/2340 cases=107..1076
[batch 11/293] ensemble 1/4 done in 26.83s
[batch 11/293] ensemble 2/4 done in 26.82s
[batch 11/293] ensemble 3/4 done in 26.80s
[batch 11/293] ensemble 4/4 done in 26.82s
case=107 GED=0.581649 D_max=0.641479 Sc=0.929688 D_a=0.511037 CI=0.653405
case=1070 GED=1.153713 D_max=0.065598 Sc=1.000000 D_a=0.583469 CI=0.167053
case=1071 GED=0.600810 D_max=0.839701 Sc=1.000000 D_a=0.831558 CI=0.884053
case=1072 GED=1.077593 D_max=0.144737 Sc=1.000000 D_a=0.541255 CI=0.307483
case=1073 GED=0.605569 D_max=0.828063 Sc=1.000000 D_a=0.827327 CI=0.878130
case=1074 GED=1.092948 D_max=0.157143 Sc=1.000000 D_a=0.584836 CI=0.330633
case=1075 GED=0.949864 D_max=0.136126 Sc=1.000000 D_a=0.745617 CI=0.309683
case=1076 GED=0.633608 D_max=0.850507 Sc=1.000000 D_a=0.889571 CI=0.909116
[batch 11/293] done in 107.40s evaluated=88/2340
[batch 12/293] start batch_cases=8 evaluated=88/2340 cases=1077..1083
[batch 12/293] ensemble 1/4 done in 26.81s
[batch 12/293] ensemble 2/4 done in 26.82s
[batch 12/293] ensemble 3/4 done in 26.79s
[batch 12/293] ensemble 4/4 done in 26.80s
case=1077 GED=1.033255 D_max=0.121269 Sc=1.000000 D_a=0.734585 CI=0.282820
case=1078 GED=1.049258 D_max=0.109375 Sc=1.000000 D_a=0.611342 CI=0.254699
case=1079 GED=0.256605 D_max=0.786913 Sc=1.000000 D_a=1.000000 CI=0.917210
case=108 GED=0.763356 D_max=0.265778 Sc=1.000000 D_a=0.561056 CI=0.458373
case=1080 GED=0.125000 D_max=0.750003 Sc=0.000000 D_a=0.999995 CI=0.000000
case=1081 GED=0.995090 D_max=0.110416 Sc=0.937500 D_a=0.664835 CI=0.258010
case=1082 GED=0.778630 D_max=0.241183 Sc=0.973684 D_a=0.701209 CI=0.454589
case=1083 GED=0.351469 D_max=0.599969 Sc=0.954545 D_a=1.000000 CI=0.807673
[batch 12/293] done in 107.34s evaluated=96/2340
[batch 13/293] start batch_cases=8 evaluated=96/2340 cases=1084..1090
[batch 13/293] ensemble 1/4 done in 26.79s
[batch 13/293] ensemble 2/4 done in 26.79s
[batch 13/293] ensemble 3/4 done in 26.79s
[batch 13/293] ensemble 4/4 done in 26.78s
case=1084 GED=0.802775 D_max=0.196697 Sc=0.904762 D_a=0.854396 CI=0.407628
case=1085 GED=0.787499 D_max=0.368232 Sc=1.000000 D_a=0.897465 CI=0.621127
case=1086 GED=0.709793 D_max=0.411504 Sc=0.985915 D_a=0.886951 CI=0.656189
case=1087 GED=0.651345 D_max=0.475778 Sc=0.963415 D_a=0.844827 CI=0.693887
[running mean @ 100 cases] GED=0.646915 D_max=0.488243 Sc=0.919837 D_a=0.760196 CI=0.609523
case=1088 GED=0.774586 D_max=0.398583 Sc=0.985507 D_a=0.899817 CI=0.647259
case=1089 GED=0.569461 D_max=0.864796 Sc=1.000000 D_a=0.836842 CI=0.895172
case=109 GED=0.243692 D_max=0.824219 Sc=0.896552 D_a=1.000000 CI=0.901265
case=1090 GED=0.228321 D_max=0.875731 Sc=0.961538 D_a=1.000000 CI=0.942832
[batch 13/293] done in 107.76s evaluated=104/2340
[batch 14/293] start batch_cases=8 evaluated=104/2340 cases=1091..1098
[batch 14/293] ensemble 1/4 done in 26.81s
[batch 14/293] ensemble 2/4 done in 26.80s
[batch 14/293] ensemble 3/4 done in 26.79s
[batch 14/293] ensemble 4/4 done in 26.79s
case=1091 GED=0.560510 D_max=0.878261 Sc=0.954545 D_a=0.830189 CI=0.884753
case=1092 GED=0.558990 D_max=0.856557 Sc=1.000000 D_a=0.800000 CI=0.877844
case=1093 GED=0.124999 D_max=0.750001 Sc=0.000000 D_a=0.500003 CI=0.000000
case=1094 GED=0.832372 D_max=0.325410 Sc=0.918919 D_a=0.901774 CI=0.569237
case=1095 GED=0.791002 D_max=0.281931 Sc=0.846154 D_a=0.795290 CI=0.501154
case=1096 GED=0.865139 D_max=0.251949 Sc=0.945946 D_a=0.654505 CI=0.457730
case=1097 GED=0.803944 D_max=0.179008 Sc=0.956522 D_a=0.744474 CI=0.376174
case=1098 GED=0.519170 D_max=0.686264 Sc=0.680000 D_a=0.904844 CI=0.743879
[batch 14/293] done in 107.32s evaluated=112/2340
[batch 15/293] start batch_cases=8 evaluated=112/2340 cases=1099..1104
[batch 15/293] ensemble 1/4 done in 26.79s
[batch 15/293] ensemble 2/4 done in 26.79s
[batch 15/293] ensemble 3/4 done in 26.79s
[batch 15/293] ensemble 4/4 done in 26.80s
case=1099 GED=0.422144 D_max=0.449610 Sc=0.966851 D_a=0.751685 CI=0.653768
case=11 GED=0.125000 D_max=0.750000 Sc=0.000000 D_a=1.000000 CI=0.000000
case=110 GED=1.116395 D_max=0.048077 Sc=1.000000 D_a=0.573492 CI=0.127423
case=1100 GED=0.312951 D_max=0.588006 Sc=0.967379 D_a=0.769291 CI=0.743627
case=1101 GED=0.359923 D_max=0.587766 Sc=0.921922 D_a=0.601957 CI=0.674567
case=1102 GED=0.240960 D_max=0.792750 Sc=0.875433 D_a=0.974267 CI=0.874601
case=1103 GED=0.304657 D_max=0.736364 Sc=0.819277 D_a=0.942523 CI=0.824268
case=1104 GED=0.384624 D_max=0.628203 Sc=0.787313 D_a=0.901786 CI=0.755497
[running mean @ 120 cases] GED=0.623586 D_max=0.504815 Sc=0.903896 D_a=0.770019 CI=0.611695
[batch 15/293] done in 107.30s evaluated=120/2340
[batch 16/293] start batch_cases=8 evaluated=120/2340 cases=1105..1111
[batch 16/293] ensemble 1/4 done in 26.79s
[batch 16/293] ensemble 2/4 done in 26.79s
[batch 16/293] ensemble 3/4 done in 26.79s
[batch 16/293] ensemble 4/4 done in 26.81s
case=1105 GED=0.918852 D_max=0.250000 Sc=0.000000 D_a=0.373771 CI=0.000000
case=1106 GED=0.629528 D_max=0.250000 Sc=0.000000 D_a=0.860269 CI=0.000000
case=1107 GED=0.914474 D_max=0.250000 Sc=0.000000 D_a=0.372727 CI=0.000000
case=1108 GED=0.293787 D_max=0.734765 Sc=0.906103 D_a=0.833846 CI=0.818807
case=1109 GED=0.226357 D_max=0.795915 Sc=0.928808 D_a=0.933165 CI=0.881138
case=111 GED=0.628574 D_max=0.550382 Sc=1.000000 D_a=0.923338 CI=0.769241
case=1110 GED=0.325872 D_max=0.578725 Sc=0.968102 D_a=0.892849 CI=0.773018
case=1111 GED=0.367003 D_max=0.560627 Sc=0.979253 D_a=0.617464 CI=0.678053
[batch 16/293] done in 107.31s evaluated=128/2340
[batch 17/293] start batch_cases=8 evaluated=128/2340 cases=1112..1119
[batch 17/293] ensemble 1/4 done in 26.83s
[batch 17/293] ensemble 2/4 done in 26.81s
[batch 17/293] ensemble 3/4 done in 26.82s
[batch 17/293] ensemble 4/4 done in 26.81s
case=1112 GED=0.272409 D_max=0.841301 Sc=0.966061 D_a=0.973180 CI=0.922700
case=1113 GED=0.183275 D_max=0.867424 Sc=0.980301 D_a=0.967003 CI=0.935437
case=1114 GED=0.317719 D_max=0.613971 Sc=0.953912 D_a=0.565800 CI=0.674997
case=1115 GED=0.252920 D_max=0.835011 Sc=0.947608 D_a=0.922029 CI=0.898892
case=1116 GED=1.086955 D_max=0.076087 Sc=1.000000 D_a=0.712130 CI=0.192962
case=1117 GED=0.772040 D_max=0.242458 Sc=0.975000 D_a=0.629528 CI=0.445199
case=1118 GED=0.528164 D_max=0.530719 Sc=0.981481 D_a=0.896005 CI=0.746423
case=1119 GED=0.667606 D_max=0.345690 Sc=0.951219 D_a=0.646649 CI=0.546400
[batch 17/293] done in 107.84s evaluated=136/2340
[batch 18/293] start batch_cases=8 evaluated=136/2340 cases=112..1126
[batch 18/293] ensemble 1/4 done in 26.83s
[batch 18/293] ensemble 2/4 done in 26.80s
[batch 18/293] ensemble 3/4 done in 26.83s
[batch 18/293] ensemble 4/4 done in 26.81s
case=112 GED=0.463777 D_max=0.746487 Sc=0.993007 D_a=0.845935 CI=0.850154
case=1120 GED=0.661888 D_max=0.433984 Sc=0.961538 D_a=0.948521 CI=0.682050
case=1121 GED=0.092105 D_max=0.854167 Sc=0.869565 D_a=1.000000 CI=0.903415
case=1122 GED=0.590437 D_max=0.373964 Sc=0.988095 D_a=0.682104 CI=0.582281
[running mean @ 140 cases] GED=0.607315 D_max=0.509353 Sc=0.891554 D_a=0.771419 CI=0.612175
case=1123 GED=0.458083 D_max=0.645245 Sc=0.911290 D_a=0.916819 CI=0.802596
case=1124 GED=0.447634 D_max=0.605666 Sc=0.975904 D_a=0.909497 CI=0.794644
case=1125 GED=0.963381 D_max=0.108374 Sc=1.000000 D_a=0.665654 CI=0.255764
case=1126 GED=1.144510 D_max=0.048246 Sc=1.000000 D_a=0.652296 CI=0.128975
[batch 18/293] done in 107.99s evaluated=144/2340
[batch 19/293] start batch_cases=8 evaluated=144/2340 cases=1127..1133
[batch 19/293] ensemble 1/4 done in 26.84s
[batch 19/293] ensemble 2/4 done in 26.83s
[batch 19/293] ensemble 3/4 done in 26.81s
[batch 19/293] ensemble 4/4 done in 26.83s
case=1127 GED=1.108762 D_max=0.071429 Sc=1.000000 D_a=0.561594 CI=0.178778
case=1128 GED=0.577599 D_max=0.795833 Sc=1.000000 D_a=0.727848 CI=0.826342
case=1129 GED=0.557338 D_max=0.504627 Sc=1.000000 D_a=0.907375 CI=0.734620
case=113 GED=0.417836 D_max=0.775930 Sc=0.994220 D_a=0.798285 CI=0.845720
case=1130 GED=0.711001 D_max=0.342107 Sc=0.984615 D_a=0.614428 CI=0.538966
case=1131 GED=0.527413 D_max=0.594600 Sc=0.982456 D_a=0.858879 CI=0.776404
case=1132 GED=0.622675 D_max=0.314696 Sc=0.966102 D_a=0.666064 CI=0.525016
case=1133 GED=0.219553 D_max=0.608252 Sc=0.693878 D_a=1.000000 CI=0.734352
[batch 19/293] done in 108.04s evaluated=152/2340
[batch 20/293] start batch_cases=8 evaluated=152/2340 cases=1134..1140
[batch 20/293] ensemble 1/4 done in 26.81s
[batch 20/293] ensemble 2/4 done in 26.83s
[batch 20/293] ensemble 3/4 done in 26.81s
[batch 20/293] ensemble 4/4 done in 26.82s
case=1134 GED=1.016182 D_max=0.092896 Sc=0.975610 D_a=0.670139 CI=0.225871
case=1135 GED=0.302096 D_max=0.682450 Sc=0.928571 D_a=1.000000 CI=0.846924
case=1136 GED=0.835988 D_max=0.229351 Sc=1.000000 D_a=0.555134 CI=0.418907
case=1137 GED=0.464509 D_max=0.667458 Sc=1.000000 D_a=0.816326 CI=0.805754
case=1138 GED=0.311858 D_max=0.584922 Sc=1.000000 D_a=1.000000 CI=0.808706
case=1139 GED=0.286805 D_max=0.780405 Sc=1.000000 D_a=0.999999 CI=0.914248
case=114 GED=0.525331 D_max=0.712352 Sc=0.992647 D_a=0.770137 CI=0.808695
case=1140 GED=1.141755 D_max=0.048701 Sc=1.000000 D_a=0.532037 CI=0.128135
[running mean @ 160 cases] GED=0.610403 D_max=0.503269 Sc=0.901393 D_a=0.772632 CI=0.611275
[batch 20/293] done in 107.39s evaluated=160/2340
[batch 21/293] start batch_cases=8 evaluated=160/2340 cases=1141..1148
[batch 21/293] ensemble 1/4 done in 26.82s
[batch 21/293] ensemble 2/4 done in 26.82s
[batch 21/293] ensemble 3/4 done in 26.83s
[batch 21/293] ensemble 4/4 done in 26.80s
case=1141 GED=1.064935 D_max=0.078313 Sc=1.000000 D_a=0.585904 CI=0.193849
case=1142 GED=0.265285 D_max=0.818047 Sc=1.000000 D_a=1.000000 CI=0.930976
case=1143 GED=0.570474 D_max=0.854167 Sc=1.000000 D_a=0.844322 CI=0.894157
case=1144 GED=0.265039 D_max=0.847035 Sc=0.986486 D_a=1.000000 CI=0.939177
case=1145 GED=0.438589 D_max=0.652012 Sc=0.921986 D_a=0.994867 CI=0.827931
case=1146 GED=0.579987 D_max=0.438059 Sc=1.000000 D_a=0.656203 CI=0.624126
case=1147 GED=0.712914 D_max=0.342495 Sc=1.000000 D_a=0.656052 CI=0.551063
case=1148 GED=0.616711 D_max=0.821038 Sc=1.000000 D_a=0.833333 CI=0.877714
[batch 21/293] done in 107.84s evaluated=168/2340
[batch 22/293] start batch_cases=8 evaluated=168/2340 cases=1149..1155
[batch 22/293] ensemble 1/4 done in 26.79s
[batch 22/293] ensemble 2/4 done in 26.78s
[batch 22/293] ensemble 3/4 done in 26.81s
[batch 22/293] ensemble 4/4 done in 26.83s
case=1149 GED=0.257451 D_max=0.799383 Sc=1.000000 D_a=1.000000 CI=0.922803
case=115 GED=0.684147 D_max=0.551010 Sc=1.000000 D_a=0.820239 CI=0.743678
case=1150 GED=0.503706 D_max=0.579089 Sc=0.970588 D_a=0.903625 CI=0.776436
case=1151 GED=0.566180 D_max=0.406762 Sc=1.000000 D_a=0.664713 CI=0.604491
case=1152 GED=0.458615 D_max=0.602464 Sc=1.000000 D_a=0.896335 CI=0.794596
case=1153 GED=0.284812 D_max=0.766667 Sc=1.000000 D_a=0.999999 CI=0.907894
case=1154 GED=0.125000 D_max=0.750000 Sc=0.000000 D_a=0.500001 CI=0.000000
case=1155 GED=0.505827 D_max=0.790541 Sc=1.000000 D_a=0.671716 CI=0.799216
[batch 22/293] done in 107.33s evaluated=176/2340
[batch 23/293] start batch_cases=8 evaluated=176/2340 cases=1156..1162
[batch 23/293] ensemble 1/4 done in 26.88s
[batch 23/293] ensemble 2/4 done in 26.79s
[batch 23/293] ensemble 3/4 done in 26.79s
[batch 23/293] ensemble 4/4 done in 26.81s
case=1156 GED=0.237537 D_max=0.818966 Sc=0.909091 D_a=1.000000 CI=0.903328
case=1157 GED=0.698503 D_max=0.439582 Sc=1.000000 D_a=0.668650 CI=0.628873
case=1158 GED=0.713450 D_max=0.537752 Sc=1.000000 D_a=0.843707 CI=0.741686
case=1159 GED=0.771033 D_max=0.498454 Sc=0.960526 D_a=0.797458 CI=0.697466
[running mean @ 180 cases] GED=0.599914 D_max=0.516194 Sc=0.905397 D_a=0.777546 CI=0.623130
case=116 GED=0.125000 D_max=0.750000 Sc=0.000000 D_a=0.500000 CI=0.000000
case=1160 GED=0.729034 D_max=0.433177 Sc=1.000000 D_a=0.582767 CI=0.597077
case=1161 GED=0.230013 D_max=0.845745 Sc=0.896552 D_a=1.000000 CI=0.909704
case=1162 GED=0.429166 D_max=0.500000 Sc=0.000000 D_a=0.500000 CI=0.000000
[batch 23/293] done in 107.63s evaluated=184/2340
[batch 24/293] start batch_cases=8 evaluated=184/2340 cases=1163..117
[batch 24/293] ensemble 1/4 done in 26.80s
[batch 24/293] ensemble 2/4 done in 26.81s
[batch 24/293] ensemble 3/4 done in 26.80s
[batch 24/293] ensemble 4/4 done in 26.82s
case=1163 GED=0.478050 D_max=0.619941 Sc=0.877049 D_a=0.985030 CI=0.796085
case=1164 GED=0.538594 D_max=0.668906 Sc=1.000000 D_a=0.681819 CI=0.757262
case=1165 GED=0.466564 D_max=0.678416 Sc=0.739669 D_a=0.916700 CI=0.765922
case=1166 GED=0.351757 D_max=0.723724 Sc=0.926829 D_a=0.875395 CI=0.832632
case=1167 GED=0.386135 D_max=0.718164 Sc=0.880383 D_a=0.809446 CI=0.797083
case=1168 GED=0.465183 D_max=0.723849 Sc=0.949045 D_a=0.848426 CI=0.830140
case=1169 GED=0.515565 D_max=0.659388 Sc=0.943182 D_a=0.482619 CI=0.645324
case=117 GED=0.981656 D_max=0.250000 Sc=0.000000 D_a=0.398601 CI=0.000000
[batch 24/293] done in 107.35s evaluated=192/2340
[batch 25/293] start batch_cases=8 evaluated=192/2340 cases=1170..1177
[batch 25/293] ensemble 1/4 done in 26.80s
[batch 25/293] ensemble 2/4 done in 26.84s
[batch 25/293] ensemble 3/4 done in 26.83s
[batch 25/293] ensemble 4/4 done in 26.78s
case=1170 GED=0.370687 D_max=0.701332 Sc=0.947712 D_a=0.839274 CI=0.816874
case=1171 GED=0.244035 D_max=0.873853 Sc=0.966667 D_a=1.000000 CI=0.943740
case=1172 GED=0.319504 D_max=0.813802 Sc=0.982759 D_a=0.797030 CI=0.856897
case=1173 GED=0.192023 D_max=0.765171 Sc=0.844660 D_a=1.000000 CI=0.859401
case=1174 GED=0.404357 D_max=0.674076 Sc=0.979167 D_a=0.703898 CI=0.764244
case=1175 GED=0.490979 D_max=0.507675 Sc=0.838235 D_a=0.888235 CI=0.699533
case=1176 GED=0.849249 D_max=0.478083 Sc=0.798077 D_a=0.588629 CI=0.594818
case=1177 GED=0.561050 D_max=0.614614 Sc=0.958678 D_a=0.557106 CI=0.671873
[running mean @ 200 cases] GED=0.585566 D_max=0.529574 Sc=0.892501 D_a=0.774566 CI=0.626510
[batch 25/293] done in 108.57s evaluated=200/2340
[batch 26/293] start batch_cases=8 evaluated=200/2340 cases=1178..1184
[batch 26/293] ensemble 1/4 done in 26.83s
[batch 26/293] ensemble 2/4 done in 26.77s
[batch 26/293] ensemble 3/4 done in 26.81s
[batch 26/293] ensemble 4/4 done in 26.79s
case=1178 GED=0.726187 D_max=0.646333 Sc=0.959350 D_a=0.555548 CI=0.683436
case=1179 GED=0.548869 D_max=0.659328 Sc=0.952756 D_a=0.920655 CI=0.821363
case=118 GED=0.682240 D_max=0.591359 Sc=0.989130 D_a=0.487254 CI=0.631004
case=1180 GED=0.558485 D_max=0.638934 Sc=0.970370 D_a=0.814726 CI=0.784714
case=1181 GED=0.536366 D_max=0.562251 Sc=0.837607 D_a=0.790608 CI=0.707999
case=1182 GED=0.415982 D_max=0.646519 Sc=0.909091 D_a=0.826087 CI=0.777752
case=1183 GED=0.520897 D_max=0.790541 Sc=1.000000 D_a=0.732557 CI=0.826438
case=1184 GED=0.432709 D_max=0.739186 Sc=1.000000 D_a=0.834375 CI=0.844751
[batch 26/293] done in 107.32s evaluated=208/2340
[batch 27/293] start batch_cases=8 evaluated=208/2340 cases=1185..1191
[batch 27/293] ensemble 1/4 done in 26.82s
[batch 27/293] ensemble 2/4 done in 26.81s
[batch 27/293] ensemble 3/4 done in 26.81s
[batch 27/293] ensemble 4/4 done in 26.82s
case=1185 GED=0.368329 D_max=0.824053 Sc=1.000000 D_a=0.889381 CI=0.898771
case=1186 GED=0.173594 D_max=0.833885 Sc=0.941176 D_a=1.000000 CI=0.919764
case=1187 GED=0.760773 D_max=0.254187 Sc=0.984375 D_a=0.540085 CI=0.441076
case=1188 GED=0.250861 D_max=0.740058 Sc=0.600000 D_a=1.000000 CI=0.746656
case=1189 GED=0.225895 D_max=0.702352 Sc=0.925000 D_a=1.000000 CI=0.855952
case=119 GED=0.404608 D_max=0.772239 Sc=0.962733 D_a=0.875589 CI=0.863127
case=1190 GED=0.407164 D_max=0.697700 Sc=0.962264 D_a=0.803030 CI=0.806933
case=1191 GED=0.676968 D_max=0.588510 Sc=0.989011 D_a=0.451135 CI=0.608896
[batch 27/293] done in 108.15s evaluated=216/2340
[batch 28/293] start batch_cases=8 evaluated=216/2340 cases=1192..1199
[batch 28/293] ensemble 1/4 done in 26.78s
[batch 28/293] ensemble 2/4 done in 26.82s
[batch 28/293] ensemble 3/4 done in 26.78s
[batch 28/293] ensemble 4/4 done in 26.83s
case=1192 GED=0.630238 D_max=0.661614 Sc=0.939130 D_a=0.478646 CI=0.643018
case=1193 GED=0.612751 D_max=0.606683 Sc=0.981481 D_a=0.842460 CI=0.778377
case=1194 GED=1.088006 D_max=0.115183 Sc=1.000000 D_a=0.561083 CI=0.261687
case=1195 GED=0.214706 D_max=0.856534 Sc=0.426316 D_a=1.000000 CI=0.664721
[running mean @ 220 cases] GED=0.578858 D_max=0.540192 Sc=0.894682 D_a=0.774166 CI=0.635766
case=1196 GED=0.092251 D_max=0.853801 Sc=0.265918 D_a=1.000000 CI=0.505749
case=1197 GED=0.476402 D_max=0.854651 Sc=0.536170 D_a=0.656379 CI=0.658088
case=1198 GED=0.173771 D_max=0.937050 Sc=0.980198 D_a=1.000000 CI=0.971698
case=1199 GED=0.451414 D_max=0.905012 Sc=0.987603 D_a=0.733998 CI=0.862091
[batch 28/293] done in 107.34s evaluated=224/2340
[batch 29/293] start batch_cases=8 evaluated=224/2340 cases=12..1205
[batch 29/293] ensemble 1/4 done in 26.79s
[batch 29/293] ensemble 2/4 done in 26.82s
[batch 29/293] ensemble 3/4 done in 26.80s
[batch 29/293] ensemble 4/4 done in 26.77s
case=12 GED=0.107143 D_max=0.812500 Sc=0.857143 D_a=1.000000 CI=0.883019
case=120 GED=0.574910 D_max=0.733059 Sc=1.000000 D_a=0.803525 CI=0.831333
case=1200 GED=0.077880 D_max=0.886882 Sc=0.615385 D_a=1.000000 CI=0.799457
case=1201 GED=0.260249 D_max=0.770619 Sc=1.000000 D_a=0.999999 CI=0.909736
case=1202 GED=0.674518 D_max=0.434554 Sc=0.705882 D_a=0.892857 CI=0.620107
case=1203 GED=0.666775 D_max=0.333675 Sc=0.980392 D_a=0.682878 CI=0.547314
case=1204 GED=0.529158 D_max=0.553735 Sc=1.000000 D_a=0.916837 CI=0.769897
case=1205 GED=0.518716 D_max=0.517431 Sc=0.956522 D_a=0.903425 CI=0.734398
[batch 29/293] done in 108.69s evaluated=232/2340
[batch 30/293] start batch_cases=8 evaluated=232/2340 cases=1206..1212
[batch 30/293] ensemble 1/4 done in 26.81s
[batch 30/293] ensemble 2/4 done in 26.77s
[batch 30/293] ensemble 3/4 done in 26.79s
[batch 30/293] ensemble 4/4 done in 26.79s
case=1206 GED=0.470021 D_max=0.435771 Sc=1.000000 D_a=0.896613 CI=0.680258
case=1207 GED=0.758183 D_max=0.278198 Sc=1.000000 D_a=0.758661 CI=0.507385
case=1208 GED=0.968963 D_max=0.435695 Sc=0.962963 D_a=0.551036 CI=0.582704
case=1209 GED=1.276872 D_max=0.393693 Sc=0.886792 D_a=0.573984 CI=0.554537
case=121 GED=0.558146 D_max=0.693481 Sc=0.983193 D_a=0.844775 CI=0.823533
case=1210 GED=0.081967 D_max=0.878049 Sc=0.711864 D_a=1.000000 CI=0.846584
case=1211 GED=0.421875 D_max=1.000000 Sc=0.000000 D_a=0.500000 CI=0.000000
case=1212 GED=0.972963 D_max=0.209366 Sc=0.900000 D_a=0.735714 CI=0.413984
[running mean @ 240 cases] GED=0.572754 D_max=0.548998 Sc=0.888167 D_a=0.778196 CI=0.639043
[batch 30/293] done in 107.29s evaluated=240/2340
[batch 31/293] start batch_cases=8 evaluated=240/2340 cases=1213..122
[batch 31/293] ensemble 1/4 done in 26.79s
[batch 31/293] ensemble 2/4 done in 26.80s
[batch 31/293] ensemble 3/4 done in 26.80s
[batch 31/293] ensemble 4/4 done in 26.81s
case=1213 GED=0.958330 D_max=0.298097 Sc=0.909091 D_a=0.745763 CI=0.517641
case=1214 GED=0.953960 D_max=0.352661 Sc=0.977273 D_a=0.795269 CI=0.586363
case=1215 GED=0.962216 D_max=0.321782 Sc=1.000000 D_a=0.770135 CI=0.554922
case=1216 GED=1.014251 D_max=0.268789 Sc=1.000000 D_a=0.517000 CI=0.450814
case=1217 GED=1.057611 D_max=0.158562 Sc=1.000000 D_a=0.470000 CI=0.317987
case=1218 GED=0.568439 D_max=0.840000 Sc=0.880000 D_a=0.806122 CI=0.840961
case=1219 GED=0.646124 D_max=0.832353 Sc=0.933333 D_a=0.913427 CI=0.890837
case=122 GED=0.480916 D_max=0.633245 Sc=0.902439 D_a=0.978571 CI=0.808805
[batch 31/293] done in 107.79s evaluated=248/2340
[batch 32/293] start batch_cases=8 evaluated=248/2340 cases=1220..1227
[batch 32/293] ensemble 1/4 done in 26.83s
[batch 32/293] ensemble 2/4 done in 26.80s
[batch 32/293] ensemble 3/4 done in 26.79s
[batch 32/293] ensemble 4/4 done in 26.80s
case=1220 GED=1.075367 D_max=0.100000 Sc=1.000000 D_a=0.630087 CI=0.238340
case=1221 GED=0.585447 D_max=0.847902 Sc=0.970588 D_a=0.837255 CI=0.881300
case=1222 GED=1.143916 D_max=0.083333 Sc=1.000000 D_a=0.667958 CI=0.206938
case=1223 GED=1.115149 D_max=0.061729 Sc=1.000000 D_a=0.673390 CI=0.160557
case=1224 GED=0.626263 D_max=0.801613 Sc=1.000000 D_a=0.847015 CI=0.875120
case=1225 GED=0.359521 D_max=0.602205 Sc=1.000000 D_a=1.000000 CI=0.819546
case=1226 GED=0.487871 D_max=0.673913 Sc=0.958333 D_a=0.825301 CI=0.802347
case=1227 GED=0.950371 D_max=0.152439 Sc=1.000000 D_a=0.577577 CI=0.322880
[batch 32/293] done in 107.34s evaluated=256/2340
[batch 33/293] start batch_cases=8 evaluated=256/2340 cases=1228..1234
[batch 33/293] ensemble 1/4 done in 26.80s
[batch 33/293] ensemble 2/4 done in 26.80s
[batch 33/293] ensemble 3/4 done in 26.80s
[batch 33/293] ensemble 4/4 done in 26.79s
case=1228 GED=0.878918 D_max=0.189394 Sc=1.000000 D_a=0.615168 CI=0.379479
case=1229 GED=0.371658 D_max=0.623377 Sc=1.000000 D_a=1.000000 CI=0.832370
case=123 GED=1.076568 D_max=0.121447 Sc=1.000000 D_a=0.580122 CI=0.273777
case=1230 GED=0.259549 D_max=0.778571 Sc=1.000000 D_a=0.999997 CI=0.913407
[running mean @ 260 cases] GED=0.588590 D_max=0.540388 Sc=0.894966 D_a=0.776990 CI=0.634787
case=1231 GED=0.242722 D_max=0.816667 Sc=1.000000 D_a=0.999999 CI=0.930380
case=1232 GED=0.564585 D_max=0.403831 Sc=1.000000 D_a=0.879270 CI=0.650253
case=1233 GED=1.176910 D_max=0.043919 Sc=1.000000 D_a=0.585357 CI=0.117751
case=1234 GED=0.125000 D_max=0.750000 Sc=0.000000 D_a=0.500001 CI=0.000000
[batch 33/293] done in 107.31s evaluated=264/2340
[batch 34/293] start batch_cases=8 evaluated=264/2340 cases=1235..1241
[batch 34/293] ensemble 1/4 done in 26.81s
[batch 34/293] ensemble 2/4 done in 26.80s
[batch 34/293] ensemble 3/4 done in 26.80s
[batch 34/293] ensemble 4/4 done in 26.79s
case=1235 GED=0.547672 D_max=0.415045 Sc=1.000000 D_a=0.845658 CI=0.653326
case=1236 GED=1.013148 D_max=0.250000 Sc=0.000000 D_a=0.439025 CI=0.000000
case=1237 GED=0.530651 D_max=0.504252 Sc=0.926829 D_a=0.914286 CI=0.721877
case=1238 GED=0.554728 D_max=0.531577 Sc=0.978261 D_a=0.877346 CI=0.741983
case=1239 GED=0.737846 D_max=0.311994 Sc=0.981132 D_a=0.605943 CI=0.510661
case=124 GED=0.383818 D_max=0.731714 Sc=0.985849 D_a=0.924324 CI=0.866331
case=1240 GED=0.562813 D_max=0.557503 Sc=0.979167 D_a=0.923326 CI=0.769620
case=1241 GED=0.786830 D_max=0.267912 Sc=1.000000 D_a=0.675152 CI=0.482803
[batch 34/293] done in 107.72s evaluated=272/2340
[batch 35/293] start batch_cases=8 evaluated=272/2340 cases=1242..1249
[batch 35/293] ensemble 1/4 done in 26.81s
[batch 35/293] ensemble 2/4 done in 26.79s
[batch 35/293] ensemble 3/4 done in 26.80s
[batch 35/293] ensemble 4/4 done in 26.79s
case=1242 GED=0.566516 D_max=0.459219 Sc=1.000000 D_a=0.948276 CI=0.708859
case=1243 GED=0.256404 D_max=0.790000 Sc=1.000000 D_a=0.999999 CI=0.918604
case=1244 GED=1.152318 D_max=0.057823 Sc=1.000000 D_a=0.584587 CI=0.149965
case=1245 GED=1.145282 D_max=0.060403 Sc=1.000000 D_a=0.637599 CI=0.156872
case=1246 GED=1.255091 D_max=0.059211 Sc=1.000000 D_a=0.587792 CI=0.153138
case=1247 GED=0.724703 D_max=0.781690 Sc=1.000000 D_a=0.910909 CI=0.888340
case=1248 GED=0.834045 D_max=1.000000 Sc=0.000000 D_a=0.216749 CI=0.000000
case=1249 GED=0.311517 D_max=0.563406 Sc=1.000000 D_a=1.000000 CI=0.794719
[running mean @ 280 cases] GED=0.594664 D_max=0.535204 Sc=0.891223 D_a=0.775260 CI=0.625929
[batch 35/293] done in 107.32s evaluated=280/2340
[batch 36/293] start batch_cases=8 evaluated=280/2340 cases=125..1256
[batch 36/293] ensemble 1/4 done in 26.80s
[batch 36/293] ensemble 2/4 done in 26.81s
[batch 36/293] ensemble 3/4 done in 26.80s
[batch 36/293] ensemble 4/4 done in 26.80s
case=125 GED=0.342027 D_max=0.820733 Sc=0.933333 D_a=0.887504 CI=0.878064
case=1250 GED=0.442849 D_max=0.598882 Sc=1.000000 D_a=0.766423 CI=0.754804
case=1251 GED=0.502337 D_max=0.641954 Sc=1.000000 D_a=0.892982 CI=0.815753
case=1252 GED=0.499273 D_max=0.637445 Sc=0.931034 D_a=0.889513 CI=0.796380
case=1253 GED=0.884987 D_max=0.104397 Sc=1.000000 D_a=0.585055 CI=0.244140
case=1254 GED=0.504981 D_max=0.600000 Sc=0.950000 D_a=0.817972 CI=0.761067
case=1255 GED=0.125000 D_max=1.000000 Sc=0.000000 D_a=0.500000 CI=0.000000
case=1256 GED=0.320986 D_max=0.598812 Sc=1.000000 D_a=1.000000 CI=0.817444
[batch 36/293] done in 107.32s evaluated=288/2340
[batch 37/293] start batch_cases=8 evaluated=288/2340 cases=1257..1263
[batch 37/293] ensemble 1/4 done in 26.79s
[batch 37/293] ensemble 2/4 done in 26.80s
[batch 37/293] ensemble 3/4 done in 26.80s
[batch 37/293] ensemble 4/4 done in 26.81s
case=1257 GED=0.479076 D_max=0.679135 Sc=0.968750 D_a=0.799652 CI=0.798879
case=1258 GED=0.889829 D_max=0.175799 Sc=1.000000 D_a=0.638840 CI=0.363476
case=1259 GED=0.496594 D_max=0.674549 Sc=1.000000 D_a=0.832226 CI=0.814317
case=126 GED=0.392673 D_max=0.811248 Sc=0.961905 D_a=0.892532 CI=0.884257
case=1260 GED=0.873270 D_max=0.148148 Sc=1.000000 D_a=0.575742 CI=0.316226
case=1261 GED=0.350257 D_max=0.543793 Sc=1.000000 D_a=0.999999 CI=0.781467
case=1262 GED=1.125372 D_max=0.078947 Sc=1.000000 D_a=0.539611 CI=0.193301
case=1263 GED=1.103860 D_max=0.224251 Sc=1.000000 D_a=0.779115 CI=0.444920
[batch 37/293] done in 107.32s evaluated=296/2340
[batch 38/293] start batch_cases=8 evaluated=296/2340 cases=1264..1270
[batch 38/293] ensemble 1/4 done in 26.82s
[batch 38/293] ensemble 2/4 done in 26.82s
[batch 38/293] ensemble 3/4 done in 26.82s
[batch 38/293] ensemble 4/4 done in 26.79s
case=1264 GED=1.044945 D_max=0.352075 Sc=0.977273 D_a=0.605811 CI=0.544046
case=1265 GED=1.012759 D_max=0.351574 Sc=1.000000 D_a=0.475999 CI=0.504609
case=1266 GED=0.998871 D_max=0.358709 Sc=1.000000 D_a=0.721576 CI=0.579863
case=1267 GED=1.042740 D_max=0.209489 Sc=1.000000 D_a=0.798198 CI=0.426965
[running mean @ 300 cases] GED=0.599796 D_max=0.531557 Sc=0.894215 D_a=0.773572 CI=0.623267
case=1268 GED=0.663856 D_max=0.793210 Sc=0.941176 D_a=0.878277 CI=0.866603
case=1269 GED=0.708217 D_max=0.266331 Sc=1.000000 D_a=0.645644 CI=0.475921
case=127 GED=0.622687 D_max=0.555732 Sc=0.993289 D_a=0.850018 CI=0.753271
case=1270 GED=0.457671 D_max=0.789730 Sc=0.987730 D_a=0.765080 CI=0.836649
[batch 38/293] done in 107.78s evaluated=304/2340
[batch 39/293] start batch_cases=8 evaluated=304/2340 cases=1271..1278
[batch 39/293] ensemble 1/4 done in 26.82s
[batch 39/293] ensemble 2/4 done in 26.80s
[batch 39/293] ensemble 3/4 done in 26.83s
[batch 39/293] ensemble 4/4 done in 26.81s
case=1271 GED=0.414290 D_max=0.793467 Sc=0.946429 D_a=0.811777 CI=0.845365
case=1272 GED=0.546118 D_max=0.724476 Sc=1.000000 D_a=0.802291 CI=0.827189
case=1273 GED=0.527235 D_max=0.728634 Sc=0.992308 D_a=0.817868 CI=0.832668
case=1274 GED=0.627051 D_max=0.656024 Sc=1.000000 D_a=0.823316 CI=0.802367
case=1275 GED=0.668985 D_max=0.605030 Sc=0.989247 D_a=0.715522 CI=0.738687
case=1276 GED=0.792759 D_max=0.519076 Sc=1.000000 D_a=0.807985 CI=0.720436
case=1277 GED=0.866285 D_max=0.384496 Sc=0.981481 D_a=0.555961 CI=0.553673
case=1278 GED=0.493567 D_max=0.609557 Sc=1.000000 D_a=0.773684 CI=0.762766
[batch 39/293] done in 107.86s evaluated=312/2340
[batch 40/293] start batch_cases=8 evaluated=312/2340 cases=1279..1285
[batch 40/293] ensemble 1/4 done in 26.81s
[batch 40/293] ensemble 2/4 done in 26.82s
[batch 40/293] ensemble 3/4 done in 26.81s
[batch 40/293] ensemble 4/4 done in 26.84s
case=1279 GED=0.125000 D_max=0.750000 Sc=0.000000 D_a=0.500001 CI=0.000000
case=128 GED=0.514252 D_max=0.399887 Sc=0.933333 D_a=0.818182 CI=0.625736
case=1280 GED=0.745401 D_max=0.526640 Sc=0.988889 D_a=0.884071 CI=0.742354
case=1281 GED=0.659218 D_max=0.629326 Sc=0.991379 D_a=0.828919 CI=0.788625
case=1282 GED=0.549082 D_max=0.717542 Sc=1.000000 D_a=0.859321 CI=0.843323
case=1283 GED=0.465204 D_max=0.768507 Sc=1.000000 D_a=0.895048 CI=0.877582
case=1284 GED=0.430408 D_max=0.797422 Sc=1.000000 D_a=0.858367 CI=0.877438
case=1285 GED=0.424166 D_max=0.801477 Sc=0.994220 D_a=0.811086 CI=0.860480
[running mean @ 320 cases] GED=0.597626 D_max=0.538386 Sc=0.896888 D_a=0.774294 CI=0.630035
[batch 40/293] done in 108.03s evaluated=320/2340
[batch 41/293] start batch_cases=8 evaluated=320/2340 cases=1286..1292
[batch 41/293] ensemble 1/4 done in 26.80s
[batch 41/293] ensemble 2/4 done in 26.83s
[batch 41/293] ensemble 3/4 done in 26.80s
[batch 41/293] ensemble 4/4 done in 26.82s
case=1286 GED=0.416543 D_max=0.810347 Sc=0.984536 D_a=0.851221 CI=0.876033
case=1287 GED=0.341320 D_max=0.813456 Sc=0.969231 D_a=0.798782 CI=0.853977
case=1288 GED=1.195228 D_max=0.003677 Sc=0.999999 D_a=0.547445 CI=0.010916
case=1289 GED=0.933639 D_max=0.129837 Sc=1.000000 D_a=0.596086 CI=0.289030
case=129 GED=0.917693 D_max=0.136042 Sc=0.968000 D_a=0.708910 CI=0.306300
case=1290 GED=0.479208 D_max=0.659205 Sc=1.000000 D_a=0.795620 CI=0.794942
case=1291 GED=0.857471 D_max=0.134742 Sc=1.000000 D_a=0.539572 CI=0.291973
case=1292 GED=1.089001 D_max=0.043478 Sc=1.000000 D_a=0.684398 CI=0.117827
[batch 41/293] done in 107.39s evaluated=328/2340
[batch 42/293] start batch_cases=8 evaluated=328/2340 cases=1293..13
[batch 42/293] ensemble 1/4 done in 26.82s
[batch 42/293] ensemble 2/4 done in 26.82s
[batch 42/293] ensemble 3/4 done in 26.82s
[batch 42/293] ensemble 4/4 done in 26.80s
case=1293 GED=0.235818 D_max=0.843103 Sc=0.744186 D_a=1.000000 CI=0.849896
case=1294 GED=0.119141 D_max=0.772388 Sc=0.545455 D_a=1.000000 CI=0.726741
case=1295 GED=0.253620 D_max=0.818323 Sc=1.000000 D_a=1.000000 CI=0.931095
case=1296 GED=0.535894 D_max=0.855670 Sc=0.980392 D_a=0.771137 CI=0.860718
case=1297 GED=1.031776 D_max=0.091398 Sc=0.974359 D_a=0.642857 CI=0.221844
case=1298 GED=0.881456 D_max=0.139105 Sc=0.951128 D_a=0.710141 CI=0.310934
case=1299 GED=0.472473 D_max=0.872797 Sc=0.589109 D_a=0.695578 CI=0.700791
case=13 GED=0.222648 D_max=0.895695 Sc=0.985401 D_a=1.000000 CI=0.958079
[batch 42/293] done in 107.99s evaluated=336/2340
[batch 43/293] start batch_cases=8 evaluated=336/2340 cases=130..1306
[batch 43/293] ensemble 1/4 done in 26.80s
[batch 43/293] ensemble 2/4 done in 26.80s
[batch 43/293] ensemble 3/4 done in 26.80s
[batch 43/293] ensemble 4/4 done in 26.81s
case=130 GED=0.675469 D_max=0.331274 Sc=0.980620 D_a=0.560607 CI=0.515270
case=1300 GED=1.020217 D_max=0.170251 Sc=0.973913 D_a=0.537536 CI=0.342434
case=1301 GED=0.048795 D_max=0.939372 Sc=0.796748 D_a=1.000000 CI=0.903712
case=1302 GED=0.568288 D_max=0.285305 Sc=0.966574 D_a=0.751442 CI=0.511041
[running mean @ 340 cases] GED=0.598635 D_max=0.535379 Sc=0.898276 D_a=0.773428 CI=0.626426
case=1303 GED=0.587521 D_max=0.309954 Sc=1.000000 D_a=0.695501 CI=0.529652
case=1304 GED=0.557638 D_max=0.280213 Sc=0.994236 D_a=0.842823 CI=0.520743
case=1305 GED=0.696308 D_max=0.331091 Sc=1.000000 D_a=0.551571 CI=0.514286
case=1306 GED=0.540991 D_max=0.366400 Sc=0.974277 D_a=0.594441 CI=0.551682
[batch 43/293] done in 107.34s evaluated=344/2340
[batch 44/293] start batch_cases=8 evaluated=344/2340 cases=1307..1313
[batch 44/293] ensemble 1/4 done in 26.81s
[batch 44/293] ensemble 2/4 done in 26.82s
[batch 44/293] ensemble 3/4 done in 26.82s
[batch 44/293] ensemble 4/4 done in 26.82s
case=1307 GED=0.141825 D_max=0.821237 Sc=0.586902 D_a=1.000000 CI=0.765006
case=1308 GED=0.574542 D_max=0.347982 Sc=0.750809 D_a=0.543272 CI=0.496171
case=1309 GED=0.268627 D_max=0.788136 Sc=0.846154 D_a=1.000000 CI=0.869405
case=131 GED=0.668093 D_max=0.364538 Sc=1.000000 D_a=0.535589 CI=0.534730
case=1310 GED=0.390044 D_max=0.553222 Sc=0.933333 D_a=0.913450 CI=0.754950
case=1311 GED=0.543679 D_max=0.820707 Sc=0.723404 D_a=0.747863 CI=0.761816
case=1312 GED=0.279688 D_max=0.750000 Sc=0.000000 D_a=1.000000 CI=0.000000
case=1313 GED=1.038860 D_max=0.070866 Sc=1.000000 D_a=0.742830 CI=0.182290
[batch 44/293] done in 107.82s evaluated=352/2340
[batch 45/293] start batch_cases=8 evaluated=352/2340 cases=1314..1320
[batch 45/293] ensemble 1/4 done in 26.82s
[batch 45/293] ensemble 2/4 done in 26.82s
[batch 45/293] ensemble 3/4 done in 26.81s
[batch 45/293] ensemble 4/4 done in 26.80s
case=1314 GED=0.658342 D_max=0.507128 Sc=0.940000 D_a=0.918067 CI=0.727279
case=1315 GED=0.758984 D_max=0.633783 Sc=0.877698 D_a=0.589118 CI=0.679560
case=1316 GED=0.629440 D_max=0.594363 Sc=0.956140 D_a=0.491693 CI=0.629969
case=1317 GED=0.560875 D_max=0.514633 Sc=0.964912 D_a=0.883081 CI=0.729591
case=1318 GED=0.500358 D_max=0.400933 Sc=0.981651 D_a=0.677868 CI=0.601433
case=1319 GED=0.238606 D_max=0.755254 Sc=0.920455 D_a=1.000000 CI=0.879642
case=132 GED=0.661016 D_max=0.342499 Sc=0.984985 D_a=0.528966 CI=0.514983
case=1320 GED=0.634689 D_max=0.260080 Sc=1.000000 D_a=0.589538 CI=0.458630
[running mean @ 360 cases] GED=0.595739 D_max=0.532894 Sc=0.896802 D_a=0.771697 CI=0.624130
[batch 45/293] done in 107.48s evaluated=360/2340
[batch 46/293] start batch_cases=8 evaluated=360/2340 cases=1321..1328
[batch 46/293] ensemble 1/4 done in 26.79s
[batch 46/293] ensemble 2/4 done in 26.80s
[batch 46/293] ensemble 3/4 done in 26.79s
[batch 46/293] ensemble 4/4 done in 26.80s
case=1321 GED=0.484431 D_max=0.848214 Sc=0.808511 D_a=0.676768 CI=0.770534
case=1322 GED=0.573107 D_max=0.832840 Sc=1.000000 D_a=0.875451 CI=0.897403
case=1323 GED=0.445596 D_max=0.685593 Sc=1.000000 D_a=0.765734 CI=0.796913
case=1324 GED=0.833820 D_max=0.185673 Sc=1.000000 D_a=0.534329 CI=0.363314
case=1325 GED=0.349393 D_max=0.599926 Sc=0.923077 D_a=1.000000 CI=0.799956
case=1326 GED=0.311568 D_max=0.555357 Sc=0.097561 D_a=1.000000 CI=0.229874
case=1327 GED=0.314875 D_max=0.611009 Sc=0.913043 D_a=1.000000 CI=0.803885
case=1328 GED=0.401540 D_max=0.620528 Sc=1.000000 D_a=0.723577 CI=0.751211
[batch 46/293] done in 107.65s evaluated=368/2340
[batch 47/293] start batch_cases=8 evaluated=368/2340 cases=1329..1335
[batch 47/293] ensemble 1/4 done in 26.79s
[batch 47/293] ensemble 2/4 done in 26.81s
[batch 47/293] ensemble 3/4 done in 26.80s
[batch 47/293] ensemble 4/4 done in 26.79s
case=1329 GED=0.107518 D_max=0.811350 Sc=0.909091 D_a=1.000000 CI=0.900221
case=133 GED=0.596210 D_max=0.841102 Sc=1.000000 D_a=0.839109 CI=0.887401
case=1330 GED=0.514678 D_max=0.419615 Sc=1.000000 D_a=0.882108 CI=0.664190
case=1331 GED=0.858738 D_max=0.338730 Sc=0.977273 D_a=0.522734 CI=0.509469
case=1332 GED=0.848915 D_max=0.350217 Sc=0.976190 D_a=0.545148 CI=0.525015
case=1333 GED=0.982020 D_max=0.206115 Sc=1.000000 D_a=0.857751 CI=0.427503
case=1334 GED=0.978137 D_max=0.103591 Sc=0.459330 D_a=0.843699 CI=0.230491
case=1335 GED=0.125000 D_max=0.750000 Sc=0.000000 D_a=0.500000 CI=0.000000
[batch 47/293] done in 107.30s evaluated=376/2340
[batch 48/293] start batch_cases=8 evaluated=376/2340 cases=1336..1342
[batch 48/293] ensemble 1/4 done in 26.80s
[batch 48/293] ensemble 2/4 done in 26.80s
[batch 48/293] ensemble 3/4 done in 26.79s
[batch 48/293] ensemble 4/4 done in 26.80s
case=1336 GED=0.086298 D_max=0.868209 Sc=0.357778 D_a=1.000000 CI=0.606449
case=1337 GED=0.549930 D_max=0.912404 Sc=1.000000 D_a=0.888167 CI=0.931122
case=1338 GED=0.479707 D_max=0.921068 Sc=0.987179 D_a=0.892951 CI=0.932092
case=1339 GED=1.070068 D_max=0.162551 Sc=1.000000 D_a=0.563368 CI=0.336062
[running mean @ 380 cases] GED=0.593099 D_max=0.535437 Sc=0.892783 D_a=0.772952 CI=0.623815
case=134 GED=1.048774 D_max=0.141270 Sc=1.000000 D_a=0.580922 CI=0.306121
case=1340 GED=0.224041 D_max=0.883785 Sc=0.969957 D_a=1.000000 CI=0.948626
case=1341 GED=0.568476 D_max=0.831678 Sc=0.425000 D_a=0.846774 CI=0.633408
case=1342 GED=0.561628 D_max=0.880528 Sc=0.554645 D_a=0.878102 CI=0.735753
[batch 48/293] done in 107.47s evaluated=384/2340
[batch 49/293] start batch_cases=8 evaluated=384/2340 cases=1343..135
[batch 49/293] ensemble 1/4 done in 26.79s
[batch 49/293] ensemble 2/4 done in 26.80s
[batch 49/293] ensemble 3/4 done in 26.79s
[batch 49/293] ensemble 4/4 done in 26.80s
case=1343 GED=0.212722 D_max=0.885379 Sc=0.542857 D_a=1.000000 CI=0.755370
case=1344 GED=0.085000 D_max=0.871212 Sc=0.398950 D_a=1.000000 CI=0.644551
case=1345 GED=0.496721 D_max=0.917630 Sc=0.807560 D_a=0.784519 CI=0.832702
case=1346 GED=0.210154 D_max=0.893780 Sc=0.590164 D_a=1.000000 CI=0.786723
case=1347 GED=0.448247 D_max=0.934828 Sc=0.990066 D_a=0.878772 CI=0.932343
case=1348 GED=0.926321 D_max=0.181489 Sc=0.948320 D_a=0.635081 CI=0.368593
case=1349 GED=0.452187 D_max=0.901135 Sc=0.701571 D_a=0.723285 CI=0.765762
case=135 GED=0.358002 D_max=0.763472 Sc=0.936000 D_a=0.812634 CI=0.831313
[batch 49/293] done in 107.30s evaluated=392/2340
[batch 50/293] start batch_cases=8 evaluated=392/2340 cases=1350..1357
[batch 50/293] ensemble 1/4 done in 26.81s
[batch 50/293] ensemble 2/4 done in 26.79s
[batch 50/293] ensemble 3/4 done in 26.79s
[batch 50/293] ensemble 4/4 done in 26.79s
case=1350 GED=0.258321 D_max=0.820248 Sc=0.913043 D_a=1.000000 CI=0.905146
case=1351 GED=0.292785 D_max=0.796875 Sc=1.000000 D_a=1.000000 CI=0.921687
case=1352 GED=0.562945 D_max=0.836420 Sc=1.000000 D_a=0.795139 CI=0.868756
case=1353 GED=0.240978 D_max=0.818750 Sc=0.888889 D_a=1.000000 CI=0.896493
case=1354 GED=0.523469 D_max=0.817308 Sc=1.000000 D_a=0.755474 CI=0.845737
case=1355 GED=0.315740 D_max=0.543669 Sc=0.727273 D_a=0.999999 CI=0.711853
case=1356 GED=0.516176 D_max=0.632055 Sc=0.970588 D_a=0.838753 CI=0.788500
case=1357 GED=0.299836 D_max=0.679086 Sc=0.938776 D_a=1.000000 CI=0.847988
[running mean @ 400 cases] GED=0.584950 D_max=0.546242 Sc=0.888903 D_a=0.778128 CI=0.630943
[batch 50/293] done in 107.65s evaluated=400/2340
[batch 51/293] start batch_cases=8 evaluated=400/2340 cases=1358..1364
[batch 51/293] ensemble 1/4 done in 26.80s
[batch 51/293] ensemble 2/4 done in 26.79s
[batch 51/293] ensemble 3/4 done in 26.80s
[batch 51/293] ensemble 4/4 done in 26.79s
case=1358 GED=0.255644 D_max=0.724200 Sc=0.869565 D_a=1.000000 CI=0.849657
case=1359 GED=0.741996 D_max=0.267376 Sc=0.987805 D_a=0.574774 CI=0.462092
case=136 GED=0.668403 D_max=0.317687 Sc=0.989529 D_a=0.593389 CI=0.513385
case=1360 GED=0.391375 D_max=0.751264 Sc=0.988235 D_a=0.838462 CI=0.848499
case=1361 GED=0.212393 D_max=0.775499 Sc=0.921053 D_a=1.000000 CI=0.888835
case=1362 GED=0.246868 D_max=0.733106 Sc=0.883333 D_a=1.000000 CI=0.858091
case=1363 GED=0.108444 D_max=0.808480 Sc=0.800000 D_a=1.000000 CI=0.860366
case=1364 GED=1.067805 D_max=0.143955 Sc=0.892857 D_a=1.000000 CI=0.330885
[batch 51/293] done in 107.30s evaluated=408/2340
[batch 52/293] start batch_cases=8 evaluated=408/2340 cases=1365..1371
[batch 52/293] ensemble 1/4 done in 26.80s
[batch 52/293] ensemble 2/4 done in 26.80s
[batch 52/293] ensemble 3/4 done in 26.80s
[batch 52/293] ensemble 4/4 done in 26.80s
case=1365 GED=0.792227 D_max=0.317890 Sc=0.976744 D_a=0.620156 CI=0.518847
case=1366 GED=0.851461 D_max=0.427146 Sc=1.000000 D_a=0.461215 CI=0.544533
case=1367 GED=0.825365 D_max=0.392878 Sc=0.964286 D_a=0.754160 CI=0.611206
case=1368 GED=0.926588 D_max=0.215543 Sc=1.000000 D_a=0.805555 CI=0.435994
case=1369 GED=0.753824 D_max=0.209236 Sc=0.973684 D_a=0.816550 CI=0.426682
case=137 GED=0.541849 D_max=0.327996 Sc=0.965636 D_a=0.552397 CI=0.508932
case=1370 GED=0.273299 D_max=0.813218 Sc=0.541667 D_a=1.000000 CI=0.736045
case=1371 GED=0.409280 D_max=0.664718 Sc=0.981132 D_a=0.831694 CI=0.805154
[batch 52/293] done in 107.33s evaluated=416/2340
[batch 53/293] start batch_cases=8 evaluated=416/2340 cases=1372..1379
[batch 53/293] ensemble 1/4 done in 26.80s
[batch 53/293] ensemble 2/4 done in 26.80s
[batch 53/293] ensemble 3/4 done in 26.79s
[batch 53/293] ensemble 4/4 done in 26.80s
case=1372 GED=0.617632 D_max=0.631082 Sc=0.982609 D_a=0.879776 CI=0.802368
case=1373 GED=0.368248 D_max=0.757167 Sc=0.919075 D_a=0.909180 CI=0.855028
case=1374 GED=0.435522 D_max=0.712492 Sc=0.972222 D_a=0.846370 CI=0.830194
case=1375 GED=0.631312 D_max=0.592813 Sc=0.990385 D_a=0.812422 CI=0.763851
[running mean @ 420 cases] GED=0.583571 D_max=0.545430 Sc=0.890860 D_a=0.779875 CI=0.632923
case=1376 GED=0.642527 D_max=0.563611 Sc=0.941176 D_a=0.684090 CI=0.697907
case=1377 GED=0.487145 D_max=0.544795 Sc=1.000000 D_a=0.646341 CI=0.684506
case=1378 GED=0.622654 D_max=0.364978 Sc=0.986111 D_a=0.674138 CI=0.572809
case=1379 GED=0.526481 D_max=0.454176 Sc=0.973913 D_a=0.596075 CI=0.611469
[batch 53/293] done in 107.32s evaluated=424/2340
[batch 54/293] start batch_cases=8 evaluated=424/2340 cases=138..1386
[batch 54/293] ensemble 1/4 done in 26.80s
[batch 54/293] ensemble 2/4 done in 26.80s
[batch 54/293] ensemble 3/4 done in 26.80s
[batch 54/293] ensemble 4/4 done in 26.81s
case=138 GED=0.666953 D_max=0.333951 Sc=1.000000 D_a=0.554836 CI=0.517528
case=1380 GED=0.420506 D_max=0.603586 Sc=0.906977 D_a=0.921429 CI=0.780315
case=1381 GED=0.601890 D_max=0.509379 Sc=0.789474 D_a=0.945652 CI=0.699739
case=1382 GED=0.282954 D_max=0.664680 Sc=1.000000 D_a=1.000000 CI=0.856047
case=1383 GED=0.307239 D_max=0.778571 Sc=1.000000 D_a=0.999999 CI=0.913408
case=1384 GED=0.256368 D_max=0.804217 Sc=1.000000 D_a=1.000000 CI=0.924942
case=1385 GED=0.663546 D_max=0.809006 Sc=1.000000 D_a=0.871024 CI=0.886483
case=1386 GED=1.082740 D_max=0.080000 Sc=1.000000 D_a=0.640055 CI=0.199172
[batch 54/293] done in 107.79s evaluated=432/2340
[batch 55/293] start batch_cases=8 evaluated=432/2340 cases=1387..1393
[batch 55/293] ensemble 1/4 done in 26.82s
[batch 55/293] ensemble 2/4 done in 26.80s
[batch 55/293] ensemble 3/4 done in 26.82s
[batch 55/293] ensemble 4/4 done in 26.80s
case=1387 GED=1.022626 D_max=0.133188 Sc=1.000000 D_a=0.568094 CI=0.292157
case=1388 GED=0.245804 D_max=0.774735 Sc=0.933333 D_a=1.000000 CI=0.892275
case=1389 GED=1.033898 D_max=0.047619 Sc=0.359375 D_a=0.832636 CI=0.120079
case=139 GED=0.894793 D_max=0.156340 Sc=0.758621 D_a=0.772472 CI=0.332999
case=1390 GED=0.154522 D_max=0.858644 Sc=0.979405 D_a=1.000000 CI=0.941722
case=1391 GED=0.267523 D_max=0.822646 Sc=0.981366 D_a=0.782860 CI=0.854228
case=1392 GED=0.224732 D_max=0.773099 Sc=0.849112 D_a=1.000000 CI=0.864256
case=1393 GED=0.337152 D_max=0.610707 Sc=0.174497 D_a=1.000000 CI=0.358499
[running mean @ 440 cases] GED=0.581458 D_max=0.544928 Sc=0.890442 D_a=0.781903 CI=0.633701
[batch 55/293] done in 107.37s evaluated=440/2340
[batch 56/293] start batch_cases=8 evaluated=440/2340 cases=1394..140
[batch 56/293] ensemble 1/4 done in 26.81s
[batch 56/293] ensemble 2/4 done in 26.80s
[batch 56/293] ensemble 3/4 done in 26.81s
[batch 56/293] ensemble 4/4 done in 26.81s
case=1394 GED=0.110135 D_max=0.803140 Sc=0.130178 D_a=1.000000 CI=0.302208
case=1395 GED=0.125000 D_max=0.750000 Sc=0.000000 D_a=0.500000 CI=0.000000
case=1396 GED=0.886797 D_max=0.139821 Sc=0.971292 D_a=0.722193 CI=0.313603
case=1397 GED=0.632059 D_max=0.254249 Sc=0.986207 D_a=0.704884 CI=0.471268
case=1398 GED=0.340829 D_max=0.809952 Sc=0.840000 D_a=0.852941 CI=0.833905
case=1399 GED=0.669782 D_max=0.326351 Sc=0.870432 D_a=0.560187 CI=0.500154
case=14 GED=0.064748 D_max=0.912621 Sc=0.875817 D_a=1.000000 CI=0.926631
case=140 GED=0.574275 D_max=0.230573 Sc=0.938356 D_a=0.823432 CI=0.453368
[batch 56/293] done in 108.51s evaluated=448/2340
[batch 57/293] start batch_cases=8 evaluated=448/2340 cases=1400..1407
[batch 57/293] ensemble 1/4 done in 26.83s
[batch 57/293] ensemble 2/4 done in 26.81s
[batch 57/293] ensemble 3/4 done in 26.80s
[batch 57/293] ensemble 4/4 done in 26.84s
case=1400 GED=0.145495 D_max=0.876746 Sc=0.880539 D_a=1.000000 CI=0.915681
case=1401 GED=0.332216 D_max=0.847726 Sc=0.997512 D_a=0.816239 CI=0.880475
case=1402 GED=0.340178 D_max=0.826706 Sc=0.991848 D_a=0.841784 CI=0.880853
case=1403 GED=0.314563 D_max=0.878725 Sc=0.991919 D_a=0.903771 CI=0.922329
case=1404 GED=0.271033 D_max=0.669969 Sc=1.000000 D_a=1.000000 CI=0.858957
case=1405 GED=0.717657 D_max=0.255049 Sc=1.000000 D_a=0.596867 CI=0.454805
case=1406 GED=0.909967 D_max=0.131084 Sc=0.962963 D_a=0.539554 CI=0.285156
case=1407 GED=0.697875 D_max=0.253635 Sc=0.909091 D_a=0.772427 CI=0.473388
[batch 57/293] done in 108.15s evaluated=456/2340
[batch 58/293] start batch_cases=8 evaluated=456/2340 cases=1408..1414
[batch 58/293] ensemble 1/4 done in 26.79s
[batch 58/293] ensemble 2/4 done in 26.83s
[batch 58/293] ensemble 3/4 done in 26.78s
[batch 58/293] ensemble 4/4 done in 26.81s
case=1408 GED=0.539775 D_max=0.475202 Sc=0.973684 D_a=0.915385 CI=0.710255
case=1409 GED=0.597757 D_max=0.342034 Sc=0.937500 D_a=0.900000 CI=0.588066
case=141 GED=0.746882 D_max=0.263942 Sc=0.988372 D_a=0.554776 CI=0.454338
case=1410 GED=0.283857 D_max=0.552983 Sc=1.000000 D_a=0.999999 CI=0.787737
[running mean @ 460 cases] GED=0.576397 D_max=0.544280 Sc=0.889218 D_a=0.782699 CI=0.632264
case=1411 GED=0.508843 D_max=0.524929 Sc=0.978723 D_a=0.918182 CI=0.747037
case=1412 GED=0.530090 D_max=0.517241 Sc=0.960000 D_a=0.864227 CI=0.726023
case=1413 GED=0.510271 D_max=0.502121 Sc=0.862745 D_a=0.900000 CI=0.703936
case=1414 GED=0.527412 D_max=0.502486 Sc=0.944444 D_a=0.936254 CI=0.728683
[batch 58/293] done in 108.17s evaluated=464/2340
[batch 59/293] start batch_cases=8 evaluated=464/2340 cases=1415..1421
[batch 59/293] ensemble 1/4 done in 26.79s
[batch 59/293] ensemble 2/4 done in 26.81s
[batch 59/293] ensemble 3/4 done in 26.83s
[batch 59/293] ensemble 4/4 done in 26.80s
case=1415 GED=0.560303 D_max=0.480955 Sc=0.980769 D_a=0.907076 CI=0.714074
case=1416 GED=0.558131 D_max=0.462972 Sc=0.970588 D_a=0.883612 CI=0.694126
case=1417 GED=0.810816 D_max=0.206365 Sc=1.000000 D_a=0.742698 CI=0.417116
case=1418 GED=0.928777 D_max=0.165031 Sc=1.000000 D_a=0.655946 CI=0.349489
case=1419 GED=1.194618 D_max=0.031915 Sc=1.000000 D_a=0.554882 CI=0.087885
case=142 GED=0.371268 D_max=0.734549 Sc=0.966102 D_a=0.801471 CI=0.823232
case=1420 GED=0.496571 D_max=0.615727 Sc=0.972028 D_a=0.885693 CI=0.793245
case=1421 GED=0.347571 D_max=0.794059 Sc=0.978610 D_a=0.949297 CI=0.899652
[batch 59/293] done in 108.76s evaluated=472/2340
[batch 60/293] start batch_cases=8 evaluated=472/2340 cases=1422..1429
[batch 60/293] ensemble 1/4 done in 26.84s
[batch 60/293] ensemble 2/4 done in 26.80s
[batch 60/293] ensemble 3/4 done in 26.84s
[batch 60/293] ensemble 4/4 done in 26.79s
case=1422 GED=0.271168 D_max=0.802373 Sc=0.906015 D_a=0.900662 CI=0.866969
case=1423 GED=0.396481 D_max=0.786000 Sc=0.974359 D_a=0.834456 CI=0.857886
case=1424 GED=0.321706 D_max=0.795484 Sc=0.978632 D_a=0.834592 CI=0.862783
case=1425 GED=0.353320 D_max=0.786698 Sc=0.969512 D_a=0.919832 CI=0.885024
case=1426 GED=0.523802 D_max=0.653480 Sc=0.984848 D_a=0.904087 CI=0.821526
case=1427 GED=0.816481 D_max=0.376569 Sc=0.982456 D_a=0.797204 CI=0.608791
case=1428 GED=1.106588 D_max=0.299260 Sc=0.769231 D_a=0.759080 CI=0.503444
case=1429 GED=0.935138 D_max=0.369834 Sc=0.961538 D_a=0.880058 CI=0.614729
[running mean @ 480 cases] GED=0.577525 D_max=0.543285 Sc=0.892043 D_a=0.785148 CI=0.634473
[batch 60/293] done in 107.40s evaluated=480/2340
[batch 61/293] start batch_cases=8 evaluated=480/2340 cases=143..1436
[batch 61/293] ensemble 1/4 done in 26.84s
[batch 61/293] ensemble 2/4 done in 26.84s
[batch 61/293] ensemble 3/4 done in 26.82s
[batch 61/293] ensemble 4/4 done in 26.84s
case=143 GED=0.556571 D_max=0.857143 Sc=0.964912 D_a=0.800000 CI=0.868802
case=1430 GED=0.532086 D_max=0.427642 Sc=0.872727 D_a=0.722420 CI=0.616209
case=1431 GED=0.103261 D_max=0.824074 Sc=0.800000 D_a=1.000000 CI=0.866180
case=1432 GED=0.680561 D_max=0.800955 Sc=1.000000 D_a=0.913427 CI=0.897321
case=1433 GED=0.634670 D_max=0.809748 Sc=1.000000 D_a=0.872013 CI=0.887122
case=1434 GED=0.000000 D_max=1.000000 Sc=1.000000 D_a=1.000000 CI=1.000000
case=1435 GED=0.575329 D_max=0.406945 Sc=1.000000 D_a=0.936526 CI=0.662967
case=1436 GED=0.769623 D_max=0.259440 Sc=0.978261 D_a=0.659846 CI=0.469323
[batch 61/293] done in 108.16s evaluated=488/2340
[batch 62/293] start batch_cases=8 evaluated=488/2340 cases=1437..1443
[batch 62/293] ensemble 1/4 done in 26.82s
[batch 62/293] ensemble 2/4 done in 26.84s
[batch 62/293] ensemble 3/4 done in 26.79s
[batch 62/293] ensemble 4/4 done in 26.89s
case=1437 GED=0.659765 D_max=0.313927 Sc=1.000000 D_a=0.619593 CI=0.517293
case=1438 GED=0.288034 D_max=0.737246 Sc=0.727679 D_a=0.932911 CI=0.788945
case=1439 GED=0.403116 D_max=0.505534 Sc=0.933702 D_a=0.651534 CI=0.654458
case=144 GED=0.088435 D_max=0.863158 Sc=0.811321 D_a=1.000000 CI=0.884670
case=1440 GED=0.455655 D_max=0.491641 Sc=0.971831 D_a=0.709935 CI=0.670906
case=1441 GED=0.592007 D_max=0.366059 Sc=0.909910 D_a=0.622927 CI=0.551863
case=1442 GED=0.764870 D_max=0.223815 Sc=0.891566 D_a=0.527496 CI=0.400783
case=1443 GED=0.742967 D_max=0.224682 Sc=0.985915 D_a=0.569967 CI=0.415541
[batch 62/293] done in 107.46s evaluated=496/2340
[batch 63/293] start batch_cases=8 evaluated=496/2340 cases=1444..1450
[batch 63/293] ensemble 1/4 done in 26.80s
[batch 63/293] ensemble 2/4 done in 26.82s
[batch 63/293] ensemble 3/4 done in 26.80s
[batch 63/293] ensemble 4/4 done in 26.80s
case=1444 GED=0.438187 D_max=0.684408 Sc=1.000000 D_a=0.825424 CI=0.816857
case=1445 GED=0.663420 D_max=0.228099 Sc=1.000000 D_a=0.571236 CI=0.420483
case=1446 GED=0.124408 D_max=0.752358 Sc=0.999999 D_a=0.999995 CI=0.901128
case=1447 GED=0.125000 D_max=0.750001 Sc=0.000000 D_a=0.999998 CI=0.000000
[running mean @ 500 cases] GED=0.572820 D_max=0.544608 Sc=0.892057 D_a=0.785612 CI=0.635676
case=1448 GED=0.284705 D_max=0.581263 Sc=0.772727 D_a=1.000000 CI=0.747289
case=1449 GED=0.886583 D_max=0.346002 Sc=1.000000 D_a=0.456520 CI=0.493369
case=145 GED=0.095833 D_max=0.844595 Sc=0.945946 D_a=1.000000 CI=0.925599
case=1450 GED=1.239181 D_max=0.221373 Sc=0.964286 D_a=0.622484 CI=0.418949
[batch 63/293] done in 107.75s evaluated=504/2340
[batch 64/293] start batch_cases=8 evaluated=504/2340 cases=1451..1458
[batch 64/293] ensemble 1/4 done in 26.81s
[batch 64/293] ensemble 2/4 done in 26.78s
[batch 64/293] ensemble 3/4 done in 26.80s
[batch 64/293] ensemble 4/4 done in 26.79s
case=1451 GED=0.409090 D_max=0.500001 Sc=0.000000 D_a=0.500000 CI=0.000000
case=1452 GED=0.317574 D_max=0.528756 Sc=0.800000 D_a=0.999999 CI=0.724422
case=1453 GED=0.284312 D_max=0.590485 Sc=0.947368 D_a=1.000000 CI=0.800197
case=1454 GED=0.822923 D_max=0.170419 Sc=1.000000 D_a=0.574513 CI=0.348492
case=1455 GED=0.338545 D_max=0.617288 Sc=0.880000 D_a=1.000000 CI=0.798647
case=1456 GED=0.710962 D_max=0.295808 Sc=0.986842 D_a=0.544295 CI=0.481453
case=1457 GED=0.793053 D_max=0.247009 Sc=1.000000 D_a=0.532965 CI=0.433230
case=1458 GED=0.838787 D_max=0.196383 Sc=1.000000 D_a=0.573233 CI=0.382821
[batch 64/293] done in 107.30s evaluated=512/2340
[batch 65/293] start batch_cases=8 evaluated=512/2340 cases=1459..1465
[batch 65/293] ensemble 1/4 done in 26.81s
[batch 65/293] ensemble 2/4 done in 26.79s
[batch 65/293] ensemble 3/4 done in 26.80s
[batch 65/293] ensemble 4/4 done in 26.80s
case=1459 GED=0.510727 D_max=0.653111 Sc=1.000000 D_a=0.809608 CI=0.796538
case=146 GED=0.240525 D_max=0.849537 Sc=0.611765 D_a=1.000000 CI=0.787045
case=1460 GED=0.586954 D_max=0.847143 Sc=0.954545 D_a=0.844444 CI=0.879181
case=1461 GED=0.119275 D_max=0.771898 Sc=0.285714 D_a=1.000000 CI=0.517642
case=1462 GED=0.741366 D_max=0.421629 Sc=1.000000 D_a=0.784606 CI=0.645678
case=1463 GED=0.643717 D_max=0.591004 Sc=1.000000 D_a=0.789871 CI=0.757946
case=1464 GED=0.564690 D_max=0.675738 Sc=1.000000 D_a=0.923625 CI=0.842093
case=1465 GED=0.562300 D_max=0.687107 Sc=0.994220 D_a=0.875749 CI=0.832623
[running mean @ 520 cases] GED=0.571925 D_max=0.544116 Sc=0.890716 D_a=0.785842 CI=0.635483
[batch 65/293] done in 107.32s evaluated=520/2340
[batch 66/293] start batch_cases=8 evaluated=520/2340 cases=1466..1472
[batch 66/293] ensemble 1/4 done in 26.81s
[batch 66/293] ensemble 2/4 done in 26.80s
[batch 66/293] ensemble 3/4 done in 26.80s
[batch 66/293] ensemble 4/4 done in 26.81s
case=1466 GED=0.569434 D_max=0.677809 Sc=1.000000 D_a=0.873805 CI=0.828784
case=1467 GED=0.644020 D_max=0.611923 Sc=1.000000 D_a=0.903589 CI=0.801948
case=1468 GED=0.932451 D_max=0.392863 Sc=1.000000 D_a=0.859503 CI=0.637094
case=1469 GED=1.261234 D_max=0.129707 Sc=0.310345 D_a=0.705059 CI=0.242910
case=147 GED=0.951092 D_max=0.158072 Sc=0.888476 D_a=0.602133 CI=0.329217
case=1470 GED=0.273413 D_max=0.792683 Sc=1.000000 D_a=1.000000 CI=0.919811
case=1471 GED=1.049543 D_max=0.088542 Sc=1.000000 D_a=0.570713 CI=0.213579
case=1472 GED=0.557055 D_max=0.833942 Sc=1.000000 D_a=0.802222 CI=0.870660
[batch 66/293] done in 107.35s evaluated=528/2340
[batch 67/293] start batch_cases=8 evaluated=528/2340 cases=1473..148
[batch 67/293] ensemble 1/4 done in 26.80s
[batch 67/293] ensemble 2/4 done in 26.81s
[batch 67/293] ensemble 3/4 done in 26.80s
[batch 67/293] ensemble 4/4 done in 26.81s
case=1473 GED=0.237613 D_max=0.845506 Sc=1.000000 D_a=1.000000 CI=0.942589
case=1474 GED=0.631679 D_max=0.787267 Sc=1.000000 D_a=0.828622 CI=0.862803
case=1475 GED=0.617364 D_max=0.807018 Sc=1.000000 D_a=0.813008 CI=0.864770
case=1476 GED=0.112963 D_max=0.793919 Sc=1.000000 D_a=1.000000 CI=0.920365
case=1477 GED=0.645300 D_max=0.762195 Sc=1.000000 D_a=0.811109 CI=0.846291
case=1478 GED=0.586231 D_max=0.776490 Sc=1.000000 D_a=0.800699 CI=0.848235
case=1479 GED=0.589192 D_max=0.793750 Sc=1.000000 D_a=0.776595 CI=0.845662
case=148 GED=0.229892 D_max=0.896002 Sc=1.000000 D_a=1.000000 CI=0.962752
[batch 67/293] done in 107.66s evaluated=536/2340
[batch 68/293] start batch_cases=8 evaluated=536/2340 cases=1480..1487
[batch 68/293] ensemble 1/4 done in 26.80s
[batch 68/293] ensemble 2/4 done in 26.81s
[batch 68/293] ensemble 3/4 done in 26.79s
[batch 68/293] ensemble 4/4 done in 26.81s
case=1480 GED=0.117187 D_max=0.779412 Sc=1.000000 D_a=0.999999 CI=0.913793
case=1481 GED=1.002135 D_max=0.051588 Sc=1.000000 D_a=0.791666 CI=0.138583
case=1482 GED=0.590777 D_max=0.783333 Sc=1.000000 D_a=0.859430 CI=0.872053
case=1483 GED=0.680193 D_max=0.764925 Sc=1.000000 D_a=0.921817 CI=0.884400
[running mean @ 540 cases] GED=0.573481 D_max=0.547162 Sc=0.893279 D_a=0.788070 CI=0.639255
case=1484 GED=0.857662 D_max=1.000000 Sc=0.000000 D_a=0.255814 CI=0.000000
case=1485 GED=0.530843 D_max=0.597547 Sc=1.000000 D_a=0.838182 CI=0.775882
case=1486 GED=0.537676 D_max=0.528046 Sc=0.937500 D_a=0.830018 CI=0.720248
case=1487 GED=0.811493 D_max=0.222691 Sc=1.000000 D_a=0.651712 CI=0.427050
[batch 68/293] done in 107.34s evaluated=544/2340
[batch 69/293] start batch_cases=8 evaluated=544/2340 cases=1488..1494
[batch 69/293] ensemble 1/4 done in 26.82s
[batch 69/293] ensemble 2/4 done in 26.80s
[batch 69/293] ensemble 3/4 done in 26.81s
[batch 69/293] ensemble 4/4 done in 26.79s
case=1488 GED=0.525750 D_max=0.396476 Sc=1.000000 D_a=0.951878 CI=0.656056
case=1489 GED=0.101852 D_max=0.828125 Sc=0.892857 D_a=1.000000 CI=0.901565
case=149 GED=0.502247 D_max=0.867945 Sc=0.976048 D_a=0.790429 CI=0.871631
case=1490 GED=0.107790 D_max=0.810510 Sc=0.904762 D_a=1.000000 CI=0.898458
case=1491 GED=0.739607 D_max=0.347394 Sc=0.986111 D_a=0.824979 CI=0.587681
case=1492 GED=0.691229 D_max=0.557298 Sc=0.989247 D_a=0.911425 CI=0.768753
case=1493 GED=0.700398 D_max=0.505728 Sc=1.000000 D_a=0.854209 CI=0.723237
case=1494 GED=1.031312 D_max=0.099462 Sc=1.000000 D_a=0.659140 CI=0.238641
[batch 69/293] done in 107.34s evaluated=552/2340
[batch 70/293] start batch_cases=8 evaluated=552/2340 cases=1495..1500
[batch 70/293] ensemble 1/4 done in 26.81s
[batch 70/293] ensemble 2/4 done in 26.79s
[batch 70/293] ensemble 3/4 done in 26.80s
[batch 70/293] ensemble 4/4 done in 26.80s
case=1495 GED=0.636901 D_max=0.792553 Sc=1.000000 D_a=0.839694 CI=0.868897
case=1496 GED=1.120798 D_max=0.056035 Sc=1.000000 D_a=0.588004 CI=0.146008
case=1497 GED=0.266980 D_max=0.778302 Sc=1.000000 D_a=0.999999 CI=0.913284
case=1498 GED=0.778224 D_max=0.225132 Sc=0.981481 D_a=0.548069 CI=0.411788
case=1499 GED=0.821477 D_max=0.167046 Sc=1.000000 D_a=0.571954 CI=0.343454
case=15 GED=0.562116 D_max=0.805556 Sc=1.000000 D_a=0.815436 CI=0.865122
case=150 GED=0.878062 D_max=0.121174 Sc=1.000000 D_a=0.772177 CI=0.284423
case=1500 GED=0.282065 D_max=0.817742 Sc=0.956522 D_a=1.000000 CI=0.917899
[running mean @ 560 cases] GED=0.575293 D_max=0.546414 Sc=0.894635 D_a=0.787966 CI=0.638424
[batch 70/293] done in 107.32s evaluated=560/2340
[batch 71/293] start batch_cases=8 evaluated=560/2340 cases=1501..1508
[batch 71/293] ensemble 1/4 done in 26.81s
[batch 71/293] ensemble 2/4 done in 26.80s
[batch 71/293] ensemble 3/4 done in 26.80s
[batch 71/293] ensemble 4/4 done in 26.80s
case=1501 GED=0.911641 D_max=0.059524 Sc=0.863636 D_a=0.661290 CI=0.154083
case=1502 GED=0.465116 D_max=0.500000 Sc=0.000000 D_a=0.500000 CI=0.000000
case=1503 GED=0.674334 D_max=0.234973 Sc=1.000000 D_a=0.748293 CI=0.455085
case=1504 GED=0.274322 D_max=0.673753 Sc=0.938776 D_a=1.000000 CI=0.845203
case=1505 GED=0.615915 D_max=0.830214 Sc=1.000000 D_a=0.850515 CI=0.887504
case=1506 GED=0.112037 D_max=0.796980 Sc=1.000000 D_a=1.000000 CI=0.921733
case=1507 GED=0.301915 D_max=0.663703 Sc=0.944444 D_a=1.000000 CI=0.841391
case=1508 GED=0.817452 D_max=0.209160 Sc=1.000000 D_a=0.571460 CI=0.398357
[batch 71/293] done in 107.67s evaluated=568/2340
[batch 72/293] start batch_cases=8 evaluated=568/2340 cases=1509..1515
[batch 72/293] ensemble 1/4 done in 26.80s
[batch 72/293] ensemble 2/4 done in 26.80s
[batch 72/293] ensemble 3/4 done in 26.79s
[batch 72/293] ensemble 4/4 done in 26.80s
case=1509 GED=0.430033 D_max=0.706280 Sc=0.956522 D_a=0.846154 CI=0.823465
case=151 GED=0.522256 D_max=0.903425 Sc=0.825397 D_a=0.867758 CI=0.864346
case=1510 GED=0.779393 D_max=0.168631 Sc=1.000000 D_a=0.656191 CI=0.354859
case=1511 GED=0.618993 D_max=0.775478 Sc=1.000000 D_a=0.815960 CI=0.853466
case=1512 GED=0.921944 D_max=0.109153 Sc=1.000000 D_a=0.602083 CI=0.253756
case=1513 GED=0.581742 D_max=0.443494 Sc=0.945946 D_a=0.914595 CI=0.680991
case=1514 GED=0.844013 D_max=0.211817 Sc=0.972222 D_a=0.701976 CI=0.418166
case=1515 GED=0.599123 D_max=0.439505 Sc=1.000000 D_a=0.931924 CI=0.689919
[batch 72/293] done in 107.33s evaluated=576/2340
[batch 73/293] start batch_cases=8 evaluated=576/2340 cases=1516..1522
[batch 73/293] ensemble 1/4 done in 26.80s
[batch 73/293] ensemble 2/4 done in 26.81s
[batch 73/293] ensemble 3/4 done in 26.82s
[batch 73/293] ensemble 4/4 done in 26.83s
case=1516 GED=0.248616 D_max=0.570207 Sc=1.000000 D_a=1.000000 CI=0.799201
case=1517 GED=0.485800 D_max=0.442454 Sc=1.000000 D_a=0.826087 CI=0.671043
case=1518 GED=0.577336 D_max=0.453966 Sc=1.000000 D_a=0.897436 CI=0.694912
case=1519 GED=0.852548 D_max=0.153263 Sc=1.000000 D_a=0.753096 CI=0.338883
[running mean @ 580 cases] GED=0.575515 D_max=0.543686 Sc=0.895590 D_a=0.788631 CI=0.637007
case=152 GED=0.987823 D_max=0.144231 Sc=0.938326 D_a=0.630891 CI=0.313018
case=1520 GED=0.582750 D_max=0.768868 Sc=1.000000 D_a=0.724241 CI=0.814914
case=1521 GED=0.261952 D_max=0.600752 Sc=0.686275 D_a=1.000000 CI=0.727851
case=1522 GED=0.732829 D_max=0.307902 Sc=0.955882 D_a=0.785466 CI=0.538883
[batch 73/293] done in 107.39s evaluated=584/2340
[batch 74/293] start batch_cases=8 evaluated=584/2340 cases=1523..153
[batch 74/293] ensemble 1/4 done in 26.83s
[batch 74/293] ensemble 2/4 done in 26.82s
[batch 74/293] ensemble 3/4 done in 26.82s
[batch 74/293] ensemble 4/4 done in 26.82s
case=1523 GED=0.671460 D_max=0.257273 Sc=0.794118 D_a=0.783113 CI=0.467061
case=1524 GED=0.241839 D_max=0.531326 Sc=0.562500 D_a=1.000000 CI=0.643796
case=1525 GED=0.633705 D_max=0.465433 Sc=0.874317 D_a=0.891208 CI=0.679601
case=1526 GED=0.764359 D_max=0.492503 Sc=0.767241 D_a=0.637278 CI=0.611872
case=1527 GED=0.733841 D_max=0.611996 Sc=0.773438 D_a=0.559729 CI=0.636469
case=1528 GED=0.534775 D_max=0.645630 Sc=0.847716 D_a=0.510571 CI=0.640054
case=1529 GED=0.511022 D_max=0.678012 Sc=0.937799 D_a=0.551807 CI=0.689108
case=153 GED=0.976196 D_max=0.183931 Sc=0.996587 D_a=0.572257 CI=0.366403
[batch 74/293] done in 107.42s evaluated=592/2340
[batch 75/293] start batch_cases=8 evaluated=592/2340 cases=1530..1537
[batch 75/293] ensemble 1/4 done in 26.82s
[batch 75/293] ensemble 2/4 done in 26.82s
[batch 75/293] ensemble 3/4 done in 26.83s
[batch 75/293] ensemble 4/4 done in 26.82s
case=1530 GED=1.142100 D_max=0.633453 Sc=0.620000 D_a=0.573856 CI=0.608007
case=1531 GED=0.806284 D_max=0.559264 Sc=0.705263 D_a=0.575982 CI=0.607025
case=1532 GED=0.789596 D_max=0.507409 Sc=0.818792 D_a=0.629360 CI=0.627481
case=1533 GED=0.285714 D_max=0.750000 Sc=0.000000 D_a=1.000000 CI=0.000000
case=1534 GED=0.640478 D_max=0.767361 Sc=1.000000 D_a=0.808196 CI=0.847340
case=1535 GED=1.102277 D_max=0.121212 Sc=1.000000 D_a=0.575901 CI=0.273065
case=1536 GED=0.570259 D_max=0.868932 Sc=0.981481 D_a=0.872881 CI=0.904885
case=1537 GED=0.676863 D_max=0.378645 Sc=0.870588 D_a=0.653744 CI=0.563984
[running mean @ 600 cases] GED=0.579075 D_max=0.542687 Sc=0.892621 D_a=0.786237 CI=0.635041
[batch 75/293] done in 107.92s evaluated=600/2340
[batch 76/293] start batch_cases=8 evaluated=600/2340 cases=1538..1544
[batch 76/293] ensemble 1/4 done in 26.83s
[batch 76/293] ensemble 2/4 done in 26.82s
[batch 76/293] ensemble 3/4 done in 26.82s
[batch 76/293] ensemble 4/4 done in 26.83s
case=1538 GED=0.646519 D_max=0.338124 Sc=0.861538 D_a=0.724203 CI=0.545550
case=1539 GED=0.444675 D_max=0.596552 Sc=0.950000 D_a=0.695122 CI=0.719851
case=154 GED=0.118207 D_max=0.775773 Sc=0.074074 D_a=1.000000 CI=0.190005
case=1540 GED=0.895440 D_max=0.173965 Sc=0.954545 D_a=0.638074 CI=0.358718
case=1541 GED=0.889880 D_max=0.327621 Sc=0.976190 D_a=0.479976 CI=0.487002
case=1542 GED=0.905093 D_max=0.296634 Sc=1.000000 D_a=0.476709 CI=0.463759
case=1543 GED=0.546325 D_max=0.389383 Sc=0.909091 D_a=0.871428 CI=0.622961
case=1544 GED=1.272122 D_max=0.130159 Sc=1.000000 D_a=0.602189 CI=0.290036
[batch 76/293] done in 107.42s evaluated=608/2340
[batch 77/293] start batch_cases=8 evaluated=608/2340 cases=1545..1551
[batch 77/293] ensemble 1/4 done in 26.85s
[batch 77/293] ensemble 2/4 done in 26.82s
[batch 77/293] ensemble 3/4 done in 26.86s
[batch 77/293] ensemble 4/4 done in 26.88s
case=1545 GED=1.065861 D_max=0.307771 Sc=1.000000 D_a=0.669482 CI=0.522388
case=1546 GED=1.001301 D_max=0.306185 Sc=1.000000 D_a=0.420016 CI=0.451341
case=1547 GED=1.081725 D_max=0.211542 Sc=0.913043 D_a=0.657143 CI=0.408487
case=1548 GED=0.731067 D_max=0.299002 Sc=0.935484 D_a=0.744550 CI=0.521149
case=1549 GED=1.070313 D_max=0.304952 Sc=1.000000 D_a=0.642857 CI=0.514160
case=155 GED=0.078772 D_max=0.884989 Sc=0.411184 D_a=1.000000 CI=0.657613
case=1550 GED=0.118243 D_max=0.775641 Sc=1.000000 D_a=0.999999 CI=0.912060
case=1551 GED=0.692053 D_max=0.339304 Sc=1.000000 D_a=1.000000 CI=0.606403
[batch 77/293] done in 108.59s evaluated=616/2340
[batch 78/293] start batch_cases=8 evaluated=616/2340 cases=1552..1559
[batch 78/293] ensemble 1/4 done in 26.80s
[batch 78/293] ensemble 2/4 done in 26.92s
[batch 78/293] ensemble 3/4 done in 26.84s
[batch 78/293] ensemble 4/4 done in 26.82s
case=1552 GED=0.546571 D_max=0.468994 Sc=0.900000 D_a=0.957143 CI=0.699609
case=1553 GED=0.607005 D_max=0.416477 Sc=1.000000 D_a=0.882361 CI=0.661607
case=1554 GED=1.093897 D_max=0.206082 Sc=0.892857 D_a=0.636364 CI=0.397675
case=1555 GED=1.178461 D_max=0.314152 Sc=1.000000 D_a=0.560976 CI=0.502868
[running mean @ 620 cases] GED=0.584562 D_max=0.537864 Sc=0.892501 D_a=0.784518 CI=0.631545
case=1556 GED=1.033626 D_max=0.236487 Sc=1.000000 D_a=0.512619 CI=0.417866
case=1557 GED=0.618602 D_max=0.774648 Sc=1.000000 D_a=0.772536 CI=0.836739
case=1558 GED=1.082311 D_max=0.074468 Sc=0.920000 D_a=0.697333 CI=0.188093
case=1559 GED=0.523698 D_max=0.840909 Sc=1.000000 D_a=0.742718 CI=0.848513
[batch 78/293] done in 107.51s evaluated=624/2340
[batch 79/293] start batch_cases=8 evaluated=624/2340 cases=156..1566
[batch 79/293] ensemble 1/4 done in 26.82s
[batch 79/293] ensemble 2/4 done in 26.84s
[batch 79/293] ensemble 3/4 done in 26.81s
[batch 79/293] ensemble 4/4 done in 26.83s
case=156 GED=0.183609 D_max=0.934671 Sc=0.998529 D_a=1.000000 CI=0.976764
case=1560 GED=1.042266 D_max=0.218234 Sc=0.962963 D_a=0.563043 CI=0.405583
case=1561 GED=1.697695 D_max=0.000001 Sc=0.000000 D_a=0.727273 CI=0.000000
case=1562 GED=0.915215 D_max=0.353884 Sc=0.956522 D_a=0.889873 CI=0.600601
case=1563 GED=1.018589 D_max=0.310585 Sc=0.860465 D_a=0.598102 CI=0.495552
case=1564 GED=0.589690 D_max=0.380581 Sc=0.960000 D_a=0.992260 CI=0.641433
case=1565 GED=1.027386 D_max=0.214749 Sc=0.952381 D_a=0.559135 CI=0.400263
case=1566 GED=1.013899 D_max=0.269296 Sc=1.000000 D_a=0.763773 CI=0.498117
[batch 79/293] done in 107.41s evaluated=632/2340
[batch 80/293] start batch_cases=8 evaluated=632/2340 cases=1567..1573
[batch 80/293] ensemble 1/4 done in 26.82s
[batch 80/293] ensemble 2/4 done in 26.82s
[batch 80/293] ensemble 3/4 done in 26.83s
[batch 80/293] ensemble 4/4 done in 26.82s
case=1567 GED=0.396605 D_max=0.697392 Sc=0.987342 D_a=0.821212 CI=0.818678
case=1568 GED=0.213700 D_max=0.763237 Sc=0.951219 D_a=1.000000 CI=0.892461
case=1569 GED=0.325356 D_max=0.828152 Sc=0.990476 D_a=0.872434 CI=0.891970
case=157 GED=1.042648 D_max=0.182187 Sc=0.988136 D_a=0.586033 CI=0.365531
case=1570 GED=0.420840 D_max=0.754073 Sc=0.974790 D_a=0.816163 CI=0.838636
case=1571 GED=0.309857 D_max=0.596716 Sc=0.333333 D_a=1.000000 CI=0.528556
case=1572 GED=0.313949 D_max=0.586053 Sc=0.800000 D_a=1.000000 CI=0.758278
case=1573 GED=0.666077 D_max=0.446842 Sc=1.000000 D_a=0.976190 CI=0.703843
[running mean @ 640 cases] GED=0.588850 D_max=0.535842 Sc=0.892167 D_a=0.784831 CI=0.630727
[batch 80/293] done in 107.91s evaluated=640/2340
[batch 81/293] start batch_cases=8 evaluated=640/2340 cases=1574..1580
[batch 81/293] ensemble 1/4 done in 26.83s
[batch 81/293] ensemble 2/4 done in 26.81s
[batch 81/293] ensemble 3/4 done in 26.83s
[batch 81/293] ensemble 4/4 done in 26.81s
case=1574 GED=0.791233 D_max=0.204664 Sc=1.000000 D_a=0.840252 CI=0.423957
case=1575 GED=0.765375 D_max=0.124480 Sc=1.000000 D_a=0.841441 CI=0.293489
case=1576 GED=0.289234 D_max=0.554137 Sc=0.428571 D_a=0.999999 CI=0.583891
case=1577 GED=0.461406 D_max=0.592489 Sc=0.950000 D_a=0.788389 CI=0.748347
case=1578 GED=0.274989 D_max=0.599312 Sc=0.315789 D_a=1.000000 CI=0.514117
case=1579 GED=0.310644 D_max=0.604575 Sc=1.000000 D_a=1.000000 CI=0.821006
case=158 GED=0.473211 D_max=0.890597 Sc=0.714612 D_a=0.830189 CI=0.804991
case=1580 GED=0.328274 D_max=0.612157 Sc=0.952381 D_a=1.000000 CI=0.814428
[batch 81/293] done in 107.92s evaluated=648/2340
[batch 82/293] start batch_cases=8 evaluated=648/2340 cases=1581..1588
[batch 82/293] ensemble 1/4 done in 26.85s
[batch 82/293] ensemble 2/4 done in 26.86s
[batch 82/293] ensemble 3/4 done in 26.80s
[batch 82/293] ensemble 4/4 done in 26.90s
case=1581 GED=0.101266 D_max=0.829787 Sc=0.555556 D_a=1.000000 CI=0.749040
case=1582 GED=0.553944 D_max=0.873984 Sc=0.945205 D_a=0.847962 CI=0.887192
case=1583 GED=0.235411 D_max=0.830556 Sc=0.652174 D_a=1.000000 CI=0.802708
case=1584 GED=0.395820 D_max=0.709197 Sc=0.890625 D_a=0.789562 CI=0.789603
case=1585 GED=0.262996 D_max=0.716501 Sc=0.756410 D_a=1.000000 CI=0.806949
case=1586 GED=0.358555 D_max=0.783962 Sc=0.902655 D_a=0.836842 CI=0.838367
case=1587 GED=0.280068 D_max=0.658633 Sc=0.323529 D_a=1.000000 CI=0.534835
case=1588 GED=0.240038 D_max=0.836777 Sc=0.725000 D_a=1.000000 CI=0.839308
[batch 82/293] done in 108.14s evaluated=656/2340
[batch 83/293] start batch_cases=8 evaluated=656/2340 cases=1589..1595
[batch 83/293] ensemble 1/4 done in 26.85s
[batch 83/293] ensemble 2/4 done in 26.83s
[batch 83/293] ensemble 3/4 done in 26.81s
[batch 83/293] ensemble 4/4 done in 26.80s
case=1589 GED=0.294845 D_max=0.528529 Sc=0.075949 D_a=1.000000 CI=0.186815
case=159 GED=0.463040 D_max=0.885556 Sc=0.745562 D_a=0.732038 CI=0.781952
case=1590 GED=0.294796 D_max=0.582965 Sc=0.134328 D_a=1.000000 CI=0.295281
case=1591 GED=0.268860 D_max=0.837876 Sc=0.881579 D_a=0.804636 CI=0.840190
[running mean @ 660 cases] GED=0.582285 D_max=0.539690 Sc=0.886268 D_a=0.788793 CI=0.631852
case=1592 GED=0.260231 D_max=0.713530 Sc=0.533333 D_a=1.000000 CI=0.701511
case=1593 GED=0.263326 D_max=0.724935 Sc=0.465278 D_a=1.000000 CI=0.662443
case=1594 GED=0.427184 D_max=0.700845 Sc=0.430622 D_a=0.910042 CI=0.618822
case=1595 GED=0.574650 D_max=0.726462 Sc=0.535836 D_a=0.943925 CI=0.697320
[batch 83/293] done in 107.42s evaluated=664/2340
[batch 84/293] start batch_cases=8 evaluated=664/2340 cases=1596..1601
[batch 84/293] ensemble 1/4 done in 26.81s
[batch 84/293] ensemble 2/4 done in 26.79s
[batch 84/293] ensemble 3/4 done in 26.82s
[batch 84/293] ensemble 4/4 done in 26.81s
case=1596 GED=0.406669 D_max=0.763810 Sc=0.756374 D_a=0.950847 CI=0.814550
case=1597 GED=0.645622 D_max=0.681682 Sc=0.441489 D_a=0.944272 CI=0.626169
case=1598 GED=0.594893 D_max=0.707110 Sc=0.923077 D_a=0.937262 CI=0.841638
case=1599 GED=0.370195 D_max=0.561328 Sc=0.269076 D_a=0.864583 CI=0.450820
case=16 GED=1.001060 D_max=0.099526 Sc=0.981818 D_a=0.651423 CI=0.238072
case=160 GED=1.078616 D_max=0.128266 Sc=0.920792 D_a=0.587015 CI=0.283397
case=1600 GED=0.507718 D_max=0.641412 Sc=0.945946 D_a=0.877146 CI=0.798666
case=1601 GED=0.382733 D_max=0.685280 Sc=0.897436 D_a=0.910708 CI=0.817085
[batch 84/293] done in 107.96s evaluated=672/2340
[batch 85/293] start batch_cases=8 evaluated=672/2340 cases=1602..1609
[batch 85/293] ensemble 1/4 done in 26.82s
[batch 85/293] ensemble 2/4 done in 26.81s
[batch 85/293] ensemble 3/4 done in 26.81s
[batch 85/293] ensemble 4/4 done in 26.80s
case=1602 GED=0.434123 D_max=0.654898 Sc=0.943038 D_a=0.889822 CI=0.808368
case=1603 GED=0.403171 D_max=0.574725 Sc=0.897297 D_a=0.899731 CI=0.756456
case=1604 GED=0.565920 D_max=0.415193 Sc=0.963415 D_a=0.682531 CI=0.610795
case=1605 GED=0.778391 D_max=0.193601 Sc=0.973684 D_a=0.601225 CI=0.381896
case=1606 GED=0.223354 D_max=0.850649 Sc=0.871795 D_a=1.000000 CI=0.902899
case=1607 GED=0.253635 D_max=0.853774 Sc=0.784615 D_a=1.000000 CI=0.870630
case=1608 GED=0.247330 D_max=0.818966 Sc=0.685714 D_a=1.000000 CI=0.815353
case=1609 GED=0.125000 D_max=0.750000 Sc=0.000000 D_a=0.500000 CI=0.000000
[running mean @ 680 cases] GED=0.579194 D_max=0.541826 Sc=0.881114 D_a=0.790814 CI=0.631940
[batch 85/293] done in 107.36s evaluated=680/2340
[batch 86/293] start batch_cases=8 evaluated=680/2340 cases=161..1616
[batch 86/293] ensemble 1/4 done in 26.83s
[batch 86/293] ensemble 2/4 done in 26.81s
[batch 86/293] ensemble 3/4 done in 26.80s
[batch 86/293] ensemble 4/4 done in 26.82s
case=161 GED=0.980629 D_max=0.130137 Sc=0.782468 D_a=0.590191 CI=0.281516
case=1610 GED=0.585834 D_max=0.837432 Sc=0.928571 D_a=0.819231 CI=0.859178
case=1611 GED=1.116437 D_max=0.095745 Sc=1.000000 D_a=0.565213 CI=0.227037
case=1612 GED=0.546029 D_max=0.869171 Sc=0.980769 D_a=0.813589 CI=0.882547
case=1613 GED=0.581167 D_max=0.831522 Sc=1.000000 D_a=0.876760 CI=0.897350
case=1614 GED=1.062140 D_max=0.109626 Sc=1.000000 D_a=0.601022 CI=0.254544
case=1615 GED=1.082833 D_max=0.103723 Sc=1.000000 D_a=0.549620 CI=0.240762
case=1616 GED=0.985644 D_max=0.046667 Sc=0.933333 D_a=0.778884 CI=0.126136
[batch 86/293] done in 108.12s evaluated=688/2340
[batch 87/293] start batch_cases=8 evaluated=688/2340 cases=1617..1623
[batch 87/293] ensemble 1/4 done in 26.94s
[batch 87/293] ensemble 2/4 done in 26.81s
[batch 87/293] ensemble 3/4 done in 26.79s
[batch 87/293] ensemble 4/4 done in 26.82s
case=1617 GED=0.933787 D_max=0.076471 Sc=1.000000 D_a=0.796578 CI=0.195666
case=1618 GED=0.269825 D_max=0.812130 Sc=1.000000 D_a=1.000000 CI=0.928410
case=1619 GED=0.279647 D_max=0.750000 Sc=0.000000 D_a=1.000000 CI=0.000000
case=162 GED=0.971251 D_max=0.134417 Sc=0.899614 D_a=0.653459 CI=0.297576
case=1620 GED=0.562322 D_max=0.859453 Sc=0.924528 D_a=0.840206 CI=0.873274
case=1621 GED=0.572578 D_max=0.859948 Sc=0.924528 D_a=0.832155 CI=0.870526
case=1622 GED=0.223639 D_max=0.830357 Sc=0.961538 D_a=1.000000 CI=0.924698
case=1623 GED=0.727718 D_max=0.291443 Sc=1.000000 D_a=0.539275 CI=0.477286
[batch 87/293] done in 107.48s evaluated=696/2340
[batch 88/293] start batch_cases=8 evaluated=696/2340 cases=1624..1630
[batch 88/293] ensemble 1/4 done in 26.80s
[batch 88/293] ensemble 2/4 done in 26.80s
[batch 88/293] ensemble 3/4 done in 26.80s
[batch 88/293] ensemble 4/4 done in 26.79s
case=1624 GED=0.706295 D_max=0.314513 Sc=1.000000 D_a=0.525986 CI=0.493364
case=1625 GED=0.406971 D_max=0.721495 Sc=0.970149 D_a=0.811897 CI=0.822264
case=1626 GED=0.566868 D_max=0.479661 Sc=0.950000 D_a=0.962228 CI=0.718272
case=1627 GED=0.676152 D_max=0.364910 Sc=0.938272 D_a=0.675783 CI=0.567541
[running mean @ 700 cases] GED=0.582414 D_max=0.539943 Sc=0.881930 D_a=0.789980 CI=0.629510
case=1628 GED=0.544394 D_max=0.415201 Sc=1.000000 D_a=0.626292 CI=0.599380
case=1629 GED=0.631190 D_max=0.358591 Sc=0.975000 D_a=0.635884 CI=0.556902
case=163 GED=0.107161 D_max=0.812443 Sc=1.000000 D_a=1.000000 CI=0.928547
case=1630 GED=0.268641 D_max=0.807229 Sc=1.000000 D_a=1.000000 CI=0.926267
[batch 88/293] done in 108.47s evaluated=704/2340
[batch 89/293] start batch_cases=8 evaluated=704/2340 cases=1631..1638
[batch 89/293] ensemble 1/4 done in 26.80s
[batch 89/293] ensemble 2/4 done in 26.79s
[batch 89/293] ensemble 3/4 done in 26.81s
[batch 89/293] ensemble 4/4 done in 26.81s
case=1631 GED=0.482767 D_max=0.672106 Sc=0.968254 D_a=0.641505 CI=0.735388
case=1632 GED=1.303714 D_max=0.482004 Sc=0.305164 D_a=0.552395 CI=0.418884
case=1633 GED=0.808911 D_max=0.515817 Sc=0.613537 D_a=0.417737 CI=0.503152
case=1634 GED=1.422422 D_max=0.313188 Sc=0.174129 D_a=0.526878 CI=0.276911
case=1635 GED=1.397717 D_max=0.258661 Sc=0.200000 D_a=0.560904 CI=0.281719
case=1636 GED=1.476371 D_max=0.170152 Sc=0.083333 D_a=0.518831 CI=0.151481
case=1637 GED=1.888005 D_max=0.000000 Sc=0.000000 D_a=0.928095 CI=0.000000
case=1638 GED=1.880401 D_max=0.000000 Sc=0.000000 D_a=0.912637 CI=0.000000
[batch 89/293] done in 107.35s evaluated=712/2340
[batch 90/293] start batch_cases=8 evaluated=712/2340 cases=1639..1645
[batch 90/293] ensemble 1/4 done in 26.83s
[batch 90/293] ensemble 2/4 done in 26.82s
[batch 90/293] ensemble 3/4 done in 26.82s
[batch 90/293] ensemble 4/4 done in 26.84s
case=1639 GED=1.370777 D_max=0.334835 Sc=0.303226 D_a=0.557374 CI=0.371354
case=164 GED=0.237119 D_max=0.859375 Sc=0.983051 D_a=1.000000 CI=0.943136
case=1640 GED=0.917009 D_max=0.515674 Sc=0.708487 D_a=0.592728 CI=0.595500
case=1641 GED=0.483552 D_max=0.661546 Sc=0.973282 D_a=0.658088 CI=0.739169
case=1642 GED=0.732635 D_max=0.474183 Sc=0.792079 D_a=0.689954 CI=0.622308
case=1643 GED=1.237143 D_max=0.679079 Sc=0.607973 D_a=0.532680 CI=0.600638
case=1644 GED=1.066594 D_max=0.189470 Sc=0.207143 D_a=0.824038 CI=0.265041
case=1645 GED=0.372375 D_max=0.485664 Sc=0.912281 D_a=0.906547 CI=0.704511
[running mean @ 720 cases] GED=0.592109 D_max=0.537452 Sc=0.873831 D_a=0.787595 CI=0.626218
[batch 90/293] done in 107.83s evaluated=720/2340
[batch 91/293] start batch_cases=8 evaluated=720/2340 cases=1646..1652
[batch 91/293] ensemble 1/4 done in 26.82s
[batch 91/293] ensemble 2/4 done in 26.82s
[batch 91/293] ensemble 3/4 done in 26.81s
[batch 91/293] ensemble 4/4 done in 26.82s
case=1646 GED=0.991587 D_max=0.540037 Sc=0.620588 D_a=0.523355 CI=0.558259
case=1647 GED=0.979932 D_max=0.533966 Sc=0.543735 D_a=0.532197 CI=0.536585
case=1648 GED=1.071638 D_max=0.437361 Sc=0.356164 D_a=0.526496 CI=0.428971
case=1649 GED=0.862212 D_max=0.432912 Sc=0.489412 D_a=0.248588 CI=0.358169
case=165 GED=1.134843 D_max=0.085648 Sc=1.000000 D_a=0.586258 CI=0.208603
case=1650 GED=1.912051 D_max=0.000000 Sc=0.000000 D_a=0.930895 CI=0.000000
case=1651 GED=1.865925 D_max=0.000000 Sc=0.000000 D_a=0.897570 CI=0.000000
case=1652 GED=1.425800 D_max=0.296663 Sc=0.152655 D_a=0.528478 CI=0.253941
[batch 91/293] done in 107.40s evaluated=728/2340
[batch 92/293] start batch_cases=8 evaluated=728/2340 cases=1653..166
[batch 92/293] ensemble 1/4 done in 26.81s
[batch 92/293] ensemble 2/4 done in 26.82s
[batch 92/293] ensemble 3/4 done in 26.82s
[batch 92/293] ensemble 4/4 done in 26.82s
case=1653 GED=0.262636 D_max=0.678695 Sc=0.722222 D_a=1.000000 CI=0.777599
case=1654 GED=0.754777 D_max=0.217195 Sc=1.000000 D_a=0.588814 CI=0.410819
case=1655 GED=0.615796 D_max=0.356549 Sc=0.987013 D_a=0.698103 CI=0.571399
case=1656 GED=0.461703 D_max=0.556192 Sc=0.939024 D_a=0.883459 CI=0.750978
case=1657 GED=0.590093 D_max=0.367894 Sc=0.989011 D_a=0.677310 CI=0.576290
case=1658 GED=0.587557 D_max=0.407798 Sc=0.970297 D_a=0.645883 CI=0.596294
case=1659 GED=0.423574 D_max=0.599652 Sc=1.000000 D_a=0.961832 CI=0.809211
case=166 GED=1.078202 D_max=0.176772 Sc=1.000000 D_a=0.552113 CI=0.354265
[batch 92/293] done in 107.93s evaluated=736/2340
[batch 93/293] start batch_cases=8 evaluated=736/2340 cases=1660..1667
[batch 93/293] ensemble 1/4 done in 26.82s
[batch 93/293] ensemble 2/4 done in 26.80s
[batch 93/293] ensemble 3/4 done in 26.83s
[batch 93/293] ensemble 4/4 done in 26.81s
case=1660 GED=0.646707 D_max=0.381387 Sc=1.000000 D_a=0.628816 CI=0.575562
case=1661 GED=0.452702 D_max=0.588915 Sc=0.987342 D_a=0.946697 CI=0.796355
case=1662 GED=0.282489 D_max=0.680838 Sc=0.909091 D_a=1.000000 CI=0.840624
case=1663 GED=0.397909 D_max=0.767526 Sc=0.904255 D_a=0.828520 CI=0.829705
[running mean @ 740 cases] GED=0.598806 D_max=0.533880 Sc=0.869904 D_a=0.785478 CI=0.623123
case=1664 GED=0.342724 D_max=0.801348 Sc=0.969697 D_a=0.849112 CI=0.867843
case=1665 GED=0.186629 D_max=0.732019 Sc=0.867257 D_a=1.000000 CI=0.852479
case=1666 GED=0.255644 D_max=0.648387 Sc=0.827586 D_a=1.000000 CI=0.799867
case=1667 GED=0.335799 D_max=0.775297 Sc=0.906542 D_a=0.686813 CI=0.779439
[batch 93/293] done in 107.39s evaluated=744/2340
[batch 94/293] start batch_cases=8 evaluated=744/2340 cases=1668..1674
[batch 94/293] ensemble 1/4 done in 26.83s
[batch 94/293] ensemble 2/4 done in 26.79s
[batch 94/293] ensemble 3/4 done in 26.80s
[batch 94/293] ensemble 4/4 done in 26.80s
case=1668 GED=0.698346 D_max=0.246159 Sc=1.000000 D_a=0.710705 CI=0.463716
case=1669 GED=0.516719 D_max=0.354402 Sc=0.912879 D_a=0.737268 CI=0.568888
case=167 GED=1.028602 D_max=0.185834 Sc=0.994475 D_a=0.608575 CI=0.373605
case=1670 GED=0.239786 D_max=0.865026 Sc=0.813953 D_a=0.810185 CI=0.828983
case=1671 GED=0.252821 D_max=0.871882 Sc=0.880866 D_a=0.873253 CI=0.875316
case=1672 GED=0.463028 D_max=0.500000 Sc=0.000000 D_a=0.500000 CI=0.000000
case=1673 GED=0.087766 D_max=0.864754 Sc=0.409357 D_a=1.000000 CI=0.652280
case=1674 GED=0.961131 D_max=0.116667 Sc=0.941176 D_a=0.715055 CI=0.271926
[batch 94/293] done in 107.79s evaluated=752/2340
[batch 95/293] start batch_cases=8 evaluated=752/2340 cases=1675..1681
[batch 95/293] ensemble 1/4 done in 26.82s
[batch 95/293] ensemble 2/4 done in 26.84s
[batch 95/293] ensemble 3/4 done in 26.81s
[batch 95/293] ensemble 4/4 done in 26.82s
case=1675 GED=0.701947 D_max=0.340862 Sc=0.984848 D_a=0.682576 CI=0.554102
case=1676 GED=0.722074 D_max=0.291901 Sc=1.000000 D_a=0.642351 CI=0.501454
case=1677 GED=0.612239 D_max=0.782110 Sc=1.000000 D_a=0.792418 CI=0.847325
case=1678 GED=1.117481 D_max=0.061539 Sc=1.000000 D_a=0.622520 CI=0.159098
case=1679 GED=0.270726 D_max=0.793478 Sc=1.000000 D_a=1.000000 CI=0.920168
case=168 GED=1.090964 D_max=0.180685 Sc=1.000000 D_a=0.524982 CI=0.355479
case=1680 GED=0.259829 D_max=0.815990 Sc=0.376812 D_a=1.000000 CI=0.614836
case=1681 GED=0.226036 D_max=0.864833 Sc=0.625000 D_a=1.000000 CI=0.798660
[running mean @ 760 cases] GED=0.596693 D_max=0.534427 Sc=0.868736 D_a=0.785539 CI=0.622627
[batch 95/293] done in 107.40s evaluated=760/2340
[batch 96/293] start batch_cases=8 evaluated=760/2340 cases=1682..1689
[batch 96/293] ensemble 1/4 done in 26.81s
[batch 96/293] ensemble 2/4 done in 26.82s
[batch 96/293] ensemble 3/4 done in 26.81s
[batch 96/293] ensemble 4/4 done in 26.82s
case=1682 GED=0.389072 D_max=0.737618 Sc=0.960961 D_a=0.779692 CI=0.815462
case=1683 GED=0.446448 D_max=0.726961 Sc=0.982456 D_a=0.437073 CI=0.640835
case=1684 GED=0.349903 D_max=0.839865 Sc=1.000000 D_a=0.721415 CI=0.838731
case=1685 GED=0.352436 D_max=0.761575 Sc=0.876068 D_a=0.872987 CI=0.833328
case=1686 GED=0.528362 D_max=0.600560 Sc=0.811688 D_a=0.630030 CI=0.668995
case=1687 GED=0.610268 D_max=0.439511 Sc=0.936170 D_a=0.640171 CI=0.611556
case=1688 GED=0.672969 D_max=0.236527 Sc=1.000000 D_a=0.916263 CI=0.474741
case=1689 GED=0.706863 D_max=0.502564 Sc=0.961538 D_a=0.679284 CI=0.666380
[batch 96/293] done in 107.77s evaluated=768/2340
[batch 97/293] start batch_cases=8 evaluated=768/2340 cases=169..1696
[batch 97/293] ensemble 1/4 done in 26.82s
[batch 97/293] ensemble 2/4 done in 26.81s
[batch 97/293] ensemble 3/4 done in 26.82s
[batch 97/293] ensemble 4/4 done in 26.80s
case=169 GED=1.098273 D_max=0.184497 Sc=0.996593 D_a=0.532613 CI=0.361398
case=1690 GED=0.745643 D_max=0.656076 Sc=0.953052 D_a=0.585449 CI=0.700678
case=1691 GED=0.458433 D_max=0.687046 Sc=0.954704 D_a=0.721956 CI=0.771589
case=1692 GED=0.440941 D_max=0.730615 Sc=0.984663 D_a=0.847396 CI=0.841663
case=1693 GED=0.358785 D_max=0.805829 Sc=0.973422 D_a=0.801727 CI=0.853347
case=1694 GED=0.496612 D_max=0.744044 Sc=0.972393 D_a=0.463770 CI=0.662451
case=1695 GED=0.440678 D_max=0.747700 Sc=0.997110 D_a=0.795018 CI=0.833758
case=1696 GED=0.411124 D_max=0.756823 Sc=0.970930 D_a=0.803044 CI=0.834141
[batch 97/293] done in 107.37s evaluated=776/2340
[batch 98/293] start batch_cases=8 evaluated=776/2340 cases=1697..1702
[batch 98/293] ensemble 1/4 done in 26.81s
[batch 98/293] ensemble 2/4 done in 26.79s
[batch 98/293] ensemble 3/4 done in 26.82s
[batch 98/293] ensemble 4/4 done in 26.80s
case=1697 GED=0.526161 D_max=0.250002 Sc=0.000000 D_a=0.640000 CI=0.000000
case=1698 GED=1.229631 D_max=0.061585 Sc=0.326316 D_a=0.802083 CI=0.145993
case=1699 GED=1.124798 D_max=0.000000 Sc=0.000000 D_a=0.732761 CI=0.000000
case=17 GED=0.475017 D_max=0.888000 Sc=0.806818 D_a=0.699115 CI=0.790318
[running mean @ 780 cases] GED=0.596602 D_max=0.535285 Sc=0.867570 D_a=0.783476 CI=0.622489
case=170 GED=1.078961 D_max=0.189370 Sc=1.000000 D_a=0.542940 CI=0.369345
case=1700 GED=1.275578 D_max=0.359138 Sc=0.363057 D_a=0.606897 CI=0.417446
case=1701 GED=1.408171 D_max=0.000000 Sc=0.000000 D_a=0.645631 CI=0.000000
case=1702 GED=1.362858 D_max=0.000000 Sc=0.000000 D_a=0.666667 CI=0.000000
[batch 98/293] done in 107.35s evaluated=784/2340
[batch 99/293] start batch_cases=8 evaluated=784/2340 cases=1703..171
[batch 99/293] ensemble 1/4 done in 26.81s
[batch 99/293] ensemble 2/4 done in 26.82s
[batch 99/293] ensemble 3/4 done in 26.82s
[batch 99/293] ensemble 4/4 done in 26.83s
case=1703 GED=1.015358 D_max=0.000000 Sc=0.000000 D_a=0.324026 CI=0.000000
case=1704 GED=1.245457 D_max=0.000000 Sc=0.000000 D_a=0.841036 CI=0.000000
case=1705 GED=0.125000 D_max=0.750000 Sc=0.000000 D_a=1.000000 CI=0.000000
case=1706 GED=0.592845 D_max=0.199694 Sc=1.000000 D_a=0.786938 CI=0.412178
case=1707 GED=0.617408 D_max=0.378499 Sc=1.000000 D_a=0.664808 CI=0.582953
case=1708 GED=0.604710 D_max=0.402116 Sc=1.000000 D_a=0.693842 CI=0.608754
case=1709 GED=0.604357 D_max=0.390642 Sc=1.000000 D_a=0.595023 CI=0.572465
case=171 GED=1.055473 D_max=0.198780 Sc=1.000000 D_a=0.543965 CI=0.381240
[batch 99/293] done in 107.42s evaluated=792/2340
[batch 100/293] start batch_cases=8 evaluated=792/2340 cases=1710..1717
[batch 100/293] ensemble 1/4 done in 26.95s
[batch 100/293] ensemble 2/4 done in 26.83s
[batch 100/293] ensemble 3/4 done in 26.82s
[batch 100/293] ensemble 4/4 done in 26.83s
case=1710 GED=0.507007 D_max=0.562926 Sc=1.000000 D_a=0.874953 CI=0.765433
case=1711 GED=0.522404 D_max=0.587622 Sc=1.000000 D_a=0.831210 CI=0.768277
case=1712 GED=1.156067 D_max=0.056962 Sc=1.000000 D_a=0.534961 CI=0.146880
case=1713 GED=0.633251 D_max=0.785461 Sc=1.000000 D_a=0.829710 CI=0.862471
case=1714 GED=0.486966 D_max=0.677458 Sc=1.000000 D_a=0.807947 CI=0.807796
case=1715 GED=1.136068 D_max=0.073620 Sc=1.000000 D_a=0.599525 CI=0.184600
case=1716 GED=0.761310 D_max=0.344851 Sc=0.946429 D_a=0.691873 CI=0.555375
case=1717 GED=0.779820 D_max=0.543913 Sc=1.000000 D_a=0.828903 CI=0.741667
[running mean @ 800 cases] GED=0.602898 D_max=0.530029 Sc=0.863767 D_a=0.781278 CI=0.617148
[batch 100/293] done in 108.08s evaluated=800/2340
[batch 101/293] start batch_cases=8 evaluated=800/2340 cases=1718..1724
[batch 101/293] ensemble 1/4 done in 26.83s
[batch 101/293] ensemble 2/4 done in 26.82s
[batch 101/293] ensemble 3/4 done in 26.82s
[batch 101/293] ensemble 4/4 done in 26.82s
case=1718 GED=0.823785 D_max=0.311539 Sc=0.956522 D_a=0.662144 CI=0.520330
case=1719 GED=0.518332 D_max=0.605314 Sc=1.000000 D_a=0.876582 CI=0.790966
case=172 GED=1.028887 D_max=0.195477 Sc=0.998745 D_a=0.550348 CI=0.378120
case=1720 GED=0.480425 D_max=0.671660 Sc=1.000000 D_a=0.820513 CI=0.809149
case=1721 GED=0.826197 D_max=0.127079 Sc=1.000000 D_a=0.588994 CI=0.283904
case=1722 GED=0.399536 D_max=0.654946 Sc=1.000000 D_a=0.789179 CI=0.790726
case=1723 GED=0.428873 D_max=0.659088 Sc=1.000000 D_a=0.815789 CI=0.801484
case=1724 GED=1.073709 D_max=0.130268 Sc=1.000000 D_a=0.613510 CI=0.291080
[batch 101/293] done in 107.43s evaluated=808/2340
[batch 102/293] start batch_cases=8 evaluated=808/2340 cases=1725..1731
[batch 102/293] ensemble 1/4 done in 26.82s
[batch 102/293] ensemble 2/4 done in 26.81s
[batch 102/293] ensemble 3/4 done in 26.84s
[batch 102/293] ensemble 4/4 done in 26.83s
case=1725 GED=0.598317 D_max=0.896552 Sc=1.000000 D_a=0.906250 CI=0.932015
case=1726 GED=1.087693 D_max=0.159575 Sc=1.000000 D_a=0.555470 CI=0.330872
case=1727 GED=0.577445 D_max=0.835149 Sc=0.978495 D_a=0.815686 CI=0.870743
case=1728 GED=0.609522 D_max=0.810345 Sc=0.869565 D_a=0.847985 CI=0.841914
case=1729 GED=0.243498 D_max=0.815714 Sc=0.750000 D_a=1.000000 CI=0.842874
case=173 GED=1.038192 D_max=0.201613 Sc=0.994785 D_a=0.543214 CI=0.384313
case=1730 GED=0.457479 D_max=0.500000 Sc=0.000000 D_a=0.500000 CI=0.000000
case=1731 GED=0.224671 D_max=0.843220 Sc=0.433824 D_a=1.000000 CI=0.668000
[batch 102/293] done in 108.56s evaluated=816/2340
[batch 103/293] start batch_cases=8 evaluated=816/2340 cases=1732..1739
[batch 103/293] ensemble 1/4 done in 26.87s
[batch 103/293] ensemble 2/4 done in 26.82s
[batch 103/293] ensemble 3/4 done in 26.86s
[batch 103/293] ensemble 4/4 done in 26.83s
case=1732 GED=0.211589 D_max=0.870172 Sc=0.741573 D_a=1.000000 CI=0.857711
case=1733 GED=0.118976 D_max=0.772989 Sc=0.076190 D_a=1.000000 CI=0.194569
case=1734 GED=0.106831 D_max=0.813452 Sc=1.000000 D_a=1.000000 CI=0.928985
case=1735 GED=0.236858 D_max=0.854563 Sc=0.951613 D_a=1.000000 CI=0.931377
[running mean @ 820 cases] GED=0.601719 D_max=0.531405 Sc=0.863128 D_a=0.781595 CI=0.617278
case=1736 GED=0.346051 D_max=0.699078 Sc=0.979310 D_a=0.820635 CI=0.817405
case=1737 GED=0.292543 D_max=0.776284 Sc=0.811659 D_a=0.798305 CI=0.795147
case=1738 GED=0.288971 D_max=0.808702 Sc=0.910072 D_a=0.825936 CI=0.845997
case=1739 GED=0.284620 D_max=0.765492 Sc=0.766010 D_a=0.849001 CI=0.791626
[batch 103/293] done in 108.11s evaluated=824/2340
[batch 104/293] start batch_cases=8 evaluated=824/2340 cases=174..1746
[batch 104/293] ensemble 1/4 done in 26.81s
[batch 104/293] ensemble 2/4 done in 26.79s
[batch 104/293] ensemble 3/4 done in 26.80s
[batch 104/293] ensemble 4/4 done in 26.79s
case=174 GED=0.302656 D_max=0.569952 Sc=0.909091 D_a=1.000000 CI=0.778304
case=1740 GED=0.166647 D_max=0.761825 Sc=0.600000 D_a=1.000000 CI=0.753901
case=1741 GED=0.279428 D_max=0.851471 Sc=0.996198 D_a=0.825782 CI=0.885157
case=1742 GED=0.618181 D_max=0.342478 Sc=0.951049 D_a=0.528434 CI=0.511618
case=1743 GED=0.123106 D_max=0.757463 Sc=1.000000 D_a=0.999997 CI=0.903560
case=1744 GED=1.053286 D_max=0.089744 Sc=1.000000 D_a=0.641729 CI=0.218960
case=1745 GED=0.532154 D_max=0.880631 Sc=1.000000 D_a=0.750000 CI=0.864832
case=1746 GED=0.224231 D_max=0.871739 Sc=1.000000 D_a=1.000000 CI=0.953249
[batch 104/293] done in 107.32s evaluated=832/2340
[batch 105/293] start batch_cases=8 evaluated=832/2340 cases=1747..1753
[batch 105/293] ensemble 1/4 done in 26.82s
[batch 105/293] ensemble 2/4 done in 26.80s
[batch 105/293] ensemble 3/4 done in 26.82s
[batch 105/293] ensemble 4/4 done in 26.82s
case=1747 GED=0.305709 D_max=0.759934 Sc=1.000000 D_a=0.999998 CI=0.904730
case=1748 GED=0.304569 D_max=0.537240 Sc=1.000000 D_a=1.000000 CI=0.776927
case=1749 GED=0.698685 D_max=0.395515 Sc=1.000000 D_a=0.804928 CI=0.628839
case=175 GED=0.982610 D_max=0.347629 Sc=0.860000 D_a=0.621830 CI=0.531201
case=1750 GED=0.810211 D_max=0.456889 Sc=1.000000 D_a=0.841529 CI=0.685397
case=1751 GED=0.730816 D_max=0.540548 Sc=0.987500 D_a=0.888872 CI=0.752322
case=1752 GED=0.732270 D_max=0.543248 Sc=1.000000 D_a=0.824805 CI=0.740158
case=1753 GED=0.735011 D_max=0.532825 Sc=1.000000 D_a=0.533693 CI=0.631509
[running mean @ 840 cases] GED=0.599073 D_max=0.533381 Sc=0.864924 D_a=0.782694 CI=0.620165
[batch 105/293] done in 107.79s evaluated=840/2340
[batch 106/293] start batch_cases=8 evaluated=840/2340 cases=1754..1760
[batch 106/293] ensemble 1/4 done in 26.83s
[batch 106/293] ensemble 2/4 done in 26.83s
[batch 106/293] ensemble 3/4 done in 26.83s
[batch 106/293] ensemble 4/4 done in 26.81s
case=1754 GED=0.794236 D_max=0.455705 Sc=1.000000 D_a=0.503746 CI=0.579203
case=1755 GED=0.879109 D_max=0.335177 Sc=1.000000 D_a=0.534044 CI=0.512294
case=1756 GED=0.280931 D_max=0.536953 Sc=1.000000 D_a=1.000000 CI=0.776727
case=1757 GED=0.366622 D_max=0.668810 Sc=0.808511 D_a=0.602273 CI=0.682996
case=1758 GED=0.873732 D_max=0.283010 Sc=1.000000 D_a=0.590117 CI=0.481694
case=1759 GED=0.600265 D_max=0.492771 Sc=1.000000 D_a=0.939735 CI=0.732875
case=176 GED=0.766553 D_max=0.528362 Sc=0.986111 D_a=0.459636 CI=0.590277
case=1760 GED=0.536610 D_max=0.461464 Sc=0.956522 D_a=0.923560 CI=0.698448
[batch 106/293] done in 107.43s evaluated=848/2340
[batch 107/293] start batch_cases=8 evaluated=848/2340 cases=1761..1768
[batch 107/293] ensemble 1/4 done in 26.83s
[batch 107/293] ensemble 2/4 done in 26.82s
[batch 107/293] ensemble 3/4 done in 26.84s
[batch 107/293] ensemble 4/4 done in 26.83s
case=1761 GED=0.672923 D_max=0.362776 Sc=0.266667 D_a=0.900000 CI=0.393823
case=1762 GED=0.486670 D_max=0.383501 Sc=0.821429 D_a=0.817073 CI=0.594197
case=1763 GED=0.595290 D_max=0.452245 Sc=0.884615 D_a=0.947368 CI=0.682255
case=1764 GED=0.709923 D_max=0.426028 Sc=0.923077 D_a=0.922222 CI=0.664462
case=1765 GED=0.528267 D_max=0.452607 Sc=0.607143 D_a=0.910256 CI=0.605440
case=1766 GED=0.535033 D_max=0.390438 Sc=0.916667 D_a=0.928571 CI=0.634376
case=1767 GED=0.111020 D_max=0.800296 Sc=0.809524 D_a=1.000000 CI=0.860873
case=1768 GED=0.818141 D_max=0.224462 Sc=1.000000 D_a=0.543900 CI=0.411316
[batch 107/293] done in 107.88s evaluated=856/2340
[batch 108/293] start batch_cases=8 evaluated=856/2340 cases=1769..1775
[batch 108/293] ensemble 1/4 done in 26.82s
[batch 108/293] ensemble 2/4 done in 26.84s
[batch 108/293] ensemble 3/4 done in 26.81s
[batch 108/293] ensemble 4/4 done in 26.83s
case=1769 GED=0.755621 D_max=0.255332 Sc=1.000000 D_a=0.545214 CI=0.444404
case=177 GED=0.705102 D_max=0.594450 Sc=1.000000 D_a=0.807314 CI=0.765130
case=1770 GED=0.265458 D_max=0.618189 Sc=0.970588 D_a=1.000000 CI=0.822384
case=1771 GED=0.558293 D_max=0.814103 Sc=1.000000 D_a=0.762599 CI=0.847541
[running mean @ 860 cases] GED=0.598908 D_max=0.532066 Sc=0.865682 D_a=0.782675 CI=0.620604
case=1772 GED=0.304640 D_max=0.802288 Sc=1.000000 D_a=1.000000 CI=0.924090
case=1773 GED=0.822813 D_max=0.387338 Sc=0.973684 D_a=0.539690 CI=0.549283
case=1774 GED=0.891866 D_max=0.344290 Sc=0.907407 D_a=0.606311 CI=0.530421
case=1775 GED=0.343843 D_max=0.582026 Sc=1.000000 D_a=1.000000 CI=0.806856
[batch 108/293] done in 107.43s evaluated=864/2340
[batch 109/293] start batch_cases=8 evaluated=864/2340 cases=1776..1782
[batch 109/293] ensemble 1/4 done in 26.81s
[batch 109/293] ensemble 2/4 done in 26.83s
[batch 109/293] ensemble 3/4 done in 26.83s
[batch 109/293] ensemble 4/4 done in 26.82s
case=1776 GED=0.539062 D_max=0.662235 Sc=1.000000 D_a=0.859430 CI=0.816638
case=1777 GED=0.307511 D_max=0.615733 Sc=0.833333 D_a=1.000000 CI=0.784502
case=1778 GED=1.109343 D_max=0.082822 Sc=1.000000 D_a=0.595827 CI=0.203357
case=1779 GED=1.129022 D_max=0.111111 Sc=0.960784 D_a=0.670793 CI=0.260155
case=178 GED=0.684466 D_max=0.577672 Sc=1.000000 D_a=0.804865 CI=0.754996
case=1780 GED=0.259037 D_max=0.825301 Sc=1.000000 D_a=1.000000 CI=0.934091
case=1781 GED=0.902741 D_max=0.218954 Sc=1.000000 D_a=0.473356 CI=0.390638
case=1782 GED=0.895900 D_max=0.292089 Sc=1.000000 D_a=0.530723 CI=0.475599
[batch 109/293] done in 107.90s evaluated=872/2340
[batch 110/293] start batch_cases=8 evaluated=872/2340 cases=1783..179
[batch 110/293] ensemble 1/4 done in 26.84s
[batch 110/293] ensemble 2/4 done in 26.80s
[batch 110/293] ensemble 3/4 done in 26.80s
[batch 110/293] ensemble 4/4 done in 26.80s
case=1783 GED=0.701080 D_max=0.346196 Sc=1.000000 D_a=0.959430 CI=0.608417
case=1784 GED=0.124088 D_max=0.753623 Sc=0.999999 D_a=0.999995 CI=0.901733
case=1785 GED=0.548235 D_max=0.440288 Sc=0.928571 D_a=0.846692 CI=0.662364
case=1786 GED=0.697911 D_max=0.386379 Sc=0.533333 D_a=0.978261 CI=0.546911
case=1787 GED=0.607500 D_max=0.836634 Sc=1.000000 D_a=0.853333 CI=0.890964
case=1788 GED=0.611183 D_max=0.845745 Sc=1.000000 D_a=0.873041 CI=0.901493
case=1789 GED=0.559577 D_max=0.839844 Sc=1.000000 D_a=0.766187 CI=0.858157
case=179 GED=0.651033 D_max=0.574570 Sc=1.000000 D_a=0.816805 CI=0.756675
[running mean @ 880 cases] GED=0.599718 D_max=0.531934 Sc=0.867754 D_a=0.783268 CI=0.621905
[batch 110/293] done in 107.36s evaluated=880/2340
[batch 111/293] start batch_cases=8 evaluated=880/2340 cases=1790..1797
[batch 111/293] ensemble 1/4 done in 26.81s
[batch 111/293] ensemble 2/4 done in 26.82s
[batch 111/293] ensemble 3/4 done in 26.81s
[batch 111/293] ensemble 4/4 done in 26.82s
case=1790 GED=0.785742 D_max=0.425885 Sc=1.000000 D_a=0.564598 CI=0.586027
case=1791 GED=0.689870 D_max=0.541403 Sc=1.000000 D_a=0.855769 CI=0.747087
case=1792 GED=0.709496 D_max=0.446198 Sc=0.985915 D_a=0.598006 CI=0.608807
case=1793 GED=0.497860 D_max=0.614553 Sc=1.000000 D_a=0.800366 CI=0.773869
case=1794 GED=0.100000 D_max=0.833333 Sc=0.884211 D_a=1.000000 CI=0.900643
case=1795 GED=0.235161 D_max=0.835873 Sc=0.550388 D_a=1.000000 CI=0.747523
case=1796 GED=0.497487 D_max=0.535313 Sc=0.632287 D_a=0.858873 CI=0.650203
case=1797 GED=0.471187 D_max=0.559260 Sc=0.686567 D_a=0.867500 CI=0.682231
[batch 111/293] done in 107.38s evaluated=888/2340
[batch 112/293] start batch_cases=8 evaluated=888/2340 cases=1798..1803
[batch 112/293] ensemble 1/4 done in 26.81s
[batch 112/293] ensemble 2/4 done in 26.82s
[batch 112/293] ensemble 3/4 done in 26.80s
[batch 112/293] ensemble 4/4 done in 26.82s
case=1798 GED=0.666189 D_max=0.451650 Sc=0.254054 D_a=0.901316 CI=0.413237
case=1799 GED=0.368031 D_max=0.710193 Sc=0.897638 D_a=0.908377 CI=0.828050
case=18 GED=0.089202 D_max=0.861314 Sc=0.938462 D_a=1.000000 CI=0.929774
case=180 GED=0.908414 D_max=0.325653 Sc=0.957447 D_a=0.679498 CI=0.536973
case=1800 GED=0.500754 D_max=0.398088 Sc=0.829787 D_a=0.847422 CI=0.612597
case=1801 GED=0.380781 D_max=0.577018 Sc=0.711111 D_a=0.997341 CI=0.724294
case=1802 GED=0.079129 D_max=0.884228 Sc=0.493827 D_a=1.000000 CI=0.721860
case=1803 GED=0.125000 D_max=0.750000 Sc=0.000000 D_a=0.500000 CI=0.000000
[batch 112/293] done in 107.37s evaluated=896/2340
[batch 113/293] start batch_cases=8 evaluated=896/2340 cases=1804..1810
[batch 113/293] ensemble 1/4 done in 26.81s
[batch 113/293] ensemble 2/4 done in 26.81s
[batch 113/293] ensemble 3/4 done in 26.81s
[batch 113/293] ensemble 4/4 done in 26.80s
case=1804 GED=0.538083 D_max=0.873894 Sc=0.981132 D_a=0.805654 CI=0.881119
case=1805 GED=0.825914 D_max=0.180576 Sc=0.972318 D_a=0.802290 CI=0.383988
case=1806 GED=0.964011 D_max=0.190625 Sc=0.978378 D_a=0.603623 CI=0.378565
case=1807 GED=0.507193 D_max=0.943231 Sc=0.982188 D_a=0.887000 CI=0.935829
[running mean @ 900 cases] GED=0.597435 D_max=0.533378 Sc=0.865955 D_a=0.784170 CI=0.622577
case=1808 GED=0.441199 D_max=0.888060 Sc=0.978814 D_a=0.673669 CI=0.825968
case=1809 GED=0.246526 D_max=0.857143 Sc=0.987805 D_a=1.000000 CI=0.943689
case=181 GED=0.125000 D_max=0.750000 Sc=0.000000 D_a=0.500001 CI=0.000000
case=1810 GED=0.242374 D_max=0.835714 Sc=0.925926 D_a=1.000000 CI=0.915588
[batch 113/293] done in 107.90s evaluated=904/2340
[batch 114/293] start batch_cases=8 evaluated=904/2340 cases=1811..1818
[batch 114/293] ensemble 1/4 done in 26.83s
[batch 114/293] ensemble 2/4 done in 26.80s
[batch 114/293] ensemble 3/4 done in 26.81s
[batch 114/293] ensemble 4/4 done in 26.80s
case=1811 GED=0.290816 D_max=0.645349 Sc=1.000000 D_a=1.000000 CI=0.845178
case=1812 GED=0.463976 D_max=0.667524 Sc=1.000000 D_a=0.825424 CI=0.808718
case=1813 GED=0.866372 D_max=0.168739 Sc=0.972973 D_a=0.540230 CI=0.340709
case=1814 GED=0.531029 D_max=0.609684 Sc=0.925926 D_a=0.859430 CI=0.772448
case=1815 GED=0.524306 D_max=0.853448 Sc=1.000000 D_a=0.740157 CI=0.851600
case=1816 GED=0.272810 D_max=0.767606 Sc=1.000000 D_a=0.999999 CI=0.908333
case=1817 GED=0.120192 D_max=0.768519 Sc=1.000000 D_a=0.999999 CI=0.908759
case=1818 GED=0.302711 D_max=0.777972 Sc=1.000000 D_a=0.999999 CI=0.913132
[batch 114/293] done in 107.35s evaluated=912/2340
[batch 115/293] start batch_cases=8 evaluated=912/2340 cases=1819..1825
[batch 115/293] ensemble 1/4 done in 26.81s
[batch 115/293] ensemble 2/4 done in 26.80s
[batch 115/293] ensemble 3/4 done in 26.83s
[batch 115/293] ensemble 4/4 done in 26.80s
case=1819 GED=1.169870 D_max=0.040179 Sc=1.000000 D_a=0.615071 CI=0.109033
case=182 GED=0.483509 D_max=0.355411 Sc=0.850000 D_a=0.833333 CI=0.578022
case=1820 GED=0.276290 D_max=0.789855 Sc=1.000000 D_a=1.000000 CI=0.918539
case=1821 GED=0.549329 D_max=0.798781 Sc=1.000000 D_a=0.718883 CI=0.823507
case=1822 GED=1.022721 D_max=0.038961 Sc=1.000000 D_a=0.658041 CI=0.106435
case=1823 GED=0.125000 D_max=0.750000 Sc=0.000000 D_a=0.500001 CI=0.000000
case=1824 GED=1.069762 D_max=0.098039 Sc=1.000000 D_a=0.633853 CI=0.234785
case=1825 GED=0.241099 D_max=0.851399 Sc=0.973684 D_a=1.000000 CI=0.937042
[running mean @ 920 cases] GED=0.594626 D_max=0.535166 Sc=0.866277 D_a=0.784621 CI=0.622892
[batch 115/293] done in 108.41s evaluated=920/2340
[batch 116/293] start batch_cases=8 evaluated=920/2340 cases=1826..1832
[batch 116/293] ensemble 1/4 done in 26.85s
[batch 116/293] ensemble 2/4 done in 26.81s
[batch 116/293] ensemble 3/4 done in 26.80s
[batch 116/293] ensemble 4/4 done in 26.80s
case=1826 GED=0.591606 D_max=0.851562 Sc=0.976190 D_a=0.868243 CI=0.895401
case=1827 GED=1.066401 D_max=0.107143 Sc=1.000000 D_a=0.545236 CI=0.246561
case=1828 GED=0.547637 D_max=0.863772 Sc=0.931035 D_a=0.798450 CI=0.861026
case=1829 GED=1.059316 D_max=0.110811 Sc=1.000000 D_a=0.600181 CI=0.256618
case=183 GED=0.911606 D_max=0.328578 Sc=0.975000 D_a=0.488542 CI=0.490520
case=1830 GED=0.643853 D_max=0.827720 Sc=0.937500 D_a=0.916382 CI=0.891252
case=1831 GED=0.253433 D_max=0.833333 Sc=1.000000 D_a=1.000000 CI=0.937500
case=1832 GED=0.242043 D_max=0.853093 Sc=0.933333 D_a=1.000000 CI=0.924888
[batch 116/293] done in 107.93s evaluated=928/2340
[batch 117/293] start batch_cases=8 evaluated=928/2340 cases=1833..184
[batch 117/293] ensemble 1/4 done in 26.78s
[batch 117/293] ensemble 2/4 done in 26.80s
[batch 117/293] ensemble 3/4 done in 26.80s
[batch 117/293] ensemble 4/4 done in 26.81s
case=1833 GED=0.623043 D_max=0.807325 Sc=1.000000 D_a=0.812500 CI=0.864696
case=1834 GED=0.125000 D_max=0.750000 Sc=0.000000 D_a=0.500000 CI=0.000000
case=1835 GED=0.575260 D_max=0.369467 Sc=1.000000 D_a=0.979201 CI=0.634539
case=1836 GED=0.969723 D_max=0.326192 Sc=1.000000 D_a=0.869663 CI=0.575203
case=1837 GED=0.907413 D_max=0.374553 Sc=1.000000 D_a=0.756726 CI=0.601042
case=1838 GED=0.916249 D_max=0.341598 Sc=1.000000 D_a=0.858544 CI=0.589139
case=1839 GED=0.563552 D_max=0.351571 Sc=0.944444 D_a=0.949421 CI=0.605270
case=184 GED=0.945207 D_max=0.406497 Sc=0.881356 D_a=0.603804 CI=0.571339
[batch 117/293] done in 107.31s evaluated=936/2340
[batch 118/293] start batch_cases=8 evaluated=936/2340 cases=1840..1847
[batch 118/293] ensemble 1/4 done in 26.81s
[batch 118/293] ensemble 2/4 done in 26.80s
[batch 118/293] ensemble 3/4 done in 26.80s
[batch 118/293] ensemble 4/4 done in 26.80s
case=1840 GED=0.498893 D_max=0.845000 Sc=0.896552 D_a=0.653846 CI=0.783652
case=1841 GED=0.532436 D_max=0.805901 Sc=1.000000 D_a=0.715278 CI=0.824423
case=1842 GED=0.508407 D_max=0.817901 Sc=1.000000 D_a=0.666113 CI=0.805609
case=1843 GED=0.602537 D_max=0.778777 Sc=1.000000 D_a=0.779411 CI=0.841023
[running mean @ 940 cases] GED=0.595893 D_max=0.536281 Sc=0.867500 D_a=0.784269 CI=0.623681
case=1844 GED=0.764218 D_max=0.498565 Sc=0.987654 D_a=0.868034 CI=0.719375
case=1845 GED=0.528589 D_max=0.652347 Sc=0.985075 D_a=0.925581 CI=0.826793
case=1846 GED=0.377467 D_max=0.758991 Sc=0.993939 D_a=0.906638 CI=0.875500
case=1847 GED=0.312164 D_max=0.798388 Sc=0.936170 D_a=0.927711 CI=0.882709
[batch 118/293] done in 107.33s evaluated=944/2340
[batch 119/293] start batch_cases=8 evaluated=944/2340 cases=1848..1854
[batch 119/293] ensemble 1/4 done in 26.81s
[batch 119/293] ensemble 2/4 done in 26.80s
[batch 119/293] ensemble 3/4 done in 26.82s
[batch 119/293] ensemble 4/4 done in 26.82s
case=1848 GED=0.361312 D_max=0.770029 Sc=0.903846 D_a=0.575251 CI=0.724042
case=1849 GED=0.521463 D_max=0.709190 Sc=0.875000 D_a=0.849156 CI=0.804169
case=185 GED=0.942895 D_max=0.421142 Sc=1.000000 D_a=0.785439 CI=0.645485
case=1850 GED=0.537319 D_max=0.636064 Sc=0.988235 D_a=0.799722 CI=0.782369
case=1851 GED=0.591340 D_max=0.442382 Sc=0.833333 D_a=0.733885 CI=0.622006
case=1852 GED=0.321269 D_max=0.817474 Sc=1.000000 D_a=0.884401 CI=0.894457
case=1853 GED=0.584244 D_max=0.492964 Sc=1.000000 D_a=0.584056 CI=0.632817
case=1854 GED=0.304960 D_max=0.634907 Sc=0.960247 D_a=0.606220 CI=0.703236
[batch 119/293] done in 107.38s evaluated=952/2340
[batch 120/293] start batch_cases=8 evaluated=952/2340 cases=1855..1861
[batch 120/293] ensemble 1/4 done in 26.83s
[batch 120/293] ensemble 2/4 done in 26.82s
[batch 120/293] ensemble 3/4 done in 26.81s
[batch 120/293] ensemble 4/4 done in 26.82s
case=1855 GED=0.196702 D_max=0.878020 Sc=0.990556 D_a=0.952262 CI=0.937913
case=1856 GED=0.352641 D_max=0.611316 Sc=0.998693 D_a=0.539522 CI=0.668060
case=1857 GED=0.457567 D_max=0.561195 Sc=0.998043 D_a=0.561509 CI=0.657205
case=1858 GED=0.413778 D_max=0.554603 Sc=1.000000 D_a=0.613341 CI=0.676666
case=1859 GED=0.372746 D_max=0.597139 Sc=0.876119 D_a=0.563761 CI=0.653616
case=186 GED=0.911989 D_max=0.295044 Sc=0.952381 D_a=0.563181 CI=0.482707
case=1860 GED=0.346074 D_max=0.625650 Sc=0.995647 D_a=0.559766 CI=0.683501
case=1861 GED=0.365384 D_max=0.624723 Sc=0.998981 D_a=0.539061 CI=0.673128
[running mean @ 960 cases] GED=0.593441 D_max=0.538004 Sc=0.869504 D_a=0.782866 CI=0.625840
[batch 120/293] done in 107.86s evaluated=960/2340
[batch 121/293] start batch_cases=8 evaluated=960/2340 cases=1862..1869
[batch 121/293] ensemble 1/4 done in 26.81s
[batch 121/293] ensemble 2/4 done in 26.82s
[batch 121/293] ensemble 3/4 done in 26.81s
[batch 121/293] ensemble 4/4 done in 26.79s
case=1862 GED=0.310111 D_max=0.629477 Sc=0.997180 D_a=0.681131 CI=0.738990
case=1863 GED=0.333206 D_max=0.628368 Sc=1.000000 D_a=0.538397 CI=0.674341
case=1864 GED=0.336566 D_max=0.632873 Sc=0.996540 D_a=0.541579 CI=0.677198
case=1865 GED=0.300500 D_max=0.646072 Sc=0.987952 D_a=0.661096 CI=0.736621
case=1866 GED=0.505956 D_max=0.572118 Sc=0.674757 D_a=0.845615 CI=0.679890
case=1867 GED=0.393245 D_max=0.771213 Sc=0.991826 D_a=0.820086 CI=0.851237
case=1868 GED=0.410922 D_max=0.816681 Sc=0.987952 D_a=0.852115 CI=0.879710
case=1869 GED=0.338853 D_max=0.822713 Sc=0.944898 D_a=0.895519 CI=0.884831
[batch 121/293] done in 107.36s evaluated=968/2340
[batch 122/293] start batch_cases=8 evaluated=968/2340 cases=187..1876
[batch 122/293] ensemble 1/4 done in 26.77s
[batch 122/293] ensemble 2/4 done in 26.72s
[batch 122/293] ensemble 3/4 done in 26.72s
[batch 122/293] ensemble 4/4 done in 26.76s
case=187 GED=1.021497 D_max=0.135530 Sc=1.000000 D_a=0.687500 CI=0.305095
case=1870 GED=0.374141 D_max=0.697675 Sc=0.844186 D_a=0.933891 CI=0.813296
case=1871 GED=0.449674 D_max=0.576182 Sc=0.722513 D_a=0.876333 CI=0.704103
case=1872 GED=0.595232 D_max=0.487083 Sc=0.976744 D_a=0.881271 CI=0.712323
case=1873 GED=0.524783 D_max=0.540402 Sc=0.980000 D_a=1.000000 CI=0.775017
case=1874 GED=0.345395 D_max=0.605882 Sc=0.642857 D_a=1.000000 CI=0.713260
case=1875 GED=0.124999 D_max=0.750003 Sc=0.000000 D_a=0.500005 CI=0.000000
case=1876 GED=0.494200 D_max=0.423616 Sc=0.969697 D_a=0.824324 CI=0.651467
[batch 122/293] done in 107.09s evaluated=976/2340
[batch 123/293] start batch_cases=8 evaluated=976/2340 cases=1877..1883
[batch 123/293] ensemble 1/4 done in 26.75s
[batch 123/293] ensemble 2/4 done in 26.73s
[batch 123/293] ensemble 3/4 done in 26.74s
[batch 123/293] ensemble 4/4 done in 26.74s
case=1877 GED=0.883766 D_max=0.359186 Sc=0.842105 D_a=0.633641 CI=0.540565
case=1878 GED=0.729204 D_max=0.463542 Sc=0.916667 D_a=0.529904 CI=0.584186
case=1879 GED=0.651300 D_max=0.502734 Sc=0.987654 D_a=0.829573 CI=0.713087
case=188 GED=0.549264 D_max=0.305656 Sc=0.955102 D_a=0.771800 CI=0.534347
[running mean @ 980 cases] GED=0.591201 D_max=0.538623 Sc=0.869533 D_a=0.782505 CI=0.626506
case=1880 GED=0.757993 D_max=0.433230 Sc=1.000000 D_a=0.949272 CI=0.687808
case=1881 GED=0.764566 D_max=0.470705 Sc=1.000000 D_a=0.899900 CI=0.708264
case=1882 GED=0.688338 D_max=0.478258 Sc=1.000000 D_a=0.628970 CI=0.640913
case=1883 GED=0.586001 D_max=0.437024 Sc=0.975610 D_a=0.721789 CI=0.638481
[batch 123/293] done in 107.08s evaluated=984/2340
[batch 124/293] start batch_cases=8 evaluated=984/2340 cases=1884..1890
[batch 124/293] ensemble 1/4 done in 26.76s
[batch 124/293] ensemble 2/4 done in 26.79s
[batch 124/293] ensemble 3/4 done in 26.80s
[batch 124/293] ensemble 4/4 done in 26.81s
case=1884 GED=0.357267 D_max=0.456367 Sc=0.978261 D_a=0.745902 CI=0.658747
case=1885 GED=0.319381 D_max=0.521978 Sc=1.000000 D_a=0.999999 CI=0.766129
case=1886 GED=0.566867 D_max=0.594453 Sc=1.000000 D_a=0.821839 CI=0.769428
case=1887 GED=0.358525 D_max=0.574176 Sc=1.000000 D_a=1.000000 CI=0.801790
case=1888 GED=0.107790 D_max=0.810510 Sc=0.863636 D_a=1.000000 CI=0.884516
case=1889 GED=0.255697 D_max=0.808824 Sc=1.000000 D_a=1.000000 CI=0.926966
case=189 GED=0.443117 D_max=0.761264 Sc=0.993258 D_a=0.793735 CI=0.837928
case=1890 GED=0.267694 D_max=0.685087 Sc=0.442308 D_a=1.000000 CI=0.635521
[batch 124/293] done in 107.29s evaluated=992/2340
[batch 125/293] start batch_cases=8 evaluated=992/2340 cases=1891..1898
[batch 125/293] ensemble 1/4 done in 26.78s
[batch 125/293] ensemble 2/4 done in 26.81s
[batch 125/293] ensemble 3/4 done in 26.78s
[batch 125/293] ensemble 4/4 done in 26.81s
case=1891 GED=0.443701 D_max=0.619986 Sc=0.907216 D_a=0.899854 CI=0.784006
case=1892 GED=0.476112 D_max=0.617768 Sc=0.905660 D_a=0.934783 CI=0.791000
case=1893 GED=0.376703 D_max=0.712007 Sc=0.654676 D_a=0.908046 CI=0.743823
case=1894 GED=0.733094 D_max=0.404748 Sc=0.197802 D_a=0.942748 CI=0.349367
case=1895 GED=0.585908 D_max=0.441221 Sc=0.213115 D_a=0.817073 CI=0.366631
case=1896 GED=0.261345 D_max=0.824219 Sc=1.000000 D_a=1.000000 CI=0.933628
case=1897 GED=0.415983 D_max=0.500000 Sc=0.000000 D_a=0.500000 CI=0.000000
case=1898 GED=0.450821 D_max=0.600010 Sc=0.947368 D_a=0.902564 CI=0.783259
[running mean @ 1000 cases] GED=0.588594 D_max=0.539603 Sc=0.868222 D_a=0.784322 CI=0.627684
[batch 125/293] done in 107.83s evaluated=1000/2340
[batch 126/293] start batch_cases=8 evaluated=1000/2340 cases=1899..1904
[batch 126/293] ensemble 1/4 done in 26.80s
[batch 126/293] ensemble 2/4 done in 26.79s
[batch 126/293] ensemble 3/4 done in 26.80s
[batch 126/293] ensemble 4/4 done in 26.78s
case=1899 GED=0.280902 D_max=0.715636 Sc=0.621622 D_a=1.000000 CI=0.748866
case=19 GED=0.482368 D_max=0.919715 Sc=0.941176 D_a=0.802544 CI=0.883436
case=190 GED=0.379728 D_max=0.792425 Sc=0.990672 D_a=0.886027 CI=0.882353
case=1900 GED=1.011084 D_max=0.104129 Sc=0.441176 D_a=0.681818 CI=0.224941
case=1901 GED=0.704477 D_max=0.394664 Sc=0.935484 D_a=0.706269 CI=0.597769
case=1902 GED=1.002049 D_max=0.456389 Sc=0.750000 D_a=0.574671 CI=0.569847
case=1903 GED=1.175398 D_max=0.405258 Sc=0.670588 D_a=0.672264 CI=0.550833
case=1904 GED=1.335186 D_max=0.000000 Sc=0.000000 D_a=0.681818 CI=0.000000
[batch 126/293] done in 107.96s evaluated=1008/2340
[batch 127/293] start batch_cases=8 evaluated=1008/2340 cases=1905..1911
[batch 127/293] ensemble 1/4 done in 26.81s
[batch 127/293] ensemble 2/4 done in 26.78s
[batch 127/293] ensemble 3/4 done in 26.81s
[batch 127/293] ensemble 4/4 done in 26.79s
case=1905 GED=0.250001 D_max=0.750001 Sc=0.000000 D_a=0.999997 CI=0.000000
case=1906 GED=0.125000 D_max=0.750000 Sc=0.000000 D_a=0.500000 CI=0.000000
case=1907 GED=0.727743 D_max=0.190975 Sc=0.945455 D_a=0.546647 CI=0.369307
case=1908 GED=0.679752 D_max=0.203782 Sc=0.948276 D_a=0.565449 CI=0.388085
case=1909 GED=0.557745 D_max=0.841772 Sc=1.000000 D_a=0.785185 CI=0.866663
case=191 GED=0.376459 D_max=0.787361 Sc=0.965844 D_a=0.902837 CI=0.878979
case=1910 GED=0.424028 D_max=0.698346 Sc=0.923077 D_a=0.860544 CI=0.815807
case=1911 GED=0.814895 D_max=0.226031 Sc=0.985294 D_a=0.569373 CI=0.416932
[batch 127/293] done in 107.97s evaluated=1016/2340
[batch 128/293] start batch_cases=8 evaluated=1016/2340 cases=1912..1919
[batch 128/293] ensemble 1/4 done in 26.84s
[batch 128/293] ensemble 2/4 done in 26.80s
[batch 128/293] ensemble 3/4 done in 26.79s
[batch 128/293] ensemble 4/4 done in 26.82s
case=1912 GED=0.751192 D_max=0.234285 Sc=0.962500 D_a=0.576699 CI=0.426060
case=1913 GED=0.714907 D_max=0.263672 Sc=0.990099 D_a=0.567363 CI=0.456960
case=1914 GED=0.703987 D_max=0.268087 Sc=1.000000 D_a=0.533910 CI=0.454332
case=1915 GED=0.709190 D_max=0.250722 Sc=0.975610 D_a=0.530020 CI=0.434770
[running mean @ 1020 cases] GED=0.590000 D_max=0.538094 Sc=0.865950 D_a=0.782613 CI=0.625147
case=1916 GED=0.762803 D_max=0.238095 Sc=1.000000 D_a=0.591991 CI=0.435463
case=1917 GED=0.784603 D_max=0.211011 Sc=0.955882 D_a=0.586052 CI=0.400450
case=1918 GED=0.497370 D_max=0.560922 Sc=1.000000 D_a=0.846715 CI=0.756847
case=1919 GED=0.545401 D_max=0.408709 Sc=1.000000 D_a=0.851982 CI=0.649286
[batch 128/293] done in 107.97s evaluated=1024/2340
[batch 129/293] start batch_cases=8 evaluated=1024/2340 cases=192..1926
[batch 129/293] ensemble 1/4 done in 26.79s
[batch 129/293] ensemble 2/4 done in 26.82s
[batch 129/293] ensemble 3/4 done in 26.78s
[batch 129/293] ensemble 4/4 done in 26.81s
case=192 GED=0.448702 D_max=0.751520 Sc=0.948837 D_a=0.947830 CI=0.872195
case=1920 GED=0.866442 D_max=0.222098 Sc=0.970588 D_a=0.664440 CI=0.426267
case=1921 GED=0.581591 D_max=0.474797 Sc=1.000000 D_a=0.944001 CI=0.720205
case=1922 GED=0.569607 D_max=0.446515 Sc=1.000000 D_a=0.932097 CI=0.695666
case=1923 GED=0.634254 D_max=0.383796 Sc=0.950000 D_a=0.886035 CI=0.626723
case=1924 GED=0.752047 D_max=0.271853 Sc=0.984615 D_a=0.715817 CI=0.492523
case=1925 GED=0.730740 D_max=0.522694 Sc=0.972222 D_a=0.700481 CI=0.686604
case=1926 GED=0.384538 D_max=0.780116 Sc=0.987635 D_a=0.930788 CI=0.890541
[batch 129/293] done in 107.32s evaluated=1032/2340
[batch 130/293] start batch_cases=8 evaluated=1032/2340 cases=1927..1933
[batch 130/293] ensemble 1/4 done in 26.80s
[batch 130/293] ensemble 2/4 done in 26.79s
[batch 130/293] ensemble 3/4 done in 26.79s
[batch 130/293] ensemble 4/4 done in 26.79s
case=1927 GED=0.346175 D_max=0.807518 Sc=0.994169 D_a=0.918196 CI=0.900004
case=1928 GED=0.299754 D_max=0.823488 Sc=0.972000 D_a=0.898351 CI=0.893840
case=1929 GED=0.255456 D_max=0.825163 Sc=0.972840 D_a=0.954904 CI=0.912679
case=193 GED=0.343234 D_max=0.806275 Sc=0.965812 D_a=0.808543 CI=0.854102
case=1930 GED=0.324625 D_max=0.814271 Sc=0.989987 D_a=0.849872 CI=0.878515
case=1931 GED=0.308853 D_max=0.803100 Sc=0.981413 D_a=0.937304 CI=0.900629
case=1932 GED=0.318669 D_max=0.807486 Sc=0.983627 D_a=0.900931 CI=0.891525
case=1933 GED=0.309406 D_max=0.802748 Sc=0.975163 D_a=0.750006 CI=0.832290
[running mean @ 1040 cases] GED=0.588331 D_max=0.539056 Sc=0.868147 D_a=0.783540 CI=0.627275
[batch 130/293] done in 107.70s evaluated=1040/2340
[batch 131/293] start batch_cases=8 evaluated=1040/2340 cases=1934..1940
[batch 131/293] ensemble 1/4 done in 26.81s
[batch 131/293] ensemble 2/4 done in 26.80s
[batch 131/293] ensemble 3/4 done in 26.81s
[batch 131/293] ensemble 4/4 done in 26.79s
case=1934 GED=0.340732 D_max=0.785792 Sc=0.972337 D_a=0.922351 CI=0.886201
case=1935 GED=0.289951 D_max=0.805093 Sc=0.989971 D_a=0.873784 CI=0.883218
case=1936 GED=0.578838 D_max=0.639184 Sc=0.969543 D_a=0.889956 CI=0.806547
case=1937 GED=0.287176 D_max=0.785042 Sc=0.940092 D_a=0.912899 CI=0.873883
case=1938 GED=0.401607 D_max=0.761840 Sc=0.836431 D_a=0.592144 CI=0.714805
case=1939 GED=0.420395 D_max=0.738875 Sc=0.975556 D_a=0.564481 CI=0.722890
case=194 GED=0.668367 D_max=0.545867 Sc=0.781395 D_a=0.998801 CI=0.729410
case=1940 GED=0.377634 D_max=0.561657 Sc=0.990172 D_a=0.614942 CI=0.679264
[batch 131/293] done in 107.34s evaluated=1048/2340
[batch 132/293] start batch_cases=8 evaluated=1048/2340 cases=1941..1948
[batch 132/293] ensemble 1/4 done in 26.80s
[batch 132/293] ensemble 2/4 done in 26.79s
[batch 132/293] ensemble 3/4 done in 26.81s
[batch 132/293] ensemble 4/4 done in 26.81s
case=1941 GED=0.396092 D_max=0.515017 Sc=0.989130 D_a=0.751114 CI=0.700276
case=1942 GED=0.258294 D_max=0.806543 Sc=0.921212 D_a=0.920771 CI=0.879396
case=1943 GED=0.296937 D_max=0.712229 Sc=0.950000 D_a=0.832029 CI=0.819996
case=1944 GED=0.461659 D_max=0.906510 Sc=0.937931 D_a=0.760000 CI=0.860808
case=1945 GED=1.038438 D_max=0.114035 Sc=0.942029 D_a=0.578883 CI=0.259555
case=1946 GED=0.428377 D_max=0.740416 Sc=0.958333 D_a=0.813614 CI=0.828008
case=1947 GED=0.417676 D_max=0.691795 Sc=0.941989 D_a=0.832039 CI=0.808851
case=1948 GED=0.400186 D_max=0.744283 Sc=0.954545 D_a=0.937636 CI=0.867627
[batch 132/293] done in 107.73s evaluated=1056/2340
[batch 133/293] start batch_cases=8 evaluated=1056/2340 cases=1949..1955
[batch 133/293] ensemble 1/4 done in 26.84s
[batch 133/293] ensemble 2/4 done in 26.81s
[batch 133/293] ensemble 3/4 done in 26.79s
[batch 133/293] ensemble 4/4 done in 26.81s
case=1949 GED=0.476740 D_max=0.698934 Sc=0.988789 D_a=0.914547 CI=0.848530
case=195 GED=0.451755 D_max=0.736085 Sc=0.972860 D_a=0.468122 CI=0.663331
case=1950 GED=0.393842 D_max=0.765607 Sc=0.987179 D_a=0.954600 CI=0.891080
case=1951 GED=0.361663 D_max=0.783099 Sc=0.984301 D_a=0.925120 CI=0.889187
[running mean @ 1060 cases] GED=0.585481 D_max=0.541940 Sc=0.869677 D_a=0.783905 CI=0.630169
case=1952 GED=0.327967 D_max=0.800756 Sc=0.982343 D_a=0.931400 CI=0.898083
case=1953 GED=0.624399 D_max=0.804545 Sc=0.947368 D_a=0.810104 CI=0.849160
case=1954 GED=0.125000 D_max=0.750000 Sc=0.000000 D_a=0.500000 CI=0.000000
case=1955 GED=0.218829 D_max=0.842975 Sc=0.960784 D_a=1.000000 CI=0.929630
[batch 133/293] done in 107.38s evaluated=1064/2340
[batch 134/293] start batch_cases=8 evaluated=1064/2340 cases=1956..1962
[batch 134/293] ensemble 1/4 done in 26.81s
[batch 134/293] ensemble 2/4 done in 26.82s
[batch 134/293] ensemble 3/4 done in 26.80s
[batch 134/293] ensemble 4/4 done in 26.81s
case=1956 GED=0.125000 D_max=0.750000 Sc=0.000000 D_a=1.000000 CI=0.000000
case=1957 GED=0.508999 D_max=0.862745 Sc=1.000000 D_a=0.766393 CI=0.866075
case=1958 GED=0.567344 D_max=0.575000 Sc=0.983333 D_a=0.866460 CI=0.767224
case=1959 GED=0.701970 D_max=0.379353 Sc=0.964706 D_a=0.524433 CI=0.537685
case=196 GED=0.426512 D_max=0.751731 Sc=0.989293 D_a=0.891945 CI=0.866494
case=1960 GED=0.607744 D_max=0.432475 Sc=0.966667 D_a=0.554643 CI=0.582556
case=1961 GED=1.009333 D_max=0.105263 Sc=0.920000 D_a=0.725312 CI=0.250717
case=1962 GED=0.125000 D_max=0.750000 Sc=0.000000 D_a=0.500000 CI=0.000000
[batch 134/293] done in 107.37s evaluated=1072/2340
[batch 135/293] start batch_cases=8 evaluated=1072/2340 cases=1963..197
[batch 135/293] ensemble 1/4 done in 26.82s
[batch 135/293] ensemble 2/4 done in 26.80s
[batch 135/293] ensemble 3/4 done in 26.81s
[batch 135/293] ensemble 4/4 done in 26.79s
case=1963 GED=0.914645 D_max=0.116162 Sc=1.000000 D_a=0.774314 CI=0.275226
case=1964 GED=0.263793 D_max=0.791139 Sc=1.000000 D_a=1.000000 CI=0.919118
case=1965 GED=0.618174 D_max=0.814815 Sc=1.000000 D_a=0.827759 CI=0.873272
case=1966 GED=0.549040 D_max=0.827670 Sc=0.933333 D_a=0.803136 CI=0.851122
case=1967 GED=0.576911 D_max=0.838068 Sc=0.972973 D_a=0.807692 CI=0.867279
case=1968 GED=0.542151 D_max=0.513629 Sc=1.000000 D_a=1.000000 CI=0.760085
case=1969 GED=0.786987 D_max=0.304893 Sc=1.000000 D_a=0.598597 CI=0.504167
case=197 GED=0.426398 D_max=0.765997 Sc=0.995134 D_a=0.828574 CI=0.852934
[running mean @ 1080 cases] GED=0.583941 D_max=0.543734 Sc=0.868957 D_a=0.783935 CI=0.630028
[batch 135/293] done in 107.80s evaluated=1080/2340
[batch 136/293] start batch_cases=8 evaluated=1080/2340 cases=1970..1977
[batch 136/293] ensemble 1/4 done in 26.81s
[batch 136/293] ensemble 2/4 done in 26.80s
[batch 136/293] ensemble 3/4 done in 26.88s
[batch 136/293] ensemble 4/4 done in 26.80s
case=1970 GED=0.366296 D_max=0.623529 Sc=1.000000 D_a=1.000000 CI=0.832461
case=1971 GED=0.406778 D_max=0.586174 Sc=0.847059 D_a=0.758064 CI=0.713321
case=1972 GED=0.596207 D_max=0.353410 Sc=1.000000 D_a=0.649985 CI=0.558860
case=1973 GED=0.462343 D_max=0.620138 Sc=1.000000 D_a=0.836000 CI=0.787667
case=1974 GED=0.661745 D_max=0.367144 Sc=1.000000 D_a=0.572964 CI=0.548542
case=1975 GED=0.474312 D_max=0.577774 Sc=0.959184 D_a=0.782776 CI=0.740588
case=1976 GED=0.798763 D_max=0.177905 Sc=0.863248 D_a=0.617509 CI=0.357194
case=1977 GED=0.689686 D_max=0.517163 Sc=0.674074 D_a=0.581009 CI=0.583852
[batch 136/293] done in 107.75s evaluated=1088/2340
[batch 137/293] start batch_cases=8 evaluated=1088/2340 cases=1978..1984
[batch 137/293] ensemble 1/4 done in 26.90s
[batch 137/293] ensemble 2/4 done in 26.83s
[batch 137/293] ensemble 3/4 done in 26.81s
[batch 137/293] ensemble 4/4 done in 26.81s
case=1978 GED=0.500150 D_max=0.701995 Sc=0.993562 D_a=0.889579 CI=0.843854
case=1979 GED=0.489479 D_max=0.715937 Sc=0.986607 D_a=0.926042 CI=0.859547
case=198 GED=0.525884 D_max=0.697148 Sc=0.997041 D_a=0.893036 CI=0.843370
case=1980 GED=0.476627 D_max=0.735104 Sc=0.980349 D_a=0.918155 CI=0.864669
case=1981 GED=0.409950 D_max=0.760593 Sc=0.989583 D_a=0.886742 CI=0.868806
case=1982 GED=0.476747 D_max=0.711747 Sc=0.984783 D_a=0.939758 CI=0.860943
case=1983 GED=0.450440 D_max=0.739092 Sc=0.941748 D_a=0.878661 CI=0.844365
case=1984 GED=0.419160 D_max=0.794444 Sc=0.988406 D_a=0.841796 CI=0.867451
[batch 137/293] done in 108.01s evaluated=1096/2340
[batch 138/293] start batch_cases=8 evaluated=1096/2340 cases=1985..1991
[batch 138/293] ensemble 1/4 done in 26.81s
[batch 138/293] ensemble 2/4 done in 26.81s
[batch 138/293] ensemble 3/4 done in 26.79s
[batch 138/293] ensemble 4/4 done in 26.81s
case=1985 GED=0.490590 D_max=0.708251 Sc=0.993127 D_a=0.836962 CI=0.830186
case=1986 GED=0.371045 D_max=0.756423 Sc=0.938628 D_a=0.578972 CI=0.729112
case=1987 GED=0.393181 D_max=0.731374 Sc=0.913514 D_a=0.872252 CI=0.831388
case=1988 GED=0.487489 D_max=0.661412 Sc=0.984293 D_a=0.833904 CI=0.804926
[running mean @ 1100 cases] GED=0.582367 D_max=0.545245 Sc=0.870462 D_a=0.784313 CI=0.632365
case=1989 GED=0.544313 D_max=0.596343 Sc=0.979021 D_a=0.888585 CI=0.784580
case=199 GED=0.516486 D_max=0.499141 Sc=0.989011 D_a=0.860000 CI=0.718160
case=1990 GED=0.328669 D_max=0.758297 Sc=0.974910 D_a=0.931966 CI=0.877840
case=1991 GED=0.288420 D_max=0.809614 Sc=0.982143 D_a=0.948729 CI=0.907062
[batch 138/293] done in 107.34s evaluated=1104/2340
[batch 139/293] start batch_cases=8 evaluated=1104/2340 cases=1992..1999
[batch 139/293] ensemble 1/4 done in 26.81s
[batch 139/293] ensemble 2/4 done in 26.80s
[batch 139/293] ensemble 3/4 done in 26.81s
[batch 139/293] ensemble 4/4 done in 26.79s
case=1992 GED=0.284502 D_max=0.844411 Sc=0.977273 D_a=0.920745 CI=0.910860
case=1993 GED=0.396939 D_max=0.815555 Sc=1.000000 D_a=0.821305 CI=0.871148
case=1994 GED=0.519332 D_max=0.700518 Sc=0.991690 D_a=0.885254 CI=0.841394
case=1995 GED=0.483359 D_max=0.716606 Sc=0.990385 D_a=0.915912 CI=0.857882
case=1996 GED=0.491616 D_max=0.723953 Sc=0.992991 D_a=0.887243 CI=0.853376
case=1997 GED=0.425000 D_max=0.500000 Sc=0.000000 D_a=0.500000 CI=0.000000
case=1998 GED=0.634609 D_max=0.455900 Sc=0.536585 D_a=0.888060 CI=0.578799
case=1999 GED=0.942832 D_max=0.429410 Sc=0.909091 D_a=0.581424 CI=0.582673
[batch 139/293] done in 107.79s evaluated=1112/2340
[batch 140/293] start batch_cases=8 evaluated=1112/2340 cases=2..2004
[batch 140/293] ensemble 1/4 done in 26.86s
[batch 140/293] ensemble 2/4 done in 26.80s
[batch 140/293] ensemble 3/4 done in 26.84s
[batch 140/293] ensemble 4/4 done in 26.80s
case=2 GED=0.435195 D_max=0.679685 Sc=0.569948 D_a=0.846154 CI=0.680637
case=20 GED=1.006901 D_max=0.173228 Sc=1.000000 D_a=0.596004 CI=0.355006
case=200 GED=0.594116 D_max=0.825301 Sc=1.000000 D_a=0.801003 CI=0.867024
case=2000 GED=0.910149 D_max=0.356505 Sc=0.983607 D_a=0.624852 CI=0.553296
case=2001 GED=0.896156 D_max=0.341764 Sc=1.000000 D_a=0.853971 CI=0.588582
case=2002 GED=1.172453 D_max=0.289983 Sc=0.857143 D_a=0.636553 CI=0.484958
case=2003 GED=0.413786 D_max=0.398756 Sc=0.761905 D_a=0.811475 CI=0.593751
case=2004 GED=0.508539 D_max=0.657895 Sc=1.000000 D_a=0.793548 CI=0.793617
[running mean @ 1120 cases] GED=0.582497 D_max=0.545842 Sc=0.870539 D_a=0.784587 CI=0.633305
[batch 140/293] done in 107.42s evaluated=1120/2340
[batch 141/293] start batch_cases=8 evaluated=1120/2340 cases=2005..2011
[batch 141/293] ensemble 1/4 done in 26.85s
[batch 141/293] ensemble 2/4 done in 26.83s
[batch 141/293] ensemble 3/4 done in 26.80s
[batch 141/293] ensemble 4/4 done in 26.83s
case=2005 GED=0.566869 D_max=0.463917 Sc=1.000000 D_a=1.000000 CI=0.721925
case=2006 GED=0.558513 D_max=0.558867 Sc=0.950000 D_a=1.000000 CI=0.780850
case=2007 GED=1.052083 D_max=0.250000 Sc=0.000000 D_a=0.500000 CI=0.000000
case=2008 GED=0.718488 D_max=0.290492 Sc=0.953488 D_a=0.759602 CI=0.516556
case=2009 GED=0.506980 D_max=0.505810 Sc=0.901961 D_a=1.000000 CI=0.734264
case=201 GED=1.161463 D_max=0.031469 Sc=1.000000 D_a=0.582948 CI=0.086974
case=2010 GED=0.612360 D_max=0.416576 Sc=1.000000 D_a=0.893130 CI=0.663691
case=2011 GED=0.551612 D_max=0.376389 Sc=0.777778 D_a=1.000000 CI=0.606975
[batch 141/293] done in 108.11s evaluated=1128/2340
[batch 142/293] start batch_cases=8 evaluated=1128/2340 cases=2012..2019
[batch 142/293] ensemble 1/4 done in 26.79s
[batch 142/293] ensemble 2/4 done in 26.82s
[batch 142/293] ensemble 3/4 done in 26.78s
[batch 142/293] ensemble 4/4 done in 26.84s
case=2012 GED=0.118321 D_max=0.775362 Sc=0.777778 D_a=0.999999 CI=0.839059
case=2013 GED=0.247449 D_max=0.760000 Sc=0.687500 D_a=1.000000 CI=0.795685
case=2014 GED=0.114051 D_max=0.790268 Sc=0.631579 D_a=1.000000 CI=0.779479
case=2015 GED=0.241104 D_max=0.796296 Sc=1.000000 D_a=1.000000 CI=0.921429
case=2016 GED=1.061999 D_max=0.092857 Sc=1.000000 D_a=0.630155 CI=0.224616
case=2017 GED=0.901745 D_max=0.351357 Sc=1.000000 D_a=0.901172 CI=0.605354
case=2018 GED=0.725338 D_max=0.472038 Sc=0.989130 D_a=0.589034 CI=0.621483
case=2019 GED=0.620458 D_max=0.573736 Sc=0.991150 D_a=0.898652 CI=0.776263
[batch 142/293] done in 107.39s evaluated=1136/2340
[batch 143/293] start batch_cases=8 evaluated=1136/2340 cases=202..2026
[batch 143/293] ensemble 1/4 done in 26.82s
[batch 143/293] ensemble 2/4 done in 26.82s
[batch 143/293] ensemble 3/4 done in 26.84s
[batch 143/293] ensemble 4/4 done in 26.80s
case=202 GED=0.423332 D_max=0.625534 Sc=0.988095 D_a=0.960721 CI=0.821565
case=2020 GED=0.568463 D_max=0.584637 Sc=0.972973 D_a=0.936410 CI=0.788198
case=2021 GED=0.688370 D_max=0.479439 Sc=0.977778 D_a=0.905288 CI=0.712061
case=2022 GED=0.640889 D_max=0.306026 Sc=1.000000 D_a=0.825802 CI=0.547581
[running mean @ 1140 cases] GED=0.582874 D_max=0.544600 Sc=0.870705 D_a=0.786070 CI=0.633198
case=2023 GED=0.762118 D_max=0.169224 Sc=1.000000 D_a=0.661281 CI=0.356230
case=2024 GED=0.518641 D_max=0.617351 Sc=1.000000 D_a=0.877163 CI=0.797901
case=2025 GED=0.448513 D_max=0.669355 Sc=1.000000 D_a=0.789286 CI=0.797672
case=2026 GED=0.420237 D_max=0.624938 Sc=1.000000 D_a=0.778388 CI=0.772228
[batch 143/293] done in 108.65s evaluated=1144/2340
[batch 144/293] start batch_cases=8 evaluated=1144/2340 cases=2027..2033
[batch 144/293] ensemble 1/4 done in 26.85s
[batch 144/293] ensemble 2/4 done in 26.78s
[batch 144/293] ensemble 3/4 done in 26.83s
[batch 144/293] ensemble 4/4 done in 26.80s
case=2027 GED=0.553909 D_max=0.555607 Sc=0.916667 D_a=1.000000 CI=0.771061
case=2028 GED=0.509939 D_max=0.341866 Sc=0.941176 D_a=0.755814 CI=0.564898
case=2029 GED=0.433746 D_max=0.546371 Sc=0.972603 D_a=0.831761 CI=0.738790
case=203 GED=0.502414 D_max=0.671682 Sc=0.992481 D_a=0.897345 CI=0.830847
case=2030 GED=0.804181 D_max=0.294072 Sc=1.000000 D_a=0.551679 CI=0.482845
case=2031 GED=0.478296 D_max=0.440808 Sc=0.967742 D_a=0.605383 CI=0.605603
case=2032 GED=0.468167 D_max=0.463399 Sc=0.857143 D_a=1.000000 CI=0.693700
case=2033 GED=0.624543 D_max=0.793478 Sc=1.000000 D_a=0.814487 CI=0.860082
[batch 144/293] done in 108.00s evaluated=1152/2340
[batch 145/293] start batch_cases=8 evaluated=1152/2340 cases=2034..2040
[batch 145/293] ensemble 1/4 done in 26.82s
[batch 145/293] ensemble 2/4 done in 26.81s
[batch 145/293] ensemble 3/4 done in 26.81s
[batch 145/293] ensemble 4/4 done in 26.82s
case=2034 GED=0.257561 D_max=0.820866 Sc=1.000000 D_a=1.000000 CI=0.932191
case=2035 GED=1.124534 D_max=0.067742 Sc=1.000000 D_a=0.576022 CI=0.171449
case=2036 GED=0.576132 D_max=0.827381 Sc=1.000000 D_a=0.789286 CI=0.863160
case=2037 GED=1.155539 D_max=0.059603 Sc=1.000000 D_a=0.566441 CI=0.153506
case=2038 GED=0.254655 D_max=0.816964 Sc=1.000000 D_a=1.000000 CI=0.930508
case=2039 GED=0.240014 D_max=0.818182 Sc=1.000000 D_a=1.000000 CI=0.931034
case=204 GED=0.456731 D_max=0.767671 Sc=0.953923 D_a=0.562124 CI=0.726408
case=2040 GED=0.540698 D_max=0.417026 Sc=0.416667 D_a=0.907407 CI=0.508477
[running mean @ 1160 cases] GED=0.582420 D_max=0.544506 Sc=0.872088 D_a=0.786279 CI=0.633909
[batch 145/293] done in 108.73s evaluated=1160/2340
[batch 146/293] start batch_cases=8 evaluated=1160/2340 cases=2041..2048
[batch 146/293] ensemble 1/4 done in 26.81s
[batch 146/293] ensemble 2/4 done in 26.79s
[batch 146/293] ensemble 3/4 done in 26.80s
[batch 146/293] ensemble 4/4 done in 26.81s
case=2041 GED=0.596080 D_max=0.468182 Sc=0.794118 D_a=0.878866 CI=0.661812
case=2042 GED=0.243865 D_max=0.773392 Sc=1.000000 D_a=0.999999 CI=0.911022
case=2043 GED=0.453883 D_max=0.583997 Sc=0.956522 D_a=0.913333 CI=0.778678
case=2044 GED=0.465328 D_max=0.615293 Sc=0.959184 D_a=0.786201 CI=0.761473
case=2045 GED=0.682910 D_max=0.545155 Sc=0.803571 D_a=0.967532 CI=0.729511
case=2046 GED=0.632027 D_max=0.454384 Sc=0.839286 D_a=0.596393 CI=0.591831
case=2047 GED=0.484031 D_max=0.630093 Sc=0.980000 D_a=0.832894 CI=0.787793
case=2048 GED=0.415325 D_max=0.662405 Sc=0.978723 D_a=0.889610 CI=0.820686
[batch 146/293] done in 107.80s evaluated=1168/2340
[batch 147/293] start batch_cases=8 evaluated=1168/2340 cases=2049..2055
[batch 147/293] ensemble 1/4 done in 26.79s
[batch 147/293] ensemble 2/4 done in 26.81s
[batch 147/293] ensemble 3/4 done in 26.79s
[batch 147/293] ensemble 4/4 done in 26.81s
case=2049 GED=0.411923 D_max=0.613000 Sc=0.725000 D_a=0.885366 CI=0.724619
case=205 GED=0.321172 D_max=0.817366 Sc=0.990291 D_a=0.923107 CI=0.904556
case=2050 GED=0.520602 D_max=0.466432 Sc=0.875000 D_a=0.914634 CI=0.684912
case=2051 GED=0.108766 D_max=0.807471 Sc=0.666667 D_a=1.000000 CI=0.802475
case=2052 GED=0.558152 D_max=0.512792 Sc=0.940000 D_a=0.887929 CI=0.724611
case=2053 GED=0.110197 D_max=0.802941 Sc=0.450000 D_a=1.000000 CI=0.671495
case=2054 GED=0.736475 D_max=0.466214 Sc=1.000000 D_a=0.858142 CI=0.696016
case=2055 GED=0.671705 D_max=0.530349 Sc=1.000000 D_a=0.547740 CI=0.636776
[batch 147/293] done in 107.32s evaluated=1176/2340
[batch 148/293] start batch_cases=8 evaluated=1176/2340 cases=2056..2062
[batch 148/293] ensemble 1/4 done in 26.81s
[batch 148/293] ensemble 2/4 done in 26.81s
[batch 148/293] ensemble 3/4 done in 26.80s
[batch 148/293] ensemble 4/4 done in 26.81s
case=2056 GED=0.676183 D_max=0.582679 Sc=1.000000 D_a=0.851659 CI=0.771131
case=2057 GED=0.669293 D_max=0.547451 Sc=1.000000 D_a=0.839675 CI=0.746717
case=2058 GED=0.722397 D_max=0.487155 Sc=1.000000 D_a=0.499759 CI=0.593624
case=2059 GED=0.792106 D_max=0.483473 Sc=0.972973 D_a=0.858696 CI=0.704109
[running mean @ 1180 cases] GED=0.581254 D_max=0.545320 Sc=0.872502 D_a=0.787301 CI=0.635625
case=206 GED=0.338637 D_max=0.810656 Sc=0.975057 D_a=0.921117 CI=0.896918
case=2060 GED=0.780926 D_max=0.357985 Sc=0.962264 D_a=0.596065 CI=0.544435
case=2061 GED=0.411090 D_max=0.664249 Sc=0.973684 D_a=0.761649 CI=0.780147
case=2062 GED=0.849169 D_max=0.123698 Sc=0.950000 D_a=0.701171 CI=0.284010
[batch 148/293] done in 107.82s evaluated=1184/2340
[batch 149/293] start batch_cases=8 evaluated=1184/2340 cases=2063..207
[batch 149/293] ensemble 1/4 done in 26.80s
[batch 149/293] ensemble 2/4 done in 26.79s
[batch 149/293] ensemble 3/4 done in 26.81s
[batch 149/293] ensemble 4/4 done in 26.79s
case=2063 GED=0.767849 D_max=0.161800 Sc=1.000000 D_a=0.840619 CI=0.358420
case=2064 GED=0.538211 D_max=0.460743 Sc=0.864865 D_a=0.909836 CI=0.677850
case=2065 GED=0.510650 D_max=0.480564 Sc=0.902439 D_a=0.838026 CI=0.684576
case=2066 GED=0.502910 D_max=0.402573 Sc=1.000000 D_a=0.884615 CI=0.650131
case=2067 GED=0.526761 D_max=0.384191 Sc=1.000000 D_a=0.911905 CI=0.638369
case=2068 GED=0.252393 D_max=0.822581 Sc=0.950000 D_a=1.000000 CI=0.917903
case=2069 GED=1.112740 D_max=0.060185 Sc=1.000000 D_a=0.614477 CI=0.155903
case=207 GED=0.332522 D_max=0.818283 Sc=0.990358 D_a=0.887960 CI=0.893393
[batch 149/293] done in 107.30s evaluated=1192/2340
[batch 150/293] start batch_cases=8 evaluated=1192/2340 cases=2070..2077
[batch 150/293] ensemble 1/4 done in 26.81s
[batch 150/293] ensemble 2/4 done in 26.79s
[batch 150/293] ensemble 3/4 done in 26.80s
[batch 150/293] ensemble 4/4 done in 26.81s
case=2070 GED=0.592499 D_max=0.815476 Sc=1.000000 D_a=0.823024 CI=0.871761
case=2071 GED=0.259458 D_max=0.788961 Sc=0.875000 D_a=0.999999 CI=0.879676
case=2072 GED=0.119275 D_max=0.771898 Sc=1.000000 D_a=0.999999 CI=0.910330
case=2073 GED=0.594398 D_max=0.794304 Sc=1.000000 D_a=0.754716 CI=0.837062
case=2074 GED=0.257436 D_max=0.816265 Sc=1.000000 D_a=1.000000 CI=0.930206
case=2075 GED=0.243985 D_max=0.812500 Sc=1.000000 D_a=1.000000 CI=0.928571
case=2076 GED=0.116071 D_max=0.783333 Sc=0.833333 D_a=0.999999 CI=0.862913
case=2077 GED=0.502291 D_max=0.485417 Sc=0.945946 D_a=0.851449 CI=0.699024
[running mean @ 1200 cases] GED=0.579574 D_max=0.545911 Sc=0.873980 D_a=0.788593 CI=0.637033
[batch 150/293] done in 107.73s evaluated=1200/2340
[batch 151/293] start batch_cases=8 evaluated=1200/2340 cases=2078..2084
[batch 151/293] ensemble 1/4 done in 26.79s
[batch 151/293] ensemble 2/4 done in 26.80s
[batch 151/293] ensemble 3/4 done in 26.78s
[batch 151/293] ensemble 4/4 done in 26.80s
case=2078 GED=0.819702 D_max=0.502102 Sc=0.987013 D_a=0.819936 CI=0.710162
case=2079 GED=0.488243 D_max=0.603291 Sc=1.000000 D_a=0.813433 CI=0.771816
case=208 GED=0.554965 D_max=0.716004 Sc=0.939560 D_a=0.532624 CI=0.691489
case=2080 GED=0.396889 D_max=0.513964 Sc=0.047337 D_a=1.000000 CI=0.124633
case=2081 GED=0.670271 D_max=0.500000 Sc=0.000000 D_a=0.872401 CI=0.000000
case=2082 GED=0.322995 D_max=0.663996 Sc=0.426877 D_a=1.000000 CI=0.618732
case=2083 GED=0.332944 D_max=0.795481 Sc=0.702055 D_a=0.779468 CI=0.756732
case=2084 GED=0.783170 D_max=0.259292 Sc=0.584541 D_a=0.554431 CI=0.406997
[batch 151/293] done in 107.30s evaluated=1208/2340
[batch 152/293] start batch_cases=8 evaluated=1208/2340 cases=2085..2091
[batch 152/293] ensemble 1/4 done in 26.80s
[batch 152/293] ensemble 2/4 done in 26.80s
[batch 152/293] ensemble 3/4 done in 26.80s
[batch 152/293] ensemble 4/4 done in 26.80s
case=2085 GED=0.657631 D_max=0.318782 Sc=0.958763 D_a=0.627882 CI=0.519696
case=2086 GED=0.686425 D_max=0.297384 Sc=0.880577 D_a=0.620348 CI=0.490977
case=2087 GED=0.187990 D_max=0.778023 Sc=0.351213 D_a=1.000000 CI=0.584501
case=2088 GED=0.672874 D_max=0.291988 Sc=0.678670 D_a=0.681629 CI=0.471302
case=2089 GED=0.437671 D_max=0.495237 Sc=0.936170 D_a=0.828571 CI=0.698598
case=209 GED=0.429932 D_max=0.622005 Sc=0.964286 D_a=0.699780 CI=0.736420
case=2090 GED=0.839953 D_max=0.415239 Sc=0.962025 D_a=0.733862 CI=0.623652
case=2091 GED=0.762086 D_max=0.519661 Sc=1.000000 D_a=0.808877 CI=0.721047
[batch 152/293] done in 107.82s evaluated=1216/2340
[batch 153/293] start batch_cases=8 evaluated=1216/2340 cases=2092..2099
[batch 153/293] ensemble 1/4 done in 26.81s
[batch 153/293] ensemble 2/4 done in 26.79s
[batch 153/293] ensemble 3/4 done in 26.80s
[batch 153/293] ensemble 4/4 done in 26.80s
case=2092 GED=0.696472 D_max=0.584278 Sc=1.000000 D_a=0.446112 CI=0.605681
case=2093 GED=0.271360 D_max=0.715149 Sc=0.642857 D_a=1.000000 CI=0.758751
case=2094 GED=1.072377 D_max=0.109390 Sc=0.934783 D_a=0.590313 CI=0.251987
case=2095 GED=1.203861 D_max=0.000000 Sc=0.000000 D_a=0.715180 CI=0.000000
[running mean @ 1220 cases] GED=0.580145 D_max=0.544914 Sc=0.871125 D_a=0.788063 CI=0.635232
case=2096 GED=1.248054 D_max=0.000000 Sc=0.000000 D_a=0.655349 CI=0.000000
case=2097 GED=0.354478 D_max=0.500003 Sc=0.000000 D_a=1.000000 CI=0.000000
case=2098 GED=0.742423 D_max=0.183161 Sc=0.982456 D_a=0.712692 CI=0.380678
case=2099 GED=0.826203 D_max=0.397722 Sc=0.985714 D_a=0.893631 CI=0.645461
[batch 153/293] done in 107.32s evaluated=1224/2340
[batch 154/293] start batch_cases=8 evaluated=1224/2340 cases=21..2105
[batch 154/293] ensemble 1/4 done in 26.81s
[batch 154/293] ensemble 2/4 done in 26.79s
[batch 154/293] ensemble 3/4 done in 26.81s
[batch 154/293] ensemble 4/4 done in 26.80s
case=21 GED=0.489139 D_max=0.906658 Sc=0.840278 D_a=0.752101 CI=0.828125
case=210 GED=1.069937 D_max=0.304881 Sc=1.000000 D_a=0.842407 CI=0.548743
case=2100 GED=0.796423 D_max=0.477298 Sc=0.917808 D_a=0.530381 CI=0.591703
case=2101 GED=0.728338 D_max=0.406116 Sc=0.986111 D_a=0.945964 CI=0.661732
case=2102 GED=0.532155 D_max=0.853093 Sc=1.000000 D_a=0.835616 CI=0.890491
case=2103 GED=0.621997 D_max=0.822674 Sc=1.000000 D_a=0.858621 CI=0.887520
case=2104 GED=0.274078 D_max=0.808065 Sc=1.000000 D_a=1.000000 CI=0.926634
case=2105 GED=0.251456 D_max=0.801370 Sc=1.000000 D_a=1.000000 CI=0.923684
[batch 154/293] done in 107.74s evaluated=1232/2340
[batch 155/293] start batch_cases=8 evaluated=1232/2340 cases=2106..2112
[batch 155/293] ensemble 1/4 done in 26.83s
[batch 155/293] ensemble 2/4 done in 26.80s
[batch 155/293] ensemble 3/4 done in 26.79s
[batch 155/293] ensemble 4/4 done in 26.83s
case=2106 GED=0.100000 D_max=0.833333 Sc=0.962963 D_a=1.000000 CI=0.926366
case=2107 GED=0.258686 D_max=0.818750 Sc=0.960000 D_a=1.000000 CI=0.919388
case=2108 GED=0.118838 D_max=0.773490 Sc=0.875000 D_a=0.999999 CI=0.873185
case=2109 GED=0.274230 D_max=0.805556 Sc=1.000000 D_a=1.000000 CI=0.925532
case=211 GED=0.732628 D_max=0.272081 Sc=1.000000 D_a=0.740150 CI=0.497805
case=2110 GED=0.999406 D_max=0.093085 Sc=1.000000 D_a=0.715883 CI=0.228316
case=2111 GED=0.242878 D_max=0.816456 Sc=0.954545 D_a=1.000000 CI=0.916751
case=2112 GED=0.240421 D_max=0.835227 Sc=0.950000 D_a=1.000000 CI=0.923102
[running mean @ 1240 cases] GED=0.579579 D_max=0.545567 Sc=0.871119 D_a=0.789451 CI=0.635869
[batch 155/293] done in 108.08s evaluated=1240/2340
[batch 156/293] start batch_cases=8 evaluated=1240/2340 cases=2113..212
[batch 156/293] ensemble 1/4 done in 26.80s
[batch 156/293] ensemble 2/4 done in 26.82s
[batch 156/293] ensemble 3/4 done in 26.80s
[batch 156/293] ensemble 4/4 done in 26.82s
case=2113 GED=0.594054 D_max=0.829545 Sc=0.875000 D_a=0.862007 CI=0.855086
case=2114 GED=0.302167 D_max=0.785461 Sc=0.909091 D_a=1.000000 CI=0.889379
case=2115 GED=0.517011 D_max=0.468135 Sc=0.947368 D_a=0.854381 CI=0.687738
case=2116 GED=0.747933 D_max=0.243123 Sc=1.000000 D_a=0.646358 CI=0.450432
case=2117 GED=0.517601 D_max=0.539623 Sc=1.000000 D_a=0.896241 CI=0.755874
case=2118 GED=0.480844 D_max=0.504236 Sc=0.963636 D_a=0.968884 CI=0.740183
case=2119 GED=0.455071 D_max=0.479572 Sc=0.847458 D_a=0.809524 CI=0.666595
case=212 GED=0.553113 D_max=0.842593 Sc=1.000000 D_a=0.870370 CI=0.899348
[batch 156/293] done in 107.36s evaluated=1248/2340
[batch 157/293] start batch_cases=8 evaluated=1248/2340 cases=2120..2127
[batch 157/293] ensemble 1/4 done in 26.82s
[batch 157/293] ensemble 2/4 done in 26.81s
[batch 157/293] ensemble 3/4 done in 26.84s
[batch 157/293] ensemble 4/4 done in 26.78s
case=2120 GED=0.119526 D_max=0.770979 Sc=1.000000 D_a=0.999999 CI=0.909903
case=2121 GED=0.118056 D_max=0.776316 Sc=1.000000 D_a=0.999999 CI=0.912371
case=2122 GED=0.233044 D_max=0.625274 Sc=0.791667 D_a=1.000000 CI=0.776708
case=2123 GED=0.674680 D_max=0.359470 Sc=1.000000 D_a=0.910875 CI=0.614789
case=2124 GED=0.845102 D_max=0.321990 Sc=0.981132 D_a=0.682307 CI=0.536621
case=2125 GED=0.751040 D_max=0.383232 Sc=0.982143 D_a=0.626132 CI=0.574198
case=2126 GED=0.682052 D_max=0.354602 Sc=0.972222 D_a=0.740434 CI=0.577013
case=2127 GED=0.897426 D_max=0.239470 Sc=1.000000 D_a=0.732609 CI=0.458654
[batch 157/293] done in 107.98s evaluated=1256/2340
[batch 158/293] start batch_cases=8 evaluated=1256/2340 cases=2128..2134
[batch 158/293] ensemble 1/4 done in 26.84s
[batch 158/293] ensemble 2/4 done in 26.79s
[batch 158/293] ensemble 3/4 done in 26.83s
[batch 158/293] ensemble 4/4 done in 26.80s
case=2128 GED=0.578899 D_max=0.839109 Sc=0.923077 D_a=0.801075 CI=0.851451
case=2129 GED=0.413474 D_max=0.782274 Sc=1.000000 D_a=0.833973 CI=0.862713
case=213 GED=1.030376 D_max=0.085271 Sc=1.000000 D_a=0.628756 CI=0.209531
case=2130 GED=0.693119 D_max=0.307709 Sc=0.987179 D_a=0.550886 CI=0.493578
[running mean @ 1260 cases] GED=0.579272 D_max=0.545271 Sc=0.872514 D_a=0.789948 CI=0.636667
case=2131 GED=0.401716 D_max=0.758642 Sc=1.000000 D_a=0.817647 CI=0.847178
case=2132 GED=0.959849 D_max=0.173651 Sc=0.292373 D_a=0.812315 CI=0.288184
case=2133 GED=0.669230 D_max=0.485004 Sc=0.993464 D_a=0.626468 CI=0.643132
case=2134 GED=0.659202 D_max=0.492372 Sc=0.981928 D_a=0.892173 CI=0.719382
[batch 158/293] done in 108.01s evaluated=1264/2340
[batch 159/293] start batch_cases=8 evaluated=1264/2340 cases=2135..2141
[batch 159/293] ensemble 1/4 done in 26.85s
[batch 159/293] ensemble 2/4 done in 26.81s
[batch 159/293] ensemble 3/4 done in 26.81s
[batch 159/293] ensemble 4/4 done in 26.83s
case=2135 GED=0.804524 D_max=0.460366 Sc=1.000000 D_a=0.900951 CI=0.700587
case=2136 GED=0.759960 D_max=0.441076 Sc=0.978947 D_a=0.571198 CI=0.595309
case=2137 GED=1.006925 D_max=0.381612 Sc=1.000000 D_a=0.555285 CI=0.553369
case=2138 GED=0.945731 D_max=0.197691 Sc=1.000000 D_a=0.601097 CI=0.388499
case=2139 GED=0.239871 D_max=0.693828 Sc=0.393162 D_a=1.000000 CI=0.601835
case=214 GED=0.241186 D_max=0.821429 Sc=1.000000 D_a=1.000000 CI=0.932432
case=2140 GED=0.701184 D_max=0.481603 Sc=1.000000 D_a=0.547498 CI=0.611884
case=2141 GED=0.467101 D_max=0.750015 Sc=1.000000 D_a=0.842257 CI=0.852129
[batch 159/293] done in 108.87s evaluated=1272/2340
[batch 160/293] start batch_cases=8 evaluated=1272/2340 cases=2142..2149
[batch 160/293] ensemble 1/4 done in 26.86s
[batch 160/293] ensemble 2/4 done in 26.81s
[batch 160/293] ensemble 3/4 done in 26.81s
[batch 160/293] ensemble 4/4 done in 26.83s
case=2142 GED=0.412762 D_max=0.761484 Sc=0.995745 D_a=0.849537 CI=0.858465
case=2143 GED=0.404026 D_max=0.770295 Sc=0.991453 D_a=0.857142 CI=0.863684
case=2144 GED=0.461519 D_max=0.743461 Sc=0.995781 D_a=0.708620 CI=0.797768
case=2145 GED=0.419721 D_max=0.729521 Sc=0.995349 D_a=0.826951 CI=0.836891
case=2146 GED=0.447202 D_max=0.696134 Sc=0.985849 D_a=0.941526 CI=0.853980
case=2147 GED=0.434516 D_max=0.711039 Sc=0.984536 D_a=0.837873 CI=0.829738
case=2148 GED=0.428863 D_max=0.671726 Sc=0.978261 D_a=0.944324 CI=0.840364
case=2149 GED=0.353533 D_max=0.694324 Sc=0.873096 D_a=0.876426 CI=0.805024
[running mean @ 1280 cases] GED=0.578986 D_max=0.546060 Sc=0.873287 D_a=0.790112 CI=0.637984
[batch 160/293] done in 108.17s evaluated=1280/2340
[batch 161/293] start batch_cases=8 evaluated=1280/2340 cases=215..2156
[batch 161/293] ensemble 1/4 done in 26.84s
[batch 161/293] ensemble 2/4 done in 26.80s
[batch 161/293] ensemble 3/4 done in 26.80s
[batch 161/293] ensemble 4/4 done in 26.81s
case=215 GED=0.341675 D_max=0.588861 Sc=1.000000 D_a=1.000000 CI=0.811207
case=2150 GED=0.353461 D_max=0.678649 Sc=0.957447 D_a=0.947623 CI=0.839576
case=2151 GED=0.687511 D_max=0.596344 Sc=0.952880 D_a=0.552646 CI=0.661403
case=2152 GED=0.716861 D_max=0.546884 Sc=0.876238 D_a=0.628790 CI=0.657875
case=2153 GED=0.373913 D_max=0.593068 Sc=0.838384 D_a=0.918808 CI=0.756185
case=2154 GED=0.474082 D_max=0.544914 Sc=0.878049 D_a=0.995581 CI=0.754057
case=2155 GED=0.377069 D_max=0.606782 Sc=0.640000 D_a=0.987015 CI=0.710279
case=2156 GED=0.578047 D_max=0.373809 Sc=0.961538 D_a=0.808244 CI=0.605765
[batch 161/293] done in 108.53s evaluated=1288/2340
[batch 162/293] start batch_cases=8 evaluated=1288/2340 cases=2157..2163
[batch 162/293] ensemble 1/4 done in 26.83s
[batch 162/293] ensemble 2/4 done in 26.81s
[batch 162/293] ensemble 3/4 done in 26.80s
[batch 162/293] ensemble 4/4 done in 26.80s
case=2157 GED=0.441863 D_max=0.673031 Sc=0.939024 D_a=0.942177 CI=0.830536
case=2158 GED=0.430482 D_max=0.669114 Sc=0.987654 D_a=0.891821 CI=0.826830
case=2159 GED=0.333365 D_max=0.822840 Sc=0.985294 D_a=0.794416 CI=0.859842
case=216 GED=0.845387 D_max=0.163344 Sc=1.000000 D_a=0.604024 CI=0.341779
case=2160 GED=0.336966 D_max=0.760011 Sc=0.862745 D_a=0.675573 CI=0.758517
case=2161 GED=0.236399 D_max=0.799065 Sc=0.913043 D_a=1.000000 CI=0.896405
case=2162 GED=0.554584 D_max=0.682108 Sc=1.000000 D_a=0.859173 CI=0.826457
case=2163 GED=0.242550 D_max=0.778125 Sc=1.000000 D_a=0.999999 CI=0.913203
[batch 162/293] done in 107.91s evaluated=1296/2340
[batch 163/293] start batch_cases=8 evaluated=1296/2340 cases=2164..2170
[batch 163/293] ensemble 1/4 done in 26.79s
[batch 163/293] ensemble 2/4 done in 26.80s
[batch 163/293] ensemble 3/4 done in 26.78s
[batch 163/293] ensemble 4/4 done in 26.80s
case=2164 GED=0.551615 D_max=0.664651 Sc=0.995146 D_a=0.809915 CI=0.801256
case=2165 GED=0.873811 D_max=0.626791 Sc=0.958333 D_a=0.536007 CI=0.665992
case=2166 GED=0.510448 D_max=0.741771 Sc=1.000000 D_a=0.800245 CI=0.833856
case=2167 GED=0.429293 D_max=0.743270 Sc=0.975708 D_a=0.891225 CI=0.859020
[running mean @ 1300 cases] GED=0.577532 D_max=0.547393 Sc=0.874253 D_a=0.790759 CI=0.639869
case=2168 GED=0.535862 D_max=0.694859 Sc=1.000000 D_a=0.951777 CI=0.859646
case=2169 GED=0.441897 D_max=0.720511 Sc=0.976190 D_a=0.887997 CI=0.847835
case=217 GED=0.500126 D_max=0.687685 Sc=0.970588 D_a=0.813380 CI=0.807777
case=2170 GED=1.170681 D_max=0.045732 Sc=1.000000 D_a=0.551461 CI=0.121556
[batch 163/293] done in 107.31s evaluated=1304/2340
[batch 164/293] start batch_cases=8 evaluated=1304/2340 cases=2171..2178
[batch 164/293] ensemble 1/4 done in 26.81s
[batch 164/293] ensemble 2/4 done in 26.81s
[batch 164/293] ensemble 3/4 done in 26.83s
[batch 164/293] ensemble 4/4 done in 26.79s
case=2171 GED=0.588529 D_max=0.833333 Sc=1.000000 D_a=0.818644 CI=0.876800
case=2172 GED=1.139472 D_max=0.094059 Sc=1.000000 D_a=0.531955 CI=0.222034
case=2173 GED=1.133633 D_max=0.105392 Sc=1.000000 D_a=0.547319 CI=0.243596
case=2174 GED=0.589650 D_max=0.854369 Sc=0.979167 D_a=0.831169 CI=0.883690
case=2175 GED=0.602023 D_max=0.854878 Sc=1.000000 D_a=0.853474 CI=0.897817
case=2176 GED=1.119598 D_max=0.094737 Sc=1.000000 D_a=0.569407 CI=0.225365
case=2177 GED=1.062684 D_max=0.112745 Sc=1.000000 D_a=0.637817 CI=0.262297
case=2178 GED=0.265148 D_max=0.826419 Sc=1.000000 D_a=1.000000 CI=0.934568
[batch 164/293] done in 107.79s evaluated=1312/2340
[batch 165/293] start batch_cases=8 evaluated=1312/2340 cases=2179..2185
[batch 165/293] ensemble 1/4 done in 26.81s
[batch 165/293] ensemble 2/4 done in 26.81s
[batch 165/293] ensemble 3/4 done in 26.80s
[batch 165/293] ensemble 4/4 done in 26.81s
case=2179 GED=0.578874 D_max=0.822327 Sc=1.000000 D_a=0.826870 CI=0.875799
case=218 GED=0.534572 D_max=0.634999 Sc=1.000000 D_a=0.808772 CI=0.787144
case=2180 GED=0.272707 D_max=0.778302 Sc=1.000000 D_a=0.999999 CI=0.913284
case=2181 GED=0.933782 D_max=0.057649 Sc=1.000000 D_a=0.621606 CI=0.150338
case=2182 GED=0.371745 D_max=0.595163 Sc=1.000000 D_a=1.000000 CI=0.815170
case=2183 GED=0.466292 D_max=0.639442 Sc=0.857143 D_a=0.782443 CI=0.748395
case=2184 GED=0.832432 D_max=0.121018 Sc=1.000000 D_a=0.603449 CI=0.274717
case=2185 GED=0.541917 D_max=0.605915 Sc=1.000000 D_a=0.811403 CI=0.772632
[running mean @ 1320 cases] GED=0.579146 D_max=0.546811 Sc=0.875994 D_a=0.790482 CI=0.639660
[batch 165/293] done in 107.36s evaluated=1320/2340
[batch 166/293] start batch_cases=8 evaluated=1320/2340 cases=2186..2192
[batch 166/293] ensemble 1/4 done in 26.94s
[batch 166/293] ensemble 2/4 done in 26.80s
[batch 166/293] ensemble 3/4 done in 26.80s
[batch 166/293] ensemble 4/4 done in 26.81s
case=2186 GED=0.313230 D_max=0.558498 Sc=1.000000 D_a=1.000000 CI=0.791449
case=2187 GED=0.525519 D_max=0.762270 Sc=1.000000 D_a=0.692581 CI=0.798776
case=2188 GED=0.285807 D_max=0.522844 Sc=1.000000 D_a=0.999999 CI=0.766750
case=2189 GED=0.576692 D_max=0.560029 Sc=1.000000 D_a=0.852423 CI=0.757815
case=219 GED=0.999520 D_max=0.062780 Sc=1.000000 D_a=0.589256 CI=0.161068
case=2190 GED=0.486691 D_max=0.608590 Sc=0.954545 D_a=0.791304 CI=0.758630
case=2191 GED=0.519245 D_max=0.592400 Sc=1.000000 D_a=0.794117 CI=0.760011
case=2192 GED=0.306147 D_max=0.542718 Sc=1.000000 D_a=1.000000 CI=0.780726
[batch 166/293] done in 108.04s evaluated=1328/2340
[batch 167/293] start batch_cases=8 evaluated=1328/2340 cases=2193..22
[batch 167/293] ensemble 1/4 done in 26.79s
[batch 167/293] ensemble 2/4 done in 26.81s
[batch 167/293] ensemble 3/4 done in 26.78s
[batch 167/293] ensemble 4/4 done in 26.81s
case=2193 GED=0.562220 D_max=0.529392 Sc=1.000000 D_a=0.815098 CI=0.728897
case=2194 GED=0.309557 D_max=0.660199 Sc=0.926829 D_a=1.000000 CI=0.834808
case=2195 GED=0.281612 D_max=0.696038 Sc=0.956522 D_a=1.000000 CI=0.861535
case=2196 GED=0.666420 D_max=0.259619 Sc=1.000000 D_a=0.710590 CI=0.479304
case=2197 GED=0.338152 D_max=0.777478 Sc=0.991736 D_a=0.864173 CI=0.869132
case=2198 GED=0.609619 D_max=0.342655 Sc=0.955224 D_a=0.605140 CI=0.534020
case=2199 GED=0.258732 D_max=0.888628 Sc=0.931559 D_a=0.919521 CI=0.912874
case=22 GED=0.539284 D_max=0.894186 Sc=0.992248 D_a=0.838333 CI=0.903889
[batch 167/293] done in 107.32s evaluated=1336/2340
[batch 168/293] start batch_cases=8 evaluated=1336/2340 cases=220..2206
[batch 168/293] ensemble 1/4 done in 26.80s
[batch 168/293] ensemble 2/4 done in 26.80s
[batch 168/293] ensemble 3/4 done in 26.80s
[batch 168/293] ensemble 4/4 done in 26.78s
case=220 GED=1.102412 D_max=0.014926 Sc=1.000000 D_a=0.816387 CI=0.043338
case=2200 GED=0.325031 D_max=0.830677 Sc=0.846667 D_a=0.845369 CI=0.840841
case=2201 GED=0.095291 D_max=0.846014 Sc=0.355705 D_a=1.000000 CI=0.600801
case=2202 GED=0.237112 D_max=0.641676 Sc=0.914286 D_a=1.000000 CI=0.821430
[running mean @ 1340 cases] GED=0.577471 D_max=0.547300 Sc=0.876968 D_a=0.791470 CI=0.640565
case=2203 GED=0.540397 D_max=0.809140 Sc=1.000000 D_a=0.711538 CI=0.823885
case=2204 GED=0.664689 D_max=0.244433 Sc=1.000000 D_a=0.685489 CI=0.458021
case=2205 GED=0.531311 D_max=0.742970 Sc=0.998454 D_a=0.871564 CI=0.858404
case=2206 GED=0.556345 D_max=0.729813 Sc=1.000000 D_a=0.895880 CI=0.860478
[batch 168/293] done in 107.80s evaluated=1344/2340
[batch 169/293] start batch_cases=8 evaluated=1344/2340 cases=2207..2213
[batch 169/293] ensemble 1/4 done in 26.80s
[batch 169/293] ensemble 2/4 done in 26.79s
[batch 169/293] ensemble 3/4 done in 26.80s
[batch 169/293] ensemble 4/4 done in 26.78s
case=2207 GED=0.540819 D_max=0.745327 Sc=0.987784 D_a=0.944273 CI=0.878972
case=2208 GED=0.585228 D_max=0.711722 Sc=0.978873 D_a=0.938699 CI=0.859124
case=2209 GED=0.477033 D_max=0.788234 Sc=1.000000 D_a=0.840592 CI=0.867479
case=221 GED=0.270541 D_max=0.574413 Sc=0.642857 D_a=1.000000 CI=0.698249
case=2210 GED=0.585432 D_max=0.713238 Sc=0.996970 D_a=0.819082 CI=0.827364
case=2211 GED=0.491808 D_max=0.676299 Sc=0.981900 D_a=0.889319 CI=0.828380
case=2212 GED=0.642290 D_max=0.390973 Sc=0.875000 D_a=0.795000 CI=0.605029
case=2213 GED=0.668933 D_max=0.645483 Sc=0.940678 D_a=0.834902 CI=0.787394
[batch 169/293] done in 107.30s evaluated=1352/2340
[batch 170/293] start batch_cases=8 evaluated=1352/2340 cases=2214..2220
[batch 170/293] ensemble 1/4 done in 26.81s
[batch 170/293] ensemble 2/4 done in 26.80s
[batch 170/293] ensemble 3/4 done in 26.79s
[batch 170/293] ensemble 4/4 done in 26.80s
case=2214 GED=0.633551 D_max=0.596168 Sc=0.973545 D_a=0.941614 CI=0.796483
case=2215 GED=0.676636 D_max=0.674435 Sc=0.997899 D_a=0.761788 CI=0.789987
case=2216 GED=0.568801 D_max=0.722067 Sc=1.000000 D_a=0.942191 CI=0.870506
case=2217 GED=0.530500 D_max=0.739847 Sc=0.989458 D_a=0.894767 CI=0.862095
case=2218 GED=0.433796 D_max=0.760790 Sc=0.982690 D_a=0.913800 CI=0.875562
case=2219 GED=0.610660 D_max=0.723018 Sc=1.000000 D_a=0.873465 CI=0.850350
case=222 GED=0.438036 D_max=0.611952 Sc=0.732394 D_a=0.967797 CI=0.743905
case=2220 GED=0.549810 D_max=0.734929 Sc=1.000000 D_a=0.896957 CI=0.863171
[running mean @ 1360 cases] GED=0.577064 D_max=0.549056 Sc=0.878100 D_a=0.792639 CI=0.642913
[batch 170/293] done in 107.74s evaluated=1360/2340
[batch 171/293] start batch_cases=8 evaluated=1360/2340 cases=2221..2228
[batch 171/293] ensemble 1/4 done in 27.01s
[batch 171/293] ensemble 2/4 done in 26.91s
[batch 171/293] ensemble 3/4 done in 26.78s
[batch 171/293] ensemble 4/4 done in 26.82s
case=2221 GED=0.298935 D_max=0.554435 Sc=0.937500 D_a=1.000000 CI=0.775133
case=2222 GED=0.558149 D_max=0.406271 Sc=0.805556 D_a=1.000000 CI=0.637919
case=2223 GED=0.524529 D_max=0.488277 Sc=0.960000 D_a=0.975811 CI=0.729133
case=2224 GED=0.535054 D_max=0.488663 Sc=0.977273 D_a=0.983959 CI=0.734222
case=2225 GED=0.697621 D_max=0.200082 Sc=1.000000 D_a=0.788863 CI=0.412905
case=2226 GED=0.408653 D_max=0.500000 Sc=0.000000 D_a=0.500000 CI=0.000000
case=2227 GED=0.431437 D_max=0.671655 Sc=1.000000 D_a=0.789256 CI=0.798748
case=2228 GED=0.819596 D_max=0.161817 Sc=1.000000 D_a=0.559887 CI=0.334601
[batch 171/293] done in 107.64s evaluated=1368/2340
[batch 172/293] start batch_cases=8 evaluated=1368/2340 cases=2229..2235
[batch 172/293] ensemble 1/4 done in 26.88s
[batch 172/293] ensemble 2/4 done in 26.81s
[batch 172/293] ensemble 3/4 done in 26.82s
[batch 172/293] ensemble 4/4 done in 26.79s
case=2229 GED=0.410461 D_max=0.685826 Sc=0.984127 D_a=0.842373 CI=0.819371
case=223 GED=0.432191 D_max=0.752704 Sc=0.979021 D_a=0.836411 CI=0.846130
case=2230 GED=0.787876 D_max=0.150397 Sc=1.000000 D_a=0.551315 CI=0.317027
case=2231 GED=0.863015 D_max=0.088225 Sc=1.000000 D_a=0.536220 CI=0.211273
case=2232 GED=0.257527 D_max=0.812992 Sc=0.761905 D_a=1.000000 CI=0.846854
case=2233 GED=1.069723 D_max=0.087629 Sc=1.000000 D_a=0.631354 CI=0.214352
case=2234 GED=0.255557 D_max=0.784722 Sc=1.000000 D_a=0.999999 CI=0.916216
case=2235 GED=0.767285 D_max=0.075651 Sc=0.947368 D_a=0.999997 CI=0.196410
[batch 172/293] done in 108.58s evaluated=1376/2340
[batch 173/293] start batch_cases=8 evaluated=1376/2340 cases=2236..2242
[batch 173/293] ensemble 1/4 done in 26.82s
[batch 173/293] ensemble 2/4 done in 26.79s
[batch 173/293] ensemble 3/4 done in 26.81s
[batch 173/293] ensemble 4/4 done in 26.79s
case=2236 GED=0.906406 D_max=0.246340 Sc=1.000000 D_a=0.930048 CI=0.489027
case=2237 GED=0.899824 D_max=0.339745 Sc=1.000000 D_a=0.855575 CI=0.586833
case=2238 GED=0.900786 D_max=0.386549 Sc=1.000000 D_a=0.472061 CI=0.525821
case=2239 GED=0.568794 D_max=0.383367 Sc=0.906250 D_a=0.784515 CI=0.601614
[running mean @ 1380 cases] GED=0.577682 D_max=0.547088 Sc=0.878605 D_a=0.792773 CI=0.641562
case=224 GED=0.419254 D_max=0.763083 Sc=0.994307 D_a=0.887309 CI=0.871282
case=2240 GED=0.105096 D_max=0.818681 Sc=0.714286 D_a=1.000000 CI=0.828391
case=2241 GED=0.389965 D_max=0.543697 Sc=0.984375 D_a=0.619304 CI=0.671164
case=2242 GED=0.404138 D_max=0.589767 Sc=0.981352 D_a=0.567084 CI=0.669943
[batch 173/293] done in 107.84s evaluated=1384/2340
[batch 174/293] start batch_cases=8 evaluated=1384/2340 cases=2243..225
[batch 174/293] ensemble 1/4 done in 26.85s
[batch 174/293] ensemble 2/4 done in 26.81s
[batch 174/293] ensemble 3/4 done in 27.24s
[batch 174/293] ensemble 4/4 done in 27.04s
case=2243 GED=0.365980 D_max=0.589854 Sc=0.994297 D_a=0.564138 CI=0.670588
case=2244 GED=0.339581 D_max=0.603069 Sc=0.987085 D_a=0.554213 CI=0.670297
case=2245 GED=0.358068 D_max=0.595034 Sc=0.993724 D_a=0.555393 CI=0.668535
case=2246 GED=0.333395 D_max=0.602028 Sc=0.988636 D_a=0.582963 CI=0.683695
case=2247 GED=0.405270 D_max=0.500512 Sc=0.953052 D_a=0.646064 CI=0.652876
case=2248 GED=0.263315 D_max=0.799180 Sc=1.000000 D_a=1.000000 CI=0.922713
case=2249 GED=1.055146 D_max=0.124473 Sc=0.984615 D_a=0.593011 CI=0.279438
case=225 GED=0.422728 D_max=0.760238 Sc=0.963115 D_a=0.888052 CI=0.862134
[batch 174/293] done in 108.64s evaluated=1392/2340
[batch 175/293] start batch_cases=8 evaluated=1392/2340 cases=2250..2257
[batch 175/293] ensemble 1/4 done in 26.85s
[batch 175/293] ensemble 2/4 done in 26.81s
[batch 175/293] ensemble 3/4 done in 26.79s
[batch 175/293] ensemble 4/4 done in 26.83s
case=2250 GED=0.535234 D_max=0.847938 Sc=0.955556 D_a=0.824042 CI=0.872252
case=2251 GED=0.232998 D_max=0.809426 Sc=0.216783 D_a=1.000000 CI=0.438062
case=2252 GED=0.154436 D_max=0.935469 Sc=0.940850 D_a=1.000000 CI=0.957900
case=2253 GED=0.319195 D_max=0.766097 Sc=0.381346 D_a=0.798137 CI=0.579092
case=2254 GED=0.318555 D_max=0.765623 Sc=0.516010 D_a=0.810838 CI=0.670037
case=2255 GED=0.634172 D_max=0.248707 Sc=0.597686 D_a=0.740429 CI=0.425865
case=2256 GED=0.617797 D_max=0.272830 Sc=0.463483 D_a=0.574921 CI=0.396708
case=2257 GED=0.643043 D_max=0.292158 Sc=0.597222 D_a=0.594703 CI=0.442560
[running mean @ 1400 cases] GED=0.575370 D_max=0.548007 Sc=0.877630 D_a=0.792019 CI=0.641849
[batch 175/293] done in 108.15s evaluated=1400/2340
[batch 176/293] start batch_cases=8 evaluated=1400/2340 cases=2258..2264
[batch 176/293] ensemble 1/4 done in 26.86s
[batch 176/293] ensemble 2/4 done in 26.82s
[batch 176/293] ensemble 3/4 done in 26.77s
[batch 176/293] ensemble 4/4 done in 26.82s
case=2258 GED=0.349599 D_max=0.652109 Sc=0.365535 D_a=0.712919 CI=0.528925
case=2259 GED=0.938358 D_max=0.163510 Sc=0.660040 D_a=0.617841 CI=0.324344
case=226 GED=0.539264 D_max=0.638170 Sc=0.982759 D_a=0.714991 CI=0.753174
case=2260 GED=0.446700 D_max=0.878366 Sc=0.615789 D_a=0.680000 CI=0.708718
case=2261 GED=0.105263 D_max=0.818182 Sc=0.158416 D_a=1.000000 CI=0.351505
case=2262 GED=0.176282 D_max=0.938017 Sc=0.715686 D_a=1.000000 CI=0.866216
case=2263 GED=0.217007 D_max=0.844535 Sc=0.450317 D_a=1.000000 CI=0.681084
case=2264 GED=0.187084 D_max=0.908311 Sc=0.647321 D_a=1.000000 CI=0.822871
[batch 176/293] done in 107.39s evaluated=1408/2340
[batch 177/293] start batch_cases=8 evaluated=1408/2340 cases=2265..2271
[batch 177/293] ensemble 1/4 done in 26.93s
[batch 177/293] ensemble 2/4 done in 26.81s
[batch 177/293] ensemble 3/4 done in 26.81s
[batch 177/293] ensemble 4/4 done in 26.80s
case=2265 GED=0.231807 D_max=0.837025 Sc=0.277108 D_a=1.000000 CI=0.516938
case=2266 GED=0.359597 D_max=0.709221 Sc=0.643698 D_a=0.816629 CI=0.716321
case=2267 GED=0.662620 D_max=0.245377 Sc=0.867102 D_a=0.597887 CI=0.434708
case=2268 GED=0.665252 D_max=0.236253 Sc=0.614525 D_a=0.601548 CI=0.398809
case=2269 GED=0.676447 D_max=0.265036 Sc=0.522973 D_a=0.541974 CI=0.398389
case=227 GED=0.617429 D_max=0.670349 Sc=0.916667 D_a=0.799255 CI=0.782506
case=2270 GED=0.715794 D_max=0.225767 Sc=0.456654 D_a=0.557537 CI=0.356600
case=2271 GED=0.627092 D_max=0.300705 Sc=0.754569 D_a=0.619298 CI=0.478812
[batch 177/293] done in 108.59s evaluated=1416/2340
[batch 178/293] start batch_cases=8 evaluated=1416/2340 cases=2272..2279
[batch 178/293] ensemble 1/4 done in 26.82s
[batch 178/293] ensemble 2/4 done in 26.78s
[batch 178/293] ensemble 3/4 done in 26.81s
[batch 178/293] ensemble 4/4 done in 26.78s
case=2272 GED=0.668302 D_max=0.291117 Sc=0.545576 D_a=0.581059 CI=0.429248
case=2273 GED=0.947719 D_max=0.289165 Sc=1.000000 D_a=0.655525 CI=0.501360
case=2274 GED=1.053151 D_max=0.386771 Sc=0.854167 D_a=0.555857 CI=0.540028
case=2275 GED=0.881872 D_max=0.359453 Sc=0.936170 D_a=0.419823 CI=0.481376
[running mean @ 1420 cases] GED=0.575060 D_max=0.547794 Sc=0.874414 D_a=0.791056 CI=0.640606
case=2276 GED=1.025397 D_max=0.254301 Sc=1.000000 D_a=0.863666 CI=0.492594
case=2277 GED=1.118669 D_max=0.063910 Sc=1.000000 D_a=0.583464 CI=0.163390
case=2278 GED=0.266869 D_max=0.775641 Sc=1.000000 D_a=0.999999 CI=0.912060
case=2279 GED=1.664314 D_max=0.000000 Sc=0.000000 D_a=0.687234 CI=0.000000
[batch 178/293] done in 107.87s evaluated=1424/2340
[batch 179/293] start batch_cases=8 evaluated=1424/2340 cases=228..2286
[batch 179/293] ensemble 1/4 done in 26.81s
[batch 179/293] ensemble 2/4 done in 26.80s
[batch 179/293] ensemble 3/4 done in 26.81s
[batch 179/293] ensemble 4/4 done in 26.81s
case=228 GED=0.611084 D_max=0.661168 Sc=0.956229 D_a=0.687240 CI=0.747506
case=2280 GED=1.159973 D_max=0.553457 Sc=0.836842 D_a=0.593804 CI=0.640225
case=2281 GED=1.256537 D_max=0.000000 Sc=0.000000 D_a=0.559199 CI=0.000000
case=2282 GED=1.163257 D_max=0.000000 Sc=0.000000 D_a=0.296593 CI=0.000000
case=2283 GED=1.886736 D_max=0.000000 Sc=0.000000 D_a=0.905793 CI=0.000000
case=2284 GED=1.868705 D_max=0.000000 Sc=0.000000 D_a=0.908555 CI=0.000000
case=2285 GED=1.143942 D_max=0.741700 Sc=0.648990 D_a=0.560130 CI=0.641792
case=2286 GED=1.400502 D_max=0.000000 Sc=0.000000 D_a=0.590775 CI=0.000000
[batch 179/293] done in 108.56s evaluated=1432/2340
[batch 180/293] start batch_cases=8 evaluated=1432/2340 cases=2287..2293
[batch 180/293] ensemble 1/4 done in 26.81s
[batch 180/293] ensemble 2/4 done in 26.79s
[batch 180/293] ensemble 3/4 done in 26.79s
[batch 180/293] ensemble 4/4 done in 26.80s
case=2287 GED=1.774204 D_max=0.000000 Sc=0.000000 D_a=0.800477 CI=0.000000
case=2288 GED=1.401435 D_max=0.000000 Sc=0.000000 D_a=0.560349 CI=0.000000
case=2289 GED=1.273639 D_max=0.000000 Sc=0.000000 D_a=0.542061 CI=0.000000
case=229 GED=0.793010 D_max=0.591556 Sc=0.985294 D_a=0.640481 CI=0.703118
case=2290 GED=1.458589 D_max=0.000000 Sc=0.000000 D_a=0.570251 CI=0.000000
case=2291 GED=1.140821 D_max=0.771818 Sc=0.779167 D_a=0.577567 CI=0.695981
case=2292 GED=1.490538 D_max=0.000000 Sc=0.000000 D_a=0.542001 CI=0.000000
case=2293 GED=1.336987 D_max=0.000000 Sc=0.000000 D_a=0.568548 CI=0.000000
[running mean @ 1440 cases] GED=0.584597 D_max=0.543251 Sc=0.867274 D_a=0.789123 CI=0.635179
[batch 180/293] done in 107.90s evaluated=1440/2340
[batch 181/293] start batch_cases=8 evaluated=1440/2340 cases=2294..230
[batch 181/293] ensemble 1/4 done in 26.79s
[batch 181/293] ensemble 2/4 done in 26.81s
[batch 181/293] ensemble 3/4 done in 26.79s
[batch 181/293] ensemble 4/4 done in 26.80s
case=2294 GED=1.481105 D_max=0.000000 Sc=0.000000 D_a=0.566905 CI=0.000000
case=2295 GED=1.263112 D_max=0.000000 Sc=0.000000 D_a=0.415699 CI=0.000000
case=2296 GED=0.121429 D_max=0.763889 Sc=0.800000 D_a=0.999999 CI=0.842912
case=2297 GED=0.294037 D_max=0.779197 Sc=1.000000 D_a=0.999999 CI=0.913694
case=2298 GED=0.292560 D_max=0.763889 Sc=1.000000 D_a=0.999999 CI=0.906593
case=2299 GED=0.409850 D_max=0.637645 Sc=0.933333 D_a=0.500000 CI=0.646594
case=23 GED=0.254795 D_max=0.660164 Sc=0.964286 D_a=1.000000 CI=0.844639
case=230 GED=1.057368 D_max=0.479304 Sc=0.520295 D_a=0.601888 CI=0.529121
[batch 181/293] done in 107.31s evaluated=1448/2340
[batch 182/293] start batch_cases=8 evaluated=1448/2340 cases=2300..2307
[batch 182/293] ensemble 1/4 done in 26.80s
[batch 182/293] ensemble 2/4 done in 26.82s
[batch 182/293] ensemble 3/4 done in 26.81s
[batch 182/293] ensemble 4/4 done in 26.79s
case=2300 GED=0.296746 D_max=0.594396 Sc=0.954545 D_a=1.000000 CI=0.804290
case=2301 GED=0.278154 D_max=0.632937 Sc=0.933333 D_a=1.000000 CI=0.821610
case=2302 GED=0.423076 D_max=0.500001 Sc=0.000000 D_a=0.500000 CI=0.000000
case=2303 GED=0.655676 D_max=0.776490 Sc=1.000000 D_a=0.846278 CI=0.864680
case=2304 GED=1.200689 D_max=0.055556 Sc=1.000000 D_a=0.535155 CI=0.143757
case=2305 GED=0.567646 D_max=0.845477 Sc=1.000000 D_a=0.824759 CI=0.883590
case=2306 GED=1.121572 D_max=0.040268 Sc=1.000000 D_a=0.677345 CI=0.109851
case=2307 GED=1.080182 D_max=0.011765 Sc=1.000000 D_a=0.791089 CI=0.034379
[batch 182/293] done in 108.46s evaluated=1456/2340
[batch 183/293] start batch_cases=8 evaluated=1456/2340 cases=2308..2314
[batch 183/293] ensemble 1/4 done in 26.81s
[batch 183/293] ensemble 2/4 done in 26.79s
[batch 183/293] ensemble 3/4 done in 26.81s
[batch 183/293] ensemble 4/4 done in 26.79s
case=2308 GED=0.263967 D_max=0.799383 Sc=1.000000 D_a=1.000000 CI=0.922803
case=2309 GED=0.617045 D_max=0.793919 Sc=1.000000 D_a=0.821168 CI=0.862725
case=231 GED=1.304224 D_max=0.073454 Sc=0.100372 D_a=0.728264 CI=0.120240
case=2310 GED=0.686478 D_max=0.785714 Sc=1.000000 D_a=0.894636 CI=0.884825
[running mean @ 1460 cases] GED=0.585952 D_max=0.542654 Sc=0.865808 D_a=0.789069 CI=0.634105
case=2311 GED=1.114055 D_max=0.018939 Sc=1.000000 D_a=0.652068 CI=0.054217
case=2312 GED=0.545609 D_max=0.547059 Sc=1.000000 D_a=0.776855 CI=0.729005
case=2313 GED=0.408413 D_max=0.744604 Sc=0.971831 D_a=0.730099 CI=0.801784
case=2314 GED=0.707169 D_max=0.270386 Sc=1.000000 D_a=0.739035 CI=0.495743
[batch 183/293] done in 107.33s evaluated=1464/2340
[batch 184/293] start batch_cases=8 evaluated=1464/2340 cases=2315..2321
[batch 184/293] ensemble 1/4 done in 26.80s
[batch 184/293] ensemble 2/4 done in 27.07s
[batch 184/293] ensemble 3/4 done in 26.79s
[batch 184/293] ensemble 4/4 done in 26.81s
case=2315 GED=0.300799 D_max=0.728873 Sc=1.000000 D_a=1.000000 CI=0.889685
case=2316 GED=0.825547 D_max=0.254386 Sc=0.970588 D_a=0.621295 CI=0.456560
case=2317 GED=0.554323 D_max=0.674603 Sc=0.971429 D_a=0.854037 CI=0.814626
case=2318 GED=0.858176 D_max=0.213592 Sc=1.000000 D_a=0.651092 CI=0.415645
case=2319 GED=0.574090 D_max=0.497591 Sc=0.894737 D_a=0.965517 CI=0.720627
case=232 GED=0.589175 D_max=0.658492 Sc=0.906883 D_a=0.471066 CI=0.632358
case=2320 GED=0.457339 D_max=0.595810 Sc=1.000000 D_a=0.785714 CI=0.759280
case=2321 GED=0.115458 D_max=0.785461 Sc=0.833333 D_a=1.000000 CI=0.863772
[batch 184/293] done in 108.05s evaluated=1472/2340
[batch 185/293] start batch_cases=8 evaluated=1472/2340 cases=2322..2329
[batch 185/293] ensemble 1/4 done in 26.80s
[batch 185/293] ensemble 2/4 done in 26.80s
[batch 185/293] ensemble 3/4 done in 26.78s
[batch 185/293] ensemble 4/4 done in 26.81s
case=2322 GED=0.866136 D_max=0.169132 Sc=1.000000 D_a=0.591612 CI=0.348722
case=2323 GED=0.647648 D_max=0.314836 Sc=1.000000 D_a=0.852941 CI=0.560887
case=2324 GED=0.846458 D_max=0.413724 Sc=1.000000 D_a=0.857813 CI=0.654618
case=2325 GED=0.767439 D_max=0.400318 Sc=0.945455 D_a=0.575794 CI=0.566847
case=2326 GED=0.125000 D_max=1.000000 Sc=0.000000 D_a=0.500000 CI=0.000000
case=2327 GED=1.103872 D_max=0.089552 Sc=1.000000 D_a=0.594580 CI=0.216630
case=2328 GED=0.649169 D_max=0.362594 Sc=0.260000 D_a=0.850649 CI=0.385622
case=2329 GED=0.481898 D_max=0.551566 Sc=0.954545 D_a=0.929550 CI=0.762112
[running mean @ 1480 cases] GED=0.586505 D_max=0.541599 Sc=0.866074 D_a=0.788541 CI=0.633056
[batch 185/293] done in 107.31s evaluated=1480/2340
[batch 186/293] start batch_cases=8 evaluated=1480/2340 cases=233..2336
[batch 186/293] ensemble 1/4 done in 26.81s
[batch 186/293] ensemble 2/4 done in 26.81s
[batch 186/293] ensemble 3/4 done in 26.80s
[batch 186/293] ensemble 4/4 done in 26.79s
case=233 GED=0.568125 D_max=0.657429 Sc=0.940397 D_a=0.497775 CI=0.653111
case=2330 GED=0.753721 D_max=0.271818 Sc=1.000000 D_a=0.775468 CI=0.502641
case=2331 GED=1.134501 D_max=0.054878 Sc=1.000000 D_a=0.647678 CI=0.144466
case=2332 GED=1.133929 D_max=0.096654 Sc=1.000000 D_a=0.602361 CI=0.230658
case=2333 GED=1.117677 D_max=0.069697 Sc=1.000000 D_a=0.538574 CI=0.174372
case=2334 GED=0.635436 D_max=0.373311 Sc=0.992308 D_a=0.591440 CI=0.557904
case=2335 GED=0.694386 D_max=0.281256 Sc=0.975610 D_a=0.603813 CI=0.481030
case=2336 GED=0.608487 D_max=0.818862 Sc=1.000000 D_a=0.807420 CI=0.867123
[batch 186/293] done in 107.92s evaluated=1488/2340
[batch 187/293] start batch_cases=8 evaluated=1488/2340 cases=2337..238
[batch 187/293] ensemble 1/4 done in 26.84s
[batch 187/293] ensemble 2/4 done in 26.83s
[batch 187/293] ensemble 3/4 done in 26.82s
[batch 187/293] ensemble 4/4 done in 26.80s
case=2337 GED=0.569574 D_max=0.809829 Sc=1.000000 D_a=0.747159 CI=0.839576
case=2338 GED=0.905570 D_max=0.136364 Sc=1.000000 D_a=0.550505 CI=0.295571
case=2339 GED=0.857345 D_max=0.140404 Sc=1.000000 D_a=0.587644 CI=0.305374
case=234 GED=0.950153 D_max=0.569432 Sc=0.872483 D_a=0.583637 CI=0.649958
case=235 GED=1.028961 D_max=0.000000 Sc=0.000000 D_a=0.416643 CI=0.000000
case=236 GED=0.296133 D_max=0.661698 Sc=0.653061 D_a=1.000000 CI=0.742113
case=237 GED=0.274038 D_max=0.500000 Sc=0.000000 D_a=1.000000 CI=0.000000
case=238 GED=0.442990 D_max=0.729145 Sc=0.886827 D_a=0.922069 CI=0.837147
[batch 187/293] done in 107.41s evaluated=1496/2340
[batch 188/293] start batch_cases=8 evaluated=1496/2340 cases=239..245
[batch 188/293] ensemble 1/4 done in 26.83s
[batch 188/293] ensemble 2/4 done in 26.79s
[batch 188/293] ensemble 3/4 done in 26.82s
[batch 188/293] ensemble 4/4 done in 26.81s
case=239 GED=0.335101 D_max=0.791880 Sc=0.887246 D_a=0.936422 CI=0.867605
case=24 GED=0.491331 D_max=0.618408 Sc=1.000000 D_a=0.801470 CI=0.776245
case=240 GED=0.361639 D_max=0.795436 Sc=0.939024 D_a=0.905253 CI=0.875460
case=241 GED=0.362305 D_max=0.765331 Sc=0.883914 D_a=0.944744 CI=0.858015
[running mean @ 1500 cases] GED=0.587699 D_max=0.540472 Sc=0.865880 D_a=0.787667 CI=0.631720
case=242 GED=0.374055 D_max=0.776396 Sc=0.980296 D_a=0.922882 CI=0.884521
case=243 GED=0.371735 D_max=0.769711 Sc=0.971186 D_a=0.897955 CI=0.871460
case=244 GED=0.331953 D_max=0.777299 Sc=0.918963 D_a=0.911509 CI=0.864112
case=245 GED=0.283954 D_max=0.767460 Sc=1.000000 D_a=1.000000 CI=0.908265
[batch 188/293] done in 108.60s evaluated=1504/2340
[batch 189/293] start batch_cases=8 evaluated=1504/2340 cases=246..252
[batch 189/293] ensemble 1/4 done in 26.85s
[batch 189/293] ensemble 2/4 done in 26.81s
[batch 189/293] ensemble 3/4 done in 26.81s
[batch 189/293] ensemble 4/4 done in 26.82s
case=246 GED=0.454360 D_max=0.636476 Sc=0.987805 D_a=0.940273 CI=0.822590
case=247 GED=0.609999 D_max=0.472388 Sc=1.000000 D_a=0.556970 CI=0.610708
case=248 GED=0.402654 D_max=0.730318 Sc=0.937931 D_a=0.873538 CI=0.837939
case=249 GED=0.586390 D_max=0.789474 Sc=1.000000 D_a=0.739725 CI=0.829068
case=25 GED=0.103299 D_max=0.823964 Sc=0.833333 D_a=1.000000 CI=0.878826
case=250 GED=0.284483 D_max=0.794521 Sc=1.000000 D_a=1.000000 CI=0.920635
case=251 GED=0.749348 D_max=0.296834 Sc=1.000000 D_a=0.792847 CI=0.532844
case=252 GED=0.488380 D_max=0.456236 Sc=1.000000 D_a=0.903226 CI=0.697838
[batch 189/293] done in 108.10s evaluated=1512/2340
[batch 190/293] start batch_cases=8 evaluated=1512/2340 cases=253..26
[batch 190/293] ensemble 1/4 done in 26.79s
[batch 190/293] ensemble 2/4 done in 26.82s
[batch 190/293] ensemble 3/4 done in 26.79s
[batch 190/293] ensemble 4/4 done in 26.82s
case=253 GED=0.654696 D_max=0.344954 Sc=1.000000 D_a=0.685002 CI=0.559828
case=254 GED=0.746074 D_max=0.324018 Sc=1.000000 D_a=0.616921 CI=0.525652
case=255 GED=0.784288 D_max=0.223749 Sc=1.000000 D_a=0.624160 CI=0.424242
case=256 GED=1.146632 D_max=0.074297 Sc=1.000000 D_a=0.569458 CI=0.185008
case=257 GED=1.091080 D_max=0.116279 Sc=1.000000 D_a=0.598781 CI=0.266192
case=258 GED=0.942609 D_max=0.119792 Sc=1.000000 D_a=0.844615 CI=0.284852
case=259 GED=1.106054 D_max=0.107500 Sc=1.000000 D_a=0.560892 CI=0.248238
case=26 GED=0.243132 D_max=0.846774 Sc=0.936170 D_a=1.000000 CI=0.923323
[running mean @ 1520 cases] GED=0.587700 D_max=0.540103 Sc=0.867359 D_a=0.787855 CI=0.632011
[batch 190/293] done in 107.35s evaluated=1520/2340
[batch 191/293] start batch_cases=8 evaluated=1520/2340 cases=260..267
[batch 191/293] ensemble 1/4 done in 26.79s
[batch 191/293] ensemble 2/4 done in 26.81s
[batch 191/293] ensemble 3/4 done in 26.95s
[batch 191/293] ensemble 4/4 done in 26.79s
case=260 GED=0.581693 D_max=0.870370 Sc=1.000000 D_a=0.878788 CI=0.912723
case=261 GED=1.147287 D_max=0.114428 Sc=1.000000 D_a=0.573474 CI=0.261258
case=262 GED=1.073153 D_max=0.100000 Sc=1.000000 D_a=0.620322 CI=0.237868
case=263 GED=1.166782 D_max=0.042308 Sc=1.000000 D_a=0.558866 CI=0.113526
case=264 GED=0.687823 D_max=0.372622 Sc=1.000000 D_a=0.687912 CI=0.583958
case=265 GED=0.813854 D_max=0.421663 Sc=1.000000 D_a=0.869759 CI=0.663525
case=266 GED=0.739762 D_max=0.395864 Sc=0.960526 D_a=0.904408 CI=0.641998
case=267 GED=0.823565 D_max=0.316066 Sc=1.000000 D_a=0.814130 CI=0.556359
[batch 191/293] done in 108.63s evaluated=1528/2340
[batch 192/293] start batch_cases=8 evaluated=1528/2340 cases=268..274
[batch 192/293] ensemble 1/4 done in 26.82s
[batch 192/293] ensemble 2/4 done in 26.77s
[batch 192/293] ensemble 3/4 done in 26.81s
[batch 192/293] ensemble 4/4 done in 26.78s
case=268 GED=0.799692 D_max=0.143774 Sc=1.000000 D_a=0.699205 CI=0.319640
case=269 GED=0.116554 D_max=0.781646 Sc=0.909091 D_a=1.000000 CI=0.887744
case=27 GED=0.542729 D_max=0.853571 Sc=0.891892 D_a=0.819328 CI=0.853905
case=270 GED=1.057859 D_max=0.098931 Sc=1.000000 D_a=0.529919 CI=0.230855
case=271 GED=0.450320 D_max=0.500000 Sc=0.000000 D_a=0.500000 CI=0.000000
case=272 GED=0.296875 D_max=0.500000 Sc=0.000000 D_a=1.000000 CI=0.000000
case=273 GED=0.479981 D_max=0.665362 Sc=1.000000 D_a=0.824042 CI=0.807217
case=274 GED=0.829724 D_max=0.164673 Sc=1.000000 D_a=0.591085 CI=0.342292
[batch 192/293] done in 107.91s evaluated=1536/2340
[batch 193/293] start batch_cases=8 evaluated=1536/2340 cases=275..281
[batch 193/293] ensemble 1/4 done in 26.84s
[batch 193/293] ensemble 2/4 done in 26.78s
[batch 193/293] ensemble 3/4 done in 26.83s
[batch 193/293] ensemble 4/4 done in 26.82s
case=275 GED=0.545210 D_max=0.904167 Sc=1.000000 D_a=0.862573 CI=0.918748
case=276 GED=1.076604 D_max=0.145492 Sc=1.000000 D_a=0.576083 CI=0.312204
case=277 GED=1.026230 D_max=0.116505 Sc=1.000000 D_a=0.659942 CI=0.270304
case=278 GED=0.668584 D_max=0.315154 Sc=1.000000 D_a=0.693614 CI=0.534304
[running mean @ 1540 cases] GED=0.589759 D_max=0.538168 Sc=0.867628 D_a=0.787145 CI=0.629938
case=279 GED=0.613083 D_max=0.633888 Sc=1.000000 D_a=0.778585 CI=0.776810
case=28 GED=0.300743 D_max=0.797374 Sc=1.000000 D_a=1.000000 CI=0.921909
case=280 GED=0.455972 D_max=0.718236 Sc=1.000000 D_a=0.946730 CI=0.869927
case=281 GED=0.471674 D_max=0.769390 Sc=0.987654 D_a=0.424284 CI=0.642516
[batch 193/293] done in 108.18s evaluated=1544/2340
[batch 194/293] start batch_cases=8 evaluated=1544/2340 cases=282..289
[batch 194/293] ensemble 1/4 done in 26.81s
[batch 194/293] ensemble 2/4 done in 26.81s
[batch 194/293] ensemble 3/4 done in 26.79s
[batch 194/293] ensemble 4/4 done in 26.81s
case=282 GED=0.405778 D_max=0.807058 Sc=0.901869 D_a=0.522408 CI=0.703880
case=283 GED=0.411658 D_max=0.783681 Sc=0.957672 D_a=0.772085 CI=0.829779
case=284 GED=0.561762 D_max=0.661283 Sc=0.975000 D_a=0.521190 CI=0.673168
case=285 GED=0.809779 D_max=0.513561 Sc=0.985507 D_a=0.415677 CI=0.558908
case=286 GED=0.537353 D_max=0.481255 Sc=0.976190 D_a=0.858696 CI=0.703095
case=287 GED=0.212844 D_max=0.859453 Sc=0.714286 D_a=1.000000 CI=0.841862
case=288 GED=0.434468 D_max=0.513416 Sc=0.971014 D_a=0.610330 CI=0.649907
case=289 GED=0.403650 D_max=0.542091 Sc=0.929825 D_a=0.597606 CI=0.653093
[batch 194/293] done in 108.00s evaluated=1552/2340
[batch 195/293] start batch_cases=8 evaluated=1552/2340 cases=29..296
[batch 195/293] ensemble 1/4 done in 26.79s
[batch 195/293] ensemble 2/4 done in 26.81s
[batch 195/293] ensemble 3/4 done in 26.78s
[batch 195/293] ensemble 4/4 done in 26.81s
case=29 GED=0.566665 D_max=0.808522 Sc=1.000000 D_a=0.894471 CI=0.894240
case=290 GED=0.226570 D_max=0.838816 Sc=0.711538 D_a=1.000000 CI=0.833898
case=291 GED=0.227926 D_max=0.876214 Sc=0.963636 D_a=1.000000 CI=0.943690
case=292 GED=0.657630 D_max=0.390711 Sc=1.000000 D_a=0.528828 CI=0.550417
case=293 GED=0.720974 D_max=0.370413 Sc=1.000000 D_a=0.548459 CI=0.543185
case=294 GED=0.647563 D_max=0.356925 Sc=0.842105 D_a=0.887097 CI=0.586340
case=295 GED=1.015709 D_max=0.247860 Sc=1.000000 D_a=0.434153 CI=0.408838
case=296 GED=0.938648 D_max=0.272895 Sc=0.935484 D_a=0.480703 CI=0.440291
[running mean @ 1560 cases] GED=0.589006 D_max=0.539117 Sc=0.868589 D_a=0.786169 CI=0.630853
[batch 195/293] done in 107.32s evaluated=1560/2340
[batch 196/293] start batch_cases=8 evaluated=1560/2340 cases=297..302
[batch 196/293] ensemble 1/4 done in 26.80s
[batch 196/293] ensemble 2/4 done in 26.82s
[batch 196/293] ensemble 3/4 done in 26.80s
[batch 196/293] ensemble 4/4 done in 26.77s
case=297 GED=1.129738 D_max=0.182990 Sc=1.000000 D_a=0.776970 CI=0.387005
case=298 GED=0.481869 D_max=0.603571 Sc=0.857143 D_a=0.821212 CI=0.742357
case=299 GED=0.463902 D_max=0.644644 Sc=1.000000 D_a=0.807692 CI=0.791695
case=3 GED=0.695624 D_max=0.283584 Sc=1.000000 D_a=0.539901 CI=0.470331
case=30 GED=0.494295 D_max=0.927829 Sc=0.995614 D_a=0.897807 CI=0.938669
case=300 GED=0.439655 D_max=0.500000 Sc=0.000000 D_a=0.500000 CI=0.000000
case=301 GED=0.707160 D_max=0.072711 Sc=1.000000 D_a=0.760536 CI=0.186707
case=302 GED=0.483394 D_max=0.377402 Sc=0.687500 D_a=0.890539 CI=0.573926
[batch 196/293] done in 108.64s evaluated=1568/2340
[batch 197/293] start batch_cases=8 evaluated=1568/2340 cases=303..31
[batch 197/293] ensemble 1/4 done in 26.80s
[batch 197/293] ensemble 2/4 done in 26.79s
[batch 197/293] ensemble 3/4 done in 26.79s
[batch 197/293] ensemble 4/4 done in 26.79s
case=303 GED=0.520262 D_max=0.516667 Sc=0.828571 D_a=0.973684 CI=0.719527
case=304 GED=0.578232 D_max=0.460153 Sc=0.970588 D_a=0.907195 CI=0.696736
case=305 GED=0.460759 D_max=0.406682 Sc=0.964286 D_a=0.833333 CI=0.638847
case=306 GED=0.865343 D_max=0.088462 Sc=1.000000 D_a=0.611930 CI=0.215231
case=307 GED=0.692020 D_max=0.451614 Sc=0.870968 D_a=0.931818 CI=0.676346
case=308 GED=0.597926 D_max=0.476637 Sc=1.000000 D_a=0.864715 CI=0.705139
case=309 GED=0.775994 D_max=0.220127 Sc=1.000000 D_a=0.604169 CI=0.416782
case=31 GED=0.494703 D_max=0.939560 Sc=0.995662 D_a=0.899555 CI=0.943294
[batch 197/293] done in 107.29s evaluated=1576/2340
[batch 198/293] start batch_cases=8 evaluated=1576/2340 cases=310..317
[batch 198/293] ensemble 1/4 done in 26.81s
[batch 198/293] ensemble 2/4 done in 26.81s
[batch 198/293] ensemble 3/4 done in 26.80s
[batch 198/293] ensemble 4/4 done in 26.81s
case=310 GED=0.314331 D_max=0.587148 Sc=1.000000 D_a=1.000000 CI=0.810121
case=311 GED=0.121377 D_max=0.764085 Sc=1.000000 D_a=0.999999 CI=0.906685
case=312 GED=0.627425 D_max=0.770408 Sc=1.000000 D_a=0.822463 CI=0.853759
case=313 GED=0.666715 D_max=0.807047 Sc=1.000000 D_a=0.869403 CI=0.885138
[running mean @ 1580 cases] GED=0.588899 D_max=0.538673 Sc=0.869094 D_a=0.786542 CI=0.630816
case=314 GED=0.602051 D_max=0.811728 Sc=1.000000 D_a=0.847368 CI=0.879233
case=315 GED=0.286404 D_max=0.806291 Sc=0.900000 D_a=1.000000 CI=0.895160
case=316 GED=0.255345 D_max=0.816265 Sc=0.928571 D_a=1.000000 CI=0.908536
case=317 GED=0.658216 D_max=0.772222 Sc=1.000000 D_a=0.856401 CI=0.866390
[batch 198/293] done in 107.82s evaluated=1584/2340
[batch 199/293] start batch_cases=8 evaluated=1584/2340 cases=318..324
[batch 199/293] ensemble 1/4 done in 26.80s
[batch 199/293] ensemble 2/4 done in 26.81s
[batch 199/293] ensemble 3/4 done in 26.79s
[batch 199/293] ensemble 4/4 done in 26.81s
case=318 GED=0.821036 D_max=0.204001 Sc=1.000000 D_a=0.665226 CI=0.405121
case=319 GED=0.842111 D_max=0.198960 Sc=0.937500 D_a=0.625250 CI=0.390007
case=32 GED=0.483715 D_max=0.940789 Sc=0.995772 D_a=0.902886 CI=0.944958
case=320 GED=0.556732 D_max=0.477890 Sc=0.961538 D_a=0.922222 CI=0.711429
case=321 GED=0.445341 D_max=0.581615 Sc=0.956522 D_a=0.770042 CI=0.738292
case=322 GED=0.125000 D_max=0.750000 Sc=0.000000 D_a=0.500000 CI=0.000000
case=323 GED=0.279951 D_max=0.695887 Sc=0.772727 D_a=1.000000 CI=0.804045
case=324 GED=0.477410 D_max=0.500000 Sc=0.000000 D_a=0.500000 CI=0.000000
[batch 199/293] done in 107.33s evaluated=1592/2340
[batch 200/293] start batch_cases=8 evaluated=1592/2340 cases=325..331
[batch 200/293] ensemble 1/4 done in 26.80s
[batch 200/293] ensemble 2/4 done in 26.82s
[batch 200/293] ensemble 3/4 done in 26.82s
[batch 200/293] ensemble 4/4 done in 26.80s
case=325 GED=0.354549 D_max=0.802857 Sc=1.000000 D_a=0.854037 CI=0.878102
case=326 GED=0.750021 D_max=0.275330 Sc=1.000000 D_a=0.531747 CI=0.460646
case=327 GED=0.431870 D_max=0.743079 Sc=0.970588 D_a=0.871747 CI=0.851505
case=328 GED=0.298096 D_max=0.580556 Sc=0.860000 D_a=1.000000 CI=0.772146
case=329 GED=0.283609 D_max=0.572279 Sc=0.150000 D_a=1.000000 CI=0.318672
case=33 GED=0.580823 D_max=0.908412 Sc=1.000000 D_a=0.910861 CI=0.937886
case=330 GED=0.668822 D_max=0.315573 Sc=0.991667 D_a=0.600084 CI=0.513376
case=331 GED=0.323387 D_max=0.811601 Sc=0.981132 D_a=0.781967 CI=0.849813
[running mean @ 1600 cases] GED=0.587490 D_max=0.539793 Sc=0.868485 D_a=0.786798 CI=0.631134
[batch 200/293] done in 108.05s evaluated=1600/2340
[batch 201/293] start batch_cases=8 evaluated=1600/2340 cases=332..339
[batch 201/293] ensemble 1/4 done in 26.82s
[batch 201/293] ensemble 2/4 done in 26.79s
[batch 201/293] ensemble 3/4 done in 26.81s
[batch 201/293] ensemble 4/4 done in 26.79s
case=332 GED=0.236546 D_max=0.709857 Sc=0.914286 D_a=1.000000 CI=0.856535
case=333 GED=1.009392 D_max=0.115703 Sc=1.000000 D_a=0.652791 CI=0.268463
case=334 GED=0.487845 D_max=0.601322 Sc=0.857143 D_a=0.801101 CI=0.735664
case=335 GED=0.532504 D_max=0.657762 Sc=0.591549 D_a=1.000000 CI=0.712457
case=336 GED=0.463863 D_max=0.629347 Sc=0.681818 D_a=0.764894 CI=0.687602
case=337 GED=0.646005 D_max=0.696789 Sc=0.689956 D_a=1.000000 CI=0.772296
case=338 GED=0.515074 D_max=0.695816 Sc=0.484746 D_a=0.999089 CI=0.666517
case=339 GED=0.722435 D_max=0.573307 Sc=0.300353 D_a=1.000000 CI=0.493935
[batch 201/293] done in 107.34s evaluated=1608/2340
[batch 202/293] start batch_cases=8 evaluated=1608/2340 cases=34..346
[batch 202/293] ensemble 1/4 done in 26.82s
[batch 202/293] ensemble 2/4 done in 26.80s
[batch 202/293] ensemble 3/4 done in 26.81s
[batch 202/293] ensemble 4/4 done in 26.82s
case=34 GED=0.201744 D_max=0.913462 Sc=0.975000 D_a=1.000000 CI=0.961422
case=340 GED=0.416854 D_max=0.752083 Sc=0.743151 D_a=0.998994 CI=0.816045
case=341 GED=0.470117 D_max=0.660142 Sc=0.548148 D_a=1.000000 CI=0.691380
case=342 GED=0.491966 D_max=0.616448 Sc=0.788991 D_a=0.996689 CI=0.770621
case=343 GED=0.636259 D_max=0.371054 Sc=0.974026 D_a=0.700371 CI=0.582580
case=344 GED=0.436656 D_max=0.519229 Sc=0.911392 D_a=0.643774 CI=0.655524
case=345 GED=0.359879 D_max=0.559699 Sc=0.879397 D_a=0.605120 CI=0.655540
case=346 GED=0.409283 D_max=0.549019 Sc=0.987097 D_a=0.656346 CI=0.688375
[batch 202/293] done in 107.80s evaluated=1616/2340
[batch 203/293] start batch_cases=8 evaluated=1616/2340 cases=347..353
[batch 203/293] ensemble 1/4 done in 26.79s
[batch 203/293] ensemble 2/4 done in 26.81s
[batch 203/293] ensemble 3/4 done in 26.95s
[batch 203/293] ensemble 4/4 done in 26.85s
case=347 GED=0.520959 D_max=0.442010 Sc=0.992063 D_a=0.684852 CI=0.634174
case=348 GED=0.452849 D_max=0.600607 Sc=0.945205 D_a=0.900731 CI=0.782643
case=349 GED=0.125000 D_max=0.750000 Sc=0.000000 D_a=1.000000 CI=0.000000
case=35 GED=0.532684 D_max=0.927536 Sc=0.996894 D_a=0.875449 CI=0.930662
[running mean @ 1620 cases] GED=0.586205 D_max=0.540747 Sc=0.867183 D_a=0.787751 CI=0.631591
case=350 GED=0.261024 D_max=0.810498 Sc=0.898305 D_a=1.000000 CI=0.896321
case=351 GED=0.592952 D_max=0.799652 Sc=0.980392 D_a=0.775466 CI=0.842675
case=352 GED=0.315817 D_max=0.719305 Sc=0.801688 D_a=0.605983 CI=0.699658
case=353 GED=0.499516 D_max=0.626885 Sc=0.464844 D_a=0.965995 CI=0.627398
[batch 203/293] done in 107.53s evaluated=1624/2340
[batch 204/293] start batch_cases=8 evaluated=1624/2340 cases=354..360
[batch 204/293] ensemble 1/4 done in 26.79s
[batch 204/293] ensemble 2/4 done in 26.82s
[batch 204/293] ensemble 3/4 done in 26.81s
[batch 204/293] ensemble 4/4 done in 26.80s
case=354 GED=1.015586 D_max=0.250000 Sc=0.000000 D_a=0.426799 CI=0.000000
case=355 GED=0.456529 D_max=0.700247 Sc=0.974026 D_a=0.789442 CI=0.806137
case=356 GED=0.420675 D_max=0.724997 Sc=0.978166 D_a=0.930678 CI=0.863030
case=357 GED=0.452995 D_max=0.540239 Sc=0.987952 D_a=0.736992 CI=0.710884
case=358 GED=0.307937 D_max=0.688054 Sc=0.877551 D_a=0.831818 CI=0.790494
case=359 GED=0.478263 D_max=0.546551 Sc=1.000000 D_a=0.821565 CI=0.741318
case=36 GED=1.167346 D_max=0.129384 Sc=1.000000 D_a=0.555725 CI=0.284944
case=360 GED=0.627761 D_max=0.613929 Sc=0.936508 D_a=0.549596 CI=0.664280
[batch 204/293] done in 108.62s evaluated=1632/2340
[batch 205/293] start batch_cases=8 evaluated=1632/2340 cases=361..368
[batch 205/293] ensemble 1/4 done in 26.83s
[batch 205/293] ensemble 2/4 done in 26.78s
[batch 205/293] ensemble 3/4 done in 26.83s
[batch 205/293] ensemble 4/4 done in 26.78s
case=361 GED=0.532535 D_max=0.704889 Sc=0.993939 D_a=0.544985 CI=0.704279
case=362 GED=0.700594 D_max=0.645476 Sc=0.935252 D_a=0.604337 CI=0.702053
case=363 GED=0.540984 D_max=0.510568 Sc=0.936937 D_a=0.683561 CI=0.668325
case=364 GED=0.600958 D_max=0.666470 Sc=0.983516 D_a=0.480600 CI=0.652467
case=365 GED=0.768146 D_max=0.717730 Sc=0.956175 D_a=0.537543 CI=0.697766
case=366 GED=0.835249 D_max=0.543404 Sc=0.996169 D_a=0.513485 CI=0.626099
case=367 GED=0.674484 D_max=0.652382 Sc=0.996795 D_a=0.549593 CI=0.688770
case=368 GED=0.706558 D_max=0.625294 Sc=0.996283 D_a=0.496977 CI=0.650034
[running mean @ 1640 cases] GED=0.586346 D_max=0.541601 Sc=0.867397 D_a=0.786316 CI=0.632008
[batch 205/293] done in 107.34s evaluated=1640/2340
[batch 206/293] start batch_cases=8 evaluated=1640/2340 cases=369..375
[batch 206/293] ensemble 1/4 done in 26.81s
[batch 206/293] ensemble 2/4 done in 26.80s
[batch 206/293] ensemble 3/4 done in 26.83s
[batch 206/293] ensemble 4/4 done in 26.82s
case=369 GED=1.267498 D_max=0.575346 Sc=0.961390 D_a=0.535718 CI=0.645870
case=37 GED=0.088401 D_max=0.863240 Sc=0.951219 D_a=1.000000 CI=0.934664
case=370 GED=0.857822 D_max=0.624995 Sc=0.979339 D_a=0.532419 CI=0.666766
case=371 GED=0.418210 D_max=0.779790 Sc=0.971564 D_a=0.538803 CI=0.719833
case=372 GED=0.618732 D_max=0.806911 Sc=1.000000 D_a=0.814159 CI=0.865163
case=373 GED=0.408220 D_max=0.679083 Sc=1.000000 D_a=0.835570 CI=0.817581
case=374 GED=0.685877 D_max=0.572489 Sc=1.000000 D_a=0.881640 CI=0.772995
case=375 GED=0.638432 D_max=0.672116 Sc=0.995349 D_a=0.850056 CI=0.817683
[batch 206/293] done in 107.87s evaluated=1648/2340
[batch 207/293] start batch_cases=8 evaluated=1648/2340 cases=376..382
[batch 207/293] ensemble 1/4 done in 26.87s
[batch 207/293] ensemble 2/4 done in 26.82s
[batch 207/293] ensemble 3/4 done in 26.83s
[batch 207/293] ensemble 4/4 done in 26.81s
case=376 GED=0.661730 D_max=0.626184 Sc=0.989071 D_a=0.820153 CI=0.783841
case=377 GED=0.483733 D_max=0.669971 Sc=0.954839 D_a=0.833580 CI=0.802237
case=378 GED=0.580744 D_max=0.419963 Sc=1.000000 D_a=0.832581 CI=0.654701
case=379 GED=0.596943 D_max=0.420798 Sc=0.956790 D_a=0.748722 CI=0.630622
case=38 GED=1.068993 D_max=0.162478 Sc=1.000000 D_a=0.569876 CI=0.336721
case=380 GED=0.571392 D_max=0.696397 Sc=0.983936 D_a=0.487862 CI=0.666364
case=381 GED=0.547013 D_max=0.676010 Sc=0.996255 D_a=0.800141 CI=0.803685
case=382 GED=0.541691 D_max=0.631045 Sc=0.987552 D_a=0.852178 CI=0.795599
[batch 207/293] done in 108.27s evaluated=1656/2340
[batch 208/293] start batch_cases=8 evaluated=1656/2340 cases=383..39
[batch 208/293] ensemble 1/4 done in 26.78s
[batch 208/293] ensemble 2/4 done in 26.81s
[batch 208/293] ensemble 3/4 done in 26.79s
[batch 208/293] ensemble 4/4 done in 26.81s
case=383 GED=0.679719 D_max=0.563328 Sc=0.984375 D_a=0.551781 CI=0.651699
case=384 GED=0.434334 D_max=0.703020 Sc=0.982143 D_a=0.794326 CI=0.810911
case=385 GED=0.582534 D_max=0.850000 Sc=0.973684 D_a=0.846290 CI=0.886230
case=386 GED=0.414781 D_max=0.467357 Sc=0.756098 D_a=0.780702 CI=0.632488
[running mean @ 1660 cases] GED=0.586599 D_max=0.542582 Sc=0.868647 D_a=0.785822 CI=0.633247
case=387 GED=0.435996 D_max=0.635868 Sc=0.986667 D_a=0.889993 CI=0.808675
case=388 GED=0.109244 D_max=0.805970 Sc=0.652174 D_a=1.000000 CI=0.794897
case=389 GED=0.287095 D_max=0.769868 Sc=0.875000 D_a=0.999999 CI=0.871641
case=39 GED=0.244086 D_max=0.835142 Sc=0.993289 D_a=1.000000 CI=0.936283
[batch 208/293] done in 107.89s evaluated=1664/2340
[batch 209/293] start batch_cases=8 evaluated=1664/2340 cases=390..397
[batch 209/293] ensemble 1/4 done in 26.81s
[batch 209/293] ensemble 2/4 done in 26.81s
[batch 209/293] ensemble 3/4 done in 26.82s
[batch 209/293] ensemble 4/4 done in 26.78s
case=390 GED=1.058640 D_max=0.255231 Sc=0.823529 D_a=0.595193 CI=0.440371
case=391 GED=1.352632 D_max=0.306352 Sc=0.769231 D_a=0.579963 CI=0.477064
case=392 GED=0.123967 D_max=0.754098 Sc=0.200000 D_a=0.999999 CI=0.409495
case=393 GED=0.994079 D_max=0.075758 Sc=1.000000 D_a=0.718045 CI=0.192399
case=394 GED=0.289098 D_max=0.786765 Sc=1.000000 D_a=1.000000 CI=0.917143
case=395 GED=0.961156 D_max=0.328263 Sc=1.000000 D_a=0.465370 CI=0.484249
case=396 GED=0.869649 D_max=0.413194 Sc=0.979592 D_a=0.419932 CI=0.515257
case=397 GED=0.923573 D_max=0.204851 Sc=1.000000 D_a=0.633408 CI=0.402125
[batch 209/293] done in 108.05s evaluated=1672/2340
[batch 210/293] start batch_cases=8 evaluated=1672/2340 cases=398..403
[batch 210/293] ensemble 1/4 done in 26.83s
[batch 210/293] ensemble 2/4 done in 26.79s
[batch 210/293] ensemble 3/4 done in 26.82s
[batch 210/293] ensemble 4/4 done in 26.79s
case=398 GED=0.571359 D_max=0.808442 Sc=1.000000 D_a=0.763959 CI=0.846043
case=399 GED=0.619558 D_max=0.808824 Sc=0.954545 D_a=0.930769 CI=0.893292
case=4 GED=0.747751 D_max=0.321995 Sc=1.000000 D_a=0.533663 CI=0.501716
case=40 GED=0.242360 D_max=0.866234 Sc=1.000000 D_a=1.000000 CI=0.951046
case=400 GED=0.635666 D_max=0.781250 Sc=1.000000 D_a=0.829710 CI=0.860773
case=401 GED=1.125284 D_max=0.079546 Sc=1.000000 D_a=0.614799 CI=0.197395
case=402 GED=0.548271 D_max=0.369239 Sc=1.000000 D_a=0.798841 CI=0.604828
case=403 GED=0.565970 D_max=0.523281 Sc=1.000000 D_a=0.558777 CI=0.638211
[running mean @ 1680 cases] GED=0.587179 D_max=0.542510 Sc=0.869160 D_a=0.785593 CI=0.633293
[batch 210/293] done in 107.89s evaluated=1680/2340
[batch 211/293] start batch_cases=8 evaluated=1680/2340 cases=404..410
[batch 211/293] ensemble 1/4 done in 26.82s
[batch 211/293] ensemble 2/4 done in 26.81s
[batch 211/293] ensemble 3/4 done in 26.79s
[batch 211/293] ensemble 4/4 done in 26.82s
case=404 GED=0.441606 D_max=0.571894 Sc=0.994350 D_a=0.594972 CI=0.676436
case=405 GED=0.338050 D_max=0.782733 Sc=0.994220 D_a=0.880187 CI=0.877318
case=406 GED=0.519495 D_max=0.492165 Sc=0.979167 D_a=0.611595 CI=0.639906
case=407 GED=0.521933 D_max=0.480767 Sc=1.000000 D_a=0.995447 CI=0.734469
case=408 GED=0.520464 D_max=0.859375 Sc=1.000000 D_a=0.775000 CI=0.868568
case=409 GED=0.612899 D_max=0.464036 Sc=0.970297 D_a=0.640282 CI=0.631921
case=41 GED=0.479991 D_max=0.891317 Sc=0.959854 D_a=0.768075 CI=0.865622
case=410 GED=0.512321 D_max=0.514717 Sc=1.000000 D_a=0.528633 CI=0.620542
[batch 211/293] done in 108.10s evaluated=1688/2340
[batch 212/293] start batch_cases=8 evaluated=1688/2340 cases=411..418
[batch 212/293] ensemble 1/4 done in 26.77s
[batch 212/293] ensemble 2/4 done in 26.82s
[batch 212/293] ensemble 3/4 done in 26.78s
[batch 212/293] ensemble 4/4 done in 26.82s
case=411 GED=0.394783 D_max=0.574717 Sc=1.000000 D_a=0.548769 CI=0.657570
case=412 GED=0.477552 D_max=0.567991 Sc=0.994334 D_a=0.568846 CI=0.663096
case=413 GED=0.535180 D_max=0.534393 Sc=0.997382 D_a=0.570716 CI=0.648496
case=414 GED=0.269902 D_max=0.789871 Sc=0.951219 D_a=0.840633 CI=0.855458
case=415 GED=0.243375 D_max=0.830780 Sc=0.821918 D_a=1.000000 CI=0.877102
case=416 GED=0.677524 D_max=0.580539 Sc=0.995745 D_a=0.594357 CI=0.680380
case=417 GED=0.520573 D_max=0.686208 Sc=0.996575 D_a=0.550137 CI=0.701189
case=418 GED=0.397403 D_max=0.745382 Sc=0.943396 D_a=0.553687 CI=0.712984
[batch 212/293] done in 107.31s evaluated=1696/2340
[batch 213/293] start batch_cases=8 evaluated=1696/2340 cases=419..425
[batch 213/293] ensemble 1/4 done in 26.80s
[batch 213/293] ensemble 2/4 done in 26.81s
[batch 213/293] ensemble 3/4 done in 26.81s
[batch 213/293] ensemble 4/4 done in 26.78s
case=419 GED=0.420314 D_max=0.788040 Sc=0.971831 D_a=0.477644 CI=0.683128
case=42 GED=0.236030 D_max=0.891206 Sc=0.956522 D_a=1.000000 CI=0.947110
case=420 GED=0.310936 D_max=0.823978 Sc=0.974843 D_a=0.952494 CI=0.912046
case=421 GED=0.305601 D_max=0.840690 Sc=0.967988 D_a=0.901282 CI=0.900333
[running mean @ 1700 cases] GED=0.585409 D_max=0.544192 Sc=0.870387 D_a=0.784794 CI=0.634757
case=422 GED=0.280412 D_max=0.823631 Sc=0.950769 D_a=0.933820 CI=0.899069
case=423 GED=0.344186 D_max=0.788569 Sc=0.925125 D_a=0.939591 CI=0.878903
case=424 GED=0.278847 D_max=0.766399 Sc=0.918280 D_a=0.926570 CI=0.863796
case=425 GED=0.192785 D_max=0.877820 Sc=0.966102 D_a=1.000000 CI=0.945098
[batch 213/293] done in 108.73s evaluated=1704/2340
[batch 214/293] start batch_cases=8 evaluated=1704/2340 cases=426..432
[batch 214/293] ensemble 1/4 done in 26.80s
[batch 214/293] ensemble 2/4 done in 26.78s
[batch 214/293] ensemble 3/4 done in 26.80s
[batch 214/293] ensemble 4/4 done in 26.78s
case=426 GED=0.592701 D_max=0.395084 Sc=0.991501 D_a=0.562875 CI=0.564305
case=427 GED=0.112407 D_max=0.901189 Sc=0.980285 D_a=1.000000 CI=0.958541
case=428 GED=0.616403 D_max=0.411934 Sc=1.000000 D_a=0.536442 CI=0.566925
case=429 GED=0.599712 D_max=0.402780 Sc=1.000000 D_a=0.525454 CI=0.557014
case=43 GED=0.522946 D_max=0.879222 Sc=1.000000 D_a=0.829367 CI=0.897369
case=430 GED=0.582442 D_max=0.352472 Sc=1.000000 D_a=0.673958 CI=0.563817
case=431 GED=0.467008 D_max=0.909615 Sc=0.970588 D_a=0.807087 CI=0.890553
case=432 GED=0.233397 D_max=0.915721 Sc=0.994956 D_a=0.885741 CI=0.929915
[batch 214/293] done in 107.28s evaluated=1712/2340
[batch 215/293] start batch_cases=8 evaluated=1712/2340 cases=433..44
[batch 215/293] ensemble 1/4 done in 26.81s
[batch 215/293] ensemble 2/4 done in 26.79s
[batch 215/293] ensemble 3/4 done in 26.81s
[batch 215/293] ensemble 4/4 done in 26.81s
case=433 GED=0.251406 D_max=0.805393 Sc=0.533210 D_a=1.000000 CI=0.728675
case=434 GED=0.184419 D_max=0.830391 Sc=0.686836 D_a=1.000000 CI=0.819627
case=435 GED=0.232553 D_max=0.914408 Sc=0.880201 D_a=0.895480 CI=0.896479
case=436 GED=0.161425 D_max=0.870551 Sc=0.858447 D_a=1.000000 CI=0.905362
case=437 GED=0.326381 D_max=0.834670 Sc=0.740879 D_a=0.716763 CI=0.760844
case=438 GED=0.319354 D_max=0.628963 Sc=0.154574 D_a=1.000000 CI=0.331151
case=439 GED=0.190290 D_max=0.899061 Sc=0.932836 D_a=1.000000 CI=0.942131
case=44 GED=0.223838 D_max=0.896438 Sc=0.931217 D_a=1.000000 CI=0.940619
[running mean @ 1720 cases] GED=0.582505 D_max=0.546646 Sc=0.870392 D_a=0.785688 CI=0.636585
[batch 215/293] done in 108.66s evaluated=1720/2340
[batch 216/293] start batch_cases=8 evaluated=1720/2340 cases=440..447
[batch 216/293] ensemble 1/4 done in 26.84s
[batch 216/293] ensemble 2/4 done in 26.81s
[batch 216/293] ensemble 3/4 done in 26.80s
[batch 216/293] ensemble 4/4 done in 26.82s
case=440 GED=0.432564 D_max=0.711888 Sc=1.000000 D_a=0.840298 CI=0.834546
case=441 GED=0.751124 D_max=0.516173 Sc=0.989899 D_a=0.508486 CI=0.610481
case=442 GED=0.562381 D_max=0.653810 Sc=0.972050 D_a=0.727434 CI=0.762787
case=443 GED=0.456241 D_max=0.763000 Sc=0.982877 D_a=0.756436 CI=0.821912
case=444 GED=0.671241 D_max=0.743548 Sc=0.996491 D_a=0.754969 CI=0.816775
case=445 GED=0.840988 D_max=0.449253 Sc=0.992780 D_a=0.520143 CI=0.581876
case=446 GED=0.659244 D_max=0.591527 Sc=0.988636 D_a=0.796974 CI=0.758192
case=447 GED=0.674805 D_max=0.579186 Sc=0.980916 D_a=0.536898 CI=0.650962
[batch 216/293] done in 107.90s evaluated=1728/2340
[batch 217/293] start batch_cases=8 evaluated=1728/2340 cases=448..454
[batch 217/293] ensemble 1/4 done in 26.79s
[batch 217/293] ensemble 2/4 done in 26.82s
[batch 217/293] ensemble 3/4 done in 26.80s
[batch 217/293] ensemble 4/4 done in 26.81s
case=448 GED=0.505033 D_max=0.565382 Sc=0.872861 D_a=0.709295 CI=0.693766
case=449 GED=0.183034 D_max=0.810908 Sc=0.646552 D_a=1.000000 CI=0.793682
case=45 GED=1.028392 D_max=0.174279 Sc=1.000000 D_a=0.603725 CI=0.357385
case=450 GED=0.230924 D_max=0.840909 Sc=0.429412 D_a=1.000000 CI=0.664017
case=451 GED=0.222995 D_max=0.865108 Sc=0.561644 D_a=1.000000 CI=0.762115
case=452 GED=0.862641 D_max=0.538656 Sc=0.991228 D_a=0.585842 CI=0.656130
case=453 GED=0.617804 D_max=0.503557 Sc=0.693467 D_a=0.611534 CI=0.592518
case=454 GED=0.464480 D_max=0.654563 Sc=0.870670 D_a=0.866309 CI=0.783167
[batch 217/293] done in 107.35s evaluated=1736/2340
[batch 218/293] start batch_cases=8 evaluated=1736/2340 cases=455..461
[batch 218/293] ensemble 1/4 done in 26.80s
[batch 218/293] ensemble 2/4 done in 26.82s
[batch 218/293] ensemble 3/4 done in 26.81s
[batch 218/293] ensemble 4/4 done in 26.79s
case=455 GED=0.529619 D_max=0.691641 Sc=0.991501 D_a=0.868138 CI=0.831878
case=456 GED=0.490008 D_max=0.711765 Sc=0.991549 D_a=0.903963 CI=0.852340
case=457 GED=0.499836 D_max=0.723747 Sc=0.982808 D_a=0.854379 CI=0.840423
case=458 GED=0.557696 D_max=0.689592 Sc=0.994429 D_a=0.863052 CI=0.830010
[running mean @ 1740 cases] GED=0.582270 D_max=0.547707 Sc=0.870692 D_a=0.785454 CI=0.637598
case=459 GED=0.566604 D_max=0.695874 Sc=0.985994 D_a=0.915853 CI=0.846710
case=46 GED=0.569096 D_max=0.924107 Sc=0.997712 D_a=0.926319 CI=0.948178
case=460 GED=0.400780 D_max=0.701984 Sc=0.984375 D_a=0.887755 CI=0.841080
case=461 GED=0.371147 D_max=0.649744 Sc=0.991379 D_a=0.963269 CI=0.836612
[batch 218/293] done in 108.43s evaluated=1744/2340
[batch 219/293] start batch_cases=8 evaluated=1744/2340 cases=462..469
[batch 219/293] ensemble 1/4 done in 26.81s
[batch 219/293] ensemble 2/4 done in 26.78s
[batch 219/293] ensemble 3/4 done in 26.82s
[batch 219/293] ensemble 4/4 done in 26.78s
case=462 GED=0.353020 D_max=0.597991 Sc=1.000000 D_a=0.577702 CI=0.681313
case=463 GED=0.470467 D_max=0.520843 Sc=0.998325 D_a=0.570825 CI=0.641918
case=464 GED=0.469637 D_max=0.506745 Sc=1.000000 D_a=0.626058 CI=0.656358
case=465 GED=0.241725 D_max=0.753394 Sc=1.000000 D_a=1.000000 CI=0.901624
case=466 GED=0.339352 D_max=0.751759 Sc=0.973684 D_a=0.922740 CI=0.871847
case=467 GED=0.469202 D_max=0.500029 Sc=0.925926 D_a=0.643941 CI=0.647554
case=468 GED=0.386644 D_max=0.530300 Sc=1.000000 D_a=0.667440 CI=0.684308
case=469 GED=0.467610 D_max=0.542139 Sc=0.986842 D_a=0.589941 CI=0.658912
[batch 219/293] done in 107.31s evaluated=1752/2340
[batch 220/293] start batch_cases=8 evaluated=1752/2340 cases=47..476
[batch 220/293] ensemble 1/4 done in 26.82s
[batch 220/293] ensemble 2/4 done in 26.81s
[batch 220/293] ensemble 3/4 done in 26.80s
[batch 220/293] ensemble 4/4 done in 26.82s
case=47 GED=0.684358 D_max=0.520031 Sc=0.988889 D_a=0.770496 CI=0.708874
case=470 GED=0.366220 D_max=0.567989 Sc=0.977157 D_a=0.683395 CI=0.706338
case=471 GED=0.398595 D_max=0.580874 Sc=0.997934 D_a=0.564533 CI=0.667410
case=472 GED=0.404008 D_max=0.562500 Sc=0.998342 D_a=0.612346 CI=0.679886
case=473 GED=0.473560 D_max=0.565028 Sc=0.993453 D_a=0.570934 CI=0.662555
case=474 GED=0.285767 D_max=0.796219 Sc=1.000000 D_a=1.000000 CI=0.921394
case=475 GED=1.083786 D_max=0.094340 Sc=0.968750 D_a=0.587125 CI=0.224964
case=476 GED=1.079046 D_max=0.109155 Sc=1.000000 D_a=0.618577 CI=0.254714
[running mean @ 1760 cases] GED=0.581267 D_max=0.548001 Sc=0.872030 D_a=0.784881 CI=0.638332
[batch 220/293] done in 108.08s evaluated=1760/2340
[batch 221/293] start batch_cases=8 evaluated=1760/2340 cases=477..483
[batch 221/293] ensemble 1/4 done in 26.78s
[batch 221/293] ensemble 2/4 done in 26.81s
[batch 221/293] ensemble 3/4 done in 26.78s
[batch 221/293] ensemble 4/4 done in 26.81s
case=477 GED=0.664366 D_max=0.614123 Sc=0.990196 D_a=0.829252 CI=0.780408
case=478 GED=0.540303 D_max=0.693842 Sc=0.981707 D_a=0.738469 CI=0.786568
case=479 GED=0.508674 D_max=0.723253 Sc=1.000000 D_a=0.770561 CI=0.815130
case=48 GED=0.722404 D_max=0.557580 Sc=1.000000 D_a=0.879117 CI=0.763170
case=480 GED=0.682987 D_max=0.279016 Sc=1.000000 D_a=0.674612 CI=0.494530
case=481 GED=0.246478 D_max=0.558131 Sc=0.800000 D_a=0.999999 CI=0.742263
case=482 GED=0.563383 D_max=0.507841 Sc=0.939394 D_a=0.812204 CI=0.703424
case=483 GED=0.504574 D_max=0.489203 Sc=0.975000 D_a=0.911765 CI=0.720019
[batch 221/293] done in 107.30s evaluated=1768/2340
[batch 222/293] start batch_cases=8 evaluated=1768/2340 cases=484..490
[batch 222/293] ensemble 1/4 done in 26.79s
[batch 222/293] ensemble 2/4 done in 26.82s
[batch 222/293] ensemble 3/4 done in 26.81s
[batch 222/293] ensemble 4/4 done in 26.79s
case=484 GED=0.608603 D_max=0.543166 Sc=0.941176 D_a=0.902635 CI=0.747864
case=485 GED=0.502435 D_max=0.407140 Sc=1.000000 D_a=0.863636 CI=0.650188
case=486 GED=0.570081 D_max=0.593766 Sc=0.931429 D_a=0.610493 CI=0.682469
case=487 GED=0.617048 D_max=0.553877 Sc=0.962025 D_a=0.584613 CI=0.658550
case=488 GED=0.698239 D_max=0.554039 Sc=0.917647 D_a=0.458114 CI=0.590838
case=489 GED=0.662586 D_max=0.600080 Sc=0.995074 D_a=0.469984 CI=0.625114
case=49 GED=0.760544 D_max=0.373081 Sc=0.962963 D_a=0.622843 CI=0.563446
case=490 GED=0.655602 D_max=0.625830 Sc=0.991266 D_a=0.831581 CI=0.787563
[batch 222/293] done in 108.50s evaluated=1776/2340
[batch 223/293] start batch_cases=8 evaluated=1776/2340 cases=491..498
[batch 223/293] ensemble 1/4 done in 26.86s
[batch 223/293] ensemble 2/4 done in 26.77s
[batch 223/293] ensemble 3/4 done in 26.81s
[batch 223/293] ensemble 4/4 done in 26.78s
case=491 GED=0.586626 D_max=0.652501 Sc=1.000000 D_a=0.743180 CI=0.773568
case=492 GED=0.499896 D_max=0.626383 Sc=0.990909 D_a=0.692288 CI=0.740718
case=493 GED=0.657089 D_max=0.613141 Sc=0.987730 D_a=0.542779 CI=0.668786
case=494 GED=0.782193 D_max=0.448775 Sc=0.882353 D_a=0.366975 CI=0.492886
[running mean @ 1780 cases] GED=0.581497 D_max=0.548031 Sc=0.873046 D_a=0.784098 CI=0.638905
case=495 GED=0.475000 D_max=0.500000 Sc=0.000000 D_a=0.500000 CI=0.000000
case=496 GED=0.300157 D_max=0.754300 Sc=0.861035 D_a=0.933566 CI=0.843103
case=497 GED=0.330246 D_max=0.599607 Sc=0.989247 D_a=0.564335 CI=0.674062
case=498 GED=0.242801 D_max=0.818421 Sc=0.986183 D_a=0.912848 CI=0.900536
[batch 223/293] done in 107.34s evaluated=1784/2340
[batch 224/293] start batch_cases=8 evaluated=1784/2340 cases=499..504
[batch 224/293] ensemble 1/4 done in 26.82s
[batch 224/293] ensemble 2/4 done in 26.80s
[batch 224/293] ensemble 3/4 done in 26.79s
[batch 224/293] ensemble 4/4 done in 26.79s
case=499 GED=0.294598 D_max=0.794700 Sc=0.980099 D_a=0.925607 CI=0.893119
case=5 GED=0.671166 D_max=0.356673 Sc=0.975425 D_a=0.539258 CI=0.527864
case=50 GED=0.092803 D_max=0.852410 Sc=0.395349 D_a=1.000000 CI=0.637951
case=500 GED=0.504204 D_max=0.443596 Sc=0.962766 D_a=0.682750 CI=0.630564
case=501 GED=0.293317 D_max=0.811350 Sc=0.724138 D_a=1.000000 CI=0.830228
case=502 GED=0.125000 D_max=0.750000 Sc=0.000000 D_a=0.500000 CI=0.000000
case=503 GED=0.522932 D_max=0.838435 Sc=0.971429 D_a=0.742915 CI=0.840770
case=504 GED=0.432616 D_max=0.731405 Sc=1.000000 D_a=0.860248 CI=0.849934
[batch 224/293] done in 108.03s evaluated=1792/2340
[batch 225/293] start batch_cases=8 evaluated=1792/2340 cases=505..511
[batch 225/293] ensemble 1/4 done in 26.83s
[batch 225/293] ensemble 2/4 done in 26.81s
[batch 225/293] ensemble 3/4 done in 26.81s
[batch 225/293] ensemble 4/4 done in 26.82s
case=505 GED=0.380014 D_max=0.687748 Sc=0.990385 D_a=0.955852 CI=0.854721
case=506 GED=0.381068 D_max=0.619912 Sc=0.959184 D_a=0.919841 CI=0.801533
case=507 GED=0.852306 D_max=0.187253 Sc=1.000000 D_a=0.562493 CI=0.369541
case=508 GED=0.528360 D_max=0.580827 Sc=1.000000 D_a=0.801754 CI=0.755868
case=509 GED=0.254651 D_max=0.781818 Sc=0.888889 D_a=1.000000 CI=0.881298
case=51 GED=0.527964 D_max=0.886792 Sc=0.815534 D_a=0.829049 CI=0.842684
case=510 GED=0.489079 D_max=0.509647 Sc=0.962264 D_a=0.935294 CI=0.737003
case=511 GED=0.781129 D_max=0.262712 Sc=0.977778 D_a=0.680774 CI=0.476335
[running mean @ 1800 cases] GED=0.579747 D_max=0.549035 Sc=0.872478 D_a=0.784190 CI=0.639221
[batch 225/293] done in 107.85s evaluated=1800/2340
[batch 226/293] start batch_cases=8 evaluated=1800/2340 cases=512..519
[batch 226/293] ensemble 1/4 done in 26.80s
[batch 226/293] ensemble 2/4 done in 26.83s
[batch 226/293] ensemble 3/4 done in 26.79s
[batch 226/293] ensemble 4/4 done in 26.83s
case=512 GED=0.983813 D_max=0.045069 Sc=1.000000 D_a=0.683970 CI=0.121702
case=513 GED=1.003042 D_max=0.190610 Sc=1.000000 D_a=0.556494 CI=0.372982
case=514 GED=0.947304 D_max=0.288403 Sc=0.965517 D_a=0.418220 CI=0.435150
case=515 GED=0.994199 D_max=0.191577 Sc=1.000000 D_a=0.456900 CI=0.356782
case=516 GED=0.112903 D_max=0.794118 Sc=1.000000 D_a=1.000000 CI=0.920454
case=517 GED=0.665858 D_max=0.288343 Sc=1.000000 D_a=0.701719 CI=0.509065
case=518 GED=0.657508 D_max=0.426726 Sc=1.000000 D_a=1.000000 CI=0.690699
case=519 GED=0.513868 D_max=0.649109 Sc=1.000000 D_a=0.815068 CI=0.796292
[batch 226/293] done in 107.37s evaluated=1808/2340
[batch 227/293] start batch_cases=8 evaluated=1808/2340 cases=52..526
[batch 227/293] ensemble 1/4 done in 26.81s
[batch 227/293] ensemble 2/4 done in 26.81s
[batch 227/293] ensemble 3/4 done in 26.82s
[batch 227/293] ensemble 4/4 done in 26.80s
case=52 GED=1.002134 D_max=0.147059 Sc=1.000000 D_a=0.631873 CI=0.319741
case=520 GED=0.243642 D_max=0.823099 Sc=0.974359 D_a=1.000000 CI=0.925573
case=521 GED=0.911065 D_max=0.159091 Sc=1.000000 D_a=0.763994 CI=0.349055
case=522 GED=0.964342 D_max=0.167300 Sc=1.000000 D_a=0.692338 CI=0.356225
case=523 GED=0.233779 D_max=0.844059 Sc=1.000000 D_a=1.000000 CI=0.941989
case=524 GED=0.105769 D_max=0.816667 Sc=0.785714 D_a=1.000000 CI=0.857825
case=525 GED=0.987961 D_max=0.080645 Sc=1.000000 D_a=0.733773 CI=0.203213
case=526 GED=0.734755 D_max=0.183321 Sc=0.954545 D_a=0.726830 CI=0.380789
[batch 227/293] done in 108.67s evaluated=1816/2340
[batch 228/293] start batch_cases=8 evaluated=1816/2340 cases=527..533
[batch 228/293] ensemble 1/4 done in 26.83s
[batch 228/293] ensemble 2/4 done in 26.76s
[batch 228/293] ensemble 3/4 done in 26.80s
[batch 228/293] ensemble 4/4 done in 26.79s
case=527 GED=0.554216 D_max=0.801020 Sc=1.000000 D_a=0.790322 CI=0.853797
case=528 GED=0.574781 D_max=0.431358 Sc=0.870968 D_a=0.928571 CI=0.660308
case=529 GED=0.442937 D_max=0.604155 Sc=0.942857 D_a=0.890543 CI=0.781510
case=53 GED=0.213717 D_max=0.897887 Sc=0.959184 D_a=1.000000 CI=0.950486
[running mean @ 1820 cases] GED=0.580435 D_max=0.547853 Sc=0.873579 D_a=0.784249 CI=0.638671
case=530 GED=0.824776 D_max=0.256870 Sc=1.000000 D_a=0.595941 CI=0.456549
case=531 GED=0.705702 D_max=0.526635 Sc=0.975000 D_a=0.970588 CI=0.758573
case=532 GED=0.652734 D_max=0.400848 Sc=0.910714 D_a=0.629506 CI=0.579006
case=533 GED=0.683176 D_max=0.555111 Sc=1.000000 D_a=0.863854 CI=0.757758
[batch 228/293] done in 107.31s evaluated=1824/2340
[batch 229/293] start batch_cases=8 evaluated=1824/2340 cases=534..540
[batch 229/293] ensemble 1/4 done in 26.83s
[batch 229/293] ensemble 2/4 done in 26.81s
[batch 229/293] ensemble 3/4 done in 26.82s
[batch 229/293] ensemble 4/4 done in 26.83s
case=534 GED=0.703398 D_max=0.588339 Sc=0.989011 D_a=0.782169 CI=0.752010
case=535 GED=0.291442 D_max=0.661781 Sc=0.743590 D_a=1.000000 CI=0.778028
case=536 GED=0.112342 D_max=0.795977 Sc=1.000000 D_a=1.000000 CI=0.921286
case=537 GED=1.110839 D_max=0.138484 Sc=1.000000 D_a=0.547171 CI=0.298548
case=538 GED=1.026858 D_max=0.184783 Sc=0.977778 D_a=0.552966 CI=0.363949
case=539 GED=0.511373 D_max=0.937692 Sc=0.977444 D_a=0.866667 CI=0.924964
case=54 GED=0.218102 D_max=0.854167 Sc=1.000000 D_a=1.000000 CI=0.946154
case=540 GED=0.996312 D_max=0.164452 Sc=0.992126 D_a=0.578264 CI=0.340211
[batch 229/293] done in 108.04s evaluated=1832/2340
[batch 230/293] start batch_cases=8 evaluated=1832/2340 cases=541..548
[batch 230/293] ensemble 1/4 done in 26.78s
[batch 230/293] ensemble 2/4 done in 26.82s
[batch 230/293] ensemble 3/4 done in 26.78s
[batch 230/293] ensemble 4/4 done in 26.82s
case=541 GED=0.552590 D_max=0.377291 Sc=0.954545 D_a=0.846154 CI=0.614765
case=542 GED=0.578945 D_max=0.500164 Sc=0.952381 D_a=0.823742 CI=0.703677
case=543 GED=0.615512 D_max=0.478988 Sc=0.686275 D_a=0.928571 CI=0.649098
case=544 GED=0.264537 D_max=0.786810 Sc=1.000000 D_a=1.000000 CI=0.917163
case=545 GED=0.108209 D_max=0.809211 Sc=0.857143 D_a=1.000000 CI=0.881720
case=546 GED=0.121324 D_max=0.764286 Sc=1.000000 D_a=0.999998 CI=0.906779
case=547 GED=1.098105 D_max=0.071429 Sc=1.000000 D_a=0.532919 CI=0.177763
case=548 GED=0.582987 D_max=0.835227 Sc=1.000000 D_a=0.871747 CI=0.897022
[running mean @ 1840 cases] GED=0.580517 D_max=0.547707 Sc=0.874419 D_a=0.784632 CI=0.639134
[batch 230/293] done in 107.32s evaluated=1840/2340
[batch 231/293] start batch_cases=8 evaluated=1840/2340 cases=549..555
[batch 231/293] ensemble 1/4 done in 26.80s
[batch 231/293] ensemble 2/4 done in 26.80s
[batch 231/293] ensemble 3/4 done in 26.80s
[batch 231/293] ensemble 4/4 done in 26.79s
case=549 GED=0.563903 D_max=0.815789 Sc=0.733333 D_a=0.755102 CI=0.766525
case=55 GED=0.112500 D_max=0.795455 Sc=0.295455 D_a=1.000000 CI=0.531749
case=550 GED=1.001876 D_max=0.466637 Sc=0.840580 D_a=0.555334 CI=0.584412
case=551 GED=0.761266 D_max=0.497838 Sc=1.000000 D_a=0.500562 CI=0.599228
case=552 GED=0.598147 D_max=0.801948 Sc=1.000000 D_a=0.848993 CI=0.875956
case=553 GED=0.832573 D_max=0.387111 Sc=1.000000 D_a=0.479472 CI=0.529206
case=554 GED=0.801632 D_max=0.391343 Sc=1.000000 D_a=0.475748 CI=0.530292
case=555 GED=0.115099 D_max=0.786697 Sc=0.727273 D_a=1.000000 CI=0.822788
[batch 231/293] done in 108.60s evaluated=1848/2340
[batch 232/293] start batch_cases=8 evaluated=1848/2340 cases=556..562
[batch 232/293] ensemble 1/4 done in 26.81s
[batch 232/293] ensemble 2/4 done in 26.80s
[batch 232/293] ensemble 3/4 done in 26.82s
[batch 232/293] ensemble 4/4 done in 26.80s
case=556 GED=0.214804 D_max=0.737303 Sc=0.792453 D_a=1.000000 CI=0.829142
case=557 GED=0.407947 D_max=0.747454 Sc=1.000000 D_a=0.758442 CI=0.820487
case=558 GED=0.532709 D_max=0.742203 Sc=0.995604 D_a=0.821934 CI=0.840713
case=559 GED=0.478752 D_max=0.764149 Sc=0.998594 D_a=0.548292 CI=0.725707
case=56 GED=1.107489 D_max=0.088571 Sc=1.000000 D_a=0.564296 CI=0.213334
case=560 GED=0.432037 D_max=0.762928 Sc=1.000000 D_a=0.872759 CI=0.867922
case=561 GED=0.399781 D_max=0.798741 Sc=0.994398 D_a=0.898100 CI=0.889926
case=562 GED=0.486398 D_max=0.722107 Sc=0.992308 D_a=0.880142 CI=0.850155
[batch 232/293] done in 107.35s evaluated=1856/2340
[batch 233/293] start batch_cases=8 evaluated=1856/2340 cases=563..57
[batch 233/293] ensemble 1/4 done in 26.81s
[batch 233/293] ensemble 2/4 done in 26.80s
[batch 233/293] ensemble 3/4 done in 26.80s
[batch 233/293] ensemble 4/4 done in 26.81s
case=563 GED=0.440265 D_max=0.730858 Sc=0.989201 D_a=0.954404 CI=0.875415
case=564 GED=1.029525 D_max=0.156077 Sc=1.000000 D_a=0.573585 CI=0.327851
case=565 GED=0.211224 D_max=0.911836 Sc=0.995238 D_a=1.000000 CI=0.967282
case=566 GED=1.069047 D_max=0.204724 Sc=0.927778 D_a=0.523896 CI=0.381135
[running mean @ 1860 cases] GED=0.580510 D_max=0.548436 Sc=0.874845 D_a=0.784265 CI=0.639697
case=567 GED=1.062697 D_max=0.162409 Sc=0.923810 D_a=0.540192 CI=0.329998
case=568 GED=0.282170 D_max=0.779126 Sc=1.000000 D_a=0.999999 CI=0.913662
case=569 GED=1.166542 D_max=0.046358 Sc=1.000000 D_a=0.606295 CI=0.123861
case=57 GED=0.373346 D_max=0.754822 Sc=1.000000 D_a=0.782392 CI=0.832652
[batch 233/293] done in 108.60s evaluated=1864/2340
[batch 234/293] start batch_cases=8 evaluated=1864/2340 cases=570..577
[batch 234/293] ensemble 1/4 done in 26.84s
[batch 234/293] ensemble 2/4 done in 26.80s
[batch 234/293] ensemble 3/4 done in 26.80s
[batch 234/293] ensemble 4/4 done in 26.82s
case=570 GED=0.605713 D_max=0.769418 Sc=1.000000 D_a=0.765559 CI=0.831965
case=571 GED=0.733736 D_max=0.419978 Sc=0.929577 D_a=0.581267 CI=0.579462
case=572 GED=0.538442 D_max=0.639640 Sc=0.991379 D_a=0.861081 CI=0.803556
case=573 GED=0.640133 D_max=0.569423 Sc=0.969388 D_a=0.540312 CI=0.646757
case=574 GED=0.125000 D_max=0.750000 Sc=0.000000 D_a=0.500000 CI=0.000000
case=575 GED=0.243686 D_max=0.805804 Sc=1.000000 D_a=1.000000 CI=0.925641
case=576 GED=0.588289 D_max=0.530758 Sc=1.000000 D_a=0.947999 CI=0.761624
case=577 GED=0.711433 D_max=0.573021 Sc=0.968254 D_a=0.546894 CI=0.651263
[batch 234/293] done in 107.91s evaluated=1872/2340
[batch 235/293] start batch_cases=8 evaluated=1872/2340 cases=578..584
[batch 235/293] ensemble 1/4 done in 26.79s
[batch 235/293] ensemble 2/4 done in 26.82s
[batch 235/293] ensemble 3/4 done in 26.78s
[batch 235/293] ensemble 4/4 done in 26.81s
case=578 GED=0.804179 D_max=0.545017 Sc=1.000000 D_a=0.706483 CI=0.705838
case=579 GED=0.113598 D_max=0.791796 Sc=0.964286 D_a=1.000000 CI=0.909094
case=58 GED=0.287295 D_max=0.681871 Sc=0.888889 D_a=1.000000 CI=0.835293
case=580 GED=0.577076 D_max=0.625336 Sc=0.898990 D_a=0.882353 CI=0.780268
case=581 GED=0.638860 D_max=0.684030 Sc=0.988372 D_a=0.479246 CI=0.657851
case=582 GED=0.778112 D_max=0.501519 Sc=0.712991 D_a=0.900194 CI=0.665578
case=583 GED=0.506136 D_max=0.610047 Sc=0.964045 D_a=0.976053 CI=0.810581
case=584 GED=0.422906 D_max=0.694358 Sc=0.989362 D_a=0.936256 CI=0.852511
[running mean @ 1880 cases] GED=0.580291 D_max=0.548950 Sc=0.875214 D_a=0.784195 CI=0.640135
[batch 235/293] done in 107.32s evaluated=1880/2340
[batch 236/293] start batch_cases=8 evaluated=1880/2340 cases=585..591
[batch 236/293] ensemble 1/4 done in 26.80s
[batch 236/293] ensemble 2/4 done in 26.82s
[batch 236/293] ensemble 3/4 done in 26.82s
[batch 236/293] ensemble 4/4 done in 26.80s
case=585 GED=0.444935 D_max=0.576665 Sc=0.932692 D_a=0.715026 CI=0.713466
case=586 GED=0.419431 D_max=0.429879 Sc=1.000000 D_a=0.959673 CI=0.686773
case=587 GED=0.124999 D_max=0.750001 Sc=0.000000 D_a=0.500003 CI=0.000000
case=588 GED=0.467897 D_max=0.457469 Sc=0.948571 D_a=0.773347 CI=0.661779
case=589 GED=0.311074 D_max=0.825514 Sc=0.898785 D_a=0.953333 CI=0.889435
case=59 GED=0.557303 D_max=0.350016 Sc=0.979730 D_a=0.659427 CI=0.556156
case=590 GED=0.346811 D_max=0.562327 Sc=0.920502 D_a=0.641284 CI=0.678110
case=591 GED=0.399049 D_max=0.684996 Sc=0.848485 D_a=0.947853 CI=0.812248
[batch 236/293] done in 108.60s evaluated=1888/2340
[batch 237/293] start batch_cases=8 evaluated=1888/2340 cases=592..599
[batch 237/293] ensemble 1/4 done in 26.82s
[batch 237/293] ensemble 2/4 done in 26.77s
[batch 237/293] ensemble 3/4 done in 26.82s
[batch 237/293] ensemble 4/4 done in 26.79s
case=592 GED=0.597281 D_max=0.333855 Sc=0.933333 D_a=0.749856 CI=0.555522
case=593 GED=1.140661 D_max=0.014493 Sc=1.000000 D_a=0.561841 CI=0.041795
case=594 GED=0.838390 D_max=0.434955 Sc=1.000000 D_a=0.832902 CI=0.666709
case=595 GED=0.894960 D_max=0.309068 Sc=0.976190 D_a=0.604072 CI=0.507155
case=596 GED=0.793836 D_max=0.303620 Sc=0.979592 D_a=0.687849 CI=0.520090
case=597 GED=0.837009 D_max=0.339244 Sc=0.976190 D_a=0.567148 CI=0.523073
case=598 GED=0.580031 D_max=0.780303 Sc=1.000000 D_a=0.806273 CI=0.851830
case=599 GED=0.621373 D_max=0.847297 Sc=0.972973 D_a=0.879310 CI=0.896792
[batch 237/293] done in 107.85s evaluated=1896/2340
[batch 238/293] start batch_cases=8 evaluated=1896/2340 cases=6..605
[batch 238/293] ensemble 1/4 done in 26.82s
[batch 238/293] ensemble 2/4 done in 26.81s
[batch 238/293] ensemble 3/4 done in 26.80s
[batch 238/293] ensemble 4/4 done in 26.82s
case=6 GED=0.293648 D_max=0.852210 Sc=0.991952 D_a=0.892766 CI=0.908637
case=60 GED=0.499286 D_max=0.730054 Sc=0.983221 D_a=0.817339 CI=0.830953
case=600 GED=0.557428 D_max=0.831633 Sc=0.937500 D_a=0.834559 CI=0.865212
case=601 GED=0.260259 D_max=0.823099 Sc=1.000000 D_a=1.000000 CI=0.933149
[running mean @ 1900 cases] GED=0.579965 D_max=0.549086 Sc=0.875622 D_a=0.784037 CI=0.640291
case=602 GED=1.080104 D_max=0.075582 Sc=1.000000 D_a=0.693835 CI=0.191424
case=603 GED=0.415670 D_max=0.707130 Sc=1.000000 D_a=0.766094 CI=0.806562
case=604 GED=0.259723 D_max=0.697367 Sc=0.981818 D_a=1.000000 CI=0.868939
case=605 GED=0.773946 D_max=0.226133 Sc=1.000000 D_a=0.603856 CI=0.423836
[batch 238/293] done in 107.96s evaluated=1904/2340
[batch 239/293] start batch_cases=8 evaluated=1904/2340 cases=606..612
[batch 239/293] ensemble 1/4 done in 26.79s
[batch 239/293] ensemble 2/4 done in 26.83s
[batch 239/293] ensemble 3/4 done in 26.79s
[batch 239/293] ensemble 4/4 done in 26.82s
case=606 GED=0.407107 D_max=0.695127 Sc=0.976744 D_a=0.769886 CI=0.797599
case=607 GED=0.483417 D_max=0.636484 Sc=1.000000 D_a=0.787401 CI=0.781020
case=608 GED=0.421274 D_max=0.584170 Sc=0.956522 D_a=0.751462 CI=0.733850
case=609 GED=0.610640 D_max=0.383369 Sc=0.692308 D_a=0.937500 CI=0.585987
case=61 GED=0.516806 D_max=0.689836 Sc=0.987805 D_a=0.763599 CI=0.795428
case=610 GED=0.427376 D_max=0.522352 Sc=0.969697 D_a=0.973108 CI=0.755039
case=611 GED=0.802018 D_max=0.228861 Sc=1.000000 D_a=0.601764 CI=0.426667
case=612 GED=0.600338 D_max=0.520918 Sc=1.000000 D_a=0.875242 CI=0.738511
[batch 239/293] done in 107.35s evaluated=1912/2340
[batch 240/293] start batch_cases=8 evaluated=1912/2340 cases=613..62
[batch 240/293] ensemble 1/4 done in 26.79s
[batch 240/293] ensemble 2/4 done in 26.82s
[batch 240/293] ensemble 3/4 done in 26.80s
[batch 240/293] ensemble 4/4 done in 26.79s
case=613 GED=0.534336 D_max=0.553109 Sc=1.000000 D_a=0.992754 CI=0.786316
case=614 GED=0.530750 D_max=0.555256 Sc=0.960784 D_a=0.980519 CI=0.776869
case=615 GED=0.777397 D_max=0.310692 Sc=0.979167 D_a=0.575730 CI=0.501939
case=616 GED=0.772321 D_max=0.282281 Sc=1.000000 D_a=0.586393 CI=0.480161
case=617 GED=0.481683 D_max=0.525262 Sc=0.942308 D_a=0.910714 CI=0.738357
case=618 GED=0.825124 D_max=0.212748 Sc=1.000000 D_a=0.664844 CI=0.416406
case=619 GED=0.472629 D_max=0.492370 Sc=0.919255 D_a=0.641398 CI=0.641310
case=62 GED=0.412098 D_max=0.697204 Sc=0.932927 D_a=0.929891 CI=0.837617
[running mean @ 1920 cases] GED=0.579968 D_max=0.548364 Sc=0.876553 D_a=0.784102 CI=0.640436
[batch 240/293] done in 108.57s evaluated=1920/2340
[batch 241/293] start batch_cases=8 evaluated=1920/2340 cases=620..627
[batch 241/293] ensemble 1/4 done in 26.82s
[batch 241/293] ensemble 2/4 done in 26.80s
[batch 241/293] ensemble 3/4 done in 26.81s
[batch 241/293] ensemble 4/4 done in 26.80s
case=620 GED=0.474067 D_max=0.769006 Sc=0.985507 D_a=0.840563 CI=0.855978
case=621 GED=0.413594 D_max=0.773647 Sc=0.994609 D_a=0.846260 CI=0.862151
case=622 GED=0.386987 D_max=0.808566 Sc=0.997135 D_a=0.806577 CI=0.862208
case=623 GED=0.509941 D_max=0.702746 Sc=0.995726 D_a=0.874800 CI=0.840242
case=624 GED=0.447776 D_max=0.555895 Sc=1.000000 D_a=0.668919 CI=0.698673
case=625 GED=0.256317 D_max=0.710596 Sc=0.910714 D_a=1.000000 CI=0.855845
case=626 GED=0.266372 D_max=0.738423 Sc=0.614286 D_a=1.000000 CI=0.753363
case=627 GED=0.250831 D_max=0.731788 Sc=0.944444 D_a=1.000000 CI=0.875826
[batch 241/293] done in 107.36s evaluated=1928/2340
[batch 242/293] start batch_cases=8 evaluated=1928/2340 cases=628..634
[batch 242/293] ensemble 1/4 done in 26.83s
[batch 242/293] ensemble 2/4 done in 26.80s
[batch 242/293] ensemble 3/4 done in 26.81s
[batch 242/293] ensemble 4/4 done in 26.82s
case=628 GED=0.397698 D_max=0.759447 Sc=0.986486 D_a=0.853503 CI=0.856632
case=629 GED=0.277471 D_max=0.700237 Sc=0.921569 D_a=1.000000 CI=0.853924
case=63 GED=0.274006 D_max=0.767460 Sc=1.000000 D_a=1.000000 CI=0.908265
case=630 GED=0.446245 D_max=0.682300 Sc=1.000000 D_a=0.804918 CI=0.809063
case=631 GED=0.115602 D_max=0.784965 Sc=1.000000 D_a=1.000000 CI=0.916326
case=632 GED=0.229599 D_max=0.865000 Sc=1.000000 D_a=1.000000 CI=0.950549
case=633 GED=0.277182 D_max=0.806604 Sc=1.000000 D_a=1.000000 CI=0.925993
case=634 GED=1.157412 D_max=0.032710 Sc=1.000000 D_a=0.576321 CI=0.090073
[batch 242/293] done in 108.54s evaluated=1936/2340
[batch 243/293] start batch_cases=8 evaluated=1936/2340 cases=635..641
[batch 243/293] ensemble 1/4 done in 26.83s
[batch 243/293] ensemble 2/4 done in 26.82s
[batch 243/293] ensemble 3/4 done in 26.82s
[batch 243/293] ensemble 4/4 done in 26.83s
case=635 GED=0.125000 D_max=0.750001 Sc=0.000000 D_a=0.500002 CI=0.000000
case=636 GED=0.298249 D_max=0.538555 Sc=0.500000 D_a=1.000000 CI=0.617688
case=637 GED=0.724264 D_max=0.113638 Sc=1.000000 D_a=0.674177 CI=0.265883
case=638 GED=0.276219 D_max=0.613629 Sc=0.900000 D_a=1.000000 CI=0.801976
[running mean @ 1940 cases] GED=0.577909 D_max=0.549518 Sc=0.876666 D_a=0.785011 CI=0.641359
case=639 GED=0.412056 D_max=0.692662 Sc=0.939394 D_a=0.752873 CI=0.781970
case=64 GED=1.054431 D_max=0.117789 Sc=0.982456 D_a=0.556098 CI=0.265348
case=640 GED=0.248787 D_max=0.655663 Sc=0.937500 D_a=1.000000 CI=0.835226
case=641 GED=0.412214 D_max=0.648796 Sc=1.000000 D_a=0.810502 CI=0.794677
[batch 243/293] done in 107.98s evaluated=1944/2340
[batch 244/293] start batch_cases=8 evaluated=1944/2340 cases=642..649
[batch 244/293] ensemble 1/4 done in 26.84s
[batch 244/293] ensemble 2/4 done in 26.87s
[batch 244/293] ensemble 3/4 done in 26.78s
[batch 244/293] ensemble 4/4 done in 26.84s
case=642 GED=0.383216 D_max=0.679664 Sc=1.000000 D_a=0.685714 CI=0.763427
case=643 GED=0.245122 D_max=0.790541 Sc=0.500000 D_a=0.999999 CI=0.703407
case=644 GED=0.301477 D_max=0.774648 Sc=1.000000 D_a=0.999999 CI=0.911602
case=645 GED=0.829848 D_max=0.223086 Sc=1.000000 D_a=0.721717 CI=0.436798
case=646 GED=0.556499 D_max=0.453690 Sc=0.970588 D_a=0.866526 CI=0.683608
case=647 GED=0.637500 D_max=0.498188 Sc=1.000000 D_a=0.918865 CI=0.732498
case=648 GED=0.561725 D_max=0.477665 Sc=0.933333 D_a=0.944444 CI=0.710266
case=649 GED=0.639930 D_max=0.452323 Sc=0.958333 D_a=0.956883 CI=0.697780
[batch 244/293] done in 107.93s evaluated=1952/2340
[batch 245/293] start batch_cases=8 evaluated=1952/2340 cases=65..656
[batch 245/293] ensemble 1/4 done in 26.81s
[batch 245/293] ensemble 2/4 done in 26.82s
[batch 245/293] ensemble 3/4 done in 26.83s
[batch 245/293] ensemble 4/4 done in 26.81s
case=65 GED=0.720705 D_max=0.263509 Sc=1.000000 D_a=0.567836 CI=0.457596
case=650 GED=0.609355 D_max=0.374544 Sc=1.000000 D_a=0.945195 CI=0.634532
case=651 GED=0.521847 D_max=0.579314 Sc=1.000000 D_a=0.817726 CI=0.759670
case=652 GED=0.798984 D_max=0.495733 Sc=0.987500 D_a=0.811821 CI=0.703949
case=653 GED=0.758172 D_max=0.550232 Sc=1.000000 D_a=0.489841 CI=0.617425
case=654 GED=0.795866 D_max=0.512658 Sc=1.000000 D_a=0.778316 CI=0.708309
case=655 GED=0.814914 D_max=0.455797 Sc=1.000000 D_a=0.528050 CI=0.589655
case=656 GED=0.934608 D_max=0.401095 Sc=1.000000 D_a=0.736835 CI=0.618515
[running mean @ 1960 cases] GED=0.578255 D_max=0.549062 Sc=0.877521 D_a=0.785108 CI=0.641655
[batch 245/293] done in 108.82s evaluated=1960/2340
[batch 246/293] start batch_cases=8 evaluated=1960/2340 cases=657..663
[batch 246/293] ensemble 1/4 done in 26.83s
[batch 246/293] ensemble 2/4 done in 26.79s
[batch 246/293] ensemble 3/4 done in 26.83s
[batch 246/293] ensemble 4/4 done in 26.79s
case=657 GED=0.910114 D_max=0.313318 Sc=1.000000 D_a=0.458068 CI=0.470608
case=658 GED=0.571773 D_max=0.372475 Sc=0.812500 D_a=0.900000 CI=0.596822
case=659 GED=0.401613 D_max=1.000000 Sc=0.000000 D_a=0.500000 CI=0.000000
case=66 GED=0.424397 D_max=0.762475 Sc=0.985294 D_a=0.868243 CI=0.862516
case=660 GED=0.601990 D_max=0.802083 Sc=1.000000 D_a=0.835821 CI=0.871287
case=661 GED=1.014281 D_max=0.081633 Sc=1.000000 D_a=0.667235 CI=0.203408
case=662 GED=1.242993 D_max=0.050676 Sc=0.882353 D_a=0.590014 CI=0.132970
case=663 GED=0.288598 D_max=0.794218 Sc=0.928571 D_a=1.000000 CI=0.899274
[batch 246/293] done in 107.86s evaluated=1968/2340
[batch 247/293] start batch_cases=8 evaluated=1968/2340 cases=664..670
[batch 247/293] ensemble 1/4 done in 26.84s
[batch 247/293] ensemble 2/4 done in 26.82s
[batch 247/293] ensemble 3/4 done in 26.79s
[batch 247/293] ensemble 4/4 done in 26.82s
case=664 GED=0.617084 D_max=0.785971 Sc=1.000000 D_a=0.800751 CI=0.851997
case=665 GED=0.552231 D_max=0.804054 Sc=1.000000 D_a=0.777372 CI=0.849838
case=666 GED=0.613601 D_max=0.781250 Sc=1.000000 D_a=0.833332 CI=0.862068
case=667 GED=0.125000 D_max=0.750000 Sc=0.000000 D_a=0.500000 CI=0.000000
case=668 GED=0.537782 D_max=0.804878 Sc=1.000000 D_a=0.700000 CI=0.817217
case=669 GED=0.264689 D_max=0.824074 Sc=0.764706 D_a=1.000000 CI=0.851988
case=67 GED=0.304154 D_max=0.582258 Sc=0.851852 D_a=1.000000 CI=0.770938
case=670 GED=0.125000 D_max=0.750000 Sc=0.000000 D_a=0.500000 CI=0.000000
[batch 247/293] done in 108.10s evaluated=1976/2340
[batch 248/293] start batch_cases=8 evaluated=1976/2340 cases=671..678
[batch 248/293] ensemble 1/4 done in 26.80s
[batch 248/293] ensemble 2/4 done in 26.80s
[batch 248/293] ensemble 3/4 done in 26.79s
[batch 248/293] ensemble 4/4 done in 26.82s
case=671 GED=0.629471 D_max=0.803797 Sc=1.000000 D_a=0.861403 CI=0.881060
case=672 GED=0.604567 D_max=0.799689 Sc=1.000000 D_a=0.784671 CI=0.851087
case=673 GED=0.300879 D_max=0.782164 Sc=1.000000 D_a=1.000000 CI=0.915051
case=674 GED=0.282381 D_max=0.712479 Sc=0.986928 D_a=1.000000 CI=0.878016
[running mean @ 1980 cases] GED=0.577673 D_max=0.550262 Sc=0.876845 D_a=0.785045 CI=0.641520
case=675 GED=0.480583 D_max=0.682484 Sc=1.000000 D_a=1.000000 CI=0.865742
case=676 GED=0.476576 D_max=0.480339 Sc=0.995434 D_a=0.598062 CI=0.630449
case=677 GED=0.590022 D_max=0.402905 Sc=0.991736 D_a=0.570527 CI=0.572184
case=678 GED=0.403208 D_max=0.528658 Sc=0.987952 D_a=0.580015 CI=0.648246
[batch 248/293] done in 107.34s evaluated=1984/2340
[batch 249/293] start batch_cases=8 evaluated=1984/2340 cases=679..685
[batch 249/293] ensemble 1/4 done in 26.80s
[batch 249/293] ensemble 2/4 done in 26.81s
[batch 249/293] ensemble 3/4 done in 26.81s
[batch 249/293] ensemble 4/4 done in 26.80s
case=679 GED=0.487027 D_max=0.674173 Sc=0.848684 D_a=1.000000 CI=0.819315
case=68 GED=0.423126 D_max=0.723861 Sc=1.000000 D_a=0.880665 CI=0.853003
case=680 GED=0.495281 D_max=0.398421 Sc=0.940000 D_a=0.797741 CI=0.621468
case=681 GED=0.952120 D_max=0.135193 Sc=0.984848 D_a=0.703947 CI=0.305103
case=682 GED=0.569840 D_max=0.873318 Sc=1.000000 D_a=0.857576 CI=0.906034
case=683 GED=1.028286 D_max=0.140449 Sc=0.981818 D_a=0.562653 CI=0.302547
case=684 GED=0.717885 D_max=0.297003 Sc=1.000000 D_a=0.806859 CI=0.535109
case=685 GED=0.698211 D_max=0.565463 Sc=0.986395 D_a=0.952152 CI=0.782777
[batch 249/293] done in 107.90s evaluated=1992/2340
[batch 250/293] start batch_cases=8 evaluated=1992/2340 cases=686..692
[batch 250/293] ensemble 1/4 done in 26.82s
[batch 250/293] ensemble 2/4 done in 26.79s
[batch 250/293] ensemble 3/4 done in 26.81s
[batch 250/293] ensemble 4/4 done in 26.79s
case=686 GED=0.528950 D_max=0.654207 Sc=1.000000 D_a=0.842652 CI=0.807472
case=687 GED=0.568392 D_max=0.585878 Sc=0.974790 D_a=0.573640 CI=0.670248
case=688 GED=0.247994 D_max=0.853960 Sc=0.956522 D_a=1.000000 CI=0.932700
case=689 GED=0.125000 D_max=0.750000 Sc=0.000000 D_a=0.500000 CI=0.000000
case=69 GED=0.610685 D_max=0.824176 Sc=1.000000 D_a=0.837037 CI=0.880275
case=690 GED=0.570171 D_max=0.887131 Sc=0.986667 D_a=0.898204 CI=0.921921
case=691 GED=1.152378 D_max=0.067416 Sc=0.971429 D_a=0.572317 CI=0.170358
case=692 GED=1.168329 D_max=0.052083 Sc=1.000000 D_a=0.573277 CI=0.136710
[running mean @ 2000 cases] GED=0.578043 D_max=0.550048 Sc=0.877379 D_a=0.784748 CI=0.641286
[batch 250/293] done in 107.34s evaluated=2000/2340
[batch 251/293] start batch_cases=8 evaluated=2000/2340 cases=693..7
[batch 251/293] ensemble 1/4 done in 26.82s
[batch 251/293] ensemble 2/4 done in 26.80s
[batch 251/293] ensemble 3/4 done in 26.84s
[batch 251/293] ensemble 4/4 done in 26.83s
case=693 GED=0.963695 D_max=0.121828 Sc=1.000000 D_a=0.633882 CI=0.278141
case=694 GED=1.059584 D_max=0.161172 Sc=1.000000 D_a=0.587336 CI=0.336808
case=695 GED=0.864207 D_max=0.291958 Sc=1.000000 D_a=0.999999 CI=0.552980
case=696 GED=1.015828 D_max=0.387790 Sc=0.935484 D_a=0.652632 CI=0.579157
case=697 GED=1.170309 D_max=0.110268 Sc=0.333333 D_a=0.937500 CI=0.228388
case=698 GED=0.748898 D_max=0.220672 Sc=0.986301 D_a=0.567619 CI=0.410552
case=699 GED=0.784476 D_max=0.174854 Sc=0.925926 D_a=0.547446 CI=0.347797
case=7 GED=0.669814 D_max=0.341487 Sc=0.988468 D_a=0.554440 CI=0.522315
[batch 251/293] done in 107.73s evaluated=2008/2340
[batch 252/293] start batch_cases=8 evaluated=2008/2340 cases=70..706
[batch 252/293] ensemble 1/4 done in 26.86s
[batch 252/293] ensemble 2/4 done in 26.82s
[batch 252/293] ensemble 3/4 done in 26.79s
[batch 252/293] ensemble 4/4 done in 26.83s
case=70 GED=0.974520 D_max=0.161972 Sc=0.968750 D_a=0.682164 CI=0.345938
case=700 GED=0.594722 D_max=0.457556 Sc=0.977273 D_a=0.852941 CI=0.684744
case=701 GED=0.790730 D_max=0.281002 Sc=0.976744 D_a=0.636722 CI=0.487564
case=702 GED=0.106250 D_max=0.815217 Sc=0.705882 D_a=1.000000 CI=0.823422
case=703 GED=0.108275 D_max=0.809006 Sc=1.000000 D_a=1.000000 CI=0.927046
case=704 GED=0.614776 D_max=0.807576 Sc=1.000000 D_a=0.840741 CI=0.875222
case=705 GED=0.258878 D_max=0.828125 Sc=1.000000 D_a=1.000000 CI=0.935294
case=706 GED=0.107407 D_max=0.811688 Sc=1.000000 D_a=1.000000 CI=0.928218
[batch 252/293] done in 108.07s evaluated=2016/2340
[batch 253/293] start batch_cases=8 evaluated=2016/2340 cases=707..713
[batch 253/293] ensemble 1/4 done in 26.79s
[batch 253/293] ensemble 2/4 done in 26.83s
[batch 253/293] ensemble 3/4 done in 26.79s
[batch 253/293] ensemble 4/4 done in 26.82s
case=707 GED=0.647836 D_max=0.796980 Sc=1.000000 D_a=0.865019 CI=0.879564
case=708 GED=0.112676 D_max=0.794872 Sc=0.500000 D_a=1.000000 CI=0.704545
case=709 GED=0.246203 D_max=0.806667 Sc=0.782609 D_a=1.000000 CI=0.852891
case=71 GED=0.125000 D_max=0.750000 Sc=0.000000 D_a=0.500000 CI=0.000000
[running mean @ 2020 cases] GED=0.578243 D_max=0.549518 Sc=0.877148 D_a=0.784829 CI=0.640729
case=710 GED=0.108733 D_max=0.807576 Sc=1.000000 D_a=1.000000 CI=0.926419
case=711 GED=0.110714 D_max=0.801282 Sc=0.666667 D_a=1.000000 CI=0.800427
case=712 GED=0.763494 D_max=0.278145 Sc=0.750000 D_a=0.867733 CI=0.493339
case=713 GED=0.690777 D_max=0.564001 Sc=0.985507 D_a=0.694965 CI=0.709778
[batch 253/293] done in 107.36s evaluated=2024/2340
[batch 254/293] start batch_cases=8 evaluated=2024/2340 cases=714..720
[batch 254/293] ensemble 1/4 done in 26.81s
[batch 254/293] ensemble 2/4 done in 26.81s
[batch 254/293] ensemble 3/4 done in 26.83s
[batch 254/293] ensemble 4/4 done in 26.79s
case=714 GED=0.648443 D_max=0.678174 Sc=0.961039 D_a=0.681811 CI=0.753434
case=715 GED=0.417094 D_max=0.686750 Sc=1.000000 D_a=0.775362 CI=0.800885
case=716 GED=0.391933 D_max=0.699671 Sc=1.000000 D_a=0.810976 CI=0.819152
case=717 GED=0.345440 D_max=0.771766 Sc=0.913043 D_a=0.851515 CI=0.841433
case=718 GED=0.879874 D_max=0.090865 Sc=1.000000 D_a=0.681069 CI=0.222657
case=719 GED=0.623975 D_max=0.666843 Sc=0.972973 D_a=0.463357 CI=0.640267
case=72 GED=1.287926 D_max=0.403017 Sc=0.842105 D_a=0.574612 CI=0.554622
case=720 GED=0.839960 D_max=0.557609 Sc=0.964912 D_a=0.617196 CI=0.674163
[batch 254/293] done in 107.94s evaluated=2032/2340
[batch 255/293] start batch_cases=8 evaluated=2032/2340 cases=721..728
[batch 255/293] ensemble 1/4 done in 26.83s
[batch 255/293] ensemble 2/4 done in 26.79s
[batch 255/293] ensemble 3/4 done in 26.82s
[batch 255/293] ensemble 4/4 done in 26.80s
case=721 GED=0.728837 D_max=0.403057 Sc=0.935897 D_a=0.573375 CI=0.566723
case=722 GED=0.694642 D_max=0.487286 Sc=0.861386 D_a=0.513586 CI=0.581373
case=723 GED=0.253857 D_max=0.798077 Sc=0.368421 D_a=1.000000 CI=0.603950
case=724 GED=0.726256 D_max=0.438636 Sc=1.000000 D_a=0.870962 CI=0.677515
case=725 GED=0.511321 D_max=0.705021 Sc=0.976923 D_a=0.870384 CI=0.835436
case=726 GED=0.516084 D_max=0.692325 Sc=0.960784 D_a=0.912821 CI=0.837818
case=727 GED=0.822314 D_max=0.417069 Sc=0.987952 D_a=0.822527 CI=0.648558
case=728 GED=1.055369 D_max=0.127854 Sc=1.000000 D_a=0.631867 CI=0.288350
[running mean @ 2040 cases] GED=0.578661 D_max=0.549560 Sc=0.877445 D_a=0.784592 CI=0.640955
[batch 255/293] done in 107.86s evaluated=2040/2340
[batch 256/293] start batch_cases=8 evaluated=2040/2340 cases=729..735
[batch 256/293] ensemble 1/4 done in 26.85s
[batch 256/293] ensemble 2/4 done in 26.81s
[batch 256/293] ensemble 3/4 done in 26.80s
[batch 256/293] ensemble 4/4 done in 26.82s
case=729 GED=1.049220 D_max=0.117089 Sc=1.000000 D_a=0.623755 CI=0.269210
case=73 GED=0.687949 D_max=0.505452 Sc=0.975610 D_a=0.868600 CI=0.722073
case=730 GED=0.424381 D_max=0.718332 Sc=0.958333 D_a=0.790780 CI=0.810775
case=731 GED=0.616116 D_max=0.804688 Sc=1.000000 D_a=0.823232 CI=0.867693
case=732 GED=1.067528 D_max=0.055147 Sc=1.000000 D_a=0.639596 CI=0.144950
case=733 GED=0.384119 D_max=0.765186 Sc=1.000000 D_a=0.846626 CI=0.860084
case=734 GED=0.390174 D_max=0.785863 Sc=1.000000 D_a=0.850158 CI=0.869883
case=735 GED=1.000622 D_max=0.077778 Sc=1.000000 D_a=0.655327 CI=0.195020
[batch 256/293] done in 108.02s evaluated=2048/2340
[batch 257/293] start batch_cases=8 evaluated=2048/2340 cases=736..742
[batch 257/293] ensemble 1/4 done in 26.79s
[batch 257/293] ensemble 2/4 done in 26.81s
[batch 257/293] ensemble 3/4 done in 26.79s
[batch 257/293] ensemble 4/4 done in 26.81s
case=736 GED=0.299749 D_max=0.771277 Sc=1.000000 D_a=0.999999 CI=0.910042
case=737 GED=1.062583 D_max=0.126168 Sc=1.000000 D_a=0.620509 CI=0.284698
case=738 GED=0.122432 D_max=0.760067 Sc=0.600000 D_a=0.999999 CI=0.753326
case=739 GED=0.194749 D_max=0.819456 Sc=0.875000 D_a=1.000000 CI=0.892013
case=74 GED=0.477864 D_max=0.456142 Sc=0.979167 D_a=0.842466 CI=0.681730
case=740 GED=0.716872 D_max=0.644618 Sc=0.752232 D_a=0.577254 CI=0.650333
case=741 GED=0.495035 D_max=0.730381 Sc=0.908696 D_a=0.500529 CI=0.671514
case=742 GED=0.439295 D_max=0.777370 Sc=0.958515 D_a=0.552198 CI=0.724531
[batch 257/293] done in 107.33s evaluated=2056/2340
[batch 258/293] start batch_cases=8 evaluated=2056/2340 cases=743..75
[batch 258/293] ensemble 1/4 done in 26.80s
[batch 258/293] ensemble 2/4 done in 26.82s
[batch 258/293] ensemble 3/4 done in 26.82s
[batch 258/293] ensemble 4/4 done in 26.81s
case=743 GED=0.347052 D_max=0.806462 Sc=0.993711 D_a=0.885262 CI=0.888646
case=744 GED=0.463551 D_max=0.770620 Sc=0.983092 D_a=0.540743 CI=0.720433
case=745 GED=0.512585 D_max=0.720445 Sc=0.996721 D_a=0.504846 CI=0.686166
case=746 GED=0.790100 D_max=0.534984 Sc=0.693878 D_a=0.598945 CI=0.602410
[running mean @ 2060 cases] GED=0.578645 D_max=0.549927 Sc=0.877991 D_a=0.784121 CI=0.641143
case=747 GED=1.202738 D_max=0.315013 Sc=0.870130 D_a=0.581575 CI=0.496426
case=748 GED=0.668788 D_max=0.558012 Sc=0.979592 D_a=0.551591 CI=0.648530
case=749 GED=0.530331 D_max=0.681297 Sc=0.991803 D_a=0.897479 CI=0.835588
case=75 GED=0.297233 D_max=0.682447 Sc=0.894737 D_a=1.000000 CI=0.837296
[batch 258/293] done in 107.92s evaluated=2064/2340
[batch 259/293] start batch_cases=8 evaluated=2064/2340 cases=750..757
[batch 259/293] ensemble 1/4 done in 26.82s
[batch 259/293] ensemble 2/4 done in 26.79s
[batch 259/293] ensemble 3/4 done in 26.81s
[batch 259/293] ensemble 4/4 done in 26.79s
case=750 GED=0.659753 D_max=0.323906 Sc=1.000000 D_a=0.833527 CI=0.567426
case=751 GED=1.074203 D_max=0.097884 Sc=1.000000 D_a=0.590590 CI=0.232388
case=752 GED=1.069566 D_max=0.132883 Sc=0.984848 D_a=0.532863 CI=0.287978
case=753 GED=0.396333 D_max=0.695816 Sc=0.920000 D_a=0.726496 CI=0.769115
case=754 GED=0.573407 D_max=0.646635 Sc=1.000000 D_a=0.912103 CI=0.823534
case=755 GED=0.473405 D_max=0.717019 Sc=0.958333 D_a=0.558906 CI=0.709664
case=756 GED=0.620704 D_max=0.582711 Sc=0.977012 D_a=0.764163 CI=0.741058
case=757 GED=0.105903 D_max=0.816265 Sc=0.500000 D_a=1.000000 CI=0.710044
[batch 259/293] done in 107.34s evaluated=2072/2340
[batch 260/293] start batch_cases=8 evaluated=2072/2340 cases=758..764
[batch 260/293] ensemble 1/4 done in 26.82s
[batch 260/293] ensemble 2/4 done in 26.82s
[batch 260/293] ensemble 3/4 done in 26.82s
[batch 260/293] ensemble 4/4 done in 26.83s
case=758 GED=0.548334 D_max=0.684501 Sc=0.930818 D_a=0.456311 CI=0.634688
case=759 GED=0.434555 D_max=0.762358 Sc=0.997625 D_a=0.846442 CI=0.858242
case=76 GED=0.623249 D_max=0.500434 Sc=1.000000 D_a=0.912459 CI=0.732743
case=760 GED=0.392467 D_max=0.809685 Sc=0.994186 D_a=0.876041 CI=0.886946
case=761 GED=0.372745 D_max=0.801367 Sc=0.985455 D_a=0.830811 CI=0.865483
case=762 GED=0.575694 D_max=0.713845 Sc=0.994253 D_a=0.866304 CI=0.842466
case=763 GED=0.370881 D_max=0.799060 Sc=0.984536 D_a=0.540498 CI=0.728629
case=764 GED=0.576560 D_max=0.653836 Sc=0.950207 D_a=0.710743 CI=0.752103
[running mean @ 2080 cases] GED=0.578643 D_max=0.550396 Sc=0.878642 D_a=0.783787 CI=0.641689
[batch 260/293] done in 107.94s evaluated=2080/2340
[batch 261/293] start batch_cases=8 evaluated=2080/2340 cases=765..771
[batch 261/293] ensemble 1/4 done in 26.78s
[batch 261/293] ensemble 2/4 done in 26.82s
[batch 261/293] ensemble 3/4 done in 26.78s
[batch 261/293] ensemble 4/4 done in 26.81s
case=765 GED=0.914501 D_max=0.546526 Sc=0.490741 D_a=0.660794 CI=0.557537
case=766 GED=0.807065 D_max=0.396513 Sc=0.969231 D_a=0.843475 CI=0.633004
case=767 GED=0.551291 D_max=0.648171 Sc=0.990991 D_a=0.848969 CI=0.804334
case=768 GED=0.366017 D_max=0.742309 Sc=0.963415 D_a=0.923015 CI=0.864920
case=769 GED=0.536633 D_max=0.695923 Sc=0.992481 D_a=0.803169 CI=0.813100
case=77 GED=0.815367 D_max=0.234392 Sc=1.000000 D_a=0.707714 CI=0.449145
case=770 GED=0.993235 D_max=0.475054 Sc=0.985714 D_a=0.607273 CI=0.629429
case=771 GED=0.810098 D_max=0.290176 Sc=0.978261 D_a=0.941693 CI=0.542463
[batch 261/293] done in 107.32s evaluated=2088/2340
[batch 262/293] start batch_cases=8 evaluated=2088/2340 cases=772..779
[batch 262/293] ensemble 1/4 done in 26.79s
[batch 262/293] ensemble 2/4 done in 26.81s
[batch 262/293] ensemble 3/4 done in 26.81s
[batch 262/293] ensemble 4/4 done in 26.79s
case=772 GED=0.958005 D_max=0.341456 Sc=0.976744 D_a=0.822917 CI=0.580536
case=773 GED=0.815123 D_max=0.376794 Sc=0.933333 D_a=0.533417 CI=0.535704
case=774 GED=0.510881 D_max=0.397357 Sc=0.740741 D_a=0.886364 CI=0.600620
case=775 GED=0.757755 D_max=0.326357 Sc=0.957447 D_a=0.575616 CI=0.513185
case=776 GED=0.125000 D_max=0.750000 Sc=0.000000 D_a=0.500000 CI=0.000000
case=777 GED=0.294008 D_max=0.712121 Sc=0.968750 D_a=1.000000 CI=0.872978
case=778 GED=0.356713 D_max=0.764000 Sc=0.798165 D_a=0.692308 CI=0.748836
case=779 GED=0.500000 D_max=0.500000 Sc=0.000000 D_a=0.500000 CI=0.000000
[batch 262/293] done in 108.83s evaluated=2096/2340
[batch 263/293] start batch_cases=8 evaluated=2096/2340 cases=78..786
[batch 263/293] ensemble 1/4 done in 26.82s
[batch 263/293] ensemble 2/4 done in 26.77s
[batch 263/293] ensemble 3/4 done in 26.81s
[batch 263/293] ensemble 4/4 done in 26.78s
case=78 GED=0.257869 D_max=0.777778 Sc=1.000000 D_a=0.999999 CI=0.913043
case=780 GED=0.571746 D_max=0.765152 Sc=0.999999 D_a=0.730042 CI=0.815946
case=781 GED=0.523691 D_max=0.843750 Sc=1.000000 D_a=0.759398 CI=0.856649
case=782 GED=0.610599 D_max=0.833333 Sc=1.000000 D_a=0.853535 CI=0.889786
[running mean @ 2100 cases] GED=0.578882 D_max=0.550591 Sc=0.878249 D_a=0.783556 CI=0.641588
case=783 GED=0.608233 D_max=0.808065 Sc=1.000000 D_a=0.843066 CI=0.876252
case=784 GED=0.580916 D_max=0.817227 Sc=1.000000 D_a=0.776450 CI=0.854320
case=785 GED=0.636908 D_max=0.773490 Sc=1.000000 D_a=0.831269 CI=0.858167
case=786 GED=0.241519 D_max=0.564247 Sc=0.615385 D_a=1.000000 CI=0.682241
[batch 263/293] done in 107.31s evaluated=2104/2340
[batch 264/293] start batch_cases=8 evaluated=2104/2340 cases=787..793
[batch 264/293] ensemble 1/4 done in 26.82s
[batch 264/293] ensemble 2/4 done in 26.80s
[batch 264/293] ensemble 3/4 done in 26.79s
[batch 264/293] ensemble 4/4 done in 26.82s
case=787 GED=0.499243 D_max=0.504188 Sc=0.961538 D_a=0.902098 CI=0.726056
case=788 GED=0.968778 D_max=0.250000 Sc=0.000000 D_a=0.400000 CI=0.000000
case=789 GED=0.444094 D_max=0.572543 Sc=0.888889 D_a=0.895522 CI=0.752208
case=79 GED=0.287277 D_max=0.799020 Sc=1.000000 D_a=1.000000 CI=0.922641
case=790 GED=0.618467 D_max=0.323615 Sc=0.955056 D_a=0.711101 CI=0.541182
case=791 GED=0.557014 D_max=0.446476 Sc=0.906250 D_a=0.772727 CI=0.646924
case=792 GED=0.586552 D_max=0.547159 Sc=1.000000 D_a=0.841726 CI=0.747076
case=793 GED=0.855855 D_max=0.093611 Sc=1.000000 D_a=0.573433 CI=0.223441
[batch 264/293] done in 108.04s evaluated=2112/2340
[batch 265/293] start batch_cases=8 evaluated=2112/2340 cases=794..80
[batch 265/293] ensemble 1/4 done in 26.79s
[batch 265/293] ensemble 2/4 done in 26.80s
[batch 265/293] ensemble 3/4 done in 26.78s
[batch 265/293] ensemble 4/4 done in 26.82s
case=794 GED=0.816320 D_max=0.142182 Sc=1.000000 D_a=0.668852 CI=0.314850
case=795 GED=0.526158 D_max=0.631806 Sc=0.961538 D_a=0.837719 CI=0.786064
case=796 GED=0.529130 D_max=0.619091 Sc=1.000000 D_a=0.864621 CI=0.795366
case=797 GED=0.795012 D_max=0.127965 Sc=1.000000 D_a=0.586992 CI=0.285220
case=798 GED=1.042608 D_max=0.083333 Sc=1.000000 D_a=0.611248 CI=0.204974
case=799 GED=0.490984 D_max=0.533611 Sc=1.000000 D_a=0.731371 CI=0.707327
case=8 GED=0.545905 D_max=0.385727 Sc=0.993976 D_a=0.807414 CI=0.620208
case=80 GED=0.463160 D_max=0.642575 Sc=1.000000 D_a=0.797794 CI=0.787464
[running mean @ 2120 cases] GED=0.579126 D_max=0.549956 Sc=0.878587 D_a=0.783453 CI=0.641352
[batch 265/293] done in 107.32s evaluated=2120/2340
[batch 266/293] start batch_cases=8 evaluated=2120/2340 cases=800..807
[batch 266/293] ensemble 1/4 done in 26.81s
[batch 266/293] ensemble 2/4 done in 26.82s
[batch 266/293] ensemble 3/4 done in 26.81s
[batch 266/293] ensemble 4/4 done in 26.81s
case=800 GED=0.721298 D_max=0.392422 Sc=0.904762 D_a=0.944444 CI=0.636623
case=801 GED=0.839024 D_max=0.458187 Sc=1.000000 D_a=0.768613 CI=0.669111
case=802 GED=0.886676 D_max=0.432543 Sc=0.929825 D_a=0.819203 CI=0.651031
case=803 GED=0.866277 D_max=0.424499 Sc=0.981481 D_a=0.383720 CI=0.501617
case=804 GED=0.849940 D_max=0.466451 Sc=0.968750 D_a=0.770073 CI=0.670438
case=805 GED=0.835989 D_max=0.449602 Sc=0.966102 D_a=0.491830 CI=0.566840
case=806 GED=0.875868 D_max=0.383904 Sc=0.979592 D_a=0.448007 CI=0.512141
case=807 GED=1.002560 D_max=0.307903 Sc=1.000000 D_a=0.858459 CI=0.554256
[batch 266/293] done in 107.82s evaluated=2128/2340
[batch 267/293] start batch_cases=8 evaluated=2128/2340 cases=808..814
[batch 267/293] ensemble 1/4 done in 26.83s
[batch 267/293] ensemble 2/4 done in 26.80s
[batch 267/293] ensemble 3/4 done in 26.83s
[batch 267/293] ensemble 4/4 done in 26.80s
case=808 GED=0.945326 D_max=0.158485 Sc=1.000000 D_a=0.593106 CI=0.333489
case=809 GED=0.909895 D_max=0.250000 Sc=0.000000 D_a=0.447059 CI=0.000000
case=81 GED=0.264946 D_max=0.600219 Sc=0.846154 D_a=1.000000 CI=0.779650
case=810 GED=0.458562 D_max=0.517779 Sc=0.900000 D_a=0.837901 CI=0.708233
case=811 GED=0.697670 D_max=0.270792 Sc=0.960000 D_a=0.775599 CI=0.498019
case=812 GED=0.486588 D_max=0.538787 Sc=1.000000 D_a=0.980399 CI=0.773991
case=813 GED=0.621906 D_max=0.473504 Sc=0.629032 D_a=0.860825 CI=0.616861
case=814 GED=0.758606 D_max=0.250474 Sc=0.949153 D_a=0.702803 CI=0.463759
[batch 267/293] done in 107.38s evaluated=2136/2340
[batch 268/293] start batch_cases=8 evaluated=2136/2340 cases=815..821
[batch 268/293] ensemble 1/4 done in 26.83s
[batch 268/293] ensemble 2/4 done in 26.81s
[batch 268/293] ensemble 3/4 done in 26.82s
[batch 268/293] ensemble 4/4 done in 26.82s
case=815 GED=0.415449 D_max=0.465450 Sc=0.919355 D_a=0.978111 CI=0.704464
case=816 GED=0.663318 D_max=0.778571 Sc=1.000000 D_a=0.852059 CI=0.867546
case=817 GED=1.185533 D_max=0.052083 Sc=1.000000 D_a=0.554435 CI=0.136341
case=818 GED=1.061420 D_max=0.072727 Sc=1.000000 D_a=0.573618 CI=0.181892
[running mean @ 2140 cases] GED=0.580885 D_max=0.548436 Sc=0.878756 D_a=0.782973 CI=0.640418
case=819 GED=0.112589 D_max=0.795161 Sc=0.933333 D_a=1.000000 CI=0.901162
case=82 GED=1.075951 D_max=0.126582 Sc=1.000000 D_a=0.554282 CI=0.280266
case=820 GED=0.645433 D_max=0.794872 Sc=1.000000 D_a=0.870106 CI=0.880450
case=821 GED=0.639717 D_max=0.778986 Sc=1.000000 D_a=0.851648 CI=0.867575
[batch 268/293] done in 108.74s evaluated=2144/2340
[batch 269/293] start batch_cases=8 evaluated=2144/2340 cases=822..829
[batch 269/293] ensemble 1/4 done in 26.85s
[batch 269/293] ensemble 2/4 done in 26.81s
[batch 269/293] ensemble 3/4 done in 26.79s
[batch 269/293] ensemble 4/4 done in 26.81s
case=822 GED=0.116906 D_max=0.780405 Sc=0.818182 D_a=1.000000 CI=0.856260
case=823 GED=1.233122 D_max=0.303495 Sc=0.714286 D_a=0.675017 CI=0.485721
case=824 GED=0.813390 D_max=0.317985 Sc=1.000000 D_a=0.522753 CI=0.495234
case=825 GED=0.829491 D_max=0.285085 Sc=1.000000 D_a=0.621334 CI=0.490423
case=826 GED=0.563638 D_max=0.438523 Sc=1.000000 D_a=0.858763 CI=0.674939
case=827 GED=0.477549 D_max=0.900000 Sc=0.875000 D_a=0.772000 CI=0.845236
case=828 GED=0.242647 D_max=0.792017 Sc=0.650000 D_a=1.000000 CI=0.789253
case=829 GED=0.743289 D_max=0.204838 Sc=0.956522 D_a=0.723579 CI=0.410431
[batch 269/293] done in 107.95s evaluated=2152/2340
[batch 270/293] start batch_cases=8 evaluated=2152/2340 cases=83..836
[batch 270/293] ensemble 1/4 done in 26.79s
[batch 270/293] ensemble 2/4 done in 26.82s
[batch 270/293] ensemble 3/4 done in 26.79s
[batch 270/293] ensemble 4/4 done in 26.82s
case=83 GED=1.067187 D_max=0.153061 Sc=1.000000 D_a=0.581511 CI=0.324220
case=830 GED=0.547506 D_max=0.462521 Sc=0.885714 D_a=0.881818 CI=0.677949
case=831 GED=0.244548 D_max=0.600242 Sc=0.282297 D_a=1.000000 CI=0.483219
case=832 GED=0.503610 D_max=0.521092 Sc=0.880829 D_a=0.740157 CI=0.680981
case=833 GED=0.756936 D_max=0.362160 Sc=1.000000 D_a=0.607640 CI=0.554844
case=834 GED=0.649553 D_max=0.377384 Sc=0.924282 D_a=0.722911 CI=0.586506
case=835 GED=0.357021 D_max=0.689522 Sc=0.898204 D_a=0.990374 CI=0.839552
case=836 GED=0.402676 D_max=0.671789 Sc=0.978516 D_a=0.905689 CI=0.829956
[running mean @ 2160 cases] GED=0.581072 D_max=0.548152 Sc=0.878859 D_a=0.783074 CI=0.640485
[batch 270/293] done in 107.35s evaluated=2160/2340
[batch 271/293] start batch_cases=8 evaluated=2160/2340 cases=837..843
[batch 271/293] ensemble 1/4 done in 26.80s
[batch 271/293] ensemble 2/4 done in 26.81s
[batch 271/293] ensemble 3/4 done in 26.82s
[batch 271/293] ensemble 4/4 done in 26.79s
case=837 GED=0.421383 D_max=0.610945 Sc=0.981383 D_a=0.993089 CI=0.819060
case=838 GED=0.784428 D_max=0.296354 Sc=1.000000 D_a=0.646120 CI=0.506582
case=839 GED=0.716333 D_max=0.346694 Sc=0.996283 D_a=0.679502 CI=0.559724
case=84 GED=0.270947 D_max=0.794643 Sc=0.681818 D_a=1.000000 CI=0.805349
case=840 GED=0.454610 D_max=0.521465 Sc=0.940711 D_a=0.956489 CI=0.745122
case=841 GED=0.841516 D_max=0.133707 Sc=1.000000 D_a=0.595506 CI=0.295325
case=842 GED=0.539816 D_max=0.483308 Sc=0.299505 D_a=0.877083 CI=0.458151
case=843 GED=0.442999 D_max=0.473661 Sc=0.967914 D_a=0.902315 CI=0.705447
[batch 271/293] done in 108.45s evaluated=2168/2340
[batch 272/293] start batch_cases=8 evaluated=2168/2340 cases=844..850
[batch 272/293] ensemble 1/4 done in 26.79s
[batch 272/293] ensemble 2/4 done in 26.79s
[batch 272/293] ensemble 3/4 done in 26.80s
[batch 272/293] ensemble 4/4 done in 26.80s
case=844 GED=0.338625 D_max=0.715300 Sc=0.931416 D_a=0.890963 CI=0.834717
case=845 GED=0.289566 D_max=0.748946 Sc=0.989605 D_a=0.985363 CI=0.892706
case=846 GED=0.570774 D_max=0.471606 Sc=0.997630 D_a=0.605562 CI=0.628385
case=847 GED=0.582936 D_max=0.437857 Sc=0.986364 D_a=0.605388 CI=0.606121
case=848 GED=0.617477 D_max=0.445848 Sc=1.000000 D_a=0.595448 CI=0.609468
case=849 GED=0.668957 D_max=0.404420 Sc=0.966574 D_a=0.631647 CI=0.589342
case=85 GED=0.640750 D_max=0.569884 Sc=0.988636 D_a=0.705632 CI=0.717119
case=850 GED=0.552826 D_max=0.333944 Sc=1.000000 D_a=0.852941 CI=0.580616
[batch 272/293] done in 107.30s evaluated=2176/2340
[batch 273/293] start batch_cases=8 evaluated=2176/2340 cases=851..858
[batch 273/293] ensemble 1/4 done in 26.82s
[batch 273/293] ensemble 2/4 done in 26.81s
[batch 273/293] ensemble 3/4 done in 26.81s
[batch 273/293] ensemble 4/4 done in 26.82s
case=851 GED=0.913782 D_max=0.250000 Sc=0.000000 D_a=0.365854 CI=0.000000
case=852 GED=0.766942 D_max=0.296402 Sc=0.982456 D_a=0.607802 CI=0.496942
case=853 GED=0.569374 D_max=0.528740 Sc=1.000000 D_a=0.935371 CI=0.757503
case=854 GED=0.792351 D_max=0.223380 Sc=0.957447 D_a=0.685015 CI=0.429741
[running mean @ 2180 cases] GED=0.581143 D_max=0.547291 Sc=0.878901 D_a=0.782825 CI=0.640131
case=855 GED=0.766685 D_max=0.213628 Sc=1.000000 D_a=0.806366 CI=0.433453
case=856 GED=0.237403 D_max=0.547958 Sc=0.866667 D_a=1.000000 CI=0.753995
case=857 GED=0.302782 D_max=0.759740 Sc=1.000000 D_a=0.999998 CI=0.904639
case=858 GED=0.548742 D_max=0.573529 Sc=0.947368 D_a=0.822222 CI=0.747131
[batch 273/293] done in 107.78s evaluated=2184/2340
[batch 274/293] start batch_cases=8 evaluated=2184/2340 cases=859..865
[batch 274/293] ensemble 1/4 done in 26.80s
[batch 274/293] ensemble 2/4 done in 26.82s
[batch 274/293] ensemble 3/4 done in 26.79s
[batch 274/293] ensemble 4/4 done in 26.81s
case=859 GED=0.481748 D_max=0.608141 Sc=1.000000 D_a=0.769633 CI=0.760711
case=86 GED=0.715016 D_max=0.548450 Sc=1.000000 D_a=0.777986 CI=0.730159
case=860 GED=0.507523 D_max=0.649841 Sc=1.000000 D_a=0.889221 CI=0.818907
case=861 GED=0.273669 D_max=0.693223 Sc=0.979167 D_a=1.000000 CI=0.866098
case=862 GED=0.491788 D_max=0.646863 Sc=1.000000 D_a=0.843972 CI=0.804118
case=863 GED=0.771798 D_max=0.162774 Sc=1.000000 D_a=0.690219 CI=0.349150
case=864 GED=0.527003 D_max=0.680084 Sc=0.978417 D_a=0.541258 CI=0.691242
case=865 GED=0.578121 D_max=0.676215 Sc=0.977012 D_a=0.530521 CI=0.683794
[batch 274/293] done in 107.35s evaluated=2192/2340
[batch 275/293] start batch_cases=8 evaluated=2192/2340 cases=866..872
[batch 275/293] ensemble 1/4 done in 26.83s
[batch 275/293] ensemble 2/4 done in 26.82s
[batch 275/293] ensemble 3/4 done in 26.82s
[batch 275/293] ensemble 4/4 done in 26.80s
case=866 GED=0.449327 D_max=0.690232 Sc=0.988131 D_a=0.829237 CI=0.818168
case=867 GED=0.400933 D_max=0.732776 Sc=0.963100 D_a=0.763566 CI=0.808052
case=868 GED=0.563210 D_max=0.653391 Sc=1.000000 D_a=0.493754 CI=0.658504
case=869 GED=0.511217 D_max=0.653476 Sc=0.974194 D_a=0.719327 CI=0.760079
case=87 GED=0.831018 D_max=0.187674 Sc=0.940000 D_a=0.563535 CI=0.367344
case=870 GED=0.252999 D_max=0.710282 Sc=0.897436 D_a=1.000000 CI=0.851746
case=871 GED=0.588582 D_max=0.760983 Sc=0.950207 D_a=0.476068 CI=0.671587
case=872 GED=0.565037 D_max=0.677659 Sc=0.992278 D_a=0.420298 CI=0.616939
[running mean @ 2200 cases] GED=0.580571 D_max=0.547692 Sc=0.879753 D_a=0.782498 CI=0.640719
[batch 275/293] done in 107.91s evaluated=2200/2340
[batch 276/293] start batch_cases=8 evaluated=2200/2340 cases=873..88
[batch 276/293] ensemble 1/4 done in 26.82s
[batch 276/293] ensemble 2/4 done in 26.79s
[batch 276/293] ensemble 3/4 done in 26.81s
[batch 276/293] ensemble 4/4 done in 26.79s
case=873 GED=0.499784 D_max=0.701712 Sc=1.000000 D_a=0.837927 CI=0.829071
case=874 GED=0.423517 D_max=0.778038 Sc=0.982517 D_a=0.791449 CI=0.841141
case=875 GED=0.544392 D_max=0.721684 Sc=0.955128 D_a=0.501951 CI=0.677988
case=876 GED=0.518132 D_max=0.712406 Sc=0.974110 D_a=0.521172 CI=0.689810
case=877 GED=0.502617 D_max=0.680583 Sc=0.996416 D_a=0.711855 CI=0.773653
case=878 GED=0.573101 D_max=0.648035 Sc=0.992754 D_a=0.831032 CI=0.799201
case=879 GED=0.125000 D_max=0.750000 Sc=0.000000 D_a=1.000000 CI=0.000000
case=88 GED=0.263403 D_max=0.710317 Sc=1.000000 D_a=1.000000 CI=0.880327
[batch 276/293] done in 107.35s evaluated=2208/2340
[batch 277/293] start batch_cases=8 evaluated=2208/2340 cases=880..887
[batch 277/293] ensemble 1/4 done in 26.84s
[batch 277/293] ensemble 2/4 done in 26.81s
[batch 277/293] ensemble 3/4 done in 26.81s
[batch 277/293] ensemble 4/4 done in 26.83s
case=880 GED=0.092831 D_max=0.852339 Sc=0.686275 D_a=1.000000 CI=0.826359
case=881 GED=0.495544 D_max=0.659062 Sc=1.000000 D_a=0.950918 CI=0.840590
case=882 GED=0.480513 D_max=0.537266 Sc=1.000000 D_a=0.867187 CI=0.747304
case=883 GED=0.579475 D_max=0.317922 Sc=0.941176 D_a=0.797771 CI=0.549308
case=884 GED=0.571289 D_max=0.259021 Sc=0.647059 D_a=0.833333 CI=0.454122
case=885 GED=0.217723 D_max=0.636395 Sc=0.471831 D_a=1.000000 CI=0.639556
case=886 GED=0.300733 D_max=0.587196 Sc=0.838509 D_a=0.704420 CI=0.695216
case=887 GED=0.590211 D_max=0.362987 Sc=0.227273 D_a=0.964806 CI=0.366238
[batch 277/293] done in 107.98s evaluated=2216/2340
[batch 278/293] start batch_cases=8 evaluated=2216/2340 cases=888..894
[batch 278/293] ensemble 1/4 done in 26.80s
[batch 278/293] ensemble 2/4 done in 26.82s
[batch 278/293] ensemble 3/4 done in 26.80s
[batch 278/293] ensemble 4/4 done in 26.82s
case=888 GED=0.670836 D_max=0.392770 Sc=0.957806 D_a=0.867568 CI=0.632549
case=889 GED=0.500056 D_max=0.480488 Sc=0.884793 D_a=0.730660 CI=0.655015
case=89 GED=0.604312 D_max=0.838889 Sc=1.000000 D_a=0.849265 CI=0.890329
case=890 GED=0.767352 D_max=0.361043 Sc=0.884058 D_a=0.960465 CI=0.607033
[running mean @ 2220 cases] GED=0.579539 D_max=0.548158 Sc=0.879233 D_a=0.782981 CI=0.640980
case=891 GED=0.692241 D_max=0.411142 Sc=0.926702 D_a=0.908451 CI=0.650460
case=892 GED=1.502880 D_max=0.000000 Sc=0.000000 D_a=0.437209 CI=0.000000
case=893 GED=1.009072 D_max=0.115385 Sc=1.000000 D_a=0.703824 CI=0.270576
case=894 GED=0.423101 D_max=0.746619 Sc=1.000000 D_a=0.864486 CI=0.858092
[batch 278/293] done in 107.36s evaluated=2224/2340
[batch 279/293] start batch_cases=8 evaluated=2224/2340 cases=895..900
[batch 279/293] ensemble 1/4 done in 26.79s
[batch 279/293] ensemble 2/4 done in 26.82s
[batch 279/293] ensemble 3/4 done in 26.80s
[batch 279/293] ensemble 4/4 done in 26.79s
case=895 GED=0.758274 D_max=0.280108 Sc=0.988506 D_a=0.541790 CI=0.466751
case=896 GED=0.236032 D_max=0.752225 Sc=0.971831 D_a=1.000000 CI=0.893289
case=897 GED=0.775607 D_max=0.213714 Sc=0.982456 D_a=0.585009 CI=0.405056
case=898 GED=0.459765 D_max=0.609518 Sc=1.000000 D_a=0.822259 CI=0.777846
case=899 GED=0.948785 D_max=0.235758 Sc=0.968750 D_a=0.744444 CI=0.453365
case=9 GED=0.322259 D_max=0.848575 Sc=0.996377 D_a=0.907995 CI=0.913684
case=90 GED=0.799776 D_max=0.174580 Sc=0.952381 D_a=0.603467 CI=0.355655
case=900 GED=0.900071 D_max=0.350754 Sc=0.967742 D_a=0.487562 CI=0.505446
[batch 279/293] done in 108.44s evaluated=2232/2340
[batch 280/293] start batch_cases=8 evaluated=2232/2340 cases=901..908
[batch 280/293] ensemble 1/4 done in 26.83s
[batch 280/293] ensemble 2/4 done in 26.79s
[batch 280/293] ensemble 3/4 done in 26.82s
[batch 280/293] ensemble 4/4 done in 26.79s
case=901 GED=0.875017 D_max=0.356359 Sc=1.000000 D_a=0.418440 CI=0.484184
case=902 GED=0.958199 D_max=0.212391 Sc=1.000000 D_a=0.670077 CI=0.416628
case=903 GED=0.598287 D_max=0.482517 Sc=1.000000 D_a=0.815536 CI=0.697893
case=904 GED=0.963643 D_max=0.341298 Sc=0.977273 D_a=0.830534 CI=0.581701
case=905 GED=0.513087 D_max=0.484191 Sc=0.923077 D_a=0.905405 CI=0.705366
case=906 GED=0.217212 D_max=0.840909 Sc=0.848485 D_a=1.000000 CI=0.890800
case=907 GED=1.091448 D_max=0.107692 Sc=1.000000 D_a=0.592271 CI=0.250540
case=908 GED=0.272764 D_max=0.821429 Sc=1.000000 D_a=1.000000 CI=0.932432
[running mean @ 2240 cases] GED=0.580757 D_max=0.547007 Sc=0.879643 D_a=0.782614 CI=0.640395
[batch 280/293] done in 107.36s evaluated=2240/2340
[batch 281/293] start batch_cases=8 evaluated=2240/2340 cases=909..915
[batch 281/293] ensemble 1/4 done in 26.82s
[batch 281/293] ensemble 2/4 done in 26.80s
[batch 281/293] ensemble 3/4 done in 26.80s
[batch 281/293] ensemble 4/4 done in 26.81s
case=909 GED=0.413848 D_max=0.714443 Sc=1.000000 D_a=0.811864 CI=0.826122
case=91 GED=0.410146 D_max=0.570403 Sc=0.847222 D_a=0.841176 CI=0.727752
case=910 GED=0.794579 D_max=0.266182 Sc=1.000000 D_a=0.520002 CI=0.449109
case=911 GED=0.708974 D_max=0.301666 Sc=1.000000 D_a=0.544499 CI=0.487688
case=912 GED=0.724241 D_max=0.293548 Sc=1.000000 D_a=0.537462 CI=0.478683
case=913 GED=0.720165 D_max=0.304233 Sc=1.000000 D_a=0.523511 CI=0.484094
case=914 GED=0.678775 D_max=0.302448 Sc=1.000000 D_a=0.595489 CI=0.501199
case=915 GED=0.846501 D_max=0.211619 Sc=1.000000 D_a=0.601578 CI=0.406077
[batch 281/293] done in 107.85s evaluated=2248/2340
[batch 282/293] start batch_cases=8 evaluated=2248/2340 cases=916..922
[batch 282/293] ensemble 1/4 done in 26.84s
[batch 282/293] ensemble 2/4 done in 26.80s
[batch 282/293] ensemble 3/4 done in 26.80s
[batch 282/293] ensemble 4/4 done in 26.82s
case=916 GED=0.801789 D_max=0.190023 Sc=1.000000 D_a=0.564521 CI=0.373416
case=917 GED=0.443395 D_max=0.684095 Sc=0.984375 D_a=0.871951 CI=0.827698
case=918 GED=0.847095 D_max=0.195827 Sc=1.000000 D_a=0.581896 CI=0.383383
case=919 GED=0.287037 D_max=0.591848 Sc=0.900000 D_a=1.000000 CI=0.789321
case=92 GED=0.683565 D_max=0.354582 Sc=0.956522 D_a=0.604159 CI=0.543392
case=920 GED=0.828415 D_max=0.062756 Sc=1.000000 D_a=0.853171 CI=0.165683
case=921 GED=0.836545 D_max=0.279778 Sc=0.972222 D_a=0.626554 CI=0.483959
case=922 GED=0.820126 D_max=0.344979 Sc=0.960784 D_a=0.659589 CI=0.549890
[batch 282/293] done in 108.03s evaluated=2256/2340
[batch 283/293] start batch_cases=8 evaluated=2256/2340 cases=923..93
[batch 283/293] ensemble 1/4 done in 26.81s
[batch 283/293] ensemble 2/4 done in 26.82s
[batch 283/293] ensemble 3/4 done in 26.79s
[batch 283/293] ensemble 4/4 done in 26.82s
case=923 GED=0.959231 D_max=0.265741 Sc=1.000000 D_a=0.946407 CI=0.515491
case=924 GED=0.533238 D_max=0.516902 Sc=1.000000 D_a=0.923645 CI=0.746776
case=925 GED=0.651032 D_max=0.585312 Sc=1.000000 D_a=0.895492 CI=0.784274
case=926 GED=0.599506 D_max=0.606883 Sc=1.000000 D_a=0.840418 CI=0.781729
[running mean @ 2260 cases] GED=0.581630 D_max=0.545548 Sc=0.880541 D_a=0.782035 CI=0.639731
case=927 GED=0.728364 D_max=0.471828 Sc=1.000000 D_a=0.937383 CI=0.716638
case=928 GED=0.234662 D_max=0.835714 Sc=0.804878 D_a=1.000000 CI=0.872345
case=929 GED=0.583546 D_max=0.873894 Sc=0.983871 D_a=0.877907 CI=0.909154
case=93 GED=0.675411 D_max=0.370615 Sc=1.000000 D_a=0.582456 CI=0.554008
[batch 283/293] done in 107.36s evaluated=2264/2340
[batch 284/293] start batch_cases=8 evaluated=2264/2340 cases=930..937
[batch 284/293] ensemble 1/4 done in 26.80s
[batch 284/293] ensemble 2/4 done in 26.81s
[batch 284/293] ensemble 3/4 done in 26.81s
[batch 284/293] ensemble 4/4 done in 26.78s
case=930 GED=0.218468 D_max=0.854444 Sc=0.959184 D_a=1.000000 CI=0.933735
case=931 GED=0.578545 D_max=0.355673 Sc=0.972973 D_a=0.712804 CI=0.572273
case=932 GED=0.580450 D_max=0.635465 Sc=0.954545 D_a=0.788998 CI=0.771466
case=933 GED=0.481107 D_max=0.680737 Sc=0.977778 D_a=0.890587 CI=0.829972
case=934 GED=0.601939 D_max=0.636353 Sc=0.973214 D_a=0.750403 CI=0.763049
case=935 GED=0.874333 D_max=0.521869 Sc=0.973333 D_a=0.592287 CI=0.647674
case=936 GED=0.223776 D_max=0.836705 Sc=0.967742 D_a=1.000000 CI=0.929225
case=937 GED=0.894625 D_max=0.429585 Sc=0.953125 D_a=0.584142 CI=0.589516
[batch 284/293] done in 108.43s evaluated=2272/2340
[batch 285/293] start batch_cases=8 evaluated=2272/2340 cases=938..944
[batch 285/293] ensemble 1/4 done in 26.85s
[batch 285/293] ensemble 2/4 done in 26.78s
[batch 285/293] ensemble 3/4 done in 26.81s
[batch 285/293] ensemble 4/4 done in 26.79s
case=938 GED=0.827696 D_max=0.475866 Sc=0.915254 D_a=0.447690 CI=0.552719
case=939 GED=0.895663 D_max=0.301378 Sc=0.928571 D_a=0.666667 CI=0.508905
case=94 GED=0.493013 D_max=0.892857 Sc=0.960000 D_a=0.760504 CI=0.862916
case=940 GED=0.252422 D_max=0.808824 Sc=0.904762 D_a=1.000000 CI=0.897766
case=941 GED=1.082692 D_max=0.100000 Sc=1.000000 D_a=0.560361 CI=0.234658
case=942 GED=0.363470 D_max=0.790121 Sc=1.000000 D_a=0.824926 CI=0.862599
case=943 GED=0.778543 D_max=0.262997 Sc=1.000000 D_a=0.563602 CI=0.456161
case=944 GED=0.207823 D_max=0.790280 Sc=0.952381 D_a=1.000000 CI=0.904875
[running mean @ 2280 cases] GED=0.581605 D_max=0.545993 Sc=0.881230 D_a=0.781991 CI=0.640421
[batch 285/293] done in 107.36s evaluated=2280/2340
[batch 286/293] start batch_cases=8 evaluated=2280/2340 cases=945..951
[batch 286/293] ensemble 1/4 done in 26.83s
[batch 286/293] ensemble 2/4 done in 26.81s
[batch 286/293] ensemble 3/4 done in 26.81s
[batch 286/293] ensemble 4/4 done in 26.81s
case=945 GED=0.615146 D_max=0.267621 Sc=0.980583 D_a=0.723756 CI=0.488750
case=946 GED=0.394978 D_max=0.740228 Sc=0.962025 D_a=0.844051 CI=0.839121
case=947 GED=0.367375 D_max=0.758588 Sc=0.923913 D_a=0.815789 CI=0.827267
case=948 GED=0.363009 D_max=0.689033 Sc=0.814815 D_a=0.816726 CI=0.768643
case=949 GED=0.607887 D_max=0.858040 Sc=0.862069 D_a=0.893822 CI=0.871020
case=95 GED=0.525336 D_max=0.898889 Sc=1.000000 D_a=0.809659 CI=0.896172
case=950 GED=0.787786 D_max=0.200879 Sc=1.000000 D_a=0.643383 CI=0.398280
case=951 GED=0.821482 D_max=0.336982 Sc=0.980769 D_a=0.554320 CI=0.518033
[batch 286/293] done in 108.06s evaluated=2288/2340
[batch 287/293] start batch_cases=8 evaluated=2288/2340 cases=952..959
[batch 287/293] ensemble 1/4 done in 26.79s
[batch 287/293] ensemble 2/4 done in 26.82s
[batch 287/293] ensemble 3/4 done in 26.79s
[batch 287/293] ensemble 4/4 done in 26.82s
case=952 GED=0.645067 D_max=0.371810 Sc=0.985294 D_a=0.656154 CI=0.573778
case=953 GED=0.527096 D_max=0.439784 Sc=0.891892 D_a=0.872881 CI=0.660693
case=954 GED=0.327149 D_max=0.744913 Sc=0.917431 D_a=0.744656 CI=0.794630
case=955 GED=0.327597 D_max=0.797309 Sc=0.933333 D_a=0.829876 CI=0.849702
case=956 GED=0.603228 D_max=0.346833 Sc=0.949749 D_a=0.576786 CI=0.529111
case=957 GED=0.605027 D_max=0.358653 Sc=0.877049 D_a=0.541983 CI=0.519618
case=958 GED=0.620123 D_max=0.345268 Sc=0.977169 D_a=0.531704 CI=0.517204
case=959 GED=0.282436 D_max=0.815622 Sc=0.982857 D_a=0.832750 CI=0.870994
[batch 287/293] done in 107.35s evaluated=2296/2340
[batch 288/293] start batch_cases=8 evaluated=2296/2340 cases=96..966
[batch 288/293] ensemble 1/4 done in 26.80s
[batch 288/293] ensemble 2/4 done in 26.81s
[batch 288/293] ensemble 3/4 done in 26.81s
[batch 288/293] ensemble 4/4 done in 26.81s
case=96 GED=1.013379 D_max=0.164311 Sc=1.000000 D_a=0.540739 CI=0.335746
case=960 GED=0.125000 D_max=0.750000 Sc=0.000000 D_a=0.999999 CI=0.000000
case=961 GED=0.432540 D_max=1.000000 Sc=0.000000 D_a=0.500000 CI=0.000000
case=962 GED=0.337817 D_max=0.579309 Sc=0.118294 D_a=1.000000 CI=0.268344
[running mean @ 2300 cases] GED=0.581039 D_max=0.546229 Sc=0.880592 D_a=0.781595 CI=0.639864
case=963 GED=0.429043 D_max=0.596575 Sc=0.157163 D_a=0.679104 CI=0.315405
case=964 GED=0.402091 D_max=0.803196 Sc=0.557751 D_a=0.785366 CI=0.695857
case=965 GED=0.193135 D_max=0.825610 Sc=0.562069 D_a=1.000000 CI=0.751810
case=966 GED=0.548064 D_max=0.344451 Sc=0.787755 D_a=0.646124 CI=0.524449
[batch 288/293] done in 107.82s evaluated=2304/2340
[batch 289/293] start batch_cases=8 evaluated=2304/2340 cases=967..973
[batch 289/293] ensemble 1/4 done in 26.81s
[batch 289/293] ensemble 2/4 done in 26.80s
[batch 289/293] ensemble 3/4 done in 26.81s
[batch 289/293] ensemble 4/4 done in 26.80s
case=967 GED=0.338766 D_max=0.827204 Sc=0.653380 D_a=0.899055 CI=0.778882
case=968 GED=0.550782 D_max=0.360771 Sc=0.983929 D_a=0.642603 CI=0.561341
case=969 GED=0.587630 D_max=0.340816 Sc=0.906103 D_a=0.654542 CI=0.539031
case=97 GED=1.036407 D_max=0.167883 Sc=1.000000 D_a=0.558013 CI=0.342912
case=970 GED=0.259707 D_max=0.869243 Sc=0.968804 D_a=0.877241 CI=0.902917
case=971 GED=0.248595 D_max=0.767223 Sc=0.394511 D_a=1.000000 CI=0.620067
case=972 GED=0.375000 D_max=1.000000 Sc=0.000000 D_a=0.500000 CI=0.000000
case=973 GED=0.254619 D_max=0.878946 Sc=0.982422 D_a=0.871859 CI=0.908377
[batch 289/293] done in 107.35s evaluated=2312/2340
[batch 290/293] start batch_cases=8 evaluated=2312/2340 cases=974..980
[batch 290/293] ensemble 1/4 done in 26.82s
[batch 290/293] ensemble 2/4 done in 26.80s
[batch 290/293] ensemble 3/4 done in 26.81s
[batch 290/293] ensemble 4/4 done in 26.82s
case=974 GED=0.473326 D_max=0.500000 Sc=0.000000 D_a=0.500000 CI=0.000000
case=975 GED=0.461538 D_max=0.500000 Sc=0.000000 D_a=0.500000 CI=0.000000
case=976 GED=0.282138 D_max=0.852069 Sc=0.986622 D_a=0.879494 CI=0.902475
case=977 GED=0.165933 D_max=0.841193 Sc=0.914729 D_a=1.000000 CI=0.914075
case=978 GED=0.332261 D_max=0.500000 Sc=0.000000 D_a=1.000000 CI=0.000000
case=979 GED=0.286748 D_max=0.654605 Sc=0.253012 D_a=1.000000 CI=0.462962
case=98 GED=1.077601 D_max=0.148248 Sc=0.974359 D_a=0.558586 CI=0.313742
case=980 GED=0.209143 D_max=0.789286 Sc=0.970954 D_a=1.000000 CI=0.909950
[running mean @ 2320 cases] GED=0.579699 D_max=0.546938 Sc=0.878196 D_a=0.781561 CI=0.638850
[batch 290/293] done in 108.29s evaluated=2320/2340
[batch 291/293] start batch_cases=8 evaluated=2320/2340 cases=981..988
[batch 291/293] ensemble 1/4 done in 26.84s
[batch 291/293] ensemble 2/4 done in 26.81s
[batch 291/293] ensemble 3/4 done in 26.80s
[batch 291/293] ensemble 4/4 done in 26.81s
case=981 GED=0.419737 D_max=0.500000 Sc=0.000000 D_a=0.500000 CI=0.000000
case=982 GED=0.533334 D_max=0.750000 Sc=0.000000 D_a=0.710526 CI=0.000000
case=983 GED=0.450000 D_max=0.500000 Sc=0.000000 D_a=0.500000 CI=0.000000
case=984 GED=0.513407 D_max=0.500000 Sc=0.000000 D_a=0.713415 CI=0.000000
case=985 GED=0.310096 D_max=0.500000 Sc=0.000000 D_a=1.000000 CI=0.000000
case=986 GED=0.313291 D_max=0.500000 Sc=0.000000 D_a=1.000000 CI=0.000000
case=987 GED=0.281380 D_max=0.502545 Sc=0.009852 D_a=1.000000 CI=0.028711
case=988 GED=0.295843 D_max=0.503077 Sc=0.006601 D_a=1.000000 CI=0.019419
[batch 291/293] done in 107.86s evaluated=2328/2340
[batch 292/293] start batch_cases=8 evaluated=2328/2340 cases=989..995
[batch 292/293] ensemble 1/4 done in 26.80s
[batch 292/293] ensemble 2/4 done in 26.81s
[batch 292/293] ensemble 3/4 done in 26.79s
[batch 292/293] ensemble 4/4 done in 26.81s
case=989 GED=0.311234 D_max=0.543318 Sc=0.083807 D_a=1.000000 CI=0.203077
case=99 GED=1.046656 D_max=0.166045 Sc=0.989247 D_a=0.571757 CI=0.341595
case=990 GED=0.239342 D_max=0.822289 Sc=0.800000 D_a=1.000000 CI=0.865522
case=991 GED=0.543203 D_max=0.856771 Sc=1.000000 D_a=0.813793 CI=0.883396
case=992 GED=0.545036 D_max=0.886574 Sc=1.000000 D_a=0.831412 CI=0.900709
case=993 GED=0.534654 D_max=0.890086 Sc=1.000000 D_a=0.845277 CI=0.907295
case=994 GED=1.007720 D_max=0.138889 Sc=1.000000 D_a=0.689023 CI=0.310838
case=995 GED=0.928766 D_max=0.174699 Sc=1.000000 D_a=0.692848 CI=0.367312
[batch 292/293] done in 107.34s evaluated=2336/2340
[batch 293/293] start batch_cases=4 evaluated=2336/2340 cases=996..999
[batch 293/293] ensemble 1/4 done in 20.12s
[batch 293/293] ensemble 2/4 done in 20.03s
[batch 293/293] ensemble 3/4 done in 20.11s
[batch 293/293] ensemble 4/4 done in 20.08s
case=996 GED=0.100446 D_max=0.832090 Sc=0.846154 D_a=1.000000 CI=0.886626
case=997 GED=1.073683 D_max=0.097765 Sc=0.977273 D_a=0.578786 CI=0.231132
case=998 GED=0.339578 D_max=0.774215 Sc=0.937500 D_a=0.775591 CI=0.822450
case=999 GED=0.110390 D_max=0.802326 Sc=0.375000 D_a=1.000000 CI=0.610619
[running mean @ 2340 cases] GED=0.578974 D_max=0.547067 Sc=0.874974 D_a=0.781813 CI=0.636543
[batch 293/293] done in 80.41s evaluated=2340/2340

Evaluated cases: 2340
GED: mean=0.578974 std=0.289580
D_max: mean=0.547067 std=0.248941
Sc: mean=0.874974 std=0.251979
D_a: mean=0.781813 std=0.171089
CI: mean=0.636543 std=0.252744
-----------------------------
Exit worker node
