2026-02-16 13:26:30,113 - INFO - Starting training...
2026-02-16 13:26:30,113 - INFO - Loaded config from /data2/cmdir/home/ioit111/trung_ng/LDSeg-mod/train_config.ini
2026-02-16 13:26:30,113 - INFO - Using device: cpu
2026-02-16 13:26:35,342 - INFO - Train Dataset loaded with 13008 samples.
2026-02-16 13:26:35,423 - INFO - Validation Dataset loaded with 200 samples.
2026-02-16 13:26:35,914 - INFO - Noise scheduler: cosine, steps: 1000
2026-02-16 13:26:48,037 - INFO - Epoch 1/100 Batch 1/650 - Loss: 2.689331 (Recon: 1.428734, Diff: 1.256600, KL: 3.997421)
2026-02-16 13:26:49,164 - INFO - Epoch 1/100 Batch 2/650 - Loss: 2.705246 (Recon: 1.427303, Diff: 1.273947, KL: 3.996429)
2026-02-16 13:26:50,197 - INFO - Epoch 1/100 Batch 3/650 - Loss: 2.703274 (Recon: 1.428504, Diff: 1.270772, KL: 3.997244)
2026-02-16 13:26:51,231 - INFO - Epoch 1/100 Batch 4/650 - Loss: 2.723000 (Recon: 1.430090, Diff: 1.288911, KL: 3.998759)
2026-02-16 13:26:52,457 - INFO - Epoch 1/100 Batch 5/650 - Loss: 2.745235 (Recon: 1.427614, Diff: 1.313621, KL: 3.999503)
2026-02-16 13:26:53,495 - INFO - Epoch 1/100 Batch 6/650 - Loss: 2.652924 (Recon: 1.428320, Diff: 1.220605, KL: 3.998704)
2026-02-16 13:26:55,269 - INFO - Epoch 1/100 Batch 7/650 - Loss: 2.760459 (Recon: 1.426716, Diff: 1.329747, KL: 3.996752)
2026-02-16 13:26:56,272 - INFO - Epoch 1/100 Batch 8/650 - Loss: 2.752865 (Recon: 1.429592, Diff: 1.319276, KL: 3.997258)
2026-02-16 13:26:57,274 - INFO - Epoch 1/100 Batch 9/650 - Loss: 2.697791 (Recon: 1.431443, Diff: 1.262351, KL: 3.997497)
2026-02-16 13:26:58,290 - INFO - Epoch 1/100 Batch 10/650 - Loss: 2.735234 (Recon: 1.425016, Diff: 1.306221, KL: 3.996265)
2026-02-16 13:26:59,324 - INFO - Epoch 1/100 Batch 11/650 - Loss: 2.681204 (Recon: 1.428066, Diff: 1.249141, KL: 3.997088)
2026-02-16 13:27:00,347 - INFO - Epoch 1/100 Batch 12/650 - Loss: 2.731572 (Recon: 1.427872, Diff: 1.299702, KL: 3.998582)
2026-02-16 13:27:01,392 - INFO - Epoch 1/100 Batch 13/650 - Loss: 2.707691 (Recon: 1.430059, Diff: 1.273634, KL: 3.998241)
2026-02-16 13:27:02,417 - INFO - Epoch 1/100 Batch 14/650 - Loss: 2.840112 (Recon: 1.429844, Diff: 1.406270, KL: 3.998251)
2026-02-16 13:27:03,586 - INFO - Epoch 1/100 Batch 15/650 - Loss: 2.608216 (Recon: 1.427058, Diff: 1.177161, KL: 3.996320)
2026-02-16 13:27:05,234 - INFO - Epoch 1/100 Batch 16/650 - Loss: 2.694295 (Recon: 1.429263, Diff: 1.261034, KL: 3.997269)
2026-02-16 13:27:06,672 - INFO - Epoch 1/100 Batch 17/650 - Loss: 2.750743 (Recon: 1.424504, Diff: 1.322244, KL: 3.994910)
2026-02-16 13:27:07,736 - INFO - Epoch 1/100 Batch 18/650 - Loss: 2.706339 (Recon: 1.433762, Diff: 1.268577, KL: 3.999500)
2026-02-16 13:27:09,258 - INFO - Epoch 1/100 Batch 19/650 - Loss: 2.800841 (Recon: 1.428960, Diff: 1.367884, KL: 3.996396)
2026-02-16 13:27:10,849 - INFO - Epoch 1/100 Batch 20/650 - Loss: 2.751021 (Recon: 1.427828, Diff: 1.319196, KL: 3.996285)
2026-02-16 13:27:15,681 - INFO - Epoch 1/100 Batch 21/650 - Loss: 2.742684 (Recon: 1.425812, Diff: 1.312876, KL: 3.996344)
2026-02-16 13:27:16,682 - INFO - Epoch 1/100 Batch 22/650 - Loss: 2.669454 (Recon: 1.432238, Diff: 1.233220, KL: 3.996402)
2026-02-16 13:27:17,789 - INFO - Epoch 1/100 Batch 23/650 - Loss: 2.700382 (Recon: 1.426742, Diff: 1.269645, KL: 3.995039)
2026-02-16 13:27:19,002 - INFO - Epoch 1/100 Batch 24/650 - Loss: 2.759556 (Recon: 1.429772, Diff: 1.325787, KL: 3.996737)
2026-02-16 13:27:20,114 - INFO - Epoch 1/100 Batch 25/650 - Loss: 2.741853 (Recon: 1.428736, Diff: 1.309119, KL: 3.997624)
2026-02-16 13:27:21,266 - INFO - Epoch 1/100 Batch 26/650 - Loss: 2.709803 (Recon: 1.432479, Diff: 1.273327, KL: 3.997174)
2026-02-16 13:27:24,087 - INFO - Epoch 1/100 Batch 27/650 - Loss: 2.732607 (Recon: 1.431180, Diff: 1.297432, KL: 3.994710)
2026-02-16 13:27:25,879 - INFO - Epoch 1/100 Batch 28/650 - Loss: 2.732906 (Recon: 1.428111, Diff: 1.300798, KL: 3.996141)
2026-02-16 13:27:26,948 - INFO - Epoch 1/100 Batch 29/650 - Loss: 2.715261 (Recon: 1.428567, Diff: 1.282699, KL: 3.994923)
2026-02-16 13:27:27,961 - INFO - Epoch 1/100 Batch 30/650 - Loss: 2.656830 (Recon: 1.426302, Diff: 1.226534, KL: 3.994028)
2026-02-16 13:27:29,027 - INFO - Epoch 1/100 Batch 31/650 - Loss: 2.682361 (Recon: 1.426954, Diff: 1.251411, KL: 3.996961)
2026-02-16 13:27:30,747 - INFO - Epoch 1/100 Batch 32/650 - Loss: 2.656053 (Recon: 1.429262, Diff: 1.222795, KL: 3.995420)
2026-02-16 13:27:31,913 - INFO - Epoch 1/100 Batch 33/650 - Loss: 2.741477 (Recon: 1.426453, Diff: 1.311029, KL: 3.994371)
2026-02-16 13:27:32,907 - INFO - Epoch 1/100 Batch 34/650 - Loss: 2.689684 (Recon: 1.428247, Diff: 1.257444, KL: 3.993622)
2026-02-16 13:27:34,053 - INFO - Epoch 1/100 Batch 35/650 - Loss: 2.654222 (Recon: 1.428948, Diff: 1.221280, KL: 3.993411)
2026-02-16 13:27:35,264 - INFO - Epoch 1/100 Batch 36/650 - Loss: 2.753282 (Recon: 1.426351, Diff: 1.322936, KL: 3.995243)
2026-02-16 13:27:41,127 - INFO - Epoch 1/100 Batch 37/650 - Loss: 2.694169 (Recon: 1.429594, Diff: 1.260581, KL: 3.994073)
2026-02-16 13:27:42,160 - INFO - Epoch 1/100 Batch 38/650 - Loss: 2.717345 (Recon: 1.427408, Diff: 1.285942, KL: 3.994301)
2026-02-16 13:27:43,427 - INFO - Epoch 1/100 Batch 39/650 - Loss: 2.691625 (Recon: 1.428124, Diff: 1.259508, KL: 3.992452)
2026-02-16 13:27:51,216 - INFO - Epoch 1/100 Batch 40/650 - Loss: 2.764010 (Recon: 1.427529, Diff: 1.332486, KL: 3.995054)
2026-02-16 13:27:52,242 - INFO - Epoch 1/100 Batch 41/650 - Loss: 2.755470 (Recon: 1.427214, Diff: 1.324263, KL: 3.992732)
2026-02-16 13:27:53,333 - INFO - Epoch 1/100 Batch 42/650 - Loss: 2.729151 (Recon: 1.431597, Diff: 1.293561, KL: 3.993287)
2026-02-16 13:27:54,882 - INFO - Epoch 1/100 Batch 43/650 - Loss: 2.772327 (Recon: 1.428005, Diff: 1.340330, KL: 3.992728)
2026-02-16 13:27:55,963 - INFO - Epoch 1/100 Batch 44/650 - Loss: 2.699813 (Recon: 1.425436, Diff: 1.270385, KL: 3.992369)
2026-02-16 13:27:59,501 - INFO - Epoch 1/100 Batch 45/650 - Loss: 2.731487 (Recon: 1.427377, Diff: 1.300117, KL: 3.992959)
2026-02-16 13:28:00,711 - INFO - Epoch 1/100 Batch 46/650 - Loss: 2.663718 (Recon: 1.425200, Diff: 1.234526, KL: 3.991770)
2026-02-16 13:28:01,760 - INFO - Epoch 1/100 Batch 47/650 - Loss: 2.750664 (Recon: 1.428960, Diff: 1.317713, KL: 3.991755)
2026-02-16 13:28:02,779 - INFO - Epoch 1/100 Batch 48/650 - Loss: 2.730068 (Recon: 1.426521, Diff: 1.299555, KL: 3.992068)
2026-02-16 13:28:03,824 - INFO - Epoch 1/100 Batch 49/650 - Loss: 2.688187 (Recon: 1.425272, Diff: 1.258925, KL: 3.989726)
2026-02-16 13:28:04,839 - INFO - Epoch 1/100 Batch 50/650 - Loss: 2.670476 (Recon: 1.426964, Diff: 1.239521, KL: 3.991346)
2026-02-16 13:28:06,076 - INFO - Epoch 1/100 Batch 51/650 - Loss: 2.694778 (Recon: 1.425924, Diff: 1.264864, KL: 3.990920)
2026-02-16 13:28:07,629 - INFO - Epoch 1/100 Batch 52/650 - Loss: 2.710194 (Recon: 1.426019, Diff: 1.280185, KL: 3.989654)
2026-02-16 13:28:08,767 - INFO - Epoch 1/100 Batch 53/650 - Loss: 2.648263 (Recon: 1.426863, Diff: 1.217410, KL: 3.990251)
2026-02-16 13:28:10,084 - INFO - Epoch 1/100 Batch 54/650 - Loss: 2.611853 (Recon: 1.426389, Diff: 1.181476, KL: 3.988845)
2026-02-16 13:28:11,933 - INFO - Epoch 1/100 Batch 55/650 - Loss: 2.626334 (Recon: 1.428314, Diff: 1.194031, KL: 3.989945)
2026-02-16 13:28:13,002 - INFO - Epoch 1/100 Batch 56/650 - Loss: 2.719935 (Recon: 1.426297, Diff: 1.289647, KL: 3.990534)
2026-02-16 13:28:14,124 - INFO - Epoch 1/100 Batch 57/650 - Loss: 2.717271 (Recon: 1.423828, Diff: 1.289455, KL: 3.988623)
2026-02-16 13:28:15,181 - INFO - Epoch 1/100 Batch 58/650 - Loss: 2.678571 (Recon: 1.424961, Diff: 1.249623, KL: 3.986741)
2026-02-16 13:28:16,635 - INFO - Epoch 1/100 Batch 59/650 - Loss: 2.824026 (Recon: 1.428037, Diff: 1.392002, KL: 3.988076)
2026-02-16 13:28:17,711 - INFO - Epoch 1/100 Batch 60/650 - Loss: 2.657843 (Recon: 1.423696, Diff: 1.230159, KL: 3.987231)
2026-02-16 13:28:18,732 - INFO - Epoch 1/100 Batch 61/650 - Loss: 2.625510 (Recon: 1.423912, Diff: 1.197611, KL: 3.986864)
2026-02-16 13:28:31,697 - INFO - Epoch 1/100 Batch 62/650 - Loss: 2.706774 (Recon: 1.425401, Diff: 1.277386, KL: 3.987006)
2026-02-16 13:28:32,724 - INFO - Epoch 1/100 Batch 63/650 - Loss: 2.731120 (Recon: 1.425506, Diff: 1.301627, KL: 3.986932)
2026-02-16 13:28:36,301 - INFO - Epoch 1/100 Batch 64/650 - Loss: 2.717556 (Recon: 1.423957, Diff: 1.289614, KL: 3.985114)
2026-02-16 13:28:45,692 - INFO - Epoch 1/100 Batch 65/650 - Loss: 2.702269 (Recon: 1.425119, Diff: 1.273165, KL: 3.985198)
2026-02-16 13:28:46,719 - INFO - Epoch 1/100 Batch 66/650 - Loss: 2.675037 (Recon: 1.423019, Diff: 1.248033, KL: 3.984912)
2026-02-16 13:28:47,742 - INFO - Epoch 1/100 Batch 67/650 - Loss: 2.625100 (Recon: 1.422811, Diff: 1.198305, KL: 3.983980)
2026-02-16 13:28:48,776 - INFO - Epoch 1/100 Batch 68/650 - Loss: 2.712278 (Recon: 1.422690, Diff: 1.285604, KL: 3.983911)
2026-02-16 13:28:49,783 - INFO - Epoch 1/100 Batch 69/650 - Loss: 2.723563 (Recon: 1.422441, Diff: 1.297139, KL: 3.983679)
2026-02-16 13:28:50,850 - INFO - Epoch 1/100 Batch 70/650 - Loss: 2.631050 (Recon: 1.423633, Diff: 1.203433, KL: 3.983890)
2026-02-16 13:28:51,881 - INFO - Epoch 1/100 Batch 71/650 - Loss: 2.648715 (Recon: 1.421548, Diff: 1.223183, KL: 3.982928)
2026-02-16 13:28:52,934 - INFO - Epoch 1/100 Batch 72/650 - Loss: 2.657928 (Recon: 1.422544, Diff: 1.231401, KL: 3.982606)
2026-02-16 13:28:53,961 - INFO - Epoch 1/100 Batch 73/650 - Loss: 2.667894 (Recon: 1.418936, Diff: 1.244976, KL: 3.981515)
2026-02-16 13:28:55,008 - INFO - Epoch 1/100 Batch 74/650 - Loss: 2.587492 (Recon: 1.420099, Diff: 1.163411, KL: 3.981884)
2026-02-16 13:28:56,034 - INFO - Epoch 1/100 Batch 75/650 - Loss: 2.599220 (Recon: 1.422777, Diff: 1.172461, KL: 3.981685)
2026-02-16 13:29:02,235 - INFO - Epoch 1/100 Batch 76/650 - Loss: 2.602805 (Recon: 1.421432, Diff: 1.177392, KL: 3.980922)
2026-02-16 13:29:14,145 - INFO - Epoch 1/100 Batch 77/650 - Loss: 2.695727 (Recon: 1.422675, Diff: 1.269071, KL: 3.980549)
2026-02-16 13:29:15,458 - INFO - Epoch 1/100 Batch 78/650 - Loss: 2.690804 (Recon: 1.418135, Diff: 1.268690, KL: 3.979390)
2026-02-16 13:29:16,494 - INFO - Epoch 1/100 Batch 79/650 - Loss: 2.644275 (Recon: 1.415232, Diff: 1.225063, KL: 3.979369)
2026-02-16 13:29:17,542 - INFO - Epoch 1/100 Batch 80/650 - Loss: 2.729030 (Recon: 1.420299, Diff: 1.304752, KL: 3.978412)
2026-02-16 13:29:18,599 - INFO - Epoch 1/100 Batch 81/650 - Loss: 2.604698 (Recon: 1.420354, Diff: 1.180365, KL: 3.979189)
2026-02-16 13:29:19,640 - INFO - Epoch 1/100 Batch 82/650 - Loss: 2.584925 (Recon: 1.418808, Diff: 1.162139, KL: 3.978507)
2026-02-16 13:29:20,676 - INFO - Epoch 1/100 Batch 83/650 - Loss: 2.637494 (Recon: 1.420874, Diff: 1.212641, KL: 3.978568)
2026-02-16 13:29:21,749 - INFO - Epoch 1/100 Batch 84/650 - Loss: 2.644555 (Recon: 1.420208, Diff: 1.220369, KL: 3.977621)
2026-02-16 13:29:22,813 - INFO - Epoch 1/100 Batch 85/650 - Loss: 2.666095 (Recon: 1.418902, Diff: 1.243217, KL: 3.975981)
2026-02-16 13:29:24,015 - INFO - Epoch 1/100 Batch 86/650 - Loss: 2.678785 (Recon: 1.418600, Diff: 1.256209, KL: 3.976973)
2026-02-16 13:29:25,062 - INFO - Epoch 1/100 Batch 87/650 - Loss: 2.662612 (Recon: 1.419444, Diff: 1.239191, KL: 3.976227)
2026-02-16 13:29:26,099 - INFO - Epoch 1/100 Batch 88/650 - Loss: 2.657005 (Recon: 1.417764, Diff: 1.235266, KL: 3.975859)
2026-02-16 13:29:27,183 - INFO - Epoch 1/100 Batch 89/650 - Loss: 2.573759 (Recon: 1.420294, Diff: 1.149490, KL: 3.975166)
2026-02-16 13:29:28,265 - INFO - Epoch 1/100 Batch 90/650 - Loss: 2.626867 (Recon: 1.415976, Diff: 1.206916, KL: 3.974126)
2026-02-16 13:29:29,289 - INFO - Epoch 1/100 Batch 91/650 - Loss: 2.603890 (Recon: 1.418670, Diff: 1.181246, KL: 3.973670)
2026-02-16 13:29:30,292 - INFO - Epoch 1/100 Batch 92/650 - Loss: 2.648110 (Recon: 1.416525, Diff: 1.227612, KL: 3.973528)
2026-02-16 13:29:31,319 - INFO - Epoch 1/100 Batch 93/650 - Loss: 2.708349 (Recon: 1.413785, Diff: 1.290592, KL: 3.972032)
2026-02-16 13:29:32,401 - INFO - Epoch 1/100 Batch 94/650 - Loss: 2.602511 (Recon: 1.417988, Diff: 1.180550, KL: 3.972238)
2026-02-16 13:29:33,504 - INFO - Epoch 1/100 Batch 95/650 - Loss: 2.599359 (Recon: 1.420892, Diff: 1.174495, KL: 3.972007)
2026-02-16 13:29:34,672 - INFO - Epoch 1/100 Batch 96/650 - Loss: 2.691802 (Recon: 1.414499, Diff: 1.273333, KL: 3.970181)
2026-02-16 13:29:35,719 - INFO - Epoch 1/100 Batch 97/650 - Loss: 2.582288 (Recon: 1.418576, Diff: 1.159742, KL: 3.970364)
2026-02-16 13:29:36,761 - INFO - Epoch 1/100 Batch 98/650 - Loss: 2.708489 (Recon: 1.415728, Diff: 1.288790, KL: 3.970022)
2026-02-16 13:29:37,780 - INFO - Epoch 1/100 Batch 99/650 - Loss: 2.672739 (Recon: 1.412030, Diff: 1.256739, KL: 3.968904)
2026-02-16 13:29:38,839 - INFO - Epoch 1/100 Batch 100/650 - Loss: 2.664187 (Recon: 1.418122, Diff: 1.242096, KL: 3.969000)
2026-02-16 13:29:39,880 - INFO - Epoch 1/100 Batch 101/650 - Loss: 2.535851 (Recon: 1.416723, Diff: 1.115160, KL: 3.967918)
2026-02-16 13:29:40,902 - INFO - Epoch 1/100 Batch 102/650 - Loss: 2.576324 (Recon: 1.415925, Diff: 1.156432, KL: 3.967352)
2026-02-16 13:29:41,939 - INFO - Epoch 1/100 Batch 103/650 - Loss: 2.655272 (Recon: 1.415339, Diff: 1.235966, KL: 3.966339)
2026-02-16 13:29:42,993 - INFO - Epoch 1/100 Batch 104/650 - Loss: 2.599663 (Recon: 1.411523, Diff: 1.184174, KL: 3.965851)
2026-02-16 13:29:44,117 - INFO - Epoch 1/100 Batch 105/650 - Loss: 2.606742 (Recon: 1.417313, Diff: 1.185465, KL: 3.964650)
2026-02-16 13:29:45,316 - INFO - Epoch 1/100 Batch 106/650 - Loss: 2.615983 (Recon: 1.412349, Diff: 1.199670, KL: 3.964080)
2026-02-16 13:29:46,440 - INFO - Epoch 1/100 Batch 107/650 - Loss: 2.631243 (Recon: 1.416973, Diff: 1.210307, KL: 3.963482)
2026-02-16 13:29:47,515 - INFO - Epoch 1/100 Batch 108/650 - Loss: 2.576838 (Recon: 1.413714, Diff: 1.159161, KL: 3.962519)
2026-02-16 13:29:48,591 - INFO - Epoch 1/100 Batch 109/650 - Loss: 2.624297 (Recon: 1.411584, Diff: 1.208752, KL: 3.961162)
2026-02-16 13:29:49,653 - INFO - Epoch 1/100 Batch 110/650 - Loss: 2.617902 (Recon: 1.413051, Diff: 1.200890, KL: 3.960842)
2026-02-16 13:29:50,721 - INFO - Epoch 1/100 Batch 111/650 - Loss: 2.710561 (Recon: 1.410913, Diff: 1.295688, KL: 3.960159)
2026-02-16 13:29:51,795 - INFO - Epoch 1/100 Batch 112/650 - Loss: 2.555362 (Recon: 1.411410, Diff: 1.139993, KL: 3.959063)
2026-02-16 13:29:52,895 - INFO - Epoch 1/100 Batch 113/650 - Loss: 2.615668 (Recon: 1.411838, Diff: 1.199871, KL: 3.958857)
2026-02-16 13:29:53,900 - INFO - Epoch 1/100 Batch 114/650 - Loss: 2.523177 (Recon: 1.409919, Diff: 1.109300, KL: 3.957806)
2026-02-16 13:29:54,992 - INFO - Epoch 1/100 Batch 115/650 - Loss: 2.475590 (Recon: 1.406475, Diff: 1.065157, KL: 3.957409)
2026-02-16 13:29:56,090 - INFO - Epoch 1/100 Batch 116/650 - Loss: 2.533864 (Recon: 1.406332, Diff: 1.123577, KL: 3.955835)
2026-02-16 13:29:57,214 - INFO - Epoch 1/100 Batch 117/650 - Loss: 2.595258 (Recon: 1.411518, Diff: 1.179785, KL: 3.955193)
2026-02-16 13:29:58,255 - INFO - Epoch 1/100 Batch 118/650 - Loss: 2.612775 (Recon: 1.409275, Diff: 1.199546, KL: 3.953730)
2026-02-16 13:29:59,420 - INFO - Epoch 1/100 Batch 119/650 - Loss: 2.616170 (Recon: 1.407326, Diff: 1.204890, KL: 3.953492)
2026-02-16 13:30:00,453 - INFO - Epoch 1/100 Batch 120/650 - Loss: 2.600791 (Recon: 1.408277, Diff: 1.188563, KL: 3.951573)
2026-02-16 13:30:01,458 - INFO - Epoch 1/100 Batch 121/650 - Loss: 2.594787 (Recon: 1.402857, Diff: 1.187979, KL: 3.950867)
2026-02-16 13:30:03,560 - INFO - Epoch 1/100 Batch 122/650 - Loss: 2.638358 (Recon: 1.406231, Diff: 1.228177, KL: 3.950054)
2026-02-16 13:30:04,607 - INFO - Epoch 1/100 Batch 123/650 - Loss: 2.520875 (Recon: 1.403298, Diff: 1.113628, KL: 3.949663)
2026-02-16 13:30:05,622 - INFO - Epoch 1/100 Batch 124/650 - Loss: 2.539286 (Recon: 1.404284, Diff: 1.131054, KL: 3.947758)
2026-02-16 13:30:40,428 - INFO - Epoch 1/100 Batch 125/650 - Loss: 2.558422 (Recon: 1.404135, Diff: 1.150339, KL: 3.947427)
2026-02-16 13:31:04,676 - INFO - Epoch 1/100 Batch 126/650 - Loss: 2.590005 (Recon: 1.407060, Diff: 1.179000, KL: 3.945407)
2026-02-16 13:31:07,027 - INFO - Epoch 1/100 Batch 127/650 - Loss: 2.585517 (Recon: 1.406503, Diff: 1.175070, KL: 3.943898)
2026-02-16 13:31:15,436 - INFO - Epoch 1/100 Batch 128/650 - Loss: 2.525216 (Recon: 1.404695, Diff: 1.116577, KL: 3.943756)
2026-02-16 13:31:20,577 - INFO - Epoch 1/100 Batch 129/650 - Loss: 2.551795 (Recon: 1.402829, Diff: 1.145023, KL: 3.942210)
2026-02-16 13:31:21,618 - INFO - Epoch 1/100 Batch 130/650 - Loss: 2.668170 (Recon: 1.400857, Diff: 1.263372, KL: 3.940954)
2026-02-16 13:31:22,722 - INFO - Epoch 1/100 Batch 131/650 - Loss: 2.565669 (Recon: 1.403267, Diff: 1.158462, KL: 3.939510)
2026-02-16 13:31:23,805 - INFO - Epoch 1/100 Batch 132/650 - Loss: 2.560707 (Recon: 1.400045, Diff: 1.156723, KL: 3.939016)
2026-02-16 13:31:24,912 - INFO - Epoch 1/100 Batch 133/650 - Loss: 2.544870 (Recon: 1.404270, Diff: 1.136663, KL: 3.936945)
2026-02-16 13:31:26,032 - INFO - Epoch 1/100 Batch 134/650 - Loss: 2.563846 (Recon: 1.400130, Diff: 1.159781, KL: 3.935869)
2026-02-16 13:31:27,049 - INFO - Epoch 1/100 Batch 135/650 - Loss: 2.594131 (Recon: 1.403309, Diff: 1.186887, KL: 3.934913)
2026-02-16 13:31:30,273 - INFO - Epoch 1/100 Batch 136/650 - Loss: 2.529241 (Recon: 1.401493, Diff: 1.123816, KL: 3.932444)
2026-02-16 13:31:31,866 - INFO - Epoch 1/100 Batch 137/650 - Loss: 2.518475 (Recon: 1.401901, Diff: 1.112643, KL: 3.931284)
2026-02-16 13:31:33,671 - INFO - Epoch 1/100 Batch 138/650 - Loss: 2.618710 (Recon: 1.399720, Diff: 1.215061, KL: 3.929052)
2026-02-16 13:31:34,740 - INFO - Epoch 1/100 Batch 139/650 - Loss: 2.491362 (Recon: 1.403323, Diff: 1.084111, KL: 3.928225)
2026-02-16 13:31:38,453 - INFO - Epoch 1/100 Batch 140/650 - Loss: 2.507992 (Recon: 1.395337, Diff: 1.108728, KL: 3.926260)
2026-02-16 13:31:42,923 - INFO - Epoch 1/100 Batch 141/650 - Loss: 2.609972 (Recon: 1.398325, Diff: 1.207721, KL: 3.925121)
2026-02-16 13:31:43,912 - INFO - Epoch 1/100 Batch 142/650 - Loss: 2.539397 (Recon: 1.398090, Diff: 1.137384, KL: 3.922688)
2026-02-16 13:31:45,396 - INFO - Epoch 1/100 Batch 143/650 - Loss: 2.554140 (Recon: 1.393303, Diff: 1.156915, KL: 3.921182)
2026-02-16 13:31:46,475 - INFO - Epoch 1/100 Batch 144/650 - Loss: 2.548379 (Recon: 1.395553, Diff: 1.148906, KL: 3.919959)
2026-02-16 13:31:48,026 - INFO - Epoch 1/100 Batch 145/650 - Loss: 2.540602 (Recon: 1.395241, Diff: 1.141442, KL: 3.919353)
2026-02-16 13:31:53,939 - INFO - Epoch 1/100 Batch 146/650 - Loss: 2.594430 (Recon: 1.391686, Diff: 1.198826, KL: 3.918822)
2026-02-16 13:31:55,135 - INFO - Epoch 1/100 Batch 147/650 - Loss: 2.549446 (Recon: 1.394985, Diff: 1.150547, KL: 3.913800)
2026-02-16 13:31:56,184 - INFO - Epoch 1/100 Batch 148/650 - Loss: 2.516158 (Recon: 1.392910, Diff: 1.119334, KL: 3.914108)
2026-02-16 13:31:57,249 - INFO - Epoch 1/100 Batch 149/650 - Loss: 2.504570 (Recon: 1.392019, Diff: 1.108640, KL: 3.910696)
2026-02-16 13:31:58,758 - INFO - Epoch 1/100 Batch 150/650 - Loss: 2.522963 (Recon: 1.392013, Diff: 1.127041, KL: 3.909581)
2026-02-16 13:31:59,818 - INFO - Epoch 1/100 Batch 151/650 - Loss: 2.505618 (Recon: 1.390067, Diff: 1.111644, KL: 3.907302)
2026-02-16 13:32:01,582 - INFO - Epoch 1/100 Batch 152/650 - Loss: 2.554536 (Recon: 1.387054, Diff: 1.163574, KL: 3.908132)
2026-02-16 13:32:05,003 - INFO - Epoch 1/100 Batch 153/650 - Loss: 2.460748 (Recon: 1.394907, Diff: 1.061936, KL: 3.905116)
2026-02-16 13:32:06,000 - INFO - Epoch 1/100 Batch 154/650 - Loss: 2.418017 (Recon: 1.390505, Diff: 1.023611, KL: 3.900005)
2026-02-16 13:32:07,059 - INFO - Epoch 1/100 Batch 155/650 - Loss: 2.489838 (Recon: 1.391473, Diff: 1.094465, KL: 3.900395)
2026-02-16 13:32:08,110 - INFO - Epoch 1/100 Batch 156/650 - Loss: 2.445768 (Recon: 1.387126, Diff: 1.054746, KL: 3.896157)
2026-02-16 13:32:09,148 - INFO - Epoch 1/100 Batch 157/650 - Loss: 2.434093 (Recon: 1.386743, Diff: 1.043454, KL: 3.896985)
2026-02-16 13:32:10,282 - INFO - Epoch 1/100 Batch 158/650 - Loss: 2.466851 (Recon: 1.385228, Diff: 1.077731, KL: 3.892092)
2026-02-16 13:32:11,347 - INFO - Epoch 1/100 Batch 159/650 - Loss: 2.537675 (Recon: 1.382417, Diff: 1.151367, KL: 3.890193)
2026-02-16 13:32:12,408 - INFO - Epoch 1/100 Batch 160/650 - Loss: 2.516797 (Recon: 1.388698, Diff: 1.124210, KL: 3.888543)
2026-02-16 13:32:13,451 - INFO - Epoch 1/100 Batch 161/650 - Loss: 2.544211 (Recon: 1.386718, Diff: 1.153608, KL: 3.885415)
2026-02-16 13:32:14,562 - INFO - Epoch 1/100 Batch 162/650 - Loss: 2.475838 (Recon: 1.386315, Diff: 1.085637, KL: 3.886327)
2026-02-16 13:32:15,820 - INFO - Epoch 1/100 Batch 163/650 - Loss: 2.552073 (Recon: 1.380987, Diff: 1.167204, KL: 3.881451)
2026-02-16 13:32:16,917 - INFO - Epoch 1/100 Batch 164/650 - Loss: 2.535831 (Recon: 1.383993, Diff: 1.147959, KL: 3.879124)
2026-02-16 13:32:17,996 - INFO - Epoch 1/100 Batch 165/650 - Loss: 2.501507 (Recon: 1.383301, Diff: 1.114332, KL: 3.873889)
2026-02-16 13:32:21,592 - INFO - Epoch 1/100 Batch 166/650 - Loss: 2.519843 (Recon: 1.386290, Diff: 1.129681, KL: 3.871294)
2026-02-16 13:32:23,180 - INFO - Epoch 1/100 Batch 167/650 - Loss: 2.432154 (Recon: 1.383395, Diff: 1.044888, KL: 3.871434)
2026-02-16 13:32:24,169 - INFO - Epoch 1/100 Batch 168/650 - Loss: 2.490140 (Recon: 1.377845, Diff: 1.108429, KL: 3.866668)
2026-02-16 13:32:26,273 - INFO - Epoch 1/100 Batch 169/650 - Loss: 2.495714 (Recon: 1.387632, Diff: 1.104216, KL: 3.865684)
2026-02-16 13:32:27,465 - INFO - Epoch 1/100 Batch 170/650 - Loss: 2.517777 (Recon: 1.381137, Diff: 1.132779, KL: 3.860110)
2026-02-16 13:32:28,573 - INFO - Epoch 1/100 Batch 171/650 - Loss: 2.484442 (Recon: 1.380363, Diff: 1.100219, KL: 3.860268)
2026-02-16 13:32:29,901 - INFO - Epoch 1/100 Batch 172/650 - Loss: 2.491930 (Recon: 1.375264, Diff: 1.112812, KL: 3.853975)
2026-02-16 13:32:31,347 - INFO - Epoch 1/100 Batch 173/650 - Loss: 2.526096 (Recon: 1.377245, Diff: 1.144998, KL: 3.853294)
2026-02-16 13:32:33,369 - INFO - Epoch 1/100 Batch 174/650 - Loss: 2.503394 (Recon: 1.377551, Diff: 1.121994, KL: 3.848896)
2026-02-16 13:32:34,389 - INFO - Epoch 1/100 Batch 175/650 - Loss: 2.553793 (Recon: 1.372212, Diff: 1.177733, KL: 3.847965)
2026-02-16 13:32:36,020 - INFO - Epoch 1/100 Batch 176/650 - Loss: 2.564091 (Recon: 1.379076, Diff: 1.181173, KL: 3.841582)
2026-02-16 13:32:37,542 - INFO - Epoch 1/100 Batch 177/650 - Loss: 2.486049 (Recon: 1.376843, Diff: 1.105368, KL: 3.837596)
2026-02-16 13:32:38,616 - INFO - Epoch 1/100 Batch 178/650 - Loss: 2.457450 (Recon: 1.371185, Diff: 1.082433, KL: 3.832261)
2026-02-16 13:32:39,931 - INFO - Epoch 1/100 Batch 179/650 - Loss: 2.500422 (Recon: 1.374491, Diff: 1.122104, KL: 3.828121)
2026-02-16 13:32:41,314 - INFO - Epoch 1/100 Batch 180/650 - Loss: 2.541106 (Recon: 1.375604, Diff: 1.161678, KL: 3.825280)
2026-02-16 13:32:42,428 - INFO - Epoch 1/100 Batch 181/650 - Loss: 2.490258 (Recon: 1.376028, Diff: 1.110405, KL: 3.824618)
2026-02-16 13:32:43,510 - INFO - Epoch 1/100 Batch 182/650 - Loss: 2.372451 (Recon: 1.366861, Diff: 1.001770, KL: 3.819230)
2026-02-16 13:32:44,663 - INFO - Epoch 1/100 Batch 183/650 - Loss: 2.520712 (Recon: 1.372568, Diff: 1.144328, KL: 3.815621)
2026-02-16 13:32:45,756 - INFO - Epoch 1/100 Batch 184/650 - Loss: 2.516881 (Recon: 1.375532, Diff: 1.137539, KL: 3.810468)
2026-02-16 13:32:47,515 - INFO - Epoch 1/100 Batch 185/650 - Loss: 2.437618 (Recon: 1.373329, Diff: 1.060482, KL: 3.807271)
2026-02-16 13:32:48,545 - INFO - Epoch 1/100 Batch 186/650 - Loss: 2.457269 (Recon: 1.365213, Diff: 1.088254, KL: 3.801636)
2026-02-16 13:32:49,532 - INFO - Epoch 1/100 Batch 187/650 - Loss: 2.585719 (Recon: 1.367517, Diff: 1.214404, KL: 3.797152)
2026-02-16 13:32:51,782 - INFO - Epoch 1/100 Batch 188/650 - Loss: 2.445477 (Recon: 1.363451, Diff: 1.078235, KL: 3.790697)
2026-02-16 13:32:53,024 - INFO - Epoch 1/100 Batch 189/650 - Loss: 2.473744 (Recon: 1.368283, Diff: 1.101674, KL: 3.787189)
2026-02-16 13:32:54,128 - INFO - Epoch 1/100 Batch 190/650 - Loss: 2.419399 (Recon: 1.366371, Diff: 1.049247, KL: 3.781278)
2026-02-16 13:32:55,246 - INFO - Epoch 1/100 Batch 191/650 - Loss: 2.480220 (Recon: 1.360356, Diff: 1.116089, KL: 3.775621)
2026-02-16 13:32:59,994 - INFO - Epoch 1/100 Batch 192/650 - Loss: 2.458491 (Recon: 1.363939, Diff: 1.090782, KL: 3.770064)
2026-02-16 13:33:01,075 - INFO - Epoch 1/100 Batch 193/650 - Loss: 2.432541 (Recon: 1.365560, Diff: 1.063214, KL: 3.766418)
2026-02-16 13:33:02,160 - INFO - Epoch 1/100 Batch 194/650 - Loss: 2.464448 (Recon: 1.361394, Diff: 1.099293, KL: 3.760930)
2026-02-16 13:33:03,972 - INFO - Epoch 1/100 Batch 195/650 - Loss: 2.463093 (Recon: 1.363517, Diff: 1.095821, KL: 3.754224)
2026-02-16 13:33:07,007 - INFO - Epoch 1/100 Batch 196/650 - Loss: 2.449316 (Recon: 1.364651, Diff: 1.080917, KL: 3.747461)
2026-02-16 13:33:12,312 - INFO - Epoch 1/100 Batch 197/650 - Loss: 2.410995 (Recon: 1.356398, Diff: 1.050858, KL: 3.738988)
2026-02-16 13:33:13,372 - INFO - Epoch 1/100 Batch 198/650 - Loss: 2.536912 (Recon: 1.362468, Diff: 1.170708, KL: 3.735756)
2026-02-16 13:33:14,386 - INFO - Epoch 1/100 Batch 199/650 - Loss: 2.414500 (Recon: 1.360442, Diff: 1.050327, KL: 3.730464)
2026-02-16 13:33:15,699 - INFO - Epoch 1/100 Batch 200/650 - Loss: 2.414091 (Recon: 1.356686, Diff: 1.053688, KL: 3.716774)
2026-02-16 13:33:17,774 - INFO - Epoch 1/100 Batch 201/650 - Loss: 2.463343 (Recon: 1.362853, Diff: 1.096775, KL: 3.716285)
2026-02-16 13:33:18,844 - INFO - Epoch 1/100 Batch 202/650 - Loss: 2.365051 (Recon: 1.354551, Diff: 1.006791, KL: 3.708811)
2026-02-16 13:33:20,013 - INFO - Epoch 1/100 Batch 203/650 - Loss: 2.477914 (Recon: 1.352867, Diff: 1.121346, KL: 3.701032)
2026-02-16 13:33:21,223 - INFO - Epoch 1/100 Batch 204/650 - Loss: 2.380969 (Recon: 1.355128, Diff: 1.022150, KL: 3.690937)
2026-02-16 13:33:22,290 - INFO - Epoch 1/100 Batch 205/650 - Loss: 2.422025 (Recon: 1.355653, Diff: 1.062694, KL: 3.678526)
2026-02-16 13:33:23,351 - INFO - Epoch 1/100 Batch 206/650 - Loss: 2.434474 (Recon: 1.355216, Diff: 1.075580, KL: 3.678443)
2026-02-16 13:33:24,514 - INFO - Epoch 1/100 Batch 207/650 - Loss: 2.428578 (Recon: 1.357929, Diff: 1.066980, KL: 3.668335)
2026-02-16 13:33:25,793 - INFO - Epoch 1/100 Batch 208/650 - Loss: 2.351717 (Recon: 1.353401, Diff: 0.994666, KL: 3.650569)
2026-02-16 13:33:27,199 - INFO - Epoch 1/100 Batch 209/650 - Loss: 2.444341 (Recon: 1.352674, Diff: 1.088018, KL: 3.648871)
2026-02-16 13:33:40,166 - INFO - Epoch 1/100 Batch 210/650 - Loss: 2.438094 (Recon: 1.355189, Diff: 1.079262, KL: 3.643674)
2026-02-16 13:33:41,801 - INFO - Epoch 1/100 Batch 211/650 - Loss: 2.455884 (Recon: 1.355849, Diff: 1.096412, KL: 3.622262)
2026-02-16 13:33:44,878 - INFO - Epoch 1/100 Batch 212/650 - Loss: 2.467906 (Recon: 1.352576, Diff: 1.111718, KL: 3.612237)
2026-02-16 13:33:45,916 - INFO - Epoch 1/100 Batch 213/650 - Loss: 2.442032 (Recon: 1.348608, Diff: 1.089820, KL: 3.604419)
2026-02-16 13:33:47,738 - INFO - Epoch 1/100 Batch 214/650 - Loss: 2.562582 (Recon: 1.351935, Diff: 1.207056, KL: 3.590569)
2026-02-16 13:33:48,803 - INFO - Epoch 1/100 Batch 215/650 - Loss: 2.358825 (Recon: 1.348897, Diff: 1.006352, KL: 3.575966)
2026-02-16 13:33:49,941 - INFO - Epoch 1/100 Batch 216/650 - Loss: 2.476661 (Recon: 1.346606, Diff: 1.126487, KL: 3.566998)
2026-02-16 13:33:51,122 - INFO - Epoch 1/100 Batch 217/650 - Loss: 2.410267 (Recon: 1.347460, Diff: 1.059249, KL: 3.557893)
2026-02-16 13:33:59,907 - INFO - Epoch 1/100 Batch 218/650 - Loss: 2.452208 (Recon: 1.345541, Diff: 1.103124, KL: 3.542349)
2026-02-16 13:34:16,292 - INFO - Epoch 1/100 Batch 219/650 - Loss: 2.428331 (Recon: 1.346003, Diff: 1.078796, KL: 3.531731)
2026-02-16 13:34:17,333 - INFO - Epoch 1/100 Batch 220/650 - Loss: 2.430739 (Recon: 1.339489, Diff: 1.087742, KL: 3.508996)
2026-02-16 13:34:18,456 - INFO - Epoch 1/100 Batch 221/650 - Loss: 2.370595 (Recon: 1.341384, Diff: 1.025710, KL: 3.500358)
2026-02-16 13:34:19,571 - INFO - Epoch 1/100 Batch 222/650 - Loss: 2.354605 (Recon: 1.346382, Diff: 1.004734, KL: 3.488496)
2026-02-16 13:34:23,325 - INFO - Epoch 1/100 Batch 223/650 - Loss: 2.424352 (Recon: 1.344861, Diff: 1.076028, KL: 3.463181)
2026-02-16 13:34:31,638 - INFO - Epoch 1/100 Batch 224/650 - Loss: 2.364709 (Recon: 1.342388, Diff: 1.018873, KL: 3.447736)
2026-02-16 13:34:48,316 - INFO - Epoch 1/100 Batch 225/650 - Loss: 2.418175 (Recon: 1.339077, Diff: 1.075651, KL: 3.446326)
2026-02-16 13:34:49,317 - INFO - Epoch 1/100 Batch 226/650 - Loss: 2.373811 (Recon: 1.339985, Diff: 1.030410, KL: 3.415557)
2026-02-16 13:34:50,776 - INFO - Epoch 1/100 Batch 227/650 - Loss: 2.369041 (Recon: 1.335882, Diff: 1.029761, KL: 3.397015)
2026-02-16 13:34:52,500 - INFO - Epoch 1/100 Batch 228/650 - Loss: 2.409411 (Recon: 1.338283, Diff: 1.067744, KL: 3.384040)
2026-02-16 13:34:53,630 - INFO - Epoch 1/100 Batch 229/650 - Loss: 2.369591 (Recon: 1.342807, Diff: 1.023414, KL: 3.369739)
2026-02-16 13:34:54,734 - INFO - Epoch 1/100 Batch 230/650 - Loss: 2.377266 (Recon: 1.337856, Diff: 1.036047, KL: 3.363473)
2026-02-16 13:34:56,133 - INFO - Epoch 1/100 Batch 231/650 - Loss: 2.385108 (Recon: 1.343632, Diff: 1.038143, KL: 3.332611)
2026-02-16 13:34:57,187 - INFO - Epoch 1/100 Batch 232/650 - Loss: 2.447002 (Recon: 1.339146, Diff: 1.104549, KL: 3.306649)
2026-02-16 13:35:10,022 - INFO - Epoch 1/100 Batch 233/650 - Loss: 2.392380 (Recon: 1.331660, Diff: 1.057420, KL: 3.299075)
2026-02-16 13:35:11,087 - INFO - Epoch 1/100 Batch 234/650 - Loss: 2.404033 (Recon: 1.337513, Diff: 1.063250, KL: 3.269408)
2026-02-16 13:35:12,416 - INFO - Epoch 1/100 Batch 235/650 - Loss: 2.375866 (Recon: 1.341302, Diff: 1.031312, KL: 3.251189)
2026-02-16 13:35:13,477 - INFO - Epoch 1/100 Batch 236/650 - Loss: 2.350116 (Recon: 1.334804, Diff: 1.012076, KL: 3.236624)
2026-02-16 13:35:14,530 - INFO - Epoch 1/100 Batch 237/650 - Loss: 2.368979 (Recon: 1.337386, Diff: 1.028396, KL: 3.196323)
2026-02-16 13:35:15,548 - INFO - Epoch 1/100 Batch 238/650 - Loss: 2.378147 (Recon: 1.336600, Diff: 1.038371, KL: 3.176179)
2026-02-16 13:35:16,697 - INFO - Epoch 1/100 Batch 239/650 - Loss: 2.358034 (Recon: 1.335291, Diff: 1.019587, KL: 3.155995)
2026-02-16 13:35:17,738 - INFO - Epoch 1/100 Batch 240/650 - Loss: 2.379449 (Recon: 1.338109, Diff: 1.038224, KL: 3.116492)
2026-02-16 13:35:18,783 - INFO - Epoch 1/100 Batch 241/650 - Loss: 2.396003 (Recon: 1.337727, Diff: 1.055174, KL: 3.101917)
2026-02-16 13:35:22,069 - INFO - Epoch 1/100 Batch 242/650 - Loss: 2.399459 (Recon: 1.335551, Diff: 1.060817, KL: 3.090100)
2026-02-16 13:35:24,036 - INFO - Epoch 1/100 Batch 243/650 - Loss: 2.423156 (Recon: 1.333456, Diff: 1.086648, KL: 3.052296)
2026-02-16 13:35:25,085 - INFO - Epoch 1/100 Batch 244/650 - Loss: 2.442291 (Recon: 1.336236, Diff: 1.103045, KL: 3.009941)
2026-02-16 13:35:26,155 - INFO - Epoch 1/100 Batch 245/650 - Loss: 2.428556 (Recon: 1.335696, Diff: 1.089868, KL: 2.992636)
2026-02-16 13:35:27,423 - INFO - Epoch 1/100 Batch 246/650 - Loss: 2.404447 (Recon: 1.330703, Diff: 1.070767, KL: 2.976855)
2026-02-16 13:35:33,803 - INFO - Epoch 1/100 Batch 247/650 - Loss: 2.436151 (Recon: 1.332484, Diff: 1.100734, KL: 2.932472)
2026-02-16 13:35:47,090 - INFO - Epoch 1/100 Batch 248/650 - Loss: 2.383242 (Recon: 1.330195, Diff: 1.050149, KL: 2.897880)
2026-02-16 13:35:48,060 - INFO - Epoch 1/100 Batch 249/650 - Loss: 2.430032 (Recon: 1.328939, Diff: 1.098212, KL: 2.879673)
2026-02-16 13:35:54,641 - INFO - Epoch 1/100 Batch 250/650 - Loss: 2.370536 (Recon: 1.330064, Diff: 1.037618, KL: 2.853979)
2026-02-16 13:35:55,758 - INFO - Epoch 1/100 Batch 251/650 - Loss: 2.401392 (Recon: 1.328951, Diff: 1.069596, KL: 2.845447)
2026-02-16 13:35:56,930 - INFO - Epoch 1/100 Batch 252/650 - Loss: 2.351965 (Recon: 1.331788, Diff: 1.017379, KL: 2.798218)
2026-02-16 13:35:58,002 - INFO - Epoch 1/100 Batch 253/650 - Loss: 2.334198 (Recon: 1.329176, Diff: 1.002263, KL: 2.758322)
2026-02-16 13:35:59,444 - INFO - Epoch 1/100 Batch 254/650 - Loss: 2.373441 (Recon: 1.334485, Diff: 1.036219, KL: 2.738063)
2026-02-16 13:36:00,538 - INFO - Epoch 1/100 Batch 255/650 - Loss: 2.328104 (Recon: 1.322931, Diff: 1.002484, KL: 2.688690)
2026-02-16 13:36:01,787 - INFO - Epoch 1/100 Batch 256/650 - Loss: 2.309280 (Recon: 1.323954, Diff: 0.982670, KL: 2.656413)
2026-02-16 13:36:02,829 - INFO - Epoch 1/100 Batch 257/650 - Loss: 2.321726 (Recon: 1.327505, Diff: 0.991570, KL: 2.651367)
2026-02-16 13:36:04,390 - INFO - Epoch 1/100 Batch 258/650 - Loss: 2.284931 (Recon: 1.323827, Diff: 0.958500, KL: 2.604799)
2026-02-16 13:36:05,700 - INFO - Epoch 1/100 Batch 259/650 - Loss: 2.330472 (Recon: 1.326960, Diff: 1.000930, KL: 2.582427)
2026-02-16 13:36:06,903 - INFO - Epoch 1/100 Batch 260/650 - Loss: 2.368627 (Recon: 1.327347, Diff: 1.038739, KL: 2.540626)
2026-02-16 13:36:13,197 - INFO - Epoch 1/100 Batch 261/650 - Loss: 2.353364 (Recon: 1.325933, Diff: 1.024940, KL: 2.490478)
2026-02-16 13:36:14,387 - INFO - Epoch 1/100 Batch 262/650 - Loss: 2.410388 (Recon: 1.321589, Diff: 1.086344, KL: 2.456159)
2026-02-16 13:36:15,396 - INFO - Epoch 1/100 Batch 263/650 - Loss: 2.295457 (Recon: 1.323632, Diff: 0.969389, KL: 2.435877)
2026-02-16 13:36:16,431 - INFO - Epoch 1/100 Batch 264/650 - Loss: 2.377697 (Recon: 1.325275, Diff: 1.050041, KL: 2.380325)
2026-02-16 13:36:17,481 - INFO - Epoch 1/100 Batch 265/650 - Loss: 2.295385 (Recon: 1.325235, Diff: 0.967781, KL: 2.368782)
2026-02-16 13:36:18,677 - INFO - Epoch 1/100 Batch 266/650 - Loss: 2.395767 (Recon: 1.323408, Diff: 1.070033, KL: 2.326023)
2026-02-16 13:36:20,210 - INFO - Epoch 1/100 Batch 267/650 - Loss: 2.325565 (Recon: 1.326072, Diff: 0.997216, KL: 2.277092)
2026-02-16 13:36:21,574 - INFO - Epoch 1/100 Batch 268/650 - Loss: 2.458683 (Recon: 1.326032, Diff: 1.130404, KL: 2.247263)
2026-02-16 13:36:23,243 - INFO - Epoch 1/100 Batch 269/650 - Loss: 2.333842 (Recon: 1.321552, Diff: 1.010114, KL: 2.175987)
2026-02-16 13:36:24,313 - INFO - Epoch 1/100 Batch 270/650 - Loss: 2.431595 (Recon: 1.324148, Diff: 1.105252, KL: 2.194194)
2026-02-16 13:36:25,547 - INFO - Epoch 1/100 Batch 271/650 - Loss: 2.350572 (Recon: 1.316577, Diff: 1.031881, KL: 2.113857)
2026-02-16 13:36:26,676 - INFO - Epoch 1/100 Batch 272/650 - Loss: 2.381083 (Recon: 1.317119, Diff: 1.061851, KL: 2.112562)
2026-02-16 13:36:27,696 - INFO - Epoch 1/100 Batch 273/650 - Loss: 2.348227 (Recon: 1.320266, Diff: 1.025908, KL: 2.053001)
2026-02-16 13:36:28,743 - INFO - Epoch 1/100 Batch 274/650 - Loss: 2.338704 (Recon: 1.320422, Diff: 1.016244, KL: 2.038149)
2026-02-16 13:36:29,826 - INFO - Epoch 1/100 Batch 275/650 - Loss: 2.360852 (Recon: 1.324937, Diff: 1.033953, KL: 1.961763)
2026-02-16 13:36:30,902 - INFO - Epoch 1/100 Batch 276/650 - Loss: 2.313485 (Recon: 1.326046, Diff: 0.985508, KL: 1.930521)
2026-02-16 13:36:31,957 - INFO - Epoch 1/100 Batch 277/650 - Loss: 2.437074 (Recon: 1.322681, Diff: 1.112489, KL: 1.904787)
2026-02-16 13:36:33,021 - INFO - Epoch 1/100 Batch 278/650 - Loss: 2.335543 (Recon: 1.318189, Diff: 1.015487, KL: 1.866749)
2026-02-16 13:36:34,097 - INFO - Epoch 1/100 Batch 279/650 - Loss: 2.363621 (Recon: 1.321798, Diff: 1.040014, KL: 1.808937)
2026-02-16 13:36:36,844 - INFO - Epoch 1/100 Batch 280/650 - Loss: 2.319251 (Recon: 1.317127, Diff: 1.000351, KL: 1.772964)
2026-02-16 13:36:37,923 - INFO - Epoch 1/100 Batch 281/650 - Loss: 2.369969 (Recon: 1.317891, Diff: 1.050369, KL: 1.709118)
2026-02-16 13:36:38,962 - INFO - Epoch 1/100 Batch 282/650 - Loss: 2.304579 (Recon: 1.315560, Diff: 0.987338, KL: 1.680992)
2026-02-16 13:36:40,102 - INFO - Epoch 1/100 Batch 283/650 - Loss: 2.335847 (Recon: 1.315532, Diff: 1.018680, KL: 1.635369)
2026-02-16 13:36:42,906 - INFO - Epoch 1/100 Batch 284/650 - Loss: 2.351713 (Recon: 1.322875, Diff: 1.027212, KL: 1.626040)
2026-02-16 13:36:43,971 - INFO - Epoch 1/100 Batch 285/650 - Loss: 2.379761 (Recon: 1.317763, Diff: 1.060422, KL: 1.575699)
2026-02-16 13:36:45,181 - INFO - Epoch 1/100 Batch 286/650 - Loss: 2.296877 (Recon: 1.317273, Diff: 0.978087, KL: 1.517031)
2026-02-16 13:36:46,494 - INFO - Epoch 1/100 Batch 287/650 - Loss: 2.334141 (Recon: 1.319624, Diff: 1.013016, KL: 1.500393)
2026-02-16 13:36:47,963 - INFO - Epoch 1/100 Batch 288/650 - Loss: 2.371908 (Recon: 1.313970, Diff: 1.056501, KL: 1.437490)
2026-02-16 13:36:49,307 - INFO - Epoch 1/100 Batch 289/650 - Loss: 2.353855 (Recon: 1.313777, Diff: 1.038702, KL: 1.375994)
2026-02-16 13:36:50,357 - INFO - Epoch 1/100 Batch 290/650 - Loss: 2.366720 (Recon: 1.314156, Diff: 1.051217, KL: 1.347299)
2026-02-16 13:36:51,375 - INFO - Epoch 1/100 Batch 291/650 - Loss: 2.343115 (Recon: 1.316310, Diff: 1.025477, KL: 1.327911)
2026-02-16 13:36:53,170 - INFO - Epoch 1/100 Batch 292/650 - Loss: 2.393041 (Recon: 1.315877, Diff: 1.075880, KL: 1.283437)
2026-02-16 13:36:54,167 - INFO - Epoch 1/100 Batch 293/650 - Loss: 2.429287 (Recon: 1.319307, Diff: 1.108741, KL: 1.240339)
2026-02-16 13:36:55,228 - INFO - Epoch 1/100 Batch 294/650 - Loss: 2.320960 (Recon: 1.309617, Diff: 1.010173, KL: 1.169735)
2026-02-16 13:36:56,333 - INFO - Epoch 1/100 Batch 295/650 - Loss: 2.327791 (Recon: 1.310329, Diff: 1.016312, KL: 1.150207)
2026-02-16 13:36:57,414 - INFO - Epoch 1/100 Batch 296/650 - Loss: 2.380361 (Recon: 1.312856, Diff: 1.066426, KL: 1.079420)
2026-02-16 13:36:58,503 - INFO - Epoch 1/100 Batch 297/650 - Loss: 2.337042 (Recon: 1.312081, Diff: 1.023894, KL: 1.066623)
2026-02-16 13:36:59,696 - INFO - Epoch 1/100 Batch 298/650 - Loss: 2.332953 (Recon: 1.316025, Diff: 1.015885, KL: 1.043385)
2026-02-16 13:37:00,782 - INFO - Epoch 1/100 Batch 299/650 - Loss: 2.317801 (Recon: 1.312552, Diff: 1.004240, KL: 1.009090)
2026-02-16 13:37:01,866 - INFO - Epoch 1/100 Batch 300/650 - Loss: 2.297353 (Recon: 1.313139, Diff: 0.983225, KL: 0.988276)
2026-02-16 13:37:03,365 - INFO - Epoch 1/100 Batch 301/650 - Loss: 2.279549 (Recon: 1.314930, Diff: 0.963678, KL: 0.940300)
2026-02-16 13:37:04,396 - INFO - Epoch 1/100 Batch 302/650 - Loss: 2.246918 (Recon: 1.307525, Diff: 0.938485, KL: 0.907547)
2026-02-16 13:37:05,444 - INFO - Epoch 1/100 Batch 303/650 - Loss: 2.311471 (Recon: 1.310741, Diff: 0.999874, KL: 0.856387)
2026-02-16 13:37:06,908 - INFO - Epoch 1/100 Batch 304/650 - Loss: 2.337560 (Recon: 1.307138, Diff: 1.029599, KL: 0.822080)
2026-02-16 13:37:08,000 - INFO - Epoch 1/100 Batch 305/650 - Loss: 2.278198 (Recon: 1.304966, Diff: 0.972446, KL: 0.786345)
2026-02-16 13:37:09,036 - INFO - Epoch 1/100 Batch 306/650 - Loss: 2.391062 (Recon: 1.306450, Diff: 1.083866, KL: 0.745987)
2026-02-16 13:37:10,027 - INFO - Epoch 1/100 Batch 307/650 - Loss: 2.297728 (Recon: 1.311548, Diff: 0.985478, KL: 0.702656)
2026-02-16 13:37:11,923 - INFO - Epoch 1/100 Batch 308/650 - Loss: 2.368522 (Recon: 1.314169, Diff: 1.053650, KL: 0.703046)
2026-02-16 13:37:12,926 - INFO - Epoch 1/100 Batch 309/650 - Loss: 2.271960 (Recon: 1.307780, Diff: 0.963543, KL: 0.636797)
2026-02-16 13:37:13,985 - INFO - Epoch 1/100 Batch 310/650 - Loss: 2.374773 (Recon: 1.303509, Diff: 1.070647, KL: 0.616034)
2026-02-16 13:37:14,988 - INFO - Epoch 1/100 Batch 311/650 - Loss: 2.324890 (Recon: 1.311560, Diff: 1.012684, KL: 0.646571)
2026-02-16 13:37:15,995 - INFO - Epoch 1/100 Batch 312/650 - Loss: 2.283171 (Recon: 1.308808, Diff: 0.973819, KL: 0.543919)
2026-02-16 13:37:17,003 - INFO - Epoch 1/100 Batch 313/650 - Loss: 2.260136 (Recon: 1.300609, Diff: 0.958941, KL: 0.586900)
2026-02-16 13:37:18,022 - INFO - Epoch 1/100 Batch 314/650 - Loss: 2.258349 (Recon: 1.308937, Diff: 0.948882, KL: 0.529555)
2026-02-16 13:37:25,067 - INFO - Epoch 1/100 Batch 315/650 - Loss: 2.342964 (Recon: 1.310808, Diff: 1.031664, KL: 0.491812)
2026-02-16 13:37:26,076 - INFO - Epoch 1/100 Batch 316/650 - Loss: 2.352743 (Recon: 1.308223, Diff: 1.044027, KL: 0.493040)
2026-02-16 13:37:27,549 - INFO - Epoch 1/100 Batch 317/650 - Loss: 2.285365 (Recon: 1.308842, Diff: 0.976059, KL: 0.463473)
2026-02-16 13:37:37,553 - INFO - Epoch 1/100 Batch 318/650 - Loss: 2.310433 (Recon: 1.307234, Diff: 1.002653, KL: 0.546396)
2026-02-16 13:37:38,570 - INFO - Epoch 1/100 Batch 319/650 - Loss: 2.288016 (Recon: 1.305561, Diff: 0.981894, KL: 0.561309)
2026-02-16 13:37:39,719 - INFO - Epoch 1/100 Batch 320/650 - Loss: 2.251571 (Recon: 1.303956, Diff: 0.947102, KL: 0.512917)
2026-02-16 13:37:40,858 - INFO - Epoch 1/100 Batch 321/650 - Loss: 2.196088 (Recon: 1.305864, Diff: 0.889628, KL: 0.596323)
2026-02-16 13:37:42,015 - INFO - Epoch 1/100 Batch 322/650 - Loss: 2.350371 (Recon: 1.299286, Diff: 1.050410, KL: 0.674419)
2026-02-16 13:37:43,620 - INFO - Epoch 1/100 Batch 323/650 - Loss: 2.293712 (Recon: 1.305678, Diff: 0.987245, KL: 0.788473)
2026-02-16 13:37:44,983 - INFO - Epoch 1/100 Batch 324/650 - Loss: 2.329296 (Recon: 1.305182, Diff: 1.023326, KL: 0.788507)
2026-02-16 13:37:46,302 - INFO - Epoch 1/100 Batch 325/650 - Loss: 2.274379 (Recon: 1.302696, Diff: 0.970907, KL: 0.776495)
2026-02-16 13:37:47,436 - INFO - Epoch 1/100 Batch 326/650 - Loss: 2.266584 (Recon: 1.304514, Diff: 0.961191, KL: 0.878786)
2026-02-16 13:37:48,572 - INFO - Epoch 1/100 Batch 327/650 - Loss: 2.278005 (Recon: 1.303720, Diff: 0.973522, KL: 0.763463)
2026-02-16 13:37:50,625 - INFO - Epoch 1/100 Batch 328/650 - Loss: 2.328702 (Recon: 1.303311, Diff: 1.024694, KL: 0.696760)
2026-02-16 13:37:51,753 - INFO - Epoch 1/100 Batch 329/650 - Loss: 2.394235 (Recon: 1.300962, Diff: 1.092605, KL: 0.668337)
2026-02-16 13:37:53,691 - INFO - Epoch 1/100 Batch 330/650 - Loss: 2.279278 (Recon: 1.298067, Diff: 0.980645, KL: 0.566202)
2026-02-16 13:37:55,320 - INFO - Epoch 1/100 Batch 331/650 - Loss: 2.273778 (Recon: 1.302794, Diff: 0.970383, KL: 0.601257)
2026-02-16 13:37:56,396 - INFO - Epoch 1/100 Batch 332/650 - Loss: 2.259175 (Recon: 1.301325, Diff: 0.957315, KL: 0.534230)
2026-02-16 13:37:57,532 - INFO - Epoch 1/100 Batch 333/650 - Loss: 2.329039 (Recon: 1.304109, Diff: 1.024384, KL: 0.545098)
2026-02-16 13:37:58,695 - INFO - Epoch 1/100 Batch 334/650 - Loss: 2.319671 (Recon: 1.297070, Diff: 1.022243, KL: 0.358157)
2026-02-16 13:38:00,973 - INFO - Epoch 1/100 Batch 335/650 - Loss: 2.270741 (Recon: 1.301113, Diff: 0.969200, KL: 0.427644)
2026-02-16 13:38:01,991 - INFO - Epoch 1/100 Batch 336/650 - Loss: 2.262859 (Recon: 1.301339, Diff: 0.961141, KL: 0.379428)
2026-02-16 13:38:03,057 - INFO - Epoch 1/100 Batch 337/650 - Loss: 2.307555 (Recon: 1.301509, Diff: 1.005707, KL: 0.339541)
2026-02-16 13:38:15,654 - INFO - Epoch 1/100 Batch 338/650 - Loss: 2.316957 (Recon: 1.300853, Diff: 1.015819, KL: 0.284249)
2026-02-16 13:38:16,677 - INFO - Epoch 1/100 Batch 339/650 - Loss: 2.271390 (Recon: 1.302435, Diff: 0.968654, KL: 0.300968)
2026-02-16 13:38:30,933 - INFO - Epoch 1/100 Batch 340/650 - Loss: 2.258310 (Recon: 1.300185, Diff: 0.957891, KL: 0.233593)
2026-02-16 13:39:10,058 - INFO - Epoch 1/100 Batch 341/650 - Loss: 2.316057 (Recon: 1.300842, Diff: 1.014955, KL: 0.260036)
2026-02-16 13:39:41,494 - INFO - Epoch 1/100 Batch 342/650 - Loss: 2.236745 (Recon: 1.298982, Diff: 0.937535, KL: 0.228091)
2026-02-16 13:39:42,867 - INFO - Epoch 1/100 Batch 343/650 - Loss: 2.253601 (Recon: 1.302105, Diff: 0.951235, KL: 0.260825)
2026-02-16 13:39:45,140 - INFO - Epoch 1/100 Batch 344/650 - Loss: 2.246759 (Recon: 1.303157, Diff: 0.943420, KL: 0.182446)
2026-02-16 13:39:46,201 - INFO - Epoch 1/100 Batch 345/650 - Loss: 2.173148 (Recon: 1.298566, Diff: 0.874424, KL: 0.157736)
2026-02-16 13:39:47,275 - INFO - Epoch 1/100 Batch 346/650 - Loss: 2.291331 (Recon: 1.302242, Diff: 0.988879, KL: 0.210086)
2026-02-16 13:39:48,393 - INFO - Epoch 1/100 Batch 347/650 - Loss: 2.275941 (Recon: 1.300033, Diff: 0.975694, KL: 0.213046)
2026-02-16 13:39:50,096 - INFO - Epoch 1/100 Batch 348/650 - Loss: 2.131017 (Recon: 1.298010, Diff: 0.832804, KL: 0.202680)
2026-02-16 13:39:51,406 - INFO - Epoch 1/100 Batch 349/650 - Loss: 2.258596 (Recon: 1.300082, Diff: 0.958336, KL: 0.178008)
2026-02-16 13:39:54,743 - INFO - Epoch 1/100 Batch 350/650 - Loss: 2.227228 (Recon: 1.300028, Diff: 0.927012, KL: 0.187471)
2026-02-16 13:39:55,831 - INFO - Epoch 1/100 Batch 351/650 - Loss: 2.296371 (Recon: 1.295416, Diff: 1.000789, KL: 0.165766)
2026-02-16 13:39:57,658 - INFO - Epoch 1/100 Batch 352/650 - Loss: 2.233520 (Recon: 1.292869, Diff: 0.940507, KL: 0.143194)
2026-02-16 13:39:59,088 - INFO - Epoch 1/100 Batch 353/650 - Loss: 2.193446 (Recon: 1.295332, Diff: 0.897951, KL: 0.163733)
2026-02-16 13:40:00,363 - INFO - Epoch 1/100 Batch 354/650 - Loss: 2.260697 (Recon: 1.288558, Diff: 0.971977, KL: 0.162693)
2026-02-16 13:40:01,437 - INFO - Epoch 1/100 Batch 355/650 - Loss: 2.252371 (Recon: 1.295474, Diff: 0.956697, KL: 0.199510)
2026-02-16 13:40:02,964 - INFO - Epoch 1/100 Batch 356/650 - Loss: 2.246523 (Recon: 1.294584, Diff: 0.951800, KL: 0.139665)
2026-02-16 13:40:04,022 - INFO - Epoch 1/100 Batch 357/650 - Loss: 2.158087 (Recon: 1.298071, Diff: 0.859814, KL: 0.202250)
2026-02-16 13:40:12,277 - INFO - Epoch 1/100 Batch 358/650 - Loss: 2.155658 (Recon: 1.293772, Diff: 0.861642, KL: 0.244499)
2026-02-16 13:40:13,337 - INFO - Epoch 1/100 Batch 359/650 - Loss: 2.156938 (Recon: 1.296747, Diff: 0.860042, KL: 0.148903)
2026-02-16 13:40:14,365 - INFO - Epoch 1/100 Batch 360/650 - Loss: 2.180980 (Recon: 1.298682, Diff: 0.882103, KL: 0.194339)
2026-02-16 13:40:16,238 - INFO - Epoch 1/100 Batch 361/650 - Loss: 2.184917 (Recon: 1.293096, Diff: 0.891608, KL: 0.213004)
2026-02-16 13:40:17,632 - INFO - Epoch 1/100 Batch 362/650 - Loss: 2.133002 (Recon: 1.295588, Diff: 0.837292, KL: 0.121133)
2026-02-16 13:40:18,633 - INFO - Epoch 1/100 Batch 363/650 - Loss: 2.243268 (Recon: 1.297596, Diff: 0.945541, KL: 0.131752)
2026-02-16 13:40:19,614 - INFO - Epoch 1/100 Batch 364/650 - Loss: 2.196016 (Recon: 1.295679, Diff: 0.900218, KL: 0.118335)
2026-02-16 13:40:20,673 - INFO - Epoch 1/100 Batch 365/650 - Loss: 2.119957 (Recon: 1.294640, Diff: 0.825219, KL: 0.098223)
2026-02-16 13:40:21,748 - INFO - Epoch 1/100 Batch 366/650 - Loss: 2.220878 (Recon: 1.294301, Diff: 0.926439, KL: 0.138794)
2026-02-16 13:40:22,842 - INFO - Epoch 1/100 Batch 367/650 - Loss: 2.272967 (Recon: 1.294371, Diff: 0.978446, KL: 0.149746)
2026-02-16 13:40:23,995 - INFO - Epoch 1/100 Batch 368/650 - Loss: 2.234861 (Recon: 1.295596, Diff: 0.939125, KL: 0.140175)
2026-02-16 13:40:25,171 - INFO - Epoch 1/100 Batch 369/650 - Loss: 2.168383 (Recon: 1.294947, Diff: 0.873271, KL: 0.164936)
2026-02-16 13:40:26,254 - INFO - Epoch 1/100 Batch 370/650 - Loss: 2.183130 (Recon: 1.297747, Diff: 0.885291, KL: 0.091899)
2026-02-16 13:40:27,338 - INFO - Epoch 1/100 Batch 371/650 - Loss: 2.116428 (Recon: 1.294491, Diff: 0.821814, KL: 0.123686)
2026-02-16 13:40:28,303 - INFO - Epoch 1/100 Batch 372/650 - Loss: 2.154066 (Recon: 1.292571, Diff: 0.861342, KL: 0.153040)
2026-02-16 13:40:29,293 - INFO - Epoch 1/100 Batch 373/650 - Loss: 2.199223 (Recon: 1.296637, Diff: 0.902476, KL: 0.109937)
2026-02-16 13:40:30,303 - INFO - Epoch 1/100 Batch 374/650 - Loss: 2.168772 (Recon: 1.297434, Diff: 0.871157, KL: 0.181536)
2026-02-16 13:40:31,667 - INFO - Epoch 1/100 Batch 375/650 - Loss: 2.175310 (Recon: 1.297126, Diff: 0.878053, KL: 0.131263)
2026-02-16 13:40:32,946 - INFO - Epoch 1/100 Batch 376/650 - Loss: 2.166583 (Recon: 1.295061, Diff: 0.871335, KL: 0.186546)
2026-02-16 13:40:33,967 - INFO - Epoch 1/100 Batch 377/650 - Loss: 2.216763 (Recon: 1.294059, Diff: 0.922591, KL: 0.113191)
2026-02-16 13:40:35,053 - INFO - Epoch 1/100 Batch 378/650 - Loss: 2.192048 (Recon: 1.293998, Diff: 0.897945, KL: 0.105044)
2026-02-16 13:40:36,119 - INFO - Epoch 1/100 Batch 379/650 - Loss: 2.198758 (Recon: 1.293499, Diff: 0.905163, KL: 0.096518)
2026-02-16 13:40:37,240 - INFO - Epoch 1/100 Batch 380/650 - Loss: 2.120783 (Recon: 1.287514, Diff: 0.833174, KL: 0.094321)
2026-02-16 13:40:38,935 - INFO - Epoch 1/100 Batch 381/650 - Loss: 2.099382 (Recon: 1.290917, Diff: 0.808354, KL: 0.111042)
2026-02-16 13:40:40,043 - INFO - Epoch 1/100 Batch 382/650 - Loss: 2.100091 (Recon: 1.295409, Diff: 0.804612, KL: 0.069034)
2026-02-16 13:40:41,133 - INFO - Epoch 1/100 Batch 383/650 - Loss: 2.124863 (Recon: 1.292634, Diff: 0.832163, KL: 0.066762)
2026-02-16 13:40:42,274 - INFO - Epoch 1/100 Batch 384/650 - Loss: 2.209362 (Recon: 1.294083, Diff: 0.915156, KL: 0.122542)
2026-02-16 13:40:43,797 - INFO - Epoch 1/100 Batch 385/650 - Loss: 2.148887 (Recon: 1.291162, Diff: 0.857643, KL: 0.082106)
2026-02-16 13:40:44,888 - INFO - Epoch 1/100 Batch 386/650 - Loss: 2.161605 (Recon: 1.295887, Diff: 0.865613, KL: 0.105863)
2026-02-16 13:40:46,422 - INFO - Epoch 1/100 Batch 387/650 - Loss: 2.100244 (Recon: 1.290817, Diff: 0.809320, KL: 0.106127)
2026-02-16 13:40:47,558 - INFO - Epoch 1/100 Batch 388/650 - Loss: 2.169156 (Recon: 1.292440, Diff: 0.876642, KL: 0.072845)
2026-02-16 13:40:49,267 - INFO - Epoch 1/100 Batch 389/650 - Loss: 2.168443 (Recon: 1.291954, Diff: 0.876383, KL: 0.105963)
2026-02-16 13:40:50,965 - INFO - Epoch 1/100 Batch 390/650 - Loss: 2.142292 (Recon: 1.295227, Diff: 0.847009, KL: 0.055615)
2026-02-16 13:40:59,163 - INFO - Epoch 1/100 Batch 391/650 - Loss: 2.156812 (Recon: 1.287862, Diff: 0.868827, KL: 0.123307)
2026-02-16 13:41:00,246 - INFO - Epoch 1/100 Batch 392/650 - Loss: 2.112976 (Recon: 1.287301, Diff: 0.825582, KL: 0.092635)
2026-02-16 13:41:01,420 - INFO - Epoch 1/100 Batch 393/650 - Loss: 2.168563 (Recon: 1.288843, Diff: 0.879640, KL: 0.079004)
2026-02-16 13:41:02,656 - INFO - Epoch 1/100 Batch 394/650 - Loss: 2.180239 (Recon: 1.291488, Diff: 0.888624, KL: 0.127128)
2026-02-16 13:41:03,827 - INFO - Epoch 1/100 Batch 395/650 - Loss: 2.126844 (Recon: 1.285060, Diff: 0.841683, KL: 0.101024)
2026-02-16 13:41:05,234 - INFO - Epoch 1/100 Batch 396/650 - Loss: 2.076333 (Recon: 1.289083, Diff: 0.787134, KL: 0.116070)
2026-02-16 13:41:06,336 - INFO - Epoch 1/100 Batch 397/650 - Loss: 2.141225 (Recon: 1.284569, Diff: 0.856552, KL: 0.103675)
2026-02-16 13:41:07,435 - INFO - Epoch 1/100 Batch 398/650 - Loss: 2.131239 (Recon: 1.289345, Diff: 0.841825, KL: 0.069099)
2026-02-16 13:41:08,564 - INFO - Epoch 1/100 Batch 399/650 - Loss: 2.104008 (Recon: 1.289698, Diff: 0.814245, KL: 0.065439)
2026-02-16 13:41:09,733 - INFO - Epoch 1/100 Batch 400/650 - Loss: 2.089608 (Recon: 1.283018, Diff: 0.806497, KL: 0.092550)
2026-02-16 13:41:10,740 - INFO - Epoch 1/100 Batch 401/650 - Loss: 2.254298 (Recon: 1.290628, Diff: 0.963608, KL: 0.062055)
2026-02-16 13:41:11,843 - INFO - Epoch 1/100 Batch 402/650 - Loss: 2.139347 (Recon: 1.291268, Diff: 0.848005, KL: 0.073547)
2026-02-16 13:41:13,000 - INFO - Epoch 1/100 Batch 403/650 - Loss: 2.127041 (Recon: 1.289463, Diff: 0.837528, KL: 0.049467)
2026-02-16 13:41:14,170 - INFO - Epoch 1/100 Batch 404/650 - Loss: 2.165842 (Recon: 1.292050, Diff: 0.873751, KL: 0.040942)
2026-02-16 13:41:15,263 - INFO - Epoch 1/100 Batch 405/650 - Loss: 2.084767 (Recon: 1.287012, Diff: 0.797699, KL: 0.056159)
2026-02-16 13:41:16,255 - INFO - Epoch 1/100 Batch 406/650 - Loss: 2.175533 (Recon: 1.291667, Diff: 0.883798, KL: 0.067328)
2026-02-16 13:41:17,255 - INFO - Epoch 1/100 Batch 407/650 - Loss: 1.991501 (Recon: 1.287932, Diff: 0.703524, KL: 0.045686)
2026-02-16 13:41:18,261 - INFO - Epoch 1/100 Batch 408/650 - Loss: 2.176187 (Recon: 1.290210, Diff: 0.885933, KL: 0.044099)
2026-02-16 13:41:19,233 - INFO - Epoch 1/100 Batch 409/650 - Loss: 2.073185 (Recon: 1.283941, Diff: 0.789203, KL: 0.041353)
2026-02-16 13:41:20,225 - INFO - Epoch 1/100 Batch 410/650 - Loss: 2.107815 (Recon: 1.294775, Diff: 0.812996, KL: 0.044391)
2026-02-16 13:41:21,210 - INFO - Epoch 1/100 Batch 411/650 - Loss: 2.140699 (Recon: 1.287477, Diff: 0.853150, KL: 0.072501)
2026-02-16 13:41:22,187 - INFO - Epoch 1/100 Batch 412/650 - Loss: 2.288438 (Recon: 1.294066, Diff: 0.994298, KL: 0.073814)
2026-02-16 13:41:25,272 - INFO - Epoch 1/100 Batch 413/650 - Loss: 2.177104 (Recon: 1.282628, Diff: 0.894414, KL: 0.061197)
2026-02-16 13:41:30,940 - INFO - Epoch 1/100 Batch 414/650 - Loss: 2.092181 (Recon: 1.287189, Diff: 0.804926, KL: 0.066086)
2026-02-16 13:41:32,043 - INFO - Epoch 1/100 Batch 415/650 - Loss: 2.105406 (Recon: 1.287208, Diff: 0.818129, KL: 0.068446)
2026-02-16 13:41:33,210 - INFO - Epoch 1/100 Batch 416/650 - Loss: 2.076784 (Recon: 1.290442, Diff: 0.786251, KL: 0.091179)
2026-02-16 13:41:34,342 - INFO - Epoch 1/100 Batch 417/650 - Loss: 2.087893 (Recon: 1.291270, Diff: 0.796580, KL: 0.043198)
2026-02-16 13:41:35,417 - INFO - Epoch 1/100 Batch 418/650 - Loss: 2.092765 (Recon: 1.286642, Diff: 0.806072, KL: 0.051101)
2026-02-16 13:41:36,844 - INFO - Epoch 1/100 Batch 419/650 - Loss: 2.146209 (Recon: 1.293081, Diff: 0.853058, KL: 0.069720)
2026-02-16 13:41:37,907 - INFO - Epoch 1/100 Batch 420/650 - Loss: 2.158650 (Recon: 1.285122, Diff: 0.873478, KL: 0.050575)
2026-02-16 13:41:39,046 - INFO - Epoch 1/100 Batch 421/650 - Loss: 2.042074 (Recon: 1.284594, Diff: 0.757429, KL: 0.051243)
2026-02-16 13:41:40,166 - INFO - Epoch 1/100 Batch 422/650 - Loss: 2.135382 (Recon: 1.285934, Diff: 0.849380, KL: 0.068358)
2026-02-16 13:41:41,282 - INFO - Epoch 1/100 Batch 423/650 - Loss: 2.086654 (Recon: 1.284757, Diff: 0.801849, KL: 0.046834)
2026-02-16 13:41:42,861 - INFO - Epoch 1/100 Batch 424/650 - Loss: 2.006673 (Recon: 1.288536, Diff: 0.718082, KL: 0.054519)
2026-02-16 13:41:43,934 - INFO - Epoch 1/100 Batch 425/650 - Loss: 2.026155 (Recon: 1.284119, Diff: 0.741976, KL: 0.060091)
2026-02-16 13:41:45,099 - INFO - Epoch 1/100 Batch 426/650 - Loss: 2.088807 (Recon: 1.292850, Diff: 0.795882, KL: 0.074336)
2026-02-16 13:41:46,402 - INFO - Epoch 1/100 Batch 427/650 - Loss: 2.132713 (Recon: 1.288658, Diff: 0.843993, KL: 0.061166)
2026-02-16 13:41:53,578 - INFO - Epoch 1/100 Batch 428/650 - Loss: 2.010668 (Recon: 1.288188, Diff: 0.722424, KL: 0.055769)
2026-02-16 13:41:54,614 - INFO - Epoch 1/100 Batch 429/650 - Loss: 2.072164 (Recon: 1.288798, Diff: 0.783265, KL: 0.100851)
2026-02-16 13:41:57,180 - INFO - Epoch 1/100 Batch 430/650 - Loss: 1.958691 (Recon: 1.289188, Diff: 0.669469, KL: 0.034153)
2026-02-16 13:42:04,100 - INFO - Epoch 1/100 Batch 431/650 - Loss: 2.070572 (Recon: 1.282960, Diff: 0.787561, KL: 0.050594)
2026-02-16 13:42:05,176 - INFO - Epoch 1/100 Batch 432/650 - Loss: 2.180007 (Recon: 1.285977, Diff: 0.893988, KL: 0.041115)
2026-02-16 13:42:06,212 - INFO - Epoch 1/100 Batch 433/650 - Loss: 2.181078 (Recon: 1.289604, Diff: 0.891400, KL: 0.073825)
2026-02-16 13:42:16,249 - INFO - Epoch 1/100 Batch 434/650 - Loss: 2.119220 (Recon: 1.288910, Diff: 0.830254, KL: 0.056323)
2026-02-16 13:42:29,471 - INFO - Epoch 1/100 Batch 435/650 - Loss: 2.035999 (Recon: 1.286245, Diff: 0.749715, KL: 0.038862)
2026-02-16 13:42:30,792 - INFO - Epoch 1/100 Batch 436/650 - Loss: 2.128358 (Recon: 1.280844, Diff: 0.847406, KL: 0.107755)
2026-02-16 13:42:31,953 - INFO - Epoch 1/100 Batch 437/650 - Loss: 1.970960 (Recon: 1.284573, Diff: 0.686325, KL: 0.061229)
2026-02-16 13:42:32,949 - INFO - Epoch 1/100 Batch 438/650 - Loss: 2.015874 (Recon: 1.288480, Diff: 0.727337, KL: 0.057163)
2026-02-16 13:42:33,977 - INFO - Epoch 1/100 Batch 439/650 - Loss: 2.129088 (Recon: 1.287507, Diff: 0.841517, KL: 0.063963)
2026-02-16 13:42:36,022 - INFO - Epoch 1/100 Batch 440/650 - Loss: 2.061902 (Recon: 1.285035, Diff: 0.776787, KL: 0.078944)
2026-02-16 13:42:37,096 - INFO - Epoch 1/100 Batch 441/650 - Loss: 2.139817 (Recon: 1.286725, Diff: 0.853006, KL: 0.086213)
2026-02-16 13:42:38,703 - INFO - Epoch 1/100 Batch 442/650 - Loss: 2.115021 (Recon: 1.287781, Diff: 0.827170, KL: 0.070880)
2026-02-16 13:42:40,083 - INFO - Epoch 1/100 Batch 443/650 - Loss: 2.084038 (Recon: 1.282035, Diff: 0.801950, KL: 0.053468)
2026-02-16 13:42:41,350 - INFO - Epoch 1/100 Batch 444/650 - Loss: 2.012753 (Recon: 1.284684, Diff: 0.728003, KL: 0.065407)
2026-02-16 13:42:52,031 - INFO - Epoch 1/100 Batch 445/650 - Loss: 2.035738 (Recon: 1.286472, Diff: 0.749226, KL: 0.040401)
2026-02-16 13:42:53,182 - INFO - Epoch 1/100 Batch 446/650 - Loss: 2.057629 (Recon: 1.284190, Diff: 0.773362, KL: 0.077111)
2026-02-16 13:42:55,566 - INFO - Epoch 1/100 Batch 447/650 - Loss: 2.030516 (Recon: 1.288435, Diff: 0.742009, KL: 0.071735)
2026-02-16 13:42:59,469 - INFO - Epoch 1/100 Batch 448/650 - Loss: 1.988176 (Recon: 1.286390, Diff: 0.701715, KL: 0.071228)
2026-02-16 13:43:01,011 - INFO - Epoch 1/100 Batch 449/650 - Loss: 2.043303 (Recon: 1.284982, Diff: 0.758282, KL: 0.039071)
2026-02-16 13:43:02,075 - INFO - Epoch 1/100 Batch 450/650 - Loss: 2.070103 (Recon: 1.283184, Diff: 0.786867, KL: 0.051786)
2026-02-16 13:43:03,160 - INFO - Epoch 1/100 Batch 451/650 - Loss: 2.059678 (Recon: 1.281609, Diff: 0.778019, KL: 0.050115)
2026-02-16 13:43:04,470 - INFO - Epoch 1/100 Batch 452/650 - Loss: 2.009358 (Recon: 1.284985, Diff: 0.724303, KL: 0.070224)
2026-02-16 13:43:06,367 - INFO - Epoch 1/100 Batch 453/650 - Loss: 2.050082 (Recon: 1.285584, Diff: 0.764466, KL: 0.032238)
2026-02-16 13:43:08,410 - INFO - Epoch 1/100 Batch 454/650 - Loss: 2.082683 (Recon: 1.278208, Diff: 0.804443, KL: 0.032964)
2026-02-16 13:43:09,494 - INFO - Epoch 1/100 Batch 455/650 - Loss: 2.089272 (Recon: 1.280337, Diff: 0.808860, KL: 0.074843)
2026-02-16 13:43:11,081 - INFO - Epoch 1/100 Batch 456/650 - Loss: 1.965156 (Recon: 1.289292, Diff: 0.675786, KL: 0.078514)
2026-02-16 13:43:12,252 - INFO - Epoch 1/100 Batch 457/650 - Loss: 2.033003 (Recon: 1.283917, Diff: 0.749040, KL: 0.046060)
2026-02-16 13:43:13,276 - INFO - Epoch 1/100 Batch 458/650 - Loss: 2.084689 (Recon: 1.277951, Diff: 0.806688, KL: 0.049530)
2026-02-16 13:43:27,701 - INFO - Epoch 1/100 Batch 459/650 - Loss: 1.985764 (Recon: 1.284878, Diff: 0.700821, KL: 0.065471)
2026-02-16 13:43:28,789 - INFO - Epoch 1/100 Batch 460/650 - Loss: 1.935908 (Recon: 1.287794, Diff: 0.648067, KL: 0.046981)
2026-02-16 13:43:29,923 - INFO - Epoch 1/100 Batch 461/650 - Loss: 2.081206 (Recon: 1.286060, Diff: 0.795083, KL: 0.062361)
2026-02-16 13:43:31,199 - INFO - Epoch 1/100 Batch 462/650 - Loss: 1.981551 (Recon: 1.287435, Diff: 0.694042, KL: 0.073874)
2026-02-16 13:43:32,855 - INFO - Epoch 1/100 Batch 463/650 - Loss: 1.983304 (Recon: 1.280933, Diff: 0.702344, KL: 0.026940)
2026-02-16 13:43:33,915 - INFO - Epoch 1/100 Batch 464/650 - Loss: 2.010464 (Recon: 1.283750, Diff: 0.726630, KL: 0.083644)
2026-02-16 13:43:38,931 - INFO - Epoch 1/100 Batch 465/650 - Loss: 1.983750 (Recon: 1.287375, Diff: 0.696349, KL: 0.026181)
2026-02-16 13:43:40,818 - INFO - Epoch 1/100 Batch 466/650 - Loss: 1.937432 (Recon: 1.275424, Diff: 0.661961, KL: 0.046654)
2026-02-16 13:43:42,534 - INFO - Epoch 1/100 Batch 467/650 - Loss: 1.949584 (Recon: 1.284228, Diff: 0.665313, KL: 0.042797)
2026-02-16 13:43:44,324 - INFO - Epoch 1/100 Batch 468/650 - Loss: 1.966281 (Recon: 1.282643, Diff: 0.683551, KL: 0.087270)
2026-02-16 13:43:45,413 - INFO - Epoch 1/100 Batch 469/650 - Loss: 2.107070 (Recon: 1.283182, Diff: 0.823845, KL: 0.043485)
2026-02-16 13:43:46,861 - INFO - Epoch 1/100 Batch 470/650 - Loss: 2.004068 (Recon: 1.286499, Diff: 0.717504, KL: 0.064938)
2026-02-16 13:44:00,822 - INFO - Epoch 1/100 Batch 471/650 - Loss: 1.946273 (Recon: 1.283950, Diff: 0.662288, KL: 0.035482)
2026-02-16 13:44:02,663 - INFO - Epoch 1/100 Batch 472/650 - Loss: 2.007226 (Recon: 1.286552, Diff: 0.720610, KL: 0.063935)
2026-02-16 13:44:04,565 - INFO - Epoch 1/100 Batch 473/650 - Loss: 1.929694 (Recon: 1.283421, Diff: 0.646212, KL: 0.061570)
2026-02-16 13:44:05,637 - INFO - Epoch 1/100 Batch 474/650 - Loss: 2.002872 (Recon: 1.282170, Diff: 0.720640, KL: 0.061750)
2026-02-16 13:44:09,508 - INFO - Epoch 1/100 Batch 475/650 - Loss: 1.985487 (Recon: 1.278660, Diff: 0.706781, KL: 0.045832)
2026-02-16 13:44:10,576 - INFO - Epoch 1/100 Batch 476/650 - Loss: 1.933961 (Recon: 1.283316, Diff: 0.650592, KL: 0.052959)
2026-02-16 13:44:12,150 - INFO - Epoch 1/100 Batch 477/650 - Loss: 2.014726 (Recon: 1.281085, Diff: 0.733590, KL: 0.051004)
2026-02-16 13:44:21,512 - INFO - Epoch 1/100 Batch 478/650 - Loss: 2.037689 (Recon: 1.277761, Diff: 0.759881, KL: 0.047036)
2026-02-16 13:44:22,519 - INFO - Epoch 1/100 Batch 479/650 - Loss: 1.986325 (Recon: 1.278648, Diff: 0.707635, KL: 0.042762)
2026-02-16 13:44:23,727 - INFO - Epoch 1/100 Batch 480/650 - Loss: 1.954675 (Recon: 1.281109, Diff: 0.673524, KL: 0.041973)
2026-02-16 13:44:24,740 - INFO - Epoch 1/100 Batch 481/650 - Loss: 1.899158 (Recon: 1.280794, Diff: 0.618292, KL: 0.072727)
2026-02-16 13:44:25,800 - INFO - Epoch 1/100 Batch 482/650 - Loss: 1.959570 (Recon: 1.283330, Diff: 0.676209, KL: 0.031484)
2026-02-16 13:44:26,820 - INFO - Epoch 1/100 Batch 483/650 - Loss: 1.958261 (Recon: 1.280300, Diff: 0.677921, KL: 0.039179)
2026-02-16 13:44:28,953 - INFO - Epoch 1/100 Batch 484/650 - Loss: 1.956262 (Recon: 1.279250, Diff: 0.676977, KL: 0.035720)
2026-02-16 13:44:30,464 - INFO - Epoch 1/100 Batch 485/650 - Loss: 1.949387 (Recon: 1.285420, Diff: 0.663925, KL: 0.042438)
2026-02-16 13:44:31,584 - INFO - Epoch 1/100 Batch 486/650 - Loss: 1.874615 (Recon: 1.279815, Diff: 0.594756, KL: 0.043717)
2026-02-16 13:44:33,001 - INFO - Epoch 1/100 Batch 487/650 - Loss: 1.956362 (Recon: 1.282288, Diff: 0.674026, KL: 0.048573)
2026-02-16 13:44:34,079 - INFO - Epoch 1/100 Batch 488/650 - Loss: 2.001944 (Recon: 1.283870, Diff: 0.718028, KL: 0.045485)
2026-02-16 13:44:35,289 - INFO - Epoch 1/100 Batch 489/650 - Loss: 1.911983 (Recon: 1.284409, Diff: 0.627538, KL: 0.036209)
2026-02-16 13:44:36,871 - INFO - Epoch 1/100 Batch 490/650 - Loss: 1.920794 (Recon: 1.283947, Diff: 0.636826, KL: 0.021754)
2026-02-16 13:44:38,517 - INFO - Epoch 1/100 Batch 491/650 - Loss: 2.018796 (Recon: 1.276034, Diff: 0.742720, KL: 0.042975)
2026-02-16 13:44:47,870 - INFO - Epoch 1/100 Batch 492/650 - Loss: 1.954938 (Recon: 1.284982, Diff: 0.669908, KL: 0.048397)
2026-02-16 13:44:49,880 - INFO - Epoch 1/100 Batch 493/650 - Loss: 1.946823 (Recon: 1.284881, Diff: 0.661905, KL: 0.037373)
2026-02-16 13:44:50,935 - INFO - Epoch 1/100 Batch 494/650 - Loss: 1.930518 (Recon: 1.286727, Diff: 0.643731, KL: 0.060935)
2026-02-16 13:44:52,005 - INFO - Epoch 1/100 Batch 495/650 - Loss: 1.947940 (Recon: 1.279816, Diff: 0.668097, KL: 0.026398)
2026-02-16 13:44:56,075 - INFO - Epoch 1/100 Batch 496/650 - Loss: 1.812361 (Recon: 1.278564, Diff: 0.533734, KL: 0.063377)
2026-02-16 13:44:58,220 - INFO - Epoch 1/100 Batch 497/650 - Loss: 1.978709 (Recon: 1.279681, Diff: 0.698984, KL: 0.043113)
2026-02-16 13:44:59,529 - INFO - Epoch 1/100 Batch 498/650 - Loss: 1.939210 (Recon: 1.280980, Diff: 0.658197, KL: 0.032382)
2026-02-16 13:45:00,596 - INFO - Epoch 1/100 Batch 499/650 - Loss: 1.934190 (Recon: 1.282103, Diff: 0.652039, KL: 0.047964)
2026-02-16 13:45:01,628 - INFO - Epoch 1/100 Batch 500/650 - Loss: 1.961882 (Recon: 1.282305, Diff: 0.679530, KL: 0.046936)
2026-02-16 13:45:03,216 - INFO - Epoch 1/100 Batch 501/650 - Loss: 1.971020 (Recon: 1.277358, Diff: 0.693622, KL: 0.040660)
2026-02-16 13:45:04,320 - INFO - Epoch 1/100 Batch 502/650 - Loss: 2.024392 (Recon: 1.281121, Diff: 0.743224, KL: 0.047252)
2026-02-16 13:45:05,387 - INFO - Epoch 1/100 Batch 503/650 - Loss: 2.039900 (Recon: 1.285187, Diff: 0.754658, KL: 0.055017)
2026-02-16 13:45:07,873 - INFO - Epoch 1/100 Batch 504/650 - Loss: 1.900043 (Recon: 1.270951, Diff: 0.629035, KL: 0.056873)
2026-02-16 13:45:09,045 - INFO - Epoch 1/100 Batch 505/650 - Loss: 1.892184 (Recon: 1.285843, Diff: 0.606263, KL: 0.078145)
2026-02-16 13:45:10,094 - INFO - Epoch 1/100 Batch 506/650 - Loss: 1.848140 (Recon: 1.279817, Diff: 0.568265, KL: 0.057533)
2026-02-16 13:45:18,257 - INFO - Epoch 1/100 Batch 507/650 - Loss: 1.981986 (Recon: 1.281386, Diff: 0.700566, KL: 0.033516)
2026-02-16 13:45:19,270 - INFO - Epoch 1/100 Batch 508/650 - Loss: 1.882544 (Recon: 1.280317, Diff: 0.602179, KL: 0.047714)
2026-02-16 13:45:20,341 - INFO - Epoch 1/100 Batch 509/650 - Loss: 2.036106 (Recon: 1.279650, Diff: 0.756387, KL: 0.069046)
2026-02-16 13:45:21,376 - INFO - Epoch 1/100 Batch 510/650 - Loss: 1.934592 (Recon: 1.278913, Diff: 0.655609, KL: 0.070314)
2026-02-16 13:45:22,378 - INFO - Epoch 1/100 Batch 511/650 - Loss: 1.902531 (Recon: 1.278828, Diff: 0.623669, KL: 0.033758)
2026-02-16 13:45:23,359 - INFO - Epoch 1/100 Batch 512/650 - Loss: 1.885008 (Recon: 1.281635, Diff: 0.603346, KL: 0.027736)
2026-02-16 13:45:24,374 - INFO - Epoch 1/100 Batch 513/650 - Loss: 1.934990 (Recon: 1.279142, Diff: 0.655814, KL: 0.034038)
2026-02-16 13:45:25,382 - INFO - Epoch 1/100 Batch 514/650 - Loss: 1.912220 (Recon: 1.280534, Diff: 0.631649, KL: 0.038031)
2026-02-16 13:45:29,170 - INFO - Epoch 1/100 Batch 515/650 - Loss: 1.886743 (Recon: 1.277566, Diff: 0.609123, KL: 0.053666)
2026-02-16 13:46:03,151 - INFO - Epoch 1/100 Batch 516/650 - Loss: 1.872455 (Recon: 1.281489, Diff: 0.590929, KL: 0.036792)
2026-02-16 13:46:16,440 - INFO - Epoch 1/100 Batch 517/650 - Loss: 1.864396 (Recon: 1.280600, Diff: 0.583760, KL: 0.036130)
2026-02-16 13:46:17,440 - INFO - Epoch 1/100 Batch 518/650 - Loss: 1.975415 (Recon: 1.282044, Diff: 0.693331, KL: 0.040198)
2026-02-16 13:46:18,488 - INFO - Epoch 1/100 Batch 519/650 - Loss: 1.857175 (Recon: 1.269792, Diff: 0.587361, KL: 0.022050)
2026-02-16 13:46:19,552 - INFO - Epoch 1/100 Batch 520/650 - Loss: 1.893011 (Recon: 1.278472, Diff: 0.614499, KL: 0.040035)
2026-02-16 13:46:20,622 - INFO - Epoch 1/100 Batch 521/650 - Loss: 1.898512 (Recon: 1.279260, Diff: 0.619218, KL: 0.033825)
2026-02-16 13:46:54,998 - INFO - Epoch 1/100 Batch 522/650 - Loss: 1.862122 (Recon: 1.281912, Diff: 0.580177, KL: 0.033200)
2026-02-16 13:47:25,408 - INFO - Epoch 1/100 Batch 523/650 - Loss: 1.838362 (Recon: 1.279345, Diff: 0.558976, KL: 0.040583)
2026-02-16 13:47:26,388 - INFO - Epoch 1/100 Batch 524/650 - Loss: 1.841626 (Recon: 1.283491, Diff: 0.558097, KL: 0.039035)
2026-02-16 13:47:27,408 - INFO - Epoch 1/100 Batch 525/650 - Loss: 1.877318 (Recon: 1.278736, Diff: 0.598523, KL: 0.058730)
2026-02-16 13:47:28,413 - INFO - Epoch 1/100 Batch 526/650 - Loss: 1.828670 (Recon: 1.283185, Diff: 0.545434, KL: 0.051113)
2026-02-16 13:47:29,412 - INFO - Epoch 1/100 Batch 527/650 - Loss: 1.892169 (Recon: 1.280311, Diff: 0.611819, KL: 0.038590)
2026-02-16 13:47:30,429 - INFO - Epoch 1/100 Batch 528/650 - Loss: 1.906006 (Recon: 1.279960, Diff: 0.625979, KL: 0.066885)
2026-02-16 13:47:31,399 - INFO - Epoch 1/100 Batch 529/650 - Loss: 1.849158 (Recon: 1.272240, Diff: 0.576898, KL: 0.019407)
2026-02-16 13:47:32,415 - INFO - Epoch 1/100 Batch 530/650 - Loss: 1.889144 (Recon: 1.278027, Diff: 0.611078, KL: 0.037884)
2026-02-16 13:47:33,422 - INFO - Epoch 1/100 Batch 531/650 - Loss: 1.871423 (Recon: 1.278400, Diff: 0.592996, KL: 0.026143)
2026-02-16 13:47:35,474 - INFO - Epoch 1/100 Batch 532/650 - Loss: 1.853273 (Recon: 1.282525, Diff: 0.570720, KL: 0.027906)
2026-02-16 13:47:36,740 - INFO - Epoch 1/100 Batch 533/650 - Loss: 1.796984 (Recon: 1.273015, Diff: 0.523924, KL: 0.044785)
2026-02-16 13:47:37,905 - INFO - Epoch 1/100 Batch 534/650 - Loss: 1.836153 (Recon: 1.279911, Diff: 0.556204, KL: 0.038574)
2026-02-16 13:47:39,012 - INFO - Epoch 1/100 Batch 535/650 - Loss: 1.857209 (Recon: 1.279625, Diff: 0.577557, KL: 0.026634)
2026-02-16 13:47:40,068 - INFO - Epoch 1/100 Batch 536/650 - Loss: 1.929178 (Recon: 1.281978, Diff: 0.647148, KL: 0.052135)
2026-02-16 13:47:41,088 - INFO - Epoch 1/100 Batch 537/650 - Loss: 1.832095 (Recon: 1.277561, Diff: 0.554496, KL: 0.038417)
2026-02-16 13:47:42,105 - INFO - Epoch 1/100 Batch 538/650 - Loss: 1.844985 (Recon: 1.276416, Diff: 0.568521, KL: 0.047288)
2026-02-16 13:47:43,189 - INFO - Epoch 1/100 Batch 539/650 - Loss: 1.853053 (Recon: 1.273905, Diff: 0.579115, KL: 0.032776)
2026-02-16 13:48:02,918 - INFO - Epoch 1/100 Batch 540/650 - Loss: 1.886559 (Recon: 1.280956, Diff: 0.605573, KL: 0.029211)
2026-02-16 13:48:03,948 - INFO - Epoch 1/100 Batch 541/650 - Loss: 1.889588 (Recon: 1.279861, Diff: 0.609692, KL: 0.035456)
2026-02-16 13:48:04,973 - INFO - Epoch 1/100 Batch 542/650 - Loss: 1.885090 (Recon: 1.281594, Diff: 0.603476, KL: 0.020709)
2026-02-16 13:48:06,085 - INFO - Epoch 1/100 Batch 543/650 - Loss: 1.867294 (Recon: 1.282647, Diff: 0.584628, KL: 0.018431)
2026-02-16 13:48:07,759 - INFO - Epoch 1/100 Batch 544/650 - Loss: 1.845778 (Recon: 1.278114, Diff: 0.567629, KL: 0.035723)
2026-02-16 13:48:08,823 - INFO - Epoch 1/100 Batch 545/650 - Loss: 1.920053 (Recon: 1.280843, Diff: 0.639166, KL: 0.043597)
2026-02-16 13:48:09,855 - INFO - Epoch 1/100 Batch 546/650 - Loss: 1.931307 (Recon: 1.276628, Diff: 0.654644, KL: 0.034482)
2026-02-16 13:48:10,920 - INFO - Epoch 1/100 Batch 547/650 - Loss: 1.893541 (Recon: 1.280311, Diff: 0.613170, KL: 0.060823)
2026-02-16 13:48:11,922 - INFO - Epoch 1/100 Batch 548/650 - Loss: 1.848193 (Recon: 1.278051, Diff: 0.570110, KL: 0.031856)
2026-02-16 13:48:14,288 - INFO - Epoch 1/100 Batch 549/650 - Loss: 1.955513 (Recon: 1.276659, Diff: 0.678800, KL: 0.053224)
2026-02-16 13:48:15,561 - INFO - Epoch 1/100 Batch 550/650 - Loss: 1.800617 (Recon: 1.277287, Diff: 0.523284, KL: 0.045707)
2026-02-16 13:48:16,616 - INFO - Epoch 1/100 Batch 551/650 - Loss: 1.912999 (Recon: 1.276377, Diff: 0.636596, KL: 0.025169)
2026-02-16 13:48:17,758 - INFO - Epoch 1/100 Batch 552/650 - Loss: 1.808386 (Recon: 1.278603, Diff: 0.529741, KL: 0.042017)
2026-02-16 13:48:18,858 - INFO - Epoch 1/100 Batch 553/650 - Loss: 1.877298 (Recon: 1.274987, Diff: 0.602257, KL: 0.054086)
2026-02-16 13:48:22,558 - INFO - Epoch 1/100 Batch 554/650 - Loss: 1.931509 (Recon: 1.274715, Diff: 0.656748, KL: 0.045971)
2026-02-16 13:48:38,602 - INFO - Epoch 1/100 Batch 555/650 - Loss: 1.877265 (Recon: 1.277733, Diff: 0.599475, KL: 0.057396)
2026-02-16 13:48:39,638 - INFO - Epoch 1/100 Batch 556/650 - Loss: 1.957090 (Recon: 1.272604, Diff: 0.684430, KL: 0.055481)
2026-02-16 13:48:40,691 - INFO - Epoch 1/100 Batch 557/650 - Loss: 1.816491 (Recon: 1.281123, Diff: 0.535336, KL: 0.031714)
2026-02-16 13:48:41,817 - INFO - Epoch 1/100 Batch 558/650 - Loss: 1.830503 (Recon: 1.271886, Diff: 0.558574, KL: 0.042600)
2026-02-16 13:48:54,198 - INFO - Epoch 1/100 Batch 559/650 - Loss: 1.794713 (Recon: 1.278084, Diff: 0.516600, KL: 0.029278)
2026-02-16 13:49:30,671 - INFO - Epoch 1/100 Batch 560/650 - Loss: 1.831412 (Recon: 1.274948, Diff: 0.556437, KL: 0.026917)
2026-02-16 13:50:09,924 - INFO - Epoch 1/100 Batch 561/650 - Loss: 1.898533 (Recon: 1.279243, Diff: 0.619252, KL: 0.039281)
2026-02-16 13:50:47,080 - INFO - Epoch 1/100 Batch 562/650 - Loss: 1.849917 (Recon: 1.278936, Diff: 0.570946, KL: 0.035642)
2026-02-16 13:51:22,466 - INFO - Epoch 1/100 Batch 563/650 - Loss: 1.892178 (Recon: 1.278929, Diff: 0.613188, KL: 0.060392)
2026-02-16 13:51:51,577 - INFO - Epoch 1/100 Batch 564/650 - Loss: 1.889317 (Recon: 1.277798, Diff: 0.611483, KL: 0.035530)
2026-02-16 13:51:52,608 - INFO - Epoch 1/100 Batch 565/650 - Loss: 1.745192 (Recon: 1.280221, Diff: 0.464941, KL: 0.029759)
2026-02-16 13:51:53,662 - INFO - Epoch 1/100 Batch 566/650 - Loss: 1.903740 (Recon: 1.275713, Diff: 0.627992, KL: 0.034311)
2026-02-16 13:51:57,104 - INFO - Epoch 1/100 Batch 567/650 - Loss: 1.761444 (Recon: 1.270212, Diff: 0.491184, KL: 0.048084)
2026-02-16 13:51:58,174 - INFO - Epoch 1/100 Batch 568/650 - Loss: 1.910506 (Recon: 1.276500, Diff: 0.633977, KL: 0.028666)
2026-02-16 13:51:59,236 - INFO - Epoch 1/100 Batch 569/650 - Loss: 1.809923 (Recon: 1.277277, Diff: 0.532612, KL: 0.034086)
2026-02-16 13:52:00,774 - INFO - Epoch 1/100 Batch 570/650 - Loss: 1.828596 (Recon: 1.275117, Diff: 0.553447, KL: 0.032025)
2026-02-16 13:52:01,892 - INFO - Epoch 1/100 Batch 571/650 - Loss: 1.770118 (Recon: 1.276917, Diff: 0.493174, KL: 0.027490)
2026-02-16 13:52:02,980 - INFO - Epoch 1/100 Batch 572/650 - Loss: 1.792379 (Recon: 1.273983, Diff: 0.518365, KL: 0.031225)
2026-02-16 13:52:04,080 - INFO - Epoch 1/100 Batch 573/650 - Loss: 1.880401 (Recon: 1.277149, Diff: 0.603216, KL: 0.035226)
2026-02-16 13:52:12,955 - INFO - Epoch 1/100 Batch 574/650 - Loss: 1.787601 (Recon: 1.274055, Diff: 0.513521, KL: 0.023989)
2026-02-16 13:52:28,654 - INFO - Epoch 1/100 Batch 575/650 - Loss: 1.845293 (Recon: 1.271960, Diff: 0.573308, KL: 0.025162)
2026-02-16 13:52:29,668 - INFO - Epoch 1/100 Batch 576/650 - Loss: 1.868305 (Recon: 1.276549, Diff: 0.591713, KL: 0.042757)
2026-02-16 13:52:30,744 - INFO - Epoch 1/100 Batch 577/650 - Loss: 1.771038 (Recon: 1.278768, Diff: 0.492240, KL: 0.030556)
2026-02-16 13:52:31,783 - INFO - Epoch 1/100 Batch 578/650 - Loss: 1.822092 (Recon: 1.274809, Diff: 0.547243, KL: 0.039448)
2026-02-16 13:52:32,804 - INFO - Epoch 1/100 Batch 579/650 - Loss: 1.754788 (Recon: 1.276253, Diff: 0.478513, KL: 0.021528)
2026-02-16 13:52:33,825 - INFO - Epoch 1/100 Batch 580/650 - Loss: 1.779901 (Recon: 1.278925, Diff: 0.500949, KL: 0.027702)
2026-02-16 13:52:34,832 - INFO - Epoch 1/100 Batch 581/650 - Loss: 1.803598 (Recon: 1.270740, Diff: 0.532829, KL: 0.029475)
2026-02-16 13:52:35,833 - INFO - Epoch 1/100 Batch 582/650 - Loss: 1.764480 (Recon: 1.278147, Diff: 0.486305, KL: 0.027074)
2026-02-16 13:52:36,860 - INFO - Epoch 1/100 Batch 583/650 - Loss: 1.784855 (Recon: 1.271222, Diff: 0.513599, KL: 0.034065)
2026-02-16 13:52:37,903 - INFO - Epoch 1/100 Batch 584/650 - Loss: 1.802270 (Recon: 1.279000, Diff: 0.523241, KL: 0.028261)
2026-02-16 13:53:20,255 - INFO - Epoch 1/100 Batch 585/650 - Loss: 1.908757 (Recon: 1.273615, Diff: 0.635092, KL: 0.050300)
2026-02-16 13:53:52,602 - INFO - Epoch 1/100 Batch 586/650 - Loss: 1.890542 (Recon: 1.275504, Diff: 0.614997, KL: 0.040321)
2026-02-16 13:53:53,619 - INFO - Epoch 1/100 Batch 587/650 - Loss: 1.780557 (Recon: 1.273412, Diff: 0.507105, KL: 0.039497)
2026-02-16 13:53:54,637 - INFO - Epoch 1/100 Batch 588/650 - Loss: 1.874303 (Recon: 1.272351, Diff: 0.601907, KL: 0.044415)
2026-02-16 13:53:55,672 - INFO - Epoch 1/100 Batch 589/650 - Loss: 1.687683 (Recon: 1.275703, Diff: 0.411954, KL: 0.025545)
2026-02-16 13:53:56,734 - INFO - Epoch 1/100 Batch 590/650 - Loss: 1.816916 (Recon: 1.277216, Diff: 0.539674, KL: 0.025611)
2026-02-16 13:53:57,860 - INFO - Epoch 1/100 Batch 591/650 - Loss: 1.868016 (Recon: 1.273857, Diff: 0.594116, KL: 0.043293)
2026-02-16 13:54:29,504 - INFO - Epoch 1/100 Batch 592/650 - Loss: 1.682233 (Recon: 1.275370, Diff: 0.406836, KL: 0.027897)
2026-02-16 13:54:42,701 - INFO - Epoch 1/100 Batch 593/650 - Loss: 1.839598 (Recon: 1.276928, Diff: 0.562645, KL: 0.025394)
2026-02-16 13:54:43,698 - INFO - Epoch 1/100 Batch 594/650 - Loss: 1.811526 (Recon: 1.267014, Diff: 0.544471, KL: 0.041469)
2026-02-16 13:54:53,231 - INFO - Epoch 1/100 Batch 595/650 - Loss: 1.738096 (Recon: 1.275363, Diff: 0.462703, KL: 0.030525)
2026-02-16 13:54:54,262 - INFO - Epoch 1/100 Batch 596/650 - Loss: 1.740165 (Recon: 1.275141, Diff: 0.464976, KL: 0.047464)
2026-02-16 13:54:55,436 - INFO - Epoch 1/100 Batch 597/650 - Loss: 1.763937 (Recon: 1.273928, Diff: 0.489965, KL: 0.043937)
2026-02-16 13:54:57,222 - INFO - Epoch 1/100 Batch 598/650 - Loss: 1.847179 (Recon: 1.271033, Diff: 0.576131, KL: 0.015012)
2026-02-16 13:54:59,249 - INFO - Epoch 1/100 Batch 599/650 - Loss: 1.818436 (Recon: 1.272001, Diff: 0.546404, KL: 0.031872)
2026-02-16 13:55:00,263 - INFO - Epoch 1/100 Batch 600/650 - Loss: 1.773089 (Recon: 1.273149, Diff: 0.499922, KL: 0.018331)
2026-02-16 13:55:01,362 - INFO - Epoch 1/100 Batch 601/650 - Loss: 1.818082 (Recon: 1.275099, Diff: 0.542954, KL: 0.028736)
2026-02-16 13:55:02,460 - INFO - Epoch 1/100 Batch 602/650 - Loss: 1.887645 (Recon: 1.276721, Diff: 0.610879, KL: 0.045279)
2026-02-16 13:55:11,725 - INFO - Epoch 1/100 Batch 603/650 - Loss: 1.817531 (Recon: 1.276547, Diff: 0.540943, KL: 0.040488)
2026-02-16 13:55:12,795 - INFO - Epoch 1/100 Batch 604/650 - Loss: 1.765571 (Recon: 1.272544, Diff: 0.492992, KL: 0.034811)
2026-02-16 13:55:13,850 - INFO - Epoch 1/100 Batch 605/650 - Loss: 1.779278 (Recon: 1.277377, Diff: 0.501875, KL: 0.026032)
2026-02-16 13:55:47,671 - INFO - Epoch 1/100 Batch 606/650 - Loss: 1.809925 (Recon: 1.277614, Diff: 0.532276, KL: 0.034068)
2026-02-16 13:56:23,305 - INFO - Epoch 1/100 Batch 607/650 - Loss: 1.716194 (Recon: 1.278016, Diff: 0.438146, KL: 0.031619)
2026-02-16 13:56:38,744 - INFO - Epoch 1/100 Batch 608/650 - Loss: 1.842444 (Recon: 1.279072, Diff: 0.563322, KL: 0.050130)
2026-02-16 13:56:39,798 - INFO - Epoch 1/100 Batch 609/650 - Loss: 1.812095 (Recon: 1.273351, Diff: 0.538716, KL: 0.027164)
2026-02-16 13:56:40,836 - INFO - Epoch 1/100 Batch 610/650 - Loss: 1.768687 (Recon: 1.267143, Diff: 0.501503, KL: 0.040489)
2026-02-16 13:56:41,814 - INFO - Epoch 1/100 Batch 611/650 - Loss: 1.826111 (Recon: 1.274485, Diff: 0.551576, KL: 0.048963)
2026-02-16 13:56:42,829 - INFO - Epoch 1/100 Batch 612/650 - Loss: 1.723851 (Recon: 1.274816, Diff: 0.449008, KL: 0.027004)
2026-02-16 13:56:43,859 - INFO - Epoch 1/100 Batch 613/650 - Loss: 1.728700 (Recon: 1.274420, Diff: 0.454257, KL: 0.022914)
2026-02-16 13:56:44,906 - INFO - Epoch 1/100 Batch 614/650 - Loss: 1.725207 (Recon: 1.277210, Diff: 0.447980, KL: 0.016368)
2026-02-16 13:56:51,092 - INFO - Epoch 1/100 Batch 615/650 - Loss: 1.887141 (Recon: 1.276397, Diff: 0.610695, KL: 0.049149)
2026-02-16 13:57:10,096 - INFO - Epoch 1/100 Batch 616/650 - Loss: 1.766767 (Recon: 1.270494, Diff: 0.496246, KL: 0.025988)
2026-02-16 13:57:11,077 - INFO - Epoch 1/100 Batch 617/650 - Loss: 1.808405 (Recon: 1.273927, Diff: 0.534451, KL: 0.027823)
2026-02-16 13:57:12,115 - INFO - Epoch 1/100 Batch 618/650 - Loss: 1.771630 (Recon: 1.276409, Diff: 0.495195, KL: 0.026326)
2026-02-16 13:57:13,195 - INFO - Epoch 1/100 Batch 619/650 - Loss: 1.773327 (Recon: 1.278264, Diff: 0.495037, KL: 0.026499)
2026-02-16 13:57:14,195 - INFO - Epoch 1/100 Batch 620/650 - Loss: 1.758303 (Recon: 1.272918, Diff: 0.485359, KL: 0.025589)
2026-02-16 13:57:15,208 - INFO - Epoch 1/100 Batch 621/650 - Loss: 1.742685 (Recon: 1.275223, Diff: 0.467429, KL: 0.032648)
2026-02-16 13:57:17,716 - INFO - Epoch 1/100 Batch 622/650 - Loss: 1.841123 (Recon: 1.273712, Diff: 0.567391, KL: 0.020445)
2026-02-16 13:57:18,926 - INFO - Epoch 1/100 Batch 623/650 - Loss: 1.723963 (Recon: 1.273264, Diff: 0.450675, KL: 0.024597)
2026-02-16 13:57:20,039 - INFO - Epoch 1/100 Batch 624/650 - Loss: 1.785322 (Recon: 1.277632, Diff: 0.507673, KL: 0.016457)
2026-02-16 13:57:21,450 - INFO - Epoch 1/100 Batch 625/650 - Loss: 1.667541 (Recon: 1.275642, Diff: 0.391886, KL: 0.012869)
2026-02-16 13:57:22,496 - INFO - Epoch 1/100 Batch 626/650 - Loss: 1.730928 (Recon: 1.272869, Diff: 0.458042, KL: 0.016641)
2026-02-16 13:57:23,571 - INFO - Epoch 1/100 Batch 627/650 - Loss: 1.710044 (Recon: 1.275445, Diff: 0.434566, KL: 0.032253)
2026-02-16 13:57:24,572 - INFO - Epoch 1/100 Batch 628/650 - Loss: 1.749491 (Recon: 1.274394, Diff: 0.475072, KL: 0.024919)
2026-02-16 13:57:25,599 - INFO - Epoch 1/100 Batch 629/650 - Loss: 1.703425 (Recon: 1.267817, Diff: 0.435591, KL: 0.017790)
2026-02-16 13:57:26,660 - INFO - Epoch 1/100 Batch 630/650 - Loss: 1.786137 (Recon: 1.273799, Diff: 0.512308, KL: 0.029977)
2026-02-16 13:57:27,664 - INFO - Epoch 1/100 Batch 631/650 - Loss: 1.637806 (Recon: 1.273679, Diff: 0.364097, KL: 0.030058)
2026-02-16 13:57:28,710 - INFO - Epoch 1/100 Batch 632/650 - Loss: 1.652624 (Recon: 1.275720, Diff: 0.376887, KL: 0.016768)
2026-02-16 13:57:29,700 - INFO - Epoch 1/100 Batch 633/650 - Loss: 1.784782 (Recon: 1.274630, Diff: 0.510113, KL: 0.039126)
2026-02-16 13:57:30,737 - INFO - Epoch 1/100 Batch 634/650 - Loss: 1.810144 (Recon: 1.271024, Diff: 0.539083, KL: 0.037302)
2026-02-16 13:57:31,770 - INFO - Epoch 1/100 Batch 635/650 - Loss: 1.689738 (Recon: 1.273372, Diff: 0.416343, KL: 0.023116)
2026-02-16 13:57:32,819 - INFO - Epoch 1/100 Batch 636/650 - Loss: 1.779657 (Recon: 1.269761, Diff: 0.509877, KL: 0.018897)
2026-02-16 13:57:33,957 - INFO - Epoch 1/100 Batch 637/650 - Loss: 1.785097 (Recon: 1.276230, Diff: 0.508845, KL: 0.022273)
2026-02-16 13:57:35,274 - INFO - Epoch 1/100 Batch 638/650 - Loss: 1.655505 (Recon: 1.274472, Diff: 0.381007, KL: 0.026678)
2026-02-16 13:57:36,353 - INFO - Epoch 1/100 Batch 639/650 - Loss: 1.685405 (Recon: 1.272132, Diff: 0.413260, KL: 0.012936)
2026-02-16 13:57:37,400 - INFO - Epoch 1/100 Batch 640/650 - Loss: 1.649221 (Recon: 1.273108, Diff: 0.376096, KL: 0.017748)
2026-02-16 13:58:00,583 - INFO - Epoch 1/100 Batch 641/650 - Loss: 1.665363 (Recon: 1.270799, Diff: 0.394540, KL: 0.024861)
2026-02-16 13:58:01,611 - INFO - Epoch 1/100 Batch 642/650 - Loss: 1.725949 (Recon: 1.270828, Diff: 0.455105, KL: 0.015807)
2026-02-16 13:58:02,681 - INFO - Epoch 1/100 Batch 643/650 - Loss: 1.786986 (Recon: 1.280423, Diff: 0.506542, KL: 0.020589)
2026-02-16 13:58:03,677 - INFO - Epoch 1/100 Batch 644/650 - Loss: 1.685119 (Recon: 1.277024, Diff: 0.408074, KL: 0.020796)
2026-02-16 13:58:04,870 - INFO - Epoch 1/100 Batch 645/650 - Loss: 1.784152 (Recon: 1.276605, Diff: 0.507518, KL: 0.028758)
2026-02-16 13:58:05,910 - INFO - Epoch 1/100 Batch 646/650 - Loss: 1.736176 (Recon: 1.272044, Diff: 0.464113, KL: 0.018496)
2026-02-16 13:58:07,744 - INFO - Epoch 1/100 Batch 647/650 - Loss: 1.766746 (Recon: 1.268870, Diff: 0.497859, KL: 0.016738)
2026-02-16 13:58:08,763 - INFO - Epoch 1/100 Batch 648/650 - Loss: 1.739177 (Recon: 1.274788, Diff: 0.464363, KL: 0.025595)
2026-02-16 13:58:09,770 - INFO - Epoch 1/100 Batch 649/650 - Loss: 1.726791 (Recon: 1.275856, Diff: 0.450924, KL: 0.010734)
2026-02-16 13:58:10,788 - INFO - Epoch 1/100 Batch 650/650 - Loss: 1.837595 (Recon: 1.270935, Diff: 0.566633, KL: 0.027287)
2026-02-16 13:58:10,819 - INFO - Epoch 1 Train Loss: 2.246044
2026-02-16 13:59:53,944 - INFO - Epoch 1 Val Loss: 1.713988 (Recon: 1.2740, Diff: 0.4399, KL: 0.0180)
2026-02-16 13:59:54,134 - INFO - New best model saved with val_loss: 1.713988
2026-02-16 14:00:31,308 - INFO - Epoch 2/100 Batch 1/650 - Loss: 1.759478 (Recon: 1.274520, Diff: 0.484938, KL: 0.019870)
2026-02-16 14:00:44,539 - INFO - Epoch 2/100 Batch 2/650 - Loss: 1.678563 (Recon: 1.273098, Diff: 0.405436, KL: 0.029522)
2026-02-16 14:00:45,817 - INFO - Epoch 2/100 Batch 3/650 - Loss: 1.797491 (Recon: 1.273380, Diff: 0.524085, KL: 0.025913)
2026-02-16 14:00:47,033 - INFO - Epoch 2/100 Batch 4/650 - Loss: 1.711583 (Recon: 1.270768, Diff: 0.440804, KL: 0.011278)
2026-02-16 14:00:48,020 - INFO - Epoch 2/100 Batch 5/650 - Loss: 1.627526 (Recon: 1.271954, Diff: 0.355539, KL: 0.033778)
2026-02-16 14:00:49,104 - INFO - Epoch 2/100 Batch 6/650 - Loss: 1.675215 (Recon: 1.272055, Diff: 0.403148, KL: 0.011705)
2026-02-16 14:00:54,343 - INFO - Epoch 2/100 Batch 7/650 - Loss: 1.663450 (Recon: 1.275870, Diff: 0.387550, KL: 0.030826)
2026-02-16 14:00:55,897 - INFO - Epoch 2/100 Batch 8/650 - Loss: 1.750795 (Recon: 1.271315, Diff: 0.479451, KL: 0.029307)
2026-02-16 14:00:57,050 - INFO - Epoch 2/100 Batch 9/650 - Loss: 1.693461 (Recon: 1.272388, Diff: 0.421056, KL: 0.017081)
2026-02-16 14:01:19,524 - INFO - Epoch 2/100 Batch 10/650 - Loss: 1.663566 (Recon: 1.274520, Diff: 0.389014, KL: 0.032951)
2026-02-16 14:01:20,575 - INFO - Epoch 2/100 Batch 11/650 - Loss: 1.776839 (Recon: 1.269594, Diff: 0.507223, KL: 0.022032)
2026-02-16 14:01:30,763 - INFO - Epoch 2/100 Batch 12/650 - Loss: 1.675786 (Recon: 1.276704, Diff: 0.399067, KL: 0.015410)
2026-02-16 14:01:36,768 - INFO - Epoch 2/100 Batch 13/650 - Loss: 1.688658 (Recon: 1.271871, Diff: 0.416764, KL: 0.023981)
2026-02-16 14:01:41,966 - INFO - Epoch 2/100 Batch 14/650 - Loss: 1.799529 (Recon: 1.265009, Diff: 0.534481, KL: 0.039492)
2026-02-16 14:01:43,020 - INFO - Epoch 2/100 Batch 15/650 - Loss: 1.673239 (Recon: 1.274655, Diff: 0.398567, KL: 0.017292)
2026-02-16 14:01:45,863 - INFO - Epoch 2/100 Batch 16/650 - Loss: 1.669965 (Recon: 1.271579, Diff: 0.398373, KL: 0.013433)
2026-02-16 14:01:47,079 - INFO - Epoch 2/100 Batch 17/650 - Loss: 1.682069 (Recon: 1.266360, Diff: 0.415687, KL: 0.021124)
2026-02-16 14:01:50,317 - INFO - Epoch 2/100 Batch 18/650 - Loss: 1.689333 (Recon: 1.270571, Diff: 0.418741, KL: 0.021561)
2026-02-16 14:01:51,354 - INFO - Epoch 2/100 Batch 19/650 - Loss: 1.631726 (Recon: 1.273225, Diff: 0.358470, KL: 0.030532)
2026-02-16 14:01:53,048 - INFO - Epoch 2/100 Batch 20/650 - Loss: 1.652418 (Recon: 1.271728, Diff: 0.380672, KL: 0.018512)
2026-02-16 14:01:54,173 - INFO - Epoch 2/100 Batch 21/650 - Loss: 1.777810 (Recon: 1.270418, Diff: 0.507367, KL: 0.025227)
2026-02-16 14:01:57,776 - INFO - Epoch 2/100 Batch 22/650 - Loss: 1.613306 (Recon: 1.272784, Diff: 0.340508, KL: 0.014193)
2026-02-16 14:01:58,863 - INFO - Epoch 2/100 Batch 23/650 - Loss: 1.691710 (Recon: 1.273227, Diff: 0.418463, KL: 0.020599)
2026-02-16 14:01:59,973 - INFO - Epoch 2/100 Batch 24/650 - Loss: 1.697155 (Recon: 1.271794, Diff: 0.425325, KL: 0.035470)
2026-02-16 14:02:01,055 - INFO - Epoch 2/100 Batch 25/650 - Loss: 1.727769 (Recon: 1.269929, Diff: 0.457813, KL: 0.027526)
2026-02-16 14:02:02,153 - INFO - Epoch 2/100 Batch 26/650 - Loss: 1.718514 (Recon: 1.271502, Diff: 0.446978, KL: 0.033814)
2026-02-16 14:02:29,647 - INFO - Epoch 2/100 Batch 27/650 - Loss: 1.680665 (Recon: 1.273120, Diff: 0.407528, KL: 0.017528)
2026-02-16 14:02:30,983 - INFO - Epoch 2/100 Batch 28/650 - Loss: 1.677194 (Recon: 1.274364, Diff: 0.402817, KL: 0.013010)
2026-02-16 14:02:32,035 - INFO - Epoch 2/100 Batch 29/650 - Loss: 1.644817 (Recon: 1.267028, Diff: 0.377772, KL: 0.016286)
2026-02-16 14:02:36,829 - INFO - Epoch 2/100 Batch 30/650 - Loss: 1.617118 (Recon: 1.272903, Diff: 0.344207, KL: 0.008240)
2026-02-16 14:02:37,879 - INFO - Epoch 2/100 Batch 31/650 - Loss: 1.718141 (Recon: 1.267141, Diff: 0.450981, KL: 0.018604)
2026-02-16 14:02:46,880 - INFO - Epoch 2/100 Batch 32/650 - Loss: 1.828612 (Recon: 1.269014, Diff: 0.559560, KL: 0.037419)
2026-02-16 14:02:47,857 - INFO - Epoch 2/100 Batch 33/650 - Loss: 1.756999 (Recon: 1.269542, Diff: 0.487437, KL: 0.019813)
2026-02-16 14:02:49,165 - INFO - Epoch 2/100 Batch 34/650 - Loss: 1.815174 (Recon: 1.270921, Diff: 0.544230, KL: 0.022991)
2026-02-16 14:02:51,189 - INFO - Epoch 2/100 Batch 35/650 - Loss: 1.722814 (Recon: 1.267653, Diff: 0.455136, KL: 0.025033)
2026-02-16 14:02:52,275 - INFO - Epoch 2/100 Batch 36/650 - Loss: 1.707172 (Recon: 1.269945, Diff: 0.437215, KL: 0.012644)
2026-02-16 14:02:53,331 - INFO - Epoch 2/100 Batch 37/650 - Loss: 1.683531 (Recon: 1.272854, Diff: 0.410668, KL: 0.008751)
2026-02-16 14:02:54,476 - INFO - Epoch 2/100 Batch 38/650 - Loss: 1.647604 (Recon: 1.267210, Diff: 0.380370, KL: 0.024489)
2026-02-16 14:02:56,860 - INFO - Epoch 2/100 Batch 39/650 - Loss: 1.670708 (Recon: 1.269226, Diff: 0.401470, KL: 0.011347)
2026-02-16 14:02:57,928 - INFO - Epoch 2/100 Batch 40/650 - Loss: 1.698886 (Recon: 1.273077, Diff: 0.425786, KL: 0.022433)
2026-02-16 14:02:59,117 - INFO - Epoch 2/100 Batch 41/650 - Loss: 1.602347 (Recon: 1.271545, Diff: 0.330786, KL: 0.015770)
2026-02-16 14:03:00,341 - INFO - Epoch 2/100 Batch 42/650 - Loss: 1.670566 (Recon: 1.267871, Diff: 0.402676, KL: 0.018618)
2026-02-16 14:03:01,440 - INFO - Epoch 2/100 Batch 43/650 - Loss: 1.730590 (Recon: 1.273367, Diff: 0.457206, KL: 0.017554)
2026-02-16 14:03:02,866 - INFO - Epoch 2/100 Batch 44/650 - Loss: 1.682177 (Recon: 1.271328, Diff: 0.410837, KL: 0.011674)
2026-02-16 14:03:08,237 - INFO - Epoch 2/100 Batch 45/650 - Loss: 1.726251 (Recon: 1.273221, Diff: 0.453017, KL: 0.012820)
2026-02-16 14:03:09,299 - INFO - Epoch 2/100 Batch 46/650 - Loss: 1.679638 (Recon: 1.271782, Diff: 0.407829, KL: 0.026746)
2026-02-16 14:03:10,502 - INFO - Epoch 2/100 Batch 47/650 - Loss: 1.608554 (Recon: 1.268155, Diff: 0.340373, KL: 0.025144)
2026-02-16 14:03:11,589 - INFO - Epoch 2/100 Batch 48/650 - Loss: 1.669054 (Recon: 1.268333, Diff: 0.400705, KL: 0.016202)
2026-02-16 14:03:12,717 - INFO - Epoch 2/100 Batch 49/650 - Loss: 1.689742 (Recon: 1.270203, Diff: 0.419524, KL: 0.015291)
2026-02-16 14:03:13,757 - INFO - Epoch 2/100 Batch 50/650 - Loss: 1.722725 (Recon: 1.273166, Diff: 0.449526, KL: 0.033042)
2026-02-16 14:03:14,855 - INFO - Epoch 2/100 Batch 51/650 - Loss: 1.698090 (Recon: 1.273813, Diff: 0.424262, KL: 0.015849)
2026-02-16 14:03:15,950 - INFO - Epoch 2/100 Batch 52/650 - Loss: 1.578012 (Recon: 1.270795, Diff: 0.307202, KL: 0.014542)
2026-02-16 14:03:22,539 - INFO - Epoch 2/100 Batch 53/650 - Loss: 1.710385 (Recon: 1.272462, Diff: 0.437902, KL: 0.021181)
2026-02-16 14:03:27,465 - INFO - Epoch 2/100 Batch 54/650 - Loss: 1.616790 (Recon: 1.268640, Diff: 0.348124, KL: 0.025570)
2026-02-16 14:03:28,604 - INFO - Epoch 2/100 Batch 55/650 - Loss: 1.699178 (Recon: 1.269979, Diff: 0.429175, KL: 0.023847)
2026-02-16 14:03:29,705 - INFO - Epoch 2/100 Batch 56/650 - Loss: 1.609837 (Recon: 1.268568, Diff: 0.341257, KL: 0.012248)
2026-02-16 14:03:40,880 - INFO - Epoch 2/100 Batch 57/650 - Loss: 1.590269 (Recon: 1.272486, Diff: 0.317771, KL: 0.011681)
2026-02-16 14:03:41,924 - INFO - Epoch 2/100 Batch 58/650 - Loss: 1.622917 (Recon: 1.270807, Diff: 0.352099, KL: 0.010989)
2026-02-16 14:03:43,023 - INFO - Epoch 2/100 Batch 59/650 - Loss: 1.632629 (Recon: 1.266363, Diff: 0.366237, KL: 0.029099)
2026-02-16 14:03:44,095 - INFO - Epoch 2/100 Batch 60/650 - Loss: 1.618070 (Recon: 1.273357, Diff: 0.344700, KL: 0.013505)
2026-02-16 14:03:45,195 - INFO - Epoch 2/100 Batch 61/650 - Loss: 1.737427 (Recon: 1.263558, Diff: 0.473847, KL: 0.021640)
2026-02-16 14:03:46,275 - INFO - Epoch 2/100 Batch 62/650 - Loss: 1.624500 (Recon: 1.273077, Diff: 0.351413, KL: 0.010131)
2026-02-16 14:03:47,382 - INFO - Epoch 2/100 Batch 63/650 - Loss: 1.645917 (Recon: 1.271152, Diff: 0.374749, KL: 0.015265)
2026-02-16 14:03:48,520 - INFO - Epoch 2/100 Batch 64/650 - Loss: 1.721500 (Recon: 1.267993, Diff: 0.453488, KL: 0.018173)
2026-02-16 14:03:49,885 - INFO - Epoch 2/100 Batch 65/650 - Loss: 1.642887 (Recon: 1.265355, Diff: 0.377520, KL: 0.012132)
2026-02-16 14:03:50,889 - INFO - Epoch 2/100 Batch 66/650 - Loss: 1.697217 (Recon: 1.271046, Diff: 0.426150, KL: 0.020993)
2026-02-16 14:03:57,530 - INFO - Epoch 2/100 Batch 67/650 - Loss: 1.644415 (Recon: 1.269386, Diff: 0.375012, KL: 0.017656)
2026-02-16 14:03:58,588 - INFO - Epoch 2/100 Batch 68/650 - Loss: 1.698804 (Recon: 1.273513, Diff: 0.425276, KL: 0.014438)
2026-02-16 14:03:59,663 - INFO - Epoch 2/100 Batch 69/650 - Loss: 1.652075 (Recon: 1.268015, Diff: 0.384047, KL: 0.013397)
2026-02-16 14:04:00,704 - INFO - Epoch 2/100 Batch 70/650 - Loss: 1.687741 (Recon: 1.268316, Diff: 0.419411, KL: 0.013206)
2026-02-16 14:04:01,793 - INFO - Epoch 2/100 Batch 71/650 - Loss: 1.562664 (Recon: 1.269802, Diff: 0.292850, KL: 0.011762)
2026-02-16 14:04:02,837 - INFO - Epoch 2/100 Batch 72/650 - Loss: 1.630841 (Recon: 1.269469, Diff: 0.361357, KL: 0.015501)
2026-02-16 14:04:03,957 - INFO - Epoch 2/100 Batch 73/650 - Loss: 1.684698 (Recon: 1.268371, Diff: 0.416313, KL: 0.014133)
2026-02-16 14:04:05,067 - INFO - Epoch 2/100 Batch 74/650 - Loss: 1.652783 (Recon: 1.267253, Diff: 0.385517, KL: 0.013275)
2026-02-16 14:04:06,141 - INFO - Epoch 2/100 Batch 75/650 - Loss: 1.675147 (Recon: 1.265578, Diff: 0.409555, KL: 0.013944)
2026-02-16 14:04:07,211 - INFO - Epoch 2/100 Batch 76/650 - Loss: 1.613830 (Recon: 1.273318, Diff: 0.340501, KL: 0.010126)
2026-02-16 14:04:08,292 - INFO - Epoch 2/100 Batch 77/650 - Loss: 1.667875 (Recon: 1.263088, Diff: 0.404777, KL: 0.010155)
2026-02-16 14:04:09,362 - INFO - Epoch 2/100 Batch 78/650 - Loss: 1.654064 (Recon: 1.270985, Diff: 0.383063, KL: 0.016032)
2026-02-16 14:04:10,390 - INFO - Epoch 2/100 Batch 79/650 - Loss: 1.613818 (Recon: 1.269241, Diff: 0.344569, KL: 0.007774)
2026-02-16 14:04:11,437 - INFO - Epoch 2/100 Batch 80/650 - Loss: 1.562055 (Recon: 1.260488, Diff: 0.301557, KL: 0.010472)
2026-02-16 14:04:12,498 - INFO - Epoch 2/100 Batch 81/650 - Loss: 1.653520 (Recon: 1.265075, Diff: 0.388432, KL: 0.012378)
2026-02-16 14:04:24,956 - INFO - Epoch 2/100 Batch 82/650 - Loss: 1.648843 (Recon: 1.272204, Diff: 0.376625, KL: 0.014080)
2026-02-16 14:04:51,491 - INFO - Epoch 2/100 Batch 83/650 - Loss: 1.636248 (Recon: 1.272755, Diff: 0.363483, KL: 0.009917)
2026-02-16 14:04:52,550 - INFO - Epoch 2/100 Batch 84/650 - Loss: 1.629043 (Recon: 1.271440, Diff: 0.357594, KL: 0.009229)
2026-02-16 14:04:53,587 - INFO - Epoch 2/100 Batch 85/650 - Loss: 1.619299 (Recon: 1.272057, Diff: 0.347229, KL: 0.013064)
2026-02-16 14:04:54,705 - INFO - Epoch 2/100 Batch 86/650 - Loss: 1.591053 (Recon: 1.269994, Diff: 0.321050, KL: 0.009586)
2026-02-16 14:04:55,787 - INFO - Epoch 2/100 Batch 87/650 - Loss: 1.594447 (Recon: 1.270913, Diff: 0.323526, KL: 0.008250)
2026-02-16 14:04:56,859 - INFO - Epoch 2/100 Batch 88/650 - Loss: 1.539635 (Recon: 1.269199, Diff: 0.270427, KL: 0.009030)
2026-02-16 14:04:57,924 - INFO - Epoch 2/100 Batch 89/650 - Loss: 1.754202 (Recon: 1.271205, Diff: 0.482983, KL: 0.013641)
2026-02-16 14:04:58,996 - INFO - Epoch 2/100 Batch 90/650 - Loss: 1.559226 (Recon: 1.269118, Diff: 0.290098, KL: 0.009810)
2026-02-16 14:05:00,029 - INFO - Epoch 2/100 Batch 91/650 - Loss: 1.707293 (Recon: 1.268660, Diff: 0.438614, KL: 0.019501)
2026-02-16 14:05:01,138 - INFO - Epoch 2/100 Batch 92/650 - Loss: 1.666672 (Recon: 1.272879, Diff: 0.393784, KL: 0.008206)
2026-02-16 14:05:02,230 - INFO - Epoch 2/100 Batch 93/650 - Loss: 1.655243 (Recon: 1.272122, Diff: 0.383112, KL: 0.009521)
2026-02-16 14:05:03,293 - INFO - Epoch 2/100 Batch 94/650 - Loss: 1.615614 (Recon: 1.269803, Diff: 0.345804, KL: 0.007000)
2026-02-16 14:05:04,429 - INFO - Epoch 2/100 Batch 95/650 - Loss: 1.654112 (Recon: 1.265671, Diff: 0.388431, KL: 0.009635)
2026-02-16 14:05:05,536 - INFO - Epoch 2/100 Batch 96/650 - Loss: 1.600295 (Recon: 1.262821, Diff: 0.337463, KL: 0.011717)
2026-02-16 14:05:06,621 - INFO - Epoch 2/100 Batch 97/650 - Loss: 1.622596 (Recon: 1.268078, Diff: 0.354509, KL: 0.008843)
2026-02-16 14:05:07,653 - INFO - Epoch 2/100 Batch 98/650 - Loss: 1.626568 (Recon: 1.268619, Diff: 0.357938, KL: 0.010862)
2026-02-16 14:05:08,805 - INFO - Epoch 2/100 Batch 99/650 - Loss: 1.556345 (Recon: 1.271665, Diff: 0.284674, KL: 0.007224)
2026-02-16 14:05:09,876 - INFO - Epoch 2/100 Batch 100/650 - Loss: 1.581441 (Recon: 1.266968, Diff: 0.314454, KL: 0.019161)
2026-02-16 14:05:10,949 - INFO - Epoch 2/100 Batch 101/650 - Loss: 1.687356 (Recon: 1.268003, Diff: 0.419338, KL: 0.014758)
2026-02-16 14:05:12,465 - INFO - Epoch 2/100 Batch 102/650 - Loss: 1.663456 (Recon: 1.271494, Diff: 0.391950, KL: 0.012246)
2026-02-16 14:05:13,482 - INFO - Epoch 2/100 Batch 103/650 - Loss: 1.618921 (Recon: 1.267411, Diff: 0.351499, KL: 0.010369)
2026-02-16 14:05:14,519 - INFO - Epoch 2/100 Batch 104/650 - Loss: 1.712228 (Recon: 1.270201, Diff: 0.442013, KL: 0.014188)
2026-02-16 14:05:15,610 - INFO - Epoch 2/100 Batch 105/650 - Loss: 1.612462 (Recon: 1.270057, Diff: 0.342390, KL: 0.014961)
2026-02-16 14:05:16,663 - INFO - Epoch 2/100 Batch 106/650 - Loss: 1.727572 (Recon: 1.269242, Diff: 0.458314, KL: 0.016651)
2026-02-16 14:05:17,688 - INFO - Epoch 2/100 Batch 107/650 - Loss: 1.549386 (Recon: 1.267388, Diff: 0.281985, KL: 0.012653)
2026-02-16 14:05:18,757 - INFO - Epoch 2/100 Batch 108/650 - Loss: 1.561266 (Recon: 1.269004, Diff: 0.292257, KL: 0.004958)
2026-02-16 14:05:19,824 - INFO - Epoch 2/100 Batch 109/650 - Loss: 1.597543 (Recon: 1.272587, Diff: 0.324938, KL: 0.017423)
2026-02-16 14:05:20,888 - INFO - Epoch 2/100 Batch 110/650 - Loss: 1.524472 (Recon: 1.271701, Diff: 0.252765, KL: 0.005856)
2026-02-16 14:05:21,914 - INFO - Epoch 2/100 Batch 111/650 - Loss: 1.728800 (Recon: 1.263867, Diff: 0.464925, KL: 0.008726)
2026-02-16 14:05:22,946 - INFO - Epoch 2/100 Batch 112/650 - Loss: 1.664063 (Recon: 1.266742, Diff: 0.397313, KL: 0.007814)
2026-02-16 14:05:24,000 - INFO - Epoch 2/100 Batch 113/650 - Loss: 1.638034 (Recon: 1.271086, Diff: 0.366932, KL: 0.015758)
2026-02-16 14:05:25,086 - INFO - Epoch 2/100 Batch 114/650 - Loss: 1.619888 (Recon: 1.262720, Diff: 0.357156, KL: 0.012687)
2026-02-16 14:05:26,144 - INFO - Epoch 2/100 Batch 115/650 - Loss: 1.564778 (Recon: 1.269123, Diff: 0.295647, KL: 0.008282)
2026-02-16 14:05:27,255 - INFO - Epoch 2/100 Batch 116/650 - Loss: 1.570702 (Recon: 1.267521, Diff: 0.303171, KL: 0.010330)
2026-02-16 14:05:32,758 - INFO - Epoch 2/100 Batch 117/650 - Loss: 1.540911 (Recon: 1.260292, Diff: 0.280613, KL: 0.006218)
2026-02-16 14:05:33,809 - INFO - Epoch 2/100 Batch 118/650 - Loss: 1.575866 (Recon: 1.266789, Diff: 0.309071, KL: 0.006481)
2026-02-16 14:05:34,895 - INFO - Epoch 2/100 Batch 119/650 - Loss: 1.583966 (Recon: 1.268449, Diff: 0.315504, KL: 0.012677)
2026-02-16 14:05:35,993 - INFO - Epoch 2/100 Batch 120/650 - Loss: 1.657604 (Recon: 1.269795, Diff: 0.387799, KL: 0.011016)
2026-02-16 14:05:37,105 - INFO - Epoch 2/100 Batch 121/650 - Loss: 1.590378 (Recon: 1.264654, Diff: 0.325715, KL: 0.009320)
2026-02-16 14:05:38,166 - INFO - Epoch 2/100 Batch 122/650 - Loss: 1.559041 (Recon: 1.265802, Diff: 0.293226, KL: 0.013016)
2026-02-16 14:05:39,193 - INFO - Epoch 2/100 Batch 123/650 - Loss: 1.525629 (Recon: 1.268357, Diff: 0.257264, KL: 0.008239)
2026-02-16 14:05:40,982 - INFO - Epoch 2/100 Batch 124/650 - Loss: 1.623837 (Recon: 1.268246, Diff: 0.355579, KL: 0.011271)
2026-02-16 14:05:42,049 - INFO - Epoch 2/100 Batch 125/650 - Loss: 1.577868 (Recon: 1.267413, Diff: 0.310437, KL: 0.018007)
2026-02-16 14:05:43,084 - INFO - Epoch 2/100 Batch 126/650 - Loss: 1.661234 (Recon: 1.265652, Diff: 0.395574, KL: 0.007337)
2026-02-16 14:05:44,149 - INFO - Epoch 2/100 Batch 127/650 - Loss: 1.632249 (Recon: 1.266322, Diff: 0.365909, KL: 0.018207)
2026-02-16 14:05:45,202 - INFO - Epoch 2/100 Batch 128/650 - Loss: 1.610866 (Recon: 1.269361, Diff: 0.341494, KL: 0.011209)
2026-02-16 14:05:46,324 - INFO - Epoch 2/100 Batch 129/650 - Loss: 1.612322 (Recon: 1.262341, Diff: 0.349967, KL: 0.014708)
2026-02-16 14:05:47,370 - INFO - Epoch 2/100 Batch 130/650 - Loss: 1.620695 (Recon: 1.267460, Diff: 0.353227, KL: 0.008016)
2026-02-16 14:05:48,407 - INFO - Epoch 2/100 Batch 131/650 - Loss: 1.620472 (Recon: 1.264492, Diff: 0.355969, KL: 0.011001)
2026-02-16 14:05:50,087 - INFO - Epoch 2/100 Batch 132/650 - Loss: 1.823533 (Recon: 1.263570, Diff: 0.559957, KL: 0.006764)
2026-02-16 14:05:51,075 - INFO - Epoch 2/100 Batch 133/650 - Loss: 1.571785 (Recon: 1.267824, Diff: 0.303956, KL: 0.004418)
2026-02-16 14:05:52,109 - INFO - Epoch 2/100 Batch 134/650 - Loss: 1.622946 (Recon: 1.264732, Diff: 0.358206, KL: 0.008478)
2026-02-16 14:05:53,136 - INFO - Epoch 2/100 Batch 135/650 - Loss: 1.675190 (Recon: 1.270249, Diff: 0.404927, KL: 0.014448)
2026-02-16 14:05:54,152 - INFO - Epoch 2/100 Batch 136/650 - Loss: 1.651963 (Recon: 1.269362, Diff: 0.382592, KL: 0.009097)
2026-02-16 14:05:55,197 - INFO - Epoch 2/100 Batch 137/650 - Loss: 1.689127 (Recon: 1.262295, Diff: 0.426816, KL: 0.015736)
2026-02-16 14:05:56,211 - INFO - Epoch 2/100 Batch 138/650 - Loss: 1.603750 (Recon: 1.265808, Diff: 0.337931, KL: 0.011430)
2026-02-16 14:05:57,256 - INFO - Epoch 2/100 Batch 139/650 - Loss: 1.637708 (Recon: 1.269343, Diff: 0.368351, KL: 0.013264)
2026-02-16 14:05:58,609 - INFO - Epoch 2/100 Batch 140/650 - Loss: 1.585244 (Recon: 1.268086, Diff: 0.317151, KL: 0.006532)
2026-02-16 14:05:59,681 - INFO - Epoch 2/100 Batch 141/650 - Loss: 1.530893 (Recon: 1.266849, Diff: 0.264037, KL: 0.006658)
2026-02-16 14:06:10,178 - INFO - Epoch 2/100 Batch 142/650 - Loss: 1.556147 (Recon: 1.264495, Diff: 0.291644, KL: 0.007381)
2026-02-16 14:06:11,217 - INFO - Epoch 2/100 Batch 143/650 - Loss: 1.606468 (Recon: 1.266996, Diff: 0.339460, KL: 0.012392)
2026-02-16 14:06:12,264 - INFO - Epoch 2/100 Batch 144/650 - Loss: 1.621609 (Recon: 1.272791, Diff: 0.348804, KL: 0.013872)
2026-02-16 14:06:13,346 - INFO - Epoch 2/100 Batch 145/650 - Loss: 1.578766 (Recon: 1.265515, Diff: 0.313243, KL: 0.007796)
2026-02-16 14:06:27,018 - INFO - Epoch 2/100 Batch 146/650 - Loss: 1.552699 (Recon: 1.268127, Diff: 0.284565, KL: 0.007933)
2026-02-16 14:06:30,988 - INFO - Epoch 2/100 Batch 147/650 - Loss: 1.608717 (Recon: 1.268791, Diff: 0.339915, KL: 0.011454)
2026-02-16 14:06:32,074 - INFO - Epoch 2/100 Batch 148/650 - Loss: 1.612648 (Recon: 1.268625, Diff: 0.344013, KL: 0.010386)
2026-02-16 14:06:33,168 - INFO - Epoch 2/100 Batch 149/650 - Loss: 1.714747 (Recon: 1.267072, Diff: 0.447661, KL: 0.013921)
2026-02-16 14:06:34,267 - INFO - Epoch 2/100 Batch 150/650 - Loss: 1.600575 (Recon: 1.264808, Diff: 0.335758, KL: 0.008854)
2026-02-16 14:06:35,314 - INFO - Epoch 2/100 Batch 151/650 - Loss: 1.596939 (Recon: 1.265913, Diff: 0.331022, KL: 0.004856)
2026-02-16 14:06:36,391 - INFO - Epoch 2/100 Batch 152/650 - Loss: 1.530608 (Recon: 1.258727, Diff: 0.271874, KL: 0.007328)
2026-02-16 14:06:37,455 - INFO - Epoch 2/100 Batch 153/650 - Loss: 1.593921 (Recon: 1.270803, Diff: 0.323109, KL: 0.009534)
2026-02-16 14:06:38,533 - INFO - Epoch 2/100 Batch 154/650 - Loss: 1.594942 (Recon: 1.265980, Diff: 0.328954, KL: 0.008033)
2026-02-16 14:06:39,581 - INFO - Epoch 2/100 Batch 155/650 - Loss: 1.701645 (Recon: 1.262917, Diff: 0.438718, KL: 0.010743)
2026-02-16 14:06:41,143 - INFO - Epoch 2/100 Batch 156/650 - Loss: 1.529827 (Recon: 1.262196, Diff: 0.267623, KL: 0.008988)
2026-02-16 14:06:42,208 - INFO - Epoch 2/100 Batch 157/650 - Loss: 1.665161 (Recon: 1.269162, Diff: 0.395990, KL: 0.009900)
2026-02-16 14:06:44,528 - INFO - Epoch 2/100 Batch 158/650 - Loss: 1.662398 (Recon: 1.261988, Diff: 0.400395, KL: 0.015053)
2026-02-16 14:06:45,655 - INFO - Epoch 2/100 Batch 159/650 - Loss: 1.701719 (Recon: 1.261967, Diff: 0.439743, KL: 0.008942)
2026-02-16 14:06:46,673 - INFO - Epoch 2/100 Batch 160/650 - Loss: 1.595005 (Recon: 1.259642, Diff: 0.335356, KL: 0.007006)
2026-02-16 14:06:47,774 - INFO - Epoch 2/100 Batch 161/650 - Loss: 1.581570 (Recon: 1.262239, Diff: 0.319325, KL: 0.006786)
2026-02-16 14:06:49,188 - INFO - Epoch 2/100 Batch 162/650 - Loss: 1.602430 (Recon: 1.264698, Diff: 0.337724, KL: 0.007777)
2026-02-16 14:06:50,264 - INFO - Epoch 2/100 Batch 163/650 - Loss: 1.553457 (Recon: 1.264771, Diff: 0.288682, KL: 0.004015)
2026-02-16 14:06:51,321 - INFO - Epoch 2/100 Batch 164/650 - Loss: 1.545755 (Recon: 1.264661, Diff: 0.281080, KL: 0.013423)
2026-02-16 14:06:52,375 - INFO - Epoch 2/100 Batch 165/650 - Loss: 1.524487 (Recon: 1.264785, Diff: 0.259699, KL: 0.003770)
2026-02-16 14:06:53,410 - INFO - Epoch 2/100 Batch 166/650 - Loss: 1.772280 (Recon: 1.266798, Diff: 0.505471, KL: 0.010418)
2026-02-16 14:06:56,498 - INFO - Epoch 2/100 Batch 167/650 - Loss: 1.513612 (Recon: 1.266051, Diff: 0.247555, KL: 0.005669)
2026-02-16 14:07:02,781 - INFO - Epoch 2/100 Batch 168/650 - Loss: 1.684618 (Recon: 1.260509, Diff: 0.424097, KL: 0.011761)
2026-02-16 14:07:13,146 - INFO - Epoch 2/100 Batch 169/650 - Loss: 1.635810 (Recon: 1.261378, Diff: 0.374424, KL: 0.008141)
2026-02-16 14:07:14,446 - INFO - Epoch 2/100 Batch 170/650 - Loss: 1.658052 (Recon: 1.265764, Diff: 0.392279, KL: 0.009285)
2026-02-16 14:07:21,537 - INFO - Epoch 2/100 Batch 171/650 - Loss: 1.560259 (Recon: 1.268410, Diff: 0.291842, KL: 0.005963)
2026-02-16 14:07:25,862 - INFO - Epoch 2/100 Batch 172/650 - Loss: 1.619738 (Recon: 1.263705, Diff: 0.356027, KL: 0.005883)
2026-02-16 14:07:26,972 - INFO - Epoch 2/100 Batch 173/650 - Loss: 1.604964 (Recon: 1.267288, Diff: 0.337668, KL: 0.007845)
2026-02-16 14:07:28,080 - INFO - Epoch 2/100 Batch 174/650 - Loss: 1.509553 (Recon: 1.266149, Diff: 0.243394, KL: 0.010189)
2026-02-16 14:07:29,163 - INFO - Epoch 2/100 Batch 175/650 - Loss: 1.590125 (Recon: 1.264524, Diff: 0.325593, KL: 0.008519)
2026-02-16 14:07:30,335 - INFO - Epoch 2/100 Batch 176/650 - Loss: 1.628150 (Recon: 1.259461, Diff: 0.368680, KL: 0.008283)
2026-02-16 14:07:41,351 - INFO - Epoch 2/100 Batch 177/650 - Loss: 1.605458 (Recon: 1.264660, Diff: 0.340789, KL: 0.009508)
2026-02-16 14:07:42,427 - INFO - Epoch 2/100 Batch 178/650 - Loss: 1.534127 (Recon: 1.266928, Diff: 0.267192, KL: 0.007510)
2026-02-16 14:07:43,470 - INFO - Epoch 2/100 Batch 179/650 - Loss: 1.554309 (Recon: 1.267853, Diff: 0.286441, KL: 0.014189)
2026-02-16 14:07:59,526 - INFO - Epoch 2/100 Batch 180/650 - Loss: 1.534476 (Recon: 1.264724, Diff: 0.269748, KL: 0.004984)
2026-02-16 14:08:00,791 - INFO - Epoch 2/100 Batch 181/650 - Loss: 1.663804 (Recon: 1.261110, Diff: 0.402687, KL: 0.006399)
2026-02-16 14:08:11,681 - INFO - Epoch 2/100 Batch 182/650 - Loss: 1.553186 (Recon: 1.263136, Diff: 0.290045, KL: 0.005585)
2026-02-16 14:08:12,774 - INFO - Epoch 2/100 Batch 183/650 - Loss: 1.556570 (Recon: 1.259462, Diff: 0.297102, KL: 0.005310)
2026-02-16 14:08:24,685 - INFO - Epoch 2/100 Batch 184/650 - Loss: 1.583600 (Recon: 1.263389, Diff: 0.320204, KL: 0.007716)
2026-02-16 14:08:25,724 - INFO - Epoch 2/100 Batch 185/650 - Loss: 1.542341 (Recon: 1.267380, Diff: 0.274953, KL: 0.007291)
2026-02-16 14:08:26,840 - INFO - Epoch 2/100 Batch 186/650 - Loss: 1.631364 (Recon: 1.267613, Diff: 0.363737, KL: 0.013125)
2026-02-16 14:08:27,902 - INFO - Epoch 2/100 Batch 187/650 - Loss: 1.677448 (Recon: 1.265011, Diff: 0.412431, KL: 0.006555)
2026-02-16 14:08:28,976 - INFO - Epoch 2/100 Batch 188/650 - Loss: 1.505405 (Recon: 1.261299, Diff: 0.244096, KL: 0.010191)
2026-02-16 14:08:41,708 - INFO - Epoch 2/100 Batch 189/650 - Loss: 1.613424 (Recon: 1.264974, Diff: 0.348445, KL: 0.005784)
2026-02-16 14:08:44,723 - INFO - Epoch 2/100 Batch 190/650 - Loss: 1.653660 (Recon: 1.259621, Diff: 0.394033, KL: 0.005826)
2026-02-16 14:08:45,796 - INFO - Epoch 2/100 Batch 191/650 - Loss: 1.611962 (Recon: 1.269692, Diff: 0.342265, KL: 0.005076)
2026-02-16 14:08:50,587 - INFO - Epoch 2/100 Batch 192/650 - Loss: 1.586385 (Recon: 1.267556, Diff: 0.318821, KL: 0.008457)
2026-02-16 14:08:53,220 - INFO - Epoch 2/100 Batch 193/650 - Loss: 1.579681 (Recon: 1.261506, Diff: 0.318171, KL: 0.005033)
2026-02-16 14:08:54,315 - INFO - Epoch 2/100 Batch 194/650 - Loss: 1.587721 (Recon: 1.263955, Diff: 0.323760, KL: 0.005212)
2026-02-16 14:08:55,326 - INFO - Epoch 2/100 Batch 195/650 - Loss: 1.510557 (Recon: 1.267532, Diff: 0.243021, KL: 0.004423)
2026-02-16 14:08:56,382 - INFO - Epoch 2/100 Batch 196/650 - Loss: 1.578288 (Recon: 1.268203, Diff: 0.310079, KL: 0.005885)
2026-02-16 14:08:57,382 - INFO - Epoch 2/100 Batch 197/650 - Loss: 1.630184 (Recon: 1.267627, Diff: 0.362552, KL: 0.005659)
2026-02-16 14:08:58,408 - INFO - Epoch 2/100 Batch 198/650 - Loss: 1.581519 (Recon: 1.260878, Diff: 0.320635, KL: 0.005838)
2026-02-16 14:08:59,421 - INFO - Epoch 2/100 Batch 199/650 - Loss: 1.491057 (Recon: 1.263921, Diff: 0.227132, KL: 0.004764)
2026-02-16 14:09:00,444 - INFO - Epoch 2/100 Batch 200/650 - Loss: 1.639110 (Recon: 1.267586, Diff: 0.371519, KL: 0.004816)
2026-02-16 14:09:01,501 - INFO - Epoch 2/100 Batch 201/650 - Loss: 1.541778 (Recon: 1.265387, Diff: 0.276386, KL: 0.005501)
2026-02-16 14:09:02,757 - INFO - Epoch 2/100 Batch 202/650 - Loss: 1.559427 (Recon: 1.266073, Diff: 0.293349, KL: 0.004700)
2026-02-16 14:09:04,389 - INFO - Epoch 2/100 Batch 203/650 - Loss: 1.590037 (Recon: 1.261179, Diff: 0.328850, KL: 0.007622)
2026-02-16 14:09:05,613 - INFO - Epoch 2/100 Batch 204/650 - Loss: 1.491814 (Recon: 1.256511, Diff: 0.235297, KL: 0.005185)
2026-02-16 14:09:06,712 - INFO - Epoch 2/100 Batch 205/650 - Loss: 1.536455 (Recon: 1.265905, Diff: 0.270546, KL: 0.004171)
2026-02-16 14:09:07,839 - INFO - Epoch 2/100 Batch 206/650 - Loss: 1.613646 (Recon: 1.265400, Diff: 0.348238, KL: 0.007896)
2026-02-16 14:09:08,903 - INFO - Epoch 2/100 Batch 207/650 - Loss: 1.511719 (Recon: 1.254590, Diff: 0.257124, KL: 0.003968)
2026-02-16 14:09:13,204 - INFO - Epoch 2/100 Batch 208/650 - Loss: 1.523062 (Recon: 1.267123, Diff: 0.255935, KL: 0.003840)
2026-02-16 14:09:14,263 - INFO - Epoch 2/100 Batch 209/650 - Loss: 1.539905 (Recon: 1.265436, Diff: 0.274464, KL: 0.004984)
2026-02-16 14:09:20,223 - INFO - Epoch 2/100 Batch 210/650 - Loss: 1.553058 (Recon: 1.267379, Diff: 0.285672, KL: 0.006466)
2026-02-16 14:09:21,257 - INFO - Epoch 2/100 Batch 211/650 - Loss: 1.622243 (Recon: 1.267055, Diff: 0.355182, KL: 0.005458)
2026-02-16 14:09:24,691 - INFO - Epoch 2/100 Batch 212/650 - Loss: 1.669469 (Recon: 1.256248, Diff: 0.413211, KL: 0.009864)
2026-02-16 14:09:25,721 - INFO - Epoch 2/100 Batch 213/650 - Loss: 1.507322 (Recon: 1.265650, Diff: 0.241660, KL: 0.011545)
2026-02-16 14:09:26,900 - INFO - Epoch 2/100 Batch 214/650 - Loss: 1.481306 (Recon: 1.267028, Diff: 0.214274, KL: 0.004570)
2026-02-16 14:09:27,990 - INFO - Epoch 2/100 Batch 215/650 - Loss: 1.547147 (Recon: 1.262838, Diff: 0.284301, KL: 0.008118)
2026-02-16 14:09:29,046 - INFO - Epoch 2/100 Batch 216/650 - Loss: 1.482391 (Recon: 1.266741, Diff: 0.215647, KL: 0.002874)
2026-02-16 14:09:30,100 - INFO - Epoch 2/100 Batch 217/650 - Loss: 1.587252 (Recon: 1.264331, Diff: 0.322915, KL: 0.006735)
2026-02-16 14:09:31,242 - INFO - Epoch 2/100 Batch 218/650 - Loss: 1.592268 (Recon: 1.265504, Diff: 0.326760, KL: 0.004448)
2026-02-16 14:09:32,254 - INFO - Epoch 2/100 Batch 219/650 - Loss: 1.531572 (Recon: 1.265581, Diff: 0.265985, KL: 0.006324)
2026-02-16 14:09:33,293 - INFO - Epoch 2/100 Batch 220/650 - Loss: 1.492245 (Recon: 1.264150, Diff: 0.228087, KL: 0.007701)
2026-02-16 14:09:34,350 - INFO - Epoch 2/100 Batch 221/650 - Loss: 1.527323 (Recon: 1.266879, Diff: 0.260437, KL: 0.006459)
2026-02-16 14:09:45,376 - INFO - Epoch 2/100 Batch 222/650 - Loss: 1.516057 (Recon: 1.267671, Diff: 0.248383, KL: 0.003840)
2026-02-16 14:09:46,426 - INFO - Epoch 2/100 Batch 223/650 - Loss: 1.566279 (Recon: 1.260630, Diff: 0.305645, KL: 0.004123)
2026-02-16 14:09:47,529 - INFO - Epoch 2/100 Batch 224/650 - Loss: 1.547096 (Recon: 1.263760, Diff: 0.283329, KL: 0.006293)
2026-02-16 14:09:48,582 - INFO - Epoch 2/100 Batch 225/650 - Loss: 1.603850 (Recon: 1.267236, Diff: 0.336609, KL: 0.006093)
2026-02-16 14:09:50,256 - INFO - Epoch 2/100 Batch 226/650 - Loss: 1.720284 (Recon: 1.261608, Diff: 0.458664, KL: 0.011997)
2026-02-16 14:09:51,400 - INFO - Epoch 2/100 Batch 227/650 - Loss: 1.586627 (Recon: 1.262321, Diff: 0.324297, KL: 0.008231)
2026-02-16 14:09:52,457 - INFO - Epoch 2/100 Batch 228/650 - Loss: 1.529859 (Recon: 1.260081, Diff: 0.269770, KL: 0.008527)
2026-02-16 14:10:00,671 - INFO - Epoch 2/100 Batch 229/650 - Loss: 1.504663 (Recon: 1.266094, Diff: 0.238565, KL: 0.003314)
2026-02-16 14:10:39,934 - INFO - Epoch 2/100 Batch 230/650 - Loss: 1.625913 (Recon: 1.256256, Diff: 0.369650, KL: 0.006546)
2026-02-16 14:10:58,825 - INFO - Epoch 2/100 Batch 231/650 - Loss: 1.535621 (Recon: 1.262271, Diff: 0.273345, KL: 0.004969)
2026-02-16 14:10:59,798 - INFO - Epoch 2/100 Batch 232/650 - Loss: 1.518764 (Recon: 1.263222, Diff: 0.255539, KL: 0.003357)
2026-02-16 14:11:39,026 - INFO - Epoch 2/100 Batch 233/650 - Loss: 1.550376 (Recon: 1.264137, Diff: 0.286235, KL: 0.004008)
2026-02-16 14:12:18,434 - INFO - Epoch 2/100 Batch 234/650 - Loss: 1.588861 (Recon: 1.263237, Diff: 0.325619, KL: 0.005462)
2026-02-16 14:12:38,385 - INFO - Epoch 2/100 Batch 235/650 - Loss: 1.548501 (Recon: 1.263155, Diff: 0.285337, KL: 0.009788)
2026-02-16 14:12:39,900 - INFO - Epoch 2/100 Batch 236/650 - Loss: 1.600867 (Recon: 1.265154, Diff: 0.335707, KL: 0.005268)
2026-02-16 14:12:40,958 - INFO - Epoch 2/100 Batch 237/650 - Loss: 1.568841 (Recon: 1.262538, Diff: 0.306299, KL: 0.004670)
2026-02-16 14:12:41,968 - INFO - Epoch 2/100 Batch 238/650 - Loss: 1.546181 (Recon: 1.266726, Diff: 0.279450, KL: 0.004707)
2026-02-16 14:12:43,078 - INFO - Epoch 2/100 Batch 239/650 - Loss: 1.600309 (Recon: 1.264418, Diff: 0.335882, KL: 0.009328)
2026-02-16 14:12:44,105 - INFO - Epoch 2/100 Batch 240/650 - Loss: 1.515831 (Recon: 1.265115, Diff: 0.250713, KL: 0.002786)
2026-02-16 14:12:45,153 - INFO - Epoch 2/100 Batch 241/650 - Loss: 1.536100 (Recon: 1.265388, Diff: 0.270710, KL: 0.002911)
2026-02-16 14:12:46,233 - INFO - Epoch 2/100 Batch 242/650 - Loss: 1.606515 (Recon: 1.259794, Diff: 0.346717, KL: 0.003923)
2026-02-16 14:12:47,313 - INFO - Epoch 2/100 Batch 243/650 - Loss: 1.545996 (Recon: 1.257692, Diff: 0.288300, KL: 0.003947)
2026-02-16 14:12:48,346 - INFO - Epoch 2/100 Batch 244/650 - Loss: 1.513285 (Recon: 1.262773, Diff: 0.250508, KL: 0.003599)
2026-02-16 14:12:49,461 - INFO - Epoch 2/100 Batch 245/650 - Loss: 1.639759 (Recon: 1.263115, Diff: 0.376636, KL: 0.008313)
2026-02-16 14:13:05,405 - INFO - Epoch 2/100 Batch 246/650 - Loss: 1.574773 (Recon: 1.257704, Diff: 0.317063, KL: 0.005975)
2026-02-16 14:13:11,922 - INFO - Epoch 2/100 Batch 247/650 - Loss: 1.491471 (Recon: 1.266840, Diff: 0.224626, KL: 0.004223)
2026-02-16 14:13:39,167 - INFO - Epoch 2/100 Batch 248/650 - Loss: 1.562736 (Recon: 1.264384, Diff: 0.298346, KL: 0.006465)
2026-02-16 14:13:45,801 - INFO - Epoch 2/100 Batch 249/650 - Loss: 1.467962 (Recon: 1.261023, Diff: 0.206935, KL: 0.004386)
2026-02-16 14:13:46,877 - INFO - Epoch 2/100 Batch 250/650 - Loss: 1.551962 (Recon: 1.259773, Diff: 0.292182, KL: 0.006910)
2026-02-16 14:13:47,951 - INFO - Epoch 2/100 Batch 251/650 - Loss: 1.520867 (Recon: 1.256903, Diff: 0.263961, KL: 0.003029)
2026-02-16 14:13:50,411 - INFO - Epoch 2/100 Batch 252/650 - Loss: 1.585921 (Recon: 1.264945, Diff: 0.320972, KL: 0.003904)
2026-02-16 14:13:51,411 - INFO - Epoch 2/100 Batch 253/650 - Loss: 1.504458 (Recon: 1.259588, Diff: 0.244865, KL: 0.005549)
2026-02-16 14:13:52,417 - INFO - Epoch 2/100 Batch 254/650 - Loss: 1.535615 (Recon: 1.258911, Diff: 0.276699, KL: 0.005093)
2026-02-16 14:13:53,438 - INFO - Epoch 2/100 Batch 255/650 - Loss: 1.539830 (Recon: 1.261603, Diff: 0.278224, KL: 0.002838)
2026-02-16 14:13:54,499 - INFO - Epoch 2/100 Batch 256/650 - Loss: 1.537052 (Recon: 1.262338, Diff: 0.274710, KL: 0.003005)
2026-02-16 14:13:55,512 - INFO - Epoch 2/100 Batch 257/650 - Loss: 1.515714 (Recon: 1.260320, Diff: 0.255391, KL: 0.003166)
2026-02-16 14:13:57,010 - INFO - Epoch 2/100 Batch 258/650 - Loss: 1.566150 (Recon: 1.263873, Diff: 0.302271, KL: 0.005708)
2026-02-16 14:13:58,045 - INFO - Epoch 2/100 Batch 259/650 - Loss: 1.499169 (Recon: 1.261558, Diff: 0.237609, KL: 0.002916)
2026-02-16 14:13:59,129 - INFO - Epoch 2/100 Batch 260/650 - Loss: 1.645105 (Recon: 1.266586, Diff: 0.378513, KL: 0.005736)
2026-02-16 14:14:00,179 - INFO - Epoch 2/100 Batch 261/650 - Loss: 1.501778 (Recon: 1.263711, Diff: 0.238064, KL: 0.002231)
2026-02-16 14:14:01,206 - INFO - Epoch 2/100 Batch 262/650 - Loss: 1.665010 (Recon: 1.260965, Diff: 0.404038, KL: 0.007501)
2026-02-16 14:14:02,569 - INFO - Epoch 2/100 Batch 263/650 - Loss: 1.518100 (Recon: 1.264435, Diff: 0.253660, KL: 0.005418)
2026-02-16 14:14:03,614 - INFO - Epoch 2/100 Batch 264/650 - Loss: 1.558035 (Recon: 1.267556, Diff: 0.290475, KL: 0.004509)
2026-02-16 14:14:04,643 - INFO - Epoch 2/100 Batch 265/650 - Loss: 1.554659 (Recon: 1.261097, Diff: 0.293559, KL: 0.002804)
2026-02-16 14:14:05,700 - INFO - Epoch 2/100 Batch 266/650 - Loss: 1.582421 (Recon: 1.259518, Diff: 0.322899, KL: 0.004577)
2026-02-16 14:14:06,754 - INFO - Epoch 2/100 Batch 267/650 - Loss: 1.597980 (Recon: 1.261630, Diff: 0.336346, KL: 0.004522)
2026-02-16 14:14:07,763 - INFO - Epoch 2/100 Batch 268/650 - Loss: 1.591562 (Recon: 1.265030, Diff: 0.326528, KL: 0.004050)
2026-02-16 14:14:08,769 - INFO - Epoch 2/100 Batch 269/650 - Loss: 1.565496 (Recon: 1.262456, Diff: 0.303035, KL: 0.004711)
2026-02-16 14:14:09,821 - INFO - Epoch 2/100 Batch 270/650 - Loss: 1.545886 (Recon: 1.258745, Diff: 0.287135, KL: 0.006247)
2026-02-16 14:14:11,392 - INFO - Epoch 2/100 Batch 271/650 - Loss: 1.560465 (Recon: 1.262827, Diff: 0.297632, KL: 0.005684)
2026-02-16 14:14:12,424 - INFO - Epoch 2/100 Batch 272/650 - Loss: 1.495184 (Recon: 1.262782, Diff: 0.232397, KL: 0.004422)
2026-02-16 14:14:13,518 - INFO - Epoch 2/100 Batch 273/650 - Loss: 1.562987 (Recon: 1.265005, Diff: 0.297972, KL: 0.009589)
2026-02-16 14:14:14,560 - INFO - Epoch 2/100 Batch 274/650 - Loss: 1.558906 (Recon: 1.262287, Diff: 0.296612, KL: 0.007247)
2026-02-16 14:14:15,609 - INFO - Epoch 2/100 Batch 275/650 - Loss: 1.634313 (Recon: 1.261541, Diff: 0.372767, KL: 0.004592)
2026-02-16 14:14:16,673 - INFO - Epoch 2/100 Batch 276/650 - Loss: 1.585105 (Recon: 1.264526, Diff: 0.320575, KL: 0.003481)
2026-02-16 14:14:17,716 - INFO - Epoch 2/100 Batch 277/650 - Loss: 1.509463 (Recon: 1.262638, Diff: 0.246823, KL: 0.001823)
2026-02-16 14:14:18,785 - INFO - Epoch 2/100 Batch 278/650 - Loss: 1.522609 (Recon: 1.262841, Diff: 0.259766, KL: 0.002893)
2026-02-16 14:14:19,879 - INFO - Epoch 2/100 Batch 279/650 - Loss: 1.471845 (Recon: 1.266262, Diff: 0.205578, KL: 0.005128)
2026-02-16 14:14:20,959 - INFO - Epoch 2/100 Batch 280/650 - Loss: 1.503258 (Recon: 1.261163, Diff: 0.242091, KL: 0.004035)
2026-02-16 14:14:22,056 - INFO - Epoch 2/100 Batch 281/650 - Loss: 1.537204 (Recon: 1.260700, Diff: 0.276499, KL: 0.004790)
2026-02-16 14:14:23,088 - INFO - Epoch 2/100 Batch 282/650 - Loss: 1.614475 (Recon: 1.257969, Diff: 0.356501, KL: 0.005348)
2026-02-16 14:14:24,147 - INFO - Epoch 2/100 Batch 283/650 - Loss: 1.543224 (Recon: 1.260867, Diff: 0.282353, KL: 0.003945)
2026-02-16 14:14:25,178 - INFO - Epoch 2/100 Batch 284/650 - Loss: 1.514691 (Recon: 1.258861, Diff: 0.255827, KL: 0.002327)
2026-02-16 14:14:26,232 - INFO - Epoch 2/100 Batch 285/650 - Loss: 1.543806 (Recon: 1.262859, Diff: 0.280943, KL: 0.003677)
2026-02-16 14:14:27,268 - INFO - Epoch 2/100 Batch 286/650 - Loss: 1.559807 (Recon: 1.262370, Diff: 0.297433, KL: 0.004571)
2026-02-16 14:14:28,334 - INFO - Epoch 2/100 Batch 287/650 - Loss: 1.509045 (Recon: 1.264399, Diff: 0.244643, KL: 0.002906)
2026-02-16 14:14:29,396 - INFO - Epoch 2/100 Batch 288/650 - Loss: 1.443082 (Recon: 1.265353, Diff: 0.177726, KL: 0.002663)
2026-02-16 14:14:30,410 - INFO - Epoch 2/100 Batch 289/650 - Loss: 1.481085 (Recon: 1.263303, Diff: 0.217780, KL: 0.002124)
2026-02-16 14:14:31,447 - INFO - Epoch 2/100 Batch 290/650 - Loss: 1.594701 (Recon: 1.260723, Diff: 0.333974, KL: 0.004169)
2026-02-16 14:14:32,461 - INFO - Epoch 2/100 Batch 291/650 - Loss: 1.573509 (Recon: 1.257674, Diff: 0.315832, KL: 0.003319)
2026-02-16 14:14:33,578 - INFO - Epoch 2/100 Batch 292/650 - Loss: 1.489761 (Recon: 1.256697, Diff: 0.233059, KL: 0.005340)
2026-02-16 14:14:34,652 - INFO - Epoch 2/100 Batch 293/650 - Loss: 1.534052 (Recon: 1.263088, Diff: 0.270961, KL: 0.002825)
2026-02-16 14:14:35,683 - INFO - Epoch 2/100 Batch 294/650 - Loss: 1.562659 (Recon: 1.262301, Diff: 0.300354, KL: 0.004243)
2026-02-16 14:14:36,718 - INFO - Epoch 2/100 Batch 295/650 - Loss: 1.520741 (Recon: 1.260924, Diff: 0.259814, KL: 0.003978)
2026-02-16 14:14:37,747 - INFO - Epoch 2/100 Batch 296/650 - Loss: 1.635781 (Recon: 1.263695, Diff: 0.372083, KL: 0.003374)
2026-02-16 14:14:38,775 - INFO - Epoch 2/100 Batch 297/650 - Loss: 1.611109 (Recon: 1.263398, Diff: 0.347707, KL: 0.004527)
2026-02-16 14:14:39,841 - INFO - Epoch 2/100 Batch 298/650 - Loss: 1.467204 (Recon: 1.259818, Diff: 0.207381, KL: 0.005031)
2026-02-16 14:14:40,888 - INFO - Epoch 2/100 Batch 299/650 - Loss: 1.638714 (Recon: 1.265430, Diff: 0.373275, KL: 0.009818)
2026-02-16 14:14:41,920 - INFO - Epoch 2/100 Batch 300/650 - Loss: 1.520472 (Recon: 1.259701, Diff: 0.260768, KL: 0.003902)
2026-02-16 14:14:42,905 - INFO - Epoch 2/100 Batch 301/650 - Loss: 1.553258 (Recon: 1.264015, Diff: 0.289238, KL: 0.005475)
2026-02-16 14:14:47,816 - INFO - Epoch 2/100 Batch 302/650 - Loss: 1.587938 (Recon: 1.257872, Diff: 0.330058, KL: 0.008086)
2026-02-16 14:14:48,865 - INFO - Epoch 2/100 Batch 303/650 - Loss: 1.499340 (Recon: 1.264318, Diff: 0.235019, KL: 0.002948)
2026-02-16 14:14:51,797 - INFO - Epoch 2/100 Batch 304/650 - Loss: 1.505082 (Recon: 1.261801, Diff: 0.243277, KL: 0.003345)
2026-02-16 14:14:52,920 - INFO - Epoch 2/100 Batch 305/650 - Loss: 1.531300 (Recon: 1.263159, Diff: 0.268138, KL: 0.002840)
2026-02-16 14:14:54,049 - INFO - Epoch 2/100 Batch 306/650 - Loss: 1.582133 (Recon: 1.261452, Diff: 0.320677, KL: 0.004353)
2026-02-16 14:14:55,248 - INFO - Epoch 2/100 Batch 307/650 - Loss: 1.646413 (Recon: 1.259940, Diff: 0.386467, KL: 0.006489)
2026-02-16 14:14:56,328 - INFO - Epoch 2/100 Batch 308/650 - Loss: 1.528139 (Recon: 1.255972, Diff: 0.272163, KL: 0.004183)
2026-02-16 14:14:57,358 - INFO - Epoch 2/100 Batch 309/650 - Loss: 1.461141 (Recon: 1.258659, Diff: 0.202479, KL: 0.002365)
2026-02-16 14:14:58,430 - INFO - Epoch 2/100 Batch 310/650 - Loss: 1.573695 (Recon: 1.261652, Diff: 0.312039, KL: 0.003024)
2026-02-16 14:14:59,576 - INFO - Epoch 2/100 Batch 311/650 - Loss: 1.551176 (Recon: 1.261959, Diff: 0.289212, KL: 0.005600)
2026-02-16 14:15:00,662 - INFO - Epoch 2/100 Batch 312/650 - Loss: 1.533829 (Recon: 1.261342, Diff: 0.272483, KL: 0.004228)
2026-02-16 14:15:01,719 - INFO - Epoch 2/100 Batch 313/650 - Loss: 1.588458 (Recon: 1.261025, Diff: 0.327429, KL: 0.003521)
2026-02-16 14:15:02,779 - INFO - Epoch 2/100 Batch 314/650 - Loss: 1.493799 (Recon: 1.260578, Diff: 0.233218, KL: 0.003019)
2026-02-16 14:15:04,587 - INFO - Epoch 2/100 Batch 315/650 - Loss: 1.605376 (Recon: 1.257693, Diff: 0.347668, KL: 0.014137)
2026-02-16 14:15:05,609 - INFO - Epoch 2/100 Batch 316/650 - Loss: 1.555680 (Recon: 1.257335, Diff: 0.298342, KL: 0.003393)
2026-02-16 14:15:06,633 - INFO - Epoch 2/100 Batch 317/650 - Loss: 1.485915 (Recon: 1.257960, Diff: 0.227952, KL: 0.003280)
2026-02-16 14:15:07,646 - INFO - Epoch 2/100 Batch 318/650 - Loss: 1.490705 (Recon: 1.255428, Diff: 0.235274, KL: 0.002603)
2026-02-16 14:15:08,690 - INFO - Epoch 2/100 Batch 319/650 - Loss: 1.563301 (Recon: 1.261054, Diff: 0.302245, KL: 0.002936)
2026-02-16 14:15:09,726 - INFO - Epoch 2/100 Batch 320/650 - Loss: 1.646708 (Recon: 1.262403, Diff: 0.384302, KL: 0.002942)
2026-02-16 14:15:10,743 - INFO - Epoch 2/100 Batch 321/650 - Loss: 1.539813 (Recon: 1.256907, Diff: 0.282904, KL: 0.002136)
2026-02-16 14:15:11,752 - INFO - Epoch 2/100 Batch 322/650 - Loss: 1.478069 (Recon: 1.261649, Diff: 0.216419, KL: 0.001102)
2026-02-16 14:15:14,196 - INFO - Epoch 2/100 Batch 323/650 - Loss: 1.507950 (Recon: 1.254835, Diff: 0.253112, KL: 0.003438)
2026-02-16 14:15:16,178 - INFO - Epoch 2/100 Batch 324/650 - Loss: 1.528713 (Recon: 1.260519, Diff: 0.268191, KL: 0.002946)
2026-02-16 14:15:17,291 - INFO - Epoch 2/100 Batch 325/650 - Loss: 1.491808 (Recon: 1.261856, Diff: 0.229945, KL: 0.006171)
2026-02-16 14:15:18,335 - INFO - Epoch 2/100 Batch 326/650 - Loss: 1.515103 (Recon: 1.261529, Diff: 0.253570, KL: 0.004825)
2026-02-16 14:15:19,482 - INFO - Epoch 2/100 Batch 327/650 - Loss: 1.471272 (Recon: 1.263078, Diff: 0.208186, KL: 0.007901)
2026-02-16 14:15:20,564 - INFO - Epoch 2/100 Batch 328/650 - Loss: 1.497622 (Recon: 1.264882, Diff: 0.232737, KL: 0.003344)
2026-02-16 14:15:21,690 - INFO - Epoch 2/100 Batch 329/650 - Loss: 1.499612 (Recon: 1.261066, Diff: 0.238541, KL: 0.003942)
2026-02-16 14:15:22,743 - INFO - Epoch 2/100 Batch 330/650 - Loss: 1.532260 (Recon: 1.258975, Diff: 0.273282, KL: 0.003534)
2026-02-16 14:15:23,872 - INFO - Epoch 2/100 Batch 331/650 - Loss: 1.541500 (Recon: 1.262849, Diff: 0.278647, KL: 0.004206)
2026-02-16 14:15:24,977 - INFO - Epoch 2/100 Batch 332/650 - Loss: 1.441486 (Recon: 1.260547, Diff: 0.180934, KL: 0.004632)
2026-02-16 14:15:26,024 - INFO - Epoch 2/100 Batch 333/650 - Loss: 1.540124 (Recon: 1.259521, Diff: 0.280601, KL: 0.002002)
2026-02-16 14:15:27,053 - INFO - Epoch 2/100 Batch 334/650 - Loss: 1.477831 (Recon: 1.258747, Diff: 0.219081, KL: 0.003453)
2026-02-16 14:15:28,146 - INFO - Epoch 2/100 Batch 335/650 - Loss: 1.494429 (Recon: 1.263739, Diff: 0.230688, KL: 0.002334)
2026-02-16 14:15:29,500 - INFO - Epoch 2/100 Batch 336/650 - Loss: 1.542607 (Recon: 1.254530, Diff: 0.288072, KL: 0.005293)
2026-02-16 14:15:31,255 - INFO - Epoch 2/100 Batch 337/650 - Loss: 1.602870 (Recon: 1.264496, Diff: 0.338370, KL: 0.003776)
2026-02-16 14:15:32,270 - INFO - Epoch 2/100 Batch 338/650 - Loss: 1.524855 (Recon: 1.258627, Diff: 0.266225, KL: 0.003047)
2026-02-16 14:15:33,352 - INFO - Epoch 2/100 Batch 339/650 - Loss: 1.421744 (Recon: 1.256480, Diff: 0.165262, KL: 0.002033)
2026-02-16 14:15:34,425 - INFO - Epoch 2/100 Batch 340/650 - Loss: 1.591813 (Recon: 1.258269, Diff: 0.333540, KL: 0.003605)
2026-02-16 14:15:35,486 - INFO - Epoch 2/100 Batch 341/650 - Loss: 1.549915 (Recon: 1.257331, Diff: 0.292581, KL: 0.002674)
2026-02-16 14:15:46,901 - INFO - Epoch 2/100 Batch 342/650 - Loss: 1.574150 (Recon: 1.264521, Diff: 0.309623, KL: 0.005059)
2026-02-16 14:15:47,969 - INFO - Epoch 2/100 Batch 343/650 - Loss: 1.544260 (Recon: 1.259407, Diff: 0.284850, KL: 0.002328)
2026-02-16 14:15:49,209 - INFO - Epoch 2/100 Batch 344/650 - Loss: 1.529212 (Recon: 1.256420, Diff: 0.272790, KL: 0.002535)
2026-02-16 14:15:50,238 - INFO - Epoch 2/100 Batch 345/650 - Loss: 1.506777 (Recon: 1.259738, Diff: 0.247037, KL: 0.002341)
2026-02-16 14:15:51,276 - INFO - Epoch 2/100 Batch 346/650 - Loss: 1.545374 (Recon: 1.261801, Diff: 0.283569, KL: 0.003677)
2026-02-16 14:15:52,337 - INFO - Epoch 2/100 Batch 347/650 - Loss: 1.546512 (Recon: 1.258456, Diff: 0.288053, KL: 0.002816)
2026-02-16 14:15:53,775 - INFO - Epoch 2/100 Batch 348/650 - Loss: 1.535700 (Recon: 1.258065, Diff: 0.277632, KL: 0.003159)
2026-02-16 14:15:55,570 - INFO - Epoch 2/100 Batch 349/650 - Loss: 1.470299 (Recon: 1.259935, Diff: 0.210361, KL: 0.002363)
2026-02-16 14:15:56,620 - INFO - Epoch 2/100 Batch 350/650 - Loss: 1.521624 (Recon: 1.261711, Diff: 0.259910, KL: 0.003270)
2026-02-16 14:15:57,646 - INFO - Epoch 2/100 Batch 351/650 - Loss: 1.523786 (Recon: 1.259453, Diff: 0.264328, KL: 0.004292)
2026-02-16 14:15:58,806 - INFO - Epoch 2/100 Batch 352/650 - Loss: 1.524328 (Recon: 1.261685, Diff: 0.262639, KL: 0.003290)
2026-02-16 14:15:59,859 - INFO - Epoch 2/100 Batch 353/650 - Loss: 1.489312 (Recon: 1.263442, Diff: 0.225867, KL: 0.002595)
2026-02-16 14:16:00,923 - INFO - Epoch 2/100 Batch 354/650 - Loss: 1.468024 (Recon: 1.262107, Diff: 0.205915, KL: 0.002740)
2026-02-16 14:16:02,006 - INFO - Epoch 2/100 Batch 355/650 - Loss: 1.467520 (Recon: 1.263993, Diff: 0.203525, KL: 0.001993)
2026-02-16 14:16:05,112 - INFO - Epoch 2/100 Batch 356/650 - Loss: 1.514522 (Recon: 1.256011, Diff: 0.258508, KL: 0.003289)
2026-02-16 14:16:07,470 - INFO - Epoch 2/100 Batch 357/650 - Loss: 1.567036 (Recon: 1.256915, Diff: 0.310117, KL: 0.003931)
2026-02-16 14:16:08,561 - INFO - Epoch 2/100 Batch 358/650 - Loss: 1.563462 (Recon: 1.258821, Diff: 0.304638, KL: 0.002994)
2026-02-16 14:16:09,649 - INFO - Epoch 2/100 Batch 359/650 - Loss: 1.503745 (Recon: 1.260407, Diff: 0.243334, KL: 0.003584)
2026-02-16 14:16:10,759 - INFO - Epoch 2/100 Batch 360/650 - Loss: 1.458901 (Recon: 1.261854, Diff: 0.197039, KL: 0.008243)
2026-02-16 14:16:11,804 - INFO - Epoch 2/100 Batch 361/650 - Loss: 1.464812 (Recon: 1.260060, Diff: 0.204744, KL: 0.007960)
2026-02-16 14:16:12,906 - INFO - Epoch 2/100 Batch 362/650 - Loss: 1.474874 (Recon: 1.255888, Diff: 0.218983, KL: 0.002790)
2026-02-16 14:16:14,006 - INFO - Epoch 2/100 Batch 363/650 - Loss: 1.543276 (Recon: 1.260187, Diff: 0.283086, KL: 0.002837)
2026-02-16 14:16:15,767 - INFO - Epoch 2/100 Batch 364/650 - Loss: 1.484835 (Recon: 1.262060, Diff: 0.222773, KL: 0.002115)
2026-02-16 14:16:16,792 - INFO - Epoch 2/100 Batch 365/650 - Loss: 1.489109 (Recon: 1.258668, Diff: 0.230438, KL: 0.003029)
2026-02-16 14:16:17,951 - INFO - Epoch 2/100 Batch 366/650 - Loss: 1.517456 (Recon: 1.254506, Diff: 0.262946, KL: 0.003290)
2026-02-16 14:16:19,067 - INFO - Epoch 2/100 Batch 367/650 - Loss: 1.464344 (Recon: 1.262141, Diff: 0.202201, KL: 0.002716)
2026-02-16 14:16:20,118 - INFO - Epoch 2/100 Batch 368/650 - Loss: 1.498556 (Recon: 1.260208, Diff: 0.238346, KL: 0.001852)
2026-02-16 14:16:21,149 - INFO - Epoch 2/100 Batch 369/650 - Loss: 1.425963 (Recon: 1.260084, Diff: 0.165877, KL: 0.001610)
2026-02-16 14:16:24,000 - INFO - Epoch 2/100 Batch 370/650 - Loss: 1.540682 (Recon: 1.258936, Diff: 0.281745, KL: 0.001400)
2026-02-16 14:16:28,138 - INFO - Epoch 2/100 Batch 371/650 - Loss: 1.532340 (Recon: 1.258393, Diff: 0.273944, KL: 0.002815)
2026-02-16 14:16:29,195 - INFO - Epoch 2/100 Batch 372/650 - Loss: 1.652752 (Recon: 1.262829, Diff: 0.389921, KL: 0.002794)
2026-02-16 14:16:30,224 - INFO - Epoch 2/100 Batch 373/650 - Loss: 1.532832 (Recon: 1.256940, Diff: 0.275889, KL: 0.002381)
2026-02-16 14:16:31,303 - INFO - Epoch 2/100 Batch 374/650 - Loss: 1.428093 (Recon: 1.257748, Diff: 0.170343, KL: 0.001831)
2026-02-16 14:16:32,774 - INFO - Epoch 2/100 Batch 375/650 - Loss: 1.541257 (Recon: 1.258950, Diff: 0.282305, KL: 0.001835)
2026-02-16 14:16:33,805 - INFO - Epoch 2/100 Batch 376/650 - Loss: 1.528067 (Recon: 1.255527, Diff: 0.272538, KL: 0.001664)
2026-02-16 14:16:34,878 - INFO - Epoch 2/100 Batch 377/650 - Loss: 1.471272 (Recon: 1.254274, Diff: 0.216996, KL: 0.002215)
2026-02-16 14:16:37,496 - INFO - Epoch 2/100 Batch 378/650 - Loss: 1.563614 (Recon: 1.259935, Diff: 0.303676, KL: 0.002593)
2026-02-16 14:16:45,983 - INFO - Epoch 2/100 Batch 379/650 - Loss: 1.460418 (Recon: 1.258868, Diff: 0.201548, KL: 0.001523)
2026-02-16 14:16:47,071 - INFO - Epoch 2/100 Batch 380/650 - Loss: 1.459376 (Recon: 1.249696, Diff: 0.209678, KL: 0.001705)
2026-02-16 14:16:48,124 - INFO - Epoch 2/100 Batch 381/650 - Loss: 1.461039 (Recon: 1.259155, Diff: 0.201882, KL: 0.001939)
2026-02-16 14:16:55,774 - INFO - Epoch 2/100 Batch 382/650 - Loss: 1.468450 (Recon: 1.260349, Diff: 0.208099, KL: 0.002446)
2026-02-16 14:16:56,878 - INFO - Epoch 2/100 Batch 383/650 - Loss: 1.429945 (Recon: 1.261604, Diff: 0.168339, KL: 0.001868)
2026-02-16 14:16:57,978 - INFO - Epoch 2/100 Batch 384/650 - Loss: 1.457519 (Recon: 1.258922, Diff: 0.198595, KL: 0.002031)
2026-02-16 14:16:59,018 - INFO - Epoch 2/100 Batch 385/650 - Loss: 1.519315 (Recon: 1.260305, Diff: 0.259001, KL: 0.008057)
2026-02-16 14:17:00,130 - INFO - Epoch 2/100 Batch 386/650 - Loss: 1.499380 (Recon: 1.259933, Diff: 0.239445, KL: 0.002166)
2026-02-16 14:17:01,227 - INFO - Epoch 2/100 Batch 387/650 - Loss: 1.524313 (Recon: 1.257254, Diff: 0.267056, KL: 0.003013)
2026-02-16 14:17:02,325 - INFO - Epoch 2/100 Batch 388/650 - Loss: 1.481568 (Recon: 1.257105, Diff: 0.224461, KL: 0.001506)
2026-02-16 14:17:03,382 - INFO - Epoch 2/100 Batch 389/650 - Loss: 1.527977 (Recon: 1.253426, Diff: 0.274548, KL: 0.002492)
2026-02-16 14:17:04,762 - INFO - Epoch 2/100 Batch 390/650 - Loss: 1.487359 (Recon: 1.260762, Diff: 0.226595, KL: 0.001581)
2026-02-16 14:17:37,671 - INFO - Epoch 2/100 Batch 391/650 - Loss: 1.512644 (Recon: 1.257870, Diff: 0.254772, KL: 0.001988)
2026-02-16 14:17:55,312 - INFO - Epoch 2/100 Batch 392/650 - Loss: 1.442384 (Recon: 1.257211, Diff: 0.185173, KL: 0.001211)
2026-02-16 14:17:56,330 - INFO - Epoch 2/100 Batch 393/650 - Loss: 1.435167 (Recon: 1.256753, Diff: 0.178412, KL: 0.002124)
2026-02-16 14:18:05,428 - INFO - Epoch 2/100 Batch 394/650 - Loss: 1.488307 (Recon: 1.255351, Diff: 0.232953, KL: 0.002646)
2026-02-16 14:18:07,078 - INFO - Epoch 2/100 Batch 395/650 - Loss: 1.503221 (Recon: 1.256137, Diff: 0.247081, KL: 0.003100)
2026-02-16 14:18:08,073 - INFO - Epoch 2/100 Batch 396/650 - Loss: 1.520663 (Recon: 1.255873, Diff: 0.264788, KL: 0.002031)
2026-02-16 14:18:09,267 - INFO - Epoch 2/100 Batch 397/650 - Loss: 1.540264 (Recon: 1.261749, Diff: 0.278510, KL: 0.004719)
2026-02-16 14:18:10,260 - INFO - Epoch 2/100 Batch 398/650 - Loss: 1.592250 (Recon: 1.255466, Diff: 0.336779, KL: 0.004758)
2026-02-16 14:18:11,353 - INFO - Epoch 2/100 Batch 399/650 - Loss: 1.478064 (Recon: 1.253461, Diff: 0.224599, KL: 0.003392)
2026-02-16 14:18:12,382 - INFO - Epoch 2/100 Batch 400/650 - Loss: 1.451801 (Recon: 1.262520, Diff: 0.189278, KL: 0.003003)
2026-02-16 14:18:13,447 - INFO - Epoch 2/100 Batch 401/650 - Loss: 1.481192 (Recon: 1.258326, Diff: 0.222864, KL: 0.002237)
2026-02-16 14:18:14,490 - INFO - Epoch 2/100 Batch 402/650 - Loss: 1.456188 (Recon: 1.258516, Diff: 0.197671, KL: 0.001896)
2026-02-16 14:18:15,517 - INFO - Epoch 2/100 Batch 403/650 - Loss: 1.510374 (Recon: 1.261209, Diff: 0.249162, KL: 0.002283)
2026-02-16 14:18:19,555 - INFO - Epoch 2/100 Batch 404/650 - Loss: 1.453048 (Recon: 1.256188, Diff: 0.196857, KL: 0.002836)
2026-02-16 14:18:20,617 - INFO - Epoch 2/100 Batch 405/650 - Loss: 1.503940 (Recon: 1.254458, Diff: 0.249478, KL: 0.003752)
2026-02-16 14:18:21,679 - INFO - Epoch 2/100 Batch 406/650 - Loss: 1.443572 (Recon: 1.253056, Diff: 0.190514, KL: 0.001836)
2026-02-16 14:18:25,544 - INFO - Epoch 2/100 Batch 407/650 - Loss: 1.418123 (Recon: 1.260879, Diff: 0.157242, KL: 0.002623)
2026-02-16 14:18:32,036 - INFO - Epoch 2/100 Batch 408/650 - Loss: 1.478036 (Recon: 1.261094, Diff: 0.216939, KL: 0.002917)
2026-02-16 14:18:33,079 - INFO - Epoch 2/100 Batch 409/650 - Loss: 1.506681 (Recon: 1.261461, Diff: 0.245219, KL: 0.001307)
2026-02-16 14:18:34,151 - INFO - Epoch 2/100 Batch 410/650 - Loss: 1.499375 (Recon: 1.255781, Diff: 0.243591, KL: 0.002225)
2026-02-16 14:18:35,208 - INFO - Epoch 2/100 Batch 411/650 - Loss: 1.417030 (Recon: 1.259529, Diff: 0.157493, KL: 0.008373)
2026-02-16 14:18:36,311 - INFO - Epoch 2/100 Batch 412/650 - Loss: 1.507196 (Recon: 1.256311, Diff: 0.250882, KL: 0.002452)
2026-02-16 14:18:37,352 - INFO - Epoch 2/100 Batch 413/650 - Loss: 1.493348 (Recon: 1.257596, Diff: 0.235749, KL: 0.001897)
2026-02-16 14:18:38,387 - INFO - Epoch 2/100 Batch 414/650 - Loss: 1.447079 (Recon: 1.259772, Diff: 0.187305, KL: 0.001646)
2026-02-16 14:18:39,464 - INFO - Epoch 2/100 Batch 415/650 - Loss: 1.609792 (Recon: 1.260327, Diff: 0.349463, KL: 0.002975)
2026-02-16 14:18:42,736 - INFO - Epoch 2/100 Batch 416/650 - Loss: 1.524652 (Recon: 1.250283, Diff: 0.274366, KL: 0.002904)
2026-02-16 14:18:43,782 - INFO - Epoch 2/100 Batch 417/650 - Loss: 1.504522 (Recon: 1.262113, Diff: 0.242406, KL: 0.002353)
2026-02-16 14:18:44,795 - INFO - Epoch 2/100 Batch 418/650 - Loss: 1.427741 (Recon: 1.260739, Diff: 0.167001, KL: 0.001769)
2026-02-16 14:18:46,301 - INFO - Epoch 2/100 Batch 419/650 - Loss: 1.439062 (Recon: 1.257229, Diff: 0.181830, KL: 0.002051)
2026-02-16 14:18:47,715 - INFO - Epoch 2/100 Batch 420/650 - Loss: 1.574418 (Recon: 1.260366, Diff: 0.314050, KL: 0.002440)
2026-02-16 14:18:48,741 - INFO - Epoch 2/100 Batch 421/650 - Loss: 1.528834 (Recon: 1.257803, Diff: 0.271029, KL: 0.002114)
2026-02-16 14:18:49,800 - INFO - Epoch 2/100 Batch 422/650 - Loss: 1.489832 (Recon: 1.260365, Diff: 0.229460, KL: 0.006840)
2026-02-16 14:18:50,854 - INFO - Epoch 2/100 Batch 423/650 - Loss: 1.573109 (Recon: 1.259110, Diff: 0.313998, KL: 0.001908)
2026-02-16 14:18:52,820 - INFO - Epoch 2/100 Batch 424/650 - Loss: 1.423396 (Recon: 1.260435, Diff: 0.162960, KL: 0.000824)
2026-02-16 14:18:53,889 - INFO - Epoch 2/100 Batch 425/650 - Loss: 1.440543 (Recon: 1.260660, Diff: 0.179880, KL: 0.002388)
2026-02-16 14:18:54,959 - INFO - Epoch 2/100 Batch 426/650 - Loss: 1.504517 (Recon: 1.257813, Diff: 0.246702, KL: 0.002078)
2026-02-16 14:19:04,919 - INFO - Epoch 2/100 Batch 427/650 - Loss: 1.498003 (Recon: 1.259843, Diff: 0.238157, KL: 0.002632)
2026-02-16 14:19:06,141 - INFO - Epoch 2/100 Batch 428/650 - Loss: 1.485333 (Recon: 1.254012, Diff: 0.231313, KL: 0.008250)
2026-02-16 14:19:07,213 - INFO - Epoch 2/100 Batch 429/650 - Loss: 1.469924 (Recon: 1.258508, Diff: 0.211415, KL: 0.001676)
2026-02-16 14:19:08,297 - INFO - Epoch 2/100 Batch 430/650 - Loss: 1.471951 (Recon: 1.257345, Diff: 0.214603, KL: 0.002062)
2026-02-16 14:19:09,407 - INFO - Epoch 2/100 Batch 431/650 - Loss: 1.448890 (Recon: 1.255834, Diff: 0.193053, KL: 0.002095)
2026-02-16 14:19:10,444 - INFO - Epoch 2/100 Batch 432/650 - Loss: 1.494604 (Recon: 1.254678, Diff: 0.239924, KL: 0.001352)
2026-02-16 14:19:11,473 - INFO - Epoch 2/100 Batch 433/650 - Loss: 1.429215 (Recon: 1.258454, Diff: 0.170760, KL: 0.000804)
2026-02-16 14:19:12,555 - INFO - Epoch 2/100 Batch 434/650 - Loss: 1.438328 (Recon: 1.258892, Diff: 0.179435, KL: 0.000842)
2026-02-16 14:19:13,700 - INFO - Epoch 2/100 Batch 435/650 - Loss: 1.445587 (Recon: 1.258312, Diff: 0.187274, KL: 0.001612)
2026-02-16 14:19:14,745 - INFO - Epoch 2/100 Batch 436/650 - Loss: 1.420672 (Recon: 1.262744, Diff: 0.157927, KL: 0.001585)
2026-02-16 14:19:15,757 - INFO - Epoch 2/100 Batch 437/650 - Loss: 1.418435 (Recon: 1.258966, Diff: 0.159468, KL: 0.001137)
2026-02-16 14:19:16,835 - INFO - Epoch 2/100 Batch 438/650 - Loss: 1.466503 (Recon: 1.255422, Diff: 0.211079, KL: 0.001604)
2026-02-16 14:19:31,803 - INFO - Epoch 2/100 Batch 439/650 - Loss: 1.476151 (Recon: 1.257708, Diff: 0.218441, KL: 0.001944)
2026-02-16 14:19:46,316 - INFO - Epoch 2/100 Batch 440/650 - Loss: 1.433596 (Recon: 1.260387, Diff: 0.173208, KL: 0.000969)
2026-02-16 14:19:57,407 - INFO - Epoch 2/100 Batch 441/650 - Loss: 1.451306 (Recon: 1.260025, Diff: 0.191279, KL: 0.002083)
2026-02-16 14:19:58,447 - INFO - Epoch 2/100 Batch 442/650 - Loss: 1.467781 (Recon: 1.254840, Diff: 0.212939, KL: 0.001258)
2026-02-16 14:19:59,957 - INFO - Epoch 2/100 Batch 443/650 - Loss: 1.540873 (Recon: 1.259320, Diff: 0.281552, KL: 0.001374)
2026-02-16 14:20:03,279 - INFO - Epoch 2/100 Batch 444/650 - Loss: 1.479722 (Recon: 1.259420, Diff: 0.220301, KL: 0.001482)
2026-02-16 14:20:04,315 - INFO - Epoch 2/100 Batch 445/650 - Loss: 1.551473 (Recon: 1.254555, Diff: 0.296917, KL: 0.001657)
2026-02-16 14:20:05,392 - INFO - Epoch 2/100 Batch 446/650 - Loss: 1.444511 (Recon: 1.260721, Diff: 0.183788, KL: 0.002494)
2026-02-16 14:20:06,514 - INFO - Epoch 2/100 Batch 447/650 - Loss: 1.508827 (Recon: 1.260743, Diff: 0.248074, KL: 0.010490)
2026-02-16 14:20:07,608 - INFO - Epoch 2/100 Batch 448/650 - Loss: 1.441819 (Recon: 1.255673, Diff: 0.186145, KL: 0.000950)
2026-02-16 14:20:08,665 - INFO - Epoch 2/100 Batch 449/650 - Loss: 1.510190 (Recon: 1.258445, Diff: 0.251745, KL: 0.000872)
2026-02-16 14:20:09,708 - INFO - Epoch 2/100 Batch 450/650 - Loss: 1.479469 (Recon: 1.258117, Diff: 0.221350, KL: 0.001575)
2026-02-16 14:20:10,709 - INFO - Epoch 2/100 Batch 451/650 - Loss: 1.402302 (Recon: 1.251502, Diff: 0.150797, KL: 0.003818)
2026-02-16 14:20:11,720 - INFO - Epoch 2/100 Batch 452/650 - Loss: 1.523296 (Recon: 1.258021, Diff: 0.265274, KL: 0.001581)
2026-02-16 14:20:14,079 - INFO - Epoch 2/100 Batch 453/650 - Loss: 1.536250 (Recon: 1.258219, Diff: 0.278028, KL: 0.002484)
2026-02-16 14:20:15,116 - INFO - Epoch 2/100 Batch 454/650 - Loss: 1.443857 (Recon: 1.260614, Diff: 0.183241, KL: 0.001389)
2026-02-16 14:20:16,138 - INFO - Epoch 2/100 Batch 455/650 - Loss: 1.552923 (Recon: 1.259549, Diff: 0.293371, KL: 0.003028)
2026-02-16 14:20:17,176 - INFO - Epoch 2/100 Batch 456/650 - Loss: 1.479166 (Recon: 1.260695, Diff: 0.218465, KL: 0.006360)
2026-02-16 14:20:23,805 - INFO - Epoch 2/100 Batch 457/650 - Loss: 1.459690 (Recon: 1.259358, Diff: 0.200331, KL: 0.001335)
2026-02-16 14:20:24,898 - INFO - Epoch 2/100 Batch 458/650 - Loss: 1.461863 (Recon: 1.260102, Diff: 0.201759, KL: 0.001636)
2026-02-16 14:20:26,028 - INFO - Epoch 2/100 Batch 459/650 - Loss: 1.535235 (Recon: 1.255836, Diff: 0.279398, KL: 0.001882)
2026-02-16 14:20:27,710 - INFO - Epoch 2/100 Batch 460/650 - Loss: 1.472335 (Recon: 1.259102, Diff: 0.213232, KL: 0.001472)
2026-02-16 14:20:28,744 - INFO - Epoch 2/100 Batch 461/650 - Loss: 1.400757 (Recon: 1.257640, Diff: 0.143116, KL: 0.001205)
2026-02-16 14:20:29,842 - INFO - Epoch 2/100 Batch 462/650 - Loss: 1.455829 (Recon: 1.259401, Diff: 0.196426, KL: 0.002755)
2026-02-16 14:20:30,916 - INFO - Epoch 2/100 Batch 463/650 - Loss: 1.448191 (Recon: 1.257641, Diff: 0.190548, KL: 0.001243)
2026-02-16 14:20:32,009 - INFO - Epoch 2/100 Batch 464/650 - Loss: 1.504323 (Recon: 1.256687, Diff: 0.247634, KL: 0.002095)
2026-02-16 14:20:33,045 - INFO - Epoch 2/100 Batch 465/650 - Loss: 1.513870 (Recon: 1.248839, Diff: 0.265029, KL: 0.001868)
2026-02-16 14:20:34,136 - INFO - Epoch 2/100 Batch 466/650 - Loss: 1.507065 (Recon: 1.260299, Diff: 0.246763, KL: 0.002448)
2026-02-16 14:20:35,215 - INFO - Epoch 2/100 Batch 467/650 - Loss: 1.456196 (Recon: 1.257986, Diff: 0.198209, KL: 0.001134)
2026-02-16 14:20:36,304 - INFO - Epoch 2/100 Batch 468/650 - Loss: 1.451578 (Recon: 1.254838, Diff: 0.196738, KL: 0.001693)
2026-02-16 14:20:48,330 - INFO - Epoch 2/100 Batch 469/650 - Loss: 1.506795 (Recon: 1.256448, Diff: 0.250345, KL: 0.001612)
2026-02-16 14:20:49,479 - INFO - Epoch 2/100 Batch 470/650 - Loss: 1.520978 (Recon: 1.256795, Diff: 0.264181, KL: 0.001769)
2026-02-16 14:20:50,626 - INFO - Epoch 2/100 Batch 471/650 - Loss: 1.433163 (Recon: 1.259815, Diff: 0.173346, KL: 0.001215)
2026-02-16 14:20:51,714 - INFO - Epoch 2/100 Batch 472/650 - Loss: 1.478978 (Recon: 1.257153, Diff: 0.221824, KL: 0.001754)
2026-02-16 14:20:52,705 - INFO - Epoch 2/100 Batch 473/650 - Loss: 1.451716 (Recon: 1.261091, Diff: 0.190623, KL: 0.001434)
2026-02-16 14:20:53,839 - INFO - Epoch 2/100 Batch 474/650 - Loss: 1.496259 (Recon: 1.259499, Diff: 0.236758, KL: 0.001918)
2026-02-16 14:20:54,893 - INFO - Epoch 2/100 Batch 475/650 - Loss: 1.429780 (Recon: 1.256420, Diff: 0.173359, KL: 0.000975)
2026-02-16 14:20:56,052 - INFO - Epoch 2/100 Batch 476/650 - Loss: 1.376041 (Recon: 1.258486, Diff: 0.117554, KL: 0.000978)
2026-02-16 14:20:57,081 - INFO - Epoch 2/100 Batch 477/650 - Loss: 1.475392 (Recon: 1.254831, Diff: 0.220559, KL: 0.001605)
2026-02-16 14:20:58,222 - INFO - Epoch 2/100 Batch 478/650 - Loss: 1.438213 (Recon: 1.255300, Diff: 0.182911, KL: 0.001230)
2026-02-16 14:20:59,392 - INFO - Epoch 2/100 Batch 479/650 - Loss: 1.450353 (Recon: 1.256652, Diff: 0.193700, KL: 0.001045)
2026-02-16 14:21:00,512 - INFO - Epoch 2/100 Batch 480/650 - Loss: 1.485687 (Recon: 1.257873, Diff: 0.227813, KL: 0.001120)
2026-02-16 14:21:01,557 - INFO - Epoch 2/100 Batch 481/650 - Loss: 1.509927 (Recon: 1.254833, Diff: 0.255091, KL: 0.002349)
2026-02-16 14:21:02,635 - INFO - Epoch 2/100 Batch 482/650 - Loss: 1.478777 (Recon: 1.254106, Diff: 0.224670, KL: 0.001813)
2026-02-16 14:21:03,723 - INFO - Epoch 2/100 Batch 483/650 - Loss: 1.456765 (Recon: 1.257295, Diff: 0.199469, KL: 0.000825)
2026-02-16 14:21:04,861 - INFO - Epoch 2/100 Batch 484/650 - Loss: 1.523726 (Recon: 1.254356, Diff: 0.269368, KL: 0.002201)
2026-02-16 14:21:05,945 - INFO - Epoch 2/100 Batch 485/650 - Loss: 1.424217 (Recon: 1.257164, Diff: 0.167052, KL: 0.001183)
2026-02-16 14:21:07,062 - INFO - Epoch 2/100 Batch 486/650 - Loss: 1.491489 (Recon: 1.260266, Diff: 0.231221, KL: 0.002322)
2026-02-16 14:21:08,222 - INFO - Epoch 2/100 Batch 487/650 - Loss: 1.430822 (Recon: 1.252542, Diff: 0.178278, KL: 0.000930)
2026-02-16 14:21:09,336 - INFO - Epoch 2/100 Batch 488/650 - Loss: 1.499382 (Recon: 1.259576, Diff: 0.239787, KL: 0.017767)
2026-02-16 14:21:10,458 - INFO - Epoch 2/100 Batch 489/650 - Loss: 1.477170 (Recon: 1.255961, Diff: 0.221207, KL: 0.001508)
2026-02-16 14:21:11,645 - INFO - Epoch 2/100 Batch 490/650 - Loss: 1.507599 (Recon: 1.256719, Diff: 0.250877, KL: 0.002246)
2026-02-16 14:21:12,619 - INFO - Epoch 2/100 Batch 491/650 - Loss: 1.442474 (Recon: 1.258371, Diff: 0.184101, KL: 0.001478)
2026-02-16 14:21:13,611 - INFO - Epoch 2/100 Batch 492/650 - Loss: 1.403128 (Recon: 1.258075, Diff: 0.145051, KL: 0.001519)
2026-02-16 14:21:14,634 - INFO - Epoch 2/100 Batch 493/650 - Loss: 1.383411 (Recon: 1.250156, Diff: 0.133253, KL: 0.001359)
2026-02-16 14:21:15,679 - INFO - Epoch 2/100 Batch 494/650 - Loss: 1.421759 (Recon: 1.258534, Diff: 0.163223, KL: 0.001615)
2026-02-16 14:21:16,758 - INFO - Epoch 2/100 Batch 495/650 - Loss: 1.564757 (Recon: 1.254559, Diff: 0.310196, KL: 0.002559)
2026-02-16 14:21:17,817 - INFO - Epoch 2/100 Batch 496/650 - Loss: 1.540455 (Recon: 1.256943, Diff: 0.283510, KL: 0.002086)
2026-02-16 14:21:18,807 - INFO - Epoch 2/100 Batch 497/650 - Loss: 1.469963 (Recon: 1.255605, Diff: 0.214357, KL: 0.001102)
2026-02-16 14:21:19,818 - INFO - Epoch 2/100 Batch 498/650 - Loss: 1.434220 (Recon: 1.258995, Diff: 0.175224, KL: 0.001581)
2026-02-16 14:21:24,734 - INFO - Epoch 2/100 Batch 499/650 - Loss: 1.399433 (Recon: 1.254383, Diff: 0.145048, KL: 0.002058)
2026-02-16 14:21:50,716 - INFO - Epoch 2/100 Batch 500/650 - Loss: 1.429811 (Recon: 1.255876, Diff: 0.173934, KL: 0.001123)
2026-02-16 14:22:13,745 - INFO - Epoch 2/100 Batch 501/650 - Loss: 1.480317 (Recon: 1.258179, Diff: 0.222137, KL: 0.001279)
2026-02-16 14:22:14,749 - INFO - Epoch 2/100 Batch 502/650 - Loss: 1.430317 (Recon: 1.255003, Diff: 0.175313, KL: 0.001451)
2026-02-16 14:22:15,756 - INFO - Epoch 2/100 Batch 503/650 - Loss: 1.485210 (Recon: 1.251406, Diff: 0.233802, KL: 0.001896)
2026-02-16 14:22:19,174 - INFO - Epoch 2/100 Batch 504/650 - Loss: 1.434503 (Recon: 1.254818, Diff: 0.179683, KL: 0.001979)
2026-02-16 14:22:24,328 - INFO - Epoch 2/100 Batch 505/650 - Loss: 1.510887 (Recon: 1.256199, Diff: 0.254685, KL: 0.001970)
2026-02-16 14:22:25,302 - INFO - Epoch 2/100 Batch 506/650 - Loss: 1.467149 (Recon: 1.254049, Diff: 0.213090, KL: 0.009499)
2026-02-16 14:22:26,346 - INFO - Epoch 2/100 Batch 507/650 - Loss: 1.473770 (Recon: 1.256833, Diff: 0.216934, KL: 0.002757)
2026-02-16 14:22:27,427 - INFO - Epoch 2/100 Batch 508/650 - Loss: 1.421164 (Recon: 1.255365, Diff: 0.165798, KL: 0.001943)
2026-02-16 14:22:28,528 - INFO - Epoch 2/100 Batch 509/650 - Loss: 1.402272 (Recon: 1.257038, Diff: 0.145233, KL: 0.001475)
2026-02-16 14:22:33,359 - INFO - Epoch 2/100 Batch 510/650 - Loss: 1.445866 (Recon: 1.253594, Diff: 0.192271, KL: 0.001305)
2026-02-16 14:22:34,397 - INFO - Epoch 2/100 Batch 511/650 - Loss: 1.509257 (Recon: 1.255720, Diff: 0.253534, KL: 0.002897)
2026-02-16 14:22:40,690 - INFO - Epoch 2/100 Batch 512/650 - Loss: 1.538348 (Recon: 1.254041, Diff: 0.284304, KL: 0.002476)
2026-02-16 14:22:44,912 - INFO - Epoch 2/100 Batch 513/650 - Loss: 1.456863 (Recon: 1.256814, Diff: 0.200049, KL: 0.000834)
2026-02-16 14:22:46,258 - INFO - Epoch 2/100 Batch 514/650 - Loss: 1.479410 (Recon: 1.252054, Diff: 0.227355, KL: 0.000969)
2026-02-16 14:22:47,351 - INFO - Epoch 2/100 Batch 515/650 - Loss: 1.398998 (Recon: 1.257509, Diff: 0.141487, KL: 0.002310)
2026-02-16 14:22:50,144 - INFO - Epoch 2/100 Batch 516/650 - Loss: 1.470535 (Recon: 1.256186, Diff: 0.214346, KL: 0.003214)
2026-02-16 14:22:51,216 - INFO - Epoch 2/100 Batch 517/650 - Loss: 1.423723 (Recon: 1.255969, Diff: 0.167753, KL: 0.001609)
2026-02-16 14:22:52,240 - INFO - Epoch 2/100 Batch 518/650 - Loss: 1.506339 (Recon: 1.249961, Diff: 0.256376, KL: 0.001778)
2026-02-16 14:22:53,323 - INFO - Epoch 2/100 Batch 519/650 - Loss: 1.472883 (Recon: 1.257524, Diff: 0.215357, KL: 0.001821)
2026-02-16 14:22:54,458 - INFO - Epoch 2/100 Batch 520/650 - Loss: 1.422452 (Recon: 1.246687, Diff: 0.175764, KL: 0.001726)
2026-02-16 14:23:05,581 - INFO - Epoch 2/100 Batch 521/650 - Loss: 1.407586 (Recon: 1.254873, Diff: 0.152712, KL: 0.000921)
2026-02-16 14:23:06,620 - INFO - Epoch 2/100 Batch 522/650 - Loss: 1.492969 (Recon: 1.255693, Diff: 0.237273, KL: 0.001880)
2026-02-16 14:23:07,651 - INFO - Epoch 2/100 Batch 523/650 - Loss: 1.548188 (Recon: 1.252309, Diff: 0.295878, KL: 0.001707)
2026-02-16 14:23:22,930 - INFO - Epoch 2/100 Batch 524/650 - Loss: 1.551375 (Recon: 1.250546, Diff: 0.300828, KL: 0.001490)
2026-02-16 14:23:25,089 - INFO - Epoch 2/100 Batch 525/650 - Loss: 1.463160 (Recon: 1.251735, Diff: 0.211424, KL: 0.001515)
2026-02-16 14:23:26,207 - INFO - Epoch 2/100 Batch 526/650 - Loss: 1.454087 (Recon: 1.251797, Diff: 0.202289, KL: 0.001295)
2026-02-16 14:23:27,259 - INFO - Epoch 2/100 Batch 527/650 - Loss: 1.421330 (Recon: 1.252990, Diff: 0.168338, KL: 0.001529)
2026-02-16 14:23:37,098 - INFO - Epoch 2/100 Batch 528/650 - Loss: 1.487619 (Recon: 1.256522, Diff: 0.231095, KL: 0.002061)
2026-02-16 14:23:38,204 - INFO - Epoch 2/100 Batch 529/650 - Loss: 1.465683 (Recon: 1.253256, Diff: 0.212425, KL: 0.001929)
2026-02-16 14:23:39,313 - INFO - Epoch 2/100 Batch 530/650 - Loss: 1.501492 (Recon: 1.248172, Diff: 0.253318, KL: 0.001550)
2026-02-16 14:23:40,393 - INFO - Epoch 2/100 Batch 531/650 - Loss: 1.425678 (Recon: 1.249180, Diff: 0.176496, KL: 0.001673)
2026-02-16 14:23:41,828 - INFO - Epoch 2/100 Batch 532/650 - Loss: 1.490233 (Recon: 1.254695, Diff: 0.235537, KL: 0.001260)
2026-02-16 14:23:43,228 - INFO - Epoch 2/100 Batch 533/650 - Loss: 1.433887 (Recon: 1.258837, Diff: 0.175049, KL: 0.001531)
2026-02-16 14:23:44,318 - INFO - Epoch 2/100 Batch 534/650 - Loss: 1.467914 (Recon: 1.252682, Diff: 0.215232, KL: 0.001007)
2026-02-16 14:23:45,383 - INFO - Epoch 2/100 Batch 535/650 - Loss: 1.435495 (Recon: 1.255894, Diff: 0.179600, KL: 0.001006)
2026-02-16 14:23:46,477 - INFO - Epoch 2/100 Batch 536/650 - Loss: 1.442485 (Recon: 1.251965, Diff: 0.190514, KL: 0.006474)
2026-02-16 14:24:12,602 - INFO - Epoch 2/100 Batch 537/650 - Loss: 1.406139 (Recon: 1.250300, Diff: 0.155838, KL: 0.000924)
2026-02-16 14:24:29,940 - INFO - Epoch 2/100 Batch 538/650 - Loss: 1.453176 (Recon: 1.249976, Diff: 0.203199, KL: 0.001400)
2026-02-16 14:24:32,778 - INFO - Epoch 2/100 Batch 539/650 - Loss: 1.371476 (Recon: 1.255294, Diff: 0.116180, KL: 0.001668)
2026-02-16 14:24:33,837 - INFO - Epoch 2/100 Batch 540/650 - Loss: 1.471337 (Recon: 1.252172, Diff: 0.219164, KL: 0.000851)
2026-02-16 14:24:37,549 - INFO - Epoch 2/100 Batch 541/650 - Loss: 1.441453 (Recon: 1.255306, Diff: 0.186147, KL: 0.000760)
2026-02-16 14:24:38,632 - INFO - Epoch 2/100 Batch 542/650 - Loss: 1.539018 (Recon: 1.254806, Diff: 0.284211, KL: 0.001792)
2026-02-16 14:24:39,708 - INFO - Epoch 2/100 Batch 543/650 - Loss: 1.448469 (Recon: 1.253476, Diff: 0.194986, KL: 0.006597)
2026-02-16 14:24:40,778 - INFO - Epoch 2/100 Batch 544/650 - Loss: 1.541719 (Recon: 1.257220, Diff: 0.284497, KL: 0.001900)
2026-02-16 14:24:42,252 - INFO - Epoch 2/100 Batch 545/650 - Loss: 1.400932 (Recon: 1.253716, Diff: 0.147215, KL: 0.000907)
2026-02-16 14:24:43,297 - INFO - Epoch 2/100 Batch 546/650 - Loss: 1.459748 (Recon: 1.255321, Diff: 0.204426, KL: 0.001288)
2026-02-16 14:24:44,333 - INFO - Epoch 2/100 Batch 547/650 - Loss: 1.445712 (Recon: 1.254990, Diff: 0.190719, KL: 0.002212)
2026-02-16 14:24:45,390 - INFO - Epoch 2/100 Batch 548/650 - Loss: 1.396792 (Recon: 1.257031, Diff: 0.139760, KL: 0.001468)
2026-02-16 14:24:46,476 - INFO - Epoch 2/100 Batch 549/650 - Loss: 1.481891 (Recon: 1.256380, Diff: 0.225503, KL: 0.008228)
2026-02-16 14:24:47,511 - INFO - Epoch 2/100 Batch 550/650 - Loss: 1.421871 (Recon: 1.250765, Diff: 0.171105, KL: 0.000671)
2026-02-16 14:24:48,531 - INFO - Epoch 2/100 Batch 551/650 - Loss: 1.396261 (Recon: 1.255611, Diff: 0.140648, KL: 0.001275)
2026-02-16 14:25:09,957 - INFO - Epoch 2/100 Batch 552/650 - Loss: 1.376284 (Recon: 1.254544, Diff: 0.121739, KL: 0.000702)
2026-02-16 14:25:26,526 - INFO - Epoch 2/100 Batch 553/650 - Loss: 1.499377 (Recon: 1.257683, Diff: 0.241693, KL: 0.000802)
2026-02-16 14:25:27,554 - INFO - Epoch 2/100 Batch 554/650 - Loss: 1.400086 (Recon: 1.255338, Diff: 0.144747, KL: 0.000756)
2026-02-16 14:25:28,668 - INFO - Epoch 2/100 Batch 555/650 - Loss: 1.503263 (Recon: 1.256728, Diff: 0.246533, KL: 0.001311)
2026-02-16 14:25:29,732 - INFO - Epoch 2/100 Batch 556/650 - Loss: 1.529674 (Recon: 1.255355, Diff: 0.274317, KL: 0.001197)
2026-02-16 14:25:31,275 - INFO - Epoch 2/100 Batch 557/650 - Loss: 1.519170 (Recon: 1.254849, Diff: 0.264319, KL: 0.002249)
2026-02-16 14:25:32,311 - INFO - Epoch 2/100 Batch 558/650 - Loss: 1.421520 (Recon: 1.248855, Diff: 0.172664, KL: 0.001041)
2026-02-16 14:25:33,341 - INFO - Epoch 2/100 Batch 559/650 - Loss: 1.456196 (Recon: 1.253386, Diff: 0.202809, KL: 0.001365)
2026-02-16 14:25:36,868 - INFO - Epoch 2/100 Batch 560/650 - Loss: 1.423524 (Recon: 1.258902, Diff: 0.164622, KL: 0.001035)
2026-02-16 14:25:40,643 - INFO - Epoch 2/100 Batch 561/650 - Loss: 1.472596 (Recon: 1.255513, Diff: 0.217081, KL: 0.001766)
2026-02-16 14:25:41,681 - INFO - Epoch 2/100 Batch 562/650 - Loss: 1.445685 (Recon: 1.252744, Diff: 0.192940, KL: 0.001237)
2026-02-16 14:25:42,723 - INFO - Epoch 2/100 Batch 563/650 - Loss: 1.440397 (Recon: 1.252705, Diff: 0.187691, KL: 0.000782)
2026-02-16 14:25:43,757 - INFO - Epoch 2/100 Batch 564/650 - Loss: 1.497269 (Recon: 1.258460, Diff: 0.238807, KL: 0.001591)
2026-02-16 14:25:44,838 - INFO - Epoch 2/100 Batch 565/650 - Loss: 1.523656 (Recon: 1.253345, Diff: 0.270309, KL: 0.001683)
2026-02-16 14:25:47,231 - INFO - Epoch 2/100 Batch 566/650 - Loss: 1.430023 (Recon: 1.254599, Diff: 0.175422, KL: 0.001243)
2026-02-16 14:25:48,332 - INFO - Epoch 2/100 Batch 567/650 - Loss: 1.475963 (Recon: 1.255536, Diff: 0.220426, KL: 0.001210)
2026-02-16 14:25:49,368 - INFO - Epoch 2/100 Batch 568/650 - Loss: 1.468985 (Recon: 1.255159, Diff: 0.213824, KL: 0.001868)
2026-02-16 14:25:50,391 - INFO - Epoch 2/100 Batch 569/650 - Loss: 1.443819 (Recon: 1.247784, Diff: 0.196033, KL: 0.001394)
2026-02-16 14:25:51,494 - INFO - Epoch 2/100 Batch 570/650 - Loss: 1.386522 (Recon: 1.255648, Diff: 0.130872, KL: 0.001580)
2026-02-16 14:25:52,552 - INFO - Epoch 2/100 Batch 571/650 - Loss: 1.429888 (Recon: 1.248347, Diff: 0.181540, KL: 0.001362)
2026-02-16 14:25:53,598 - INFO - Epoch 2/100 Batch 572/650 - Loss: 1.490534 (Recon: 1.254652, Diff: 0.235880, KL: 0.001410)
2026-02-16 14:25:57,589 - INFO - Epoch 2/100 Batch 573/650 - Loss: 1.430232 (Recon: 1.246567, Diff: 0.183664, KL: 0.001527)
2026-02-16 14:26:01,229 - INFO - Epoch 2/100 Batch 574/650 - Loss: 1.474024 (Recon: 1.253906, Diff: 0.220118, KL: 0.000779)
2026-02-16 14:26:02,294 - INFO - Epoch 2/100 Batch 575/650 - Loss: 1.482988 (Recon: 1.248967, Diff: 0.234017, KL: 0.004262)
2026-02-16 14:26:03,324 - INFO - Epoch 2/100 Batch 576/650 - Loss: 1.396048 (Recon: 1.253707, Diff: 0.142340, KL: 0.000938)
2026-02-16 14:26:04,395 - INFO - Epoch 2/100 Batch 577/650 - Loss: 1.485874 (Recon: 1.257369, Diff: 0.228503, KL: 0.001440)
2026-02-16 14:26:10,679 - INFO - Epoch 2/100 Batch 578/650 - Loss: 1.523810 (Recon: 1.253017, Diff: 0.270792, KL: 0.001076)
2026-02-16 14:26:25,355 - INFO - Epoch 2/100 Batch 579/650 - Loss: 1.401879 (Recon: 1.253744, Diff: 0.148134, KL: 0.000847)
2026-02-16 14:26:26,406 - INFO - Epoch 2/100 Batch 580/650 - Loss: 1.414120 (Recon: 1.252939, Diff: 0.161180, KL: 0.001502)
2026-02-16 14:26:27,419 - INFO - Epoch 2/100 Batch 581/650 - Loss: 1.438084 (Recon: 1.255195, Diff: 0.182888, KL: 0.001666)
2026-02-16 14:26:28,458 - INFO - Epoch 2/100 Batch 582/650 - Loss: 1.433168 (Recon: 1.256692, Diff: 0.176475, KL: 0.001156)
2026-02-16 14:27:01,044 - INFO - Epoch 2/100 Batch 583/650 - Loss: 1.495422 (Recon: 1.255986, Diff: 0.239436, KL: 0.001111)
2026-02-16 14:27:20,865 - INFO - Epoch 2/100 Batch 584/650 - Loss: 1.415591 (Recon: 1.251657, Diff: 0.163933, KL: 0.001229)
2026-02-16 14:27:22,143 - INFO - Epoch 2/100 Batch 585/650 - Loss: 1.509779 (Recon: 1.255484, Diff: 0.254294, KL: 0.001116)
2026-02-16 14:27:23,588 - INFO - Epoch 2/100 Batch 586/650 - Loss: 1.492569 (Recon: 1.254791, Diff: 0.237777, KL: 0.001685)
2026-02-16 14:27:24,578 - INFO - Epoch 2/100 Batch 587/650 - Loss: 1.446234 (Recon: 1.248436, Diff: 0.197797, KL: 0.000909)
2026-02-16 14:27:25,565 - INFO - Epoch 2/100 Batch 588/650 - Loss: 1.429886 (Recon: 1.255701, Diff: 0.174185, KL: 0.000785)
2026-02-16 14:27:26,569 - INFO - Epoch 2/100 Batch 589/650 - Loss: 1.437687 (Recon: 1.248910, Diff: 0.188776, KL: 0.000935)
2026-02-16 14:27:27,604 - INFO - Epoch 2/100 Batch 590/650 - Loss: 1.415474 (Recon: 1.253683, Diff: 0.161790, KL: 0.000725)
2026-02-16 14:27:28,666 - INFO - Epoch 2/100 Batch 591/650 - Loss: 1.351025 (Recon: 1.256234, Diff: 0.094791, KL: 0.000547)
2026-02-16 14:27:29,651 - INFO - Epoch 2/100 Batch 592/650 - Loss: 1.453774 (Recon: 1.255191, Diff: 0.198583, KL: 0.001086)
2026-02-16 14:27:33,398 - INFO - Epoch 2/100 Batch 593/650 - Loss: 1.436861 (Recon: 1.250339, Diff: 0.186521, KL: 0.001306)
2026-02-16 14:27:34,481 - INFO - Epoch 2/100 Batch 594/650 - Loss: 1.397708 (Recon: 1.252886, Diff: 0.144822, KL: 0.000295)
2026-02-16 14:27:35,545 - INFO - Epoch 2/100 Batch 595/650 - Loss: 1.498372 (Recon: 1.249931, Diff: 0.248440, KL: 0.001490)
2026-02-16 14:27:36,595 - INFO - Epoch 2/100 Batch 596/650 - Loss: 1.394449 (Recon: 1.251147, Diff: 0.143302, KL: 0.000750)
2026-02-16 14:27:37,647 - INFO - Epoch 2/100 Batch 597/650 - Loss: 1.429542 (Recon: 1.255861, Diff: 0.173680, KL: 0.000756)
2026-02-16 14:27:38,763 - INFO - Epoch 2/100 Batch 598/650 - Loss: 1.467729 (Recon: 1.248002, Diff: 0.219726, KL: 0.001139)
2026-02-16 14:27:39,860 - INFO - Epoch 2/100 Batch 599/650 - Loss: 1.435995 (Recon: 1.256724, Diff: 0.179270, KL: 0.000801)
2026-02-16 14:27:40,925 - INFO - Epoch 2/100 Batch 600/650 - Loss: 1.466080 (Recon: 1.254615, Diff: 0.211463, KL: 0.001056)
2026-02-16 14:27:41,975 - INFO - Epoch 2/100 Batch 601/650 - Loss: 1.430333 (Recon: 1.252625, Diff: 0.177706, KL: 0.000945)
2026-02-16 14:27:43,055 - INFO - Epoch 2/100 Batch 602/650 - Loss: 1.374705 (Recon: 1.255622, Diff: 0.119082, KL: 0.000577)
2026-02-16 14:27:44,098 - INFO - Epoch 2/100 Batch 603/650 - Loss: 1.407683 (Recon: 1.256051, Diff: 0.151630, KL: 0.001457)
2026-02-16 14:27:45,137 - INFO - Epoch 2/100 Batch 604/650 - Loss: 1.481692 (Recon: 1.253986, Diff: 0.227705, KL: 0.000782)
2026-02-16 14:27:46,199 - INFO - Epoch 2/100 Batch 605/650 - Loss: 1.503152 (Recon: 1.255803, Diff: 0.247348, KL: 0.000690)
2026-02-16 14:27:47,276 - INFO - Epoch 2/100 Batch 606/650 - Loss: 1.490995 (Recon: 1.256724, Diff: 0.234270, KL: 0.000857)
2026-02-16 14:27:48,303 - INFO - Epoch 2/100 Batch 607/650 - Loss: 1.429147 (Recon: 1.251684, Diff: 0.177462, KL: 0.000772)
2026-02-16 14:27:49,343 - INFO - Epoch 2/100 Batch 608/650 - Loss: 1.490142 (Recon: 1.251603, Diff: 0.238538, KL: 0.000785)
2026-02-16 14:27:50,360 - INFO - Epoch 2/100 Batch 609/650 - Loss: 1.498031 (Recon: 1.255905, Diff: 0.242125, KL: 0.001161)
2026-02-16 14:27:51,408 - INFO - Epoch 2/100 Batch 610/650 - Loss: 1.369557 (Recon: 1.254267, Diff: 0.115289, KL: 0.000722)
2026-02-16 14:27:52,442 - INFO - Epoch 2/100 Batch 611/650 - Loss: 1.506463 (Recon: 1.253980, Diff: 0.252482, KL: 0.001387)
2026-02-16 14:27:53,468 - INFO - Epoch 2/100 Batch 612/650 - Loss: 1.415618 (Recon: 1.251615, Diff: 0.164002, KL: 0.000928)
2026-02-16 14:27:54,607 - INFO - Epoch 2/100 Batch 613/650 - Loss: 1.460417 (Recon: 1.255475, Diff: 0.204935, KL: 0.007190)
2026-02-16 14:27:55,628 - INFO - Epoch 2/100 Batch 614/650 - Loss: 1.423217 (Recon: 1.245716, Diff: 0.177500, KL: 0.001384)
2026-02-16 14:27:56,849 - INFO - Epoch 2/100 Batch 615/650 - Loss: 1.370638 (Recon: 1.252393, Diff: 0.118244, KL: 0.001195)
2026-02-16 14:27:57,902 - INFO - Epoch 2/100 Batch 616/650 - Loss: 1.384492 (Recon: 1.253021, Diff: 0.131470, KL: 0.000606)
2026-02-16 14:27:58,946 - INFO - Epoch 2/100 Batch 617/650 - Loss: 1.454878 (Recon: 1.252842, Diff: 0.202036, KL: 0.000535)
2026-02-16 14:27:59,986 - INFO - Epoch 2/100 Batch 618/650 - Loss: 1.484623 (Recon: 1.252577, Diff: 0.232045, KL: 0.001059)
2026-02-16 14:28:01,025 - INFO - Epoch 2/100 Batch 619/650 - Loss: 1.448805 (Recon: 1.250564, Diff: 0.198240, KL: 0.001545)
2026-02-16 14:28:02,087 - INFO - Epoch 2/100 Batch 620/650 - Loss: 1.510958 (Recon: 1.255684, Diff: 0.255272, KL: 0.001301)
2026-02-16 14:28:03,098 - INFO - Epoch 2/100 Batch 621/650 - Loss: 1.476497 (Recon: 1.249794, Diff: 0.226703, KL: 0.000650)
2026-02-16 14:28:04,140 - INFO - Epoch 2/100 Batch 622/650 - Loss: 1.409632 (Recon: 1.252829, Diff: 0.156802, KL: 0.001152)
2026-02-16 14:28:05,187 - INFO - Epoch 2/100 Batch 623/650 - Loss: 1.409717 (Recon: 1.254477, Diff: 0.155239, KL: 0.001768)
2026-02-16 14:28:06,267 - INFO - Epoch 2/100 Batch 624/650 - Loss: 1.470454 (Recon: 1.254276, Diff: 0.216177, KL: 0.000680)
2026-02-16 14:28:07,249 - INFO - Epoch 2/100 Batch 625/650 - Loss: 1.442062 (Recon: 1.254157, Diff: 0.187904, KL: 0.000755)
2026-02-16 14:28:09,652 - INFO - Epoch 2/100 Batch 626/650 - Loss: 1.507370 (Recon: 1.245601, Diff: 0.261768, KL: 0.001429)
2026-02-16 14:28:10,684 - INFO - Epoch 2/100 Batch 627/650 - Loss: 1.460081 (Recon: 1.255003, Diff: 0.205076, KL: 0.001691)
2026-02-16 14:28:11,910 - INFO - Epoch 2/100 Batch 628/650 - Loss: 1.447861 (Recon: 1.249226, Diff: 0.198634, KL: 0.001423)
2026-02-16 14:28:12,925 - INFO - Epoch 2/100 Batch 629/650 - Loss: 1.409969 (Recon: 1.253231, Diff: 0.156737, KL: 0.000769)
2026-02-16 14:28:14,011 - INFO - Epoch 2/100 Batch 630/650 - Loss: 1.560781 (Recon: 1.254738, Diff: 0.306042, KL: 0.001422)
2026-02-16 14:28:15,041 - INFO - Epoch 2/100 Batch 631/650 - Loss: 1.458635 (Recon: 1.254142, Diff: 0.204491, KL: 0.001360)
2026-02-16 14:28:16,124 - INFO - Epoch 2/100 Batch 632/650 - Loss: 1.460149 (Recon: 1.254459, Diff: 0.205689, KL: 0.000919)
2026-02-16 14:28:17,163 - INFO - Epoch 2/100 Batch 633/650 - Loss: 1.412605 (Recon: 1.253183, Diff: 0.159420, KL: 0.001786)
2026-02-16 14:28:18,181 - INFO - Epoch 2/100 Batch 634/650 - Loss: 1.424199 (Recon: 1.253624, Diff: 0.170573, KL: 0.001398)
2026-02-16 14:28:19,229 - INFO - Epoch 2/100 Batch 635/650 - Loss: 1.510260 (Recon: 1.251817, Diff: 0.258440, KL: 0.002353)
2026-02-16 14:28:20,324 - INFO - Epoch 2/100 Batch 636/650 - Loss: 1.412667 (Recon: 1.256019, Diff: 0.156647, KL: 0.000683)
2026-02-16 14:28:21,405 - INFO - Epoch 2/100 Batch 637/650 - Loss: 1.434853 (Recon: 1.253638, Diff: 0.181214, KL: 0.001391)
2026-02-16 14:28:22,408 - INFO - Epoch 2/100 Batch 638/650 - Loss: 1.403064 (Recon: 1.249297, Diff: 0.153764, KL: 0.002513)
2026-02-16 14:28:23,408 - INFO - Epoch 2/100 Batch 639/650 - Loss: 1.471407 (Recon: 1.251364, Diff: 0.220040, KL: 0.001803)
2026-02-16 14:28:24,389 - INFO - Epoch 2/100 Batch 640/650 - Loss: 1.391825 (Recon: 1.249948, Diff: 0.141876, KL: 0.000904)
2026-02-16 14:28:25,411 - INFO - Epoch 2/100 Batch 641/650 - Loss: 1.390047 (Recon: 1.250222, Diff: 0.139824, KL: 0.000622)
2026-02-16 14:28:26,463 - INFO - Epoch 2/100 Batch 642/650 - Loss: 1.434700 (Recon: 1.253839, Diff: 0.180861, KL: 0.000769)
2026-02-16 14:28:27,454 - INFO - Epoch 2/100 Batch 643/650 - Loss: 1.433127 (Recon: 1.256208, Diff: 0.176918, KL: 0.001064)
2026-02-16 14:28:28,473 - INFO - Epoch 2/100 Batch 644/650 - Loss: 1.418571 (Recon: 1.251059, Diff: 0.167511, KL: 0.000821)
2026-02-16 14:28:29,518 - INFO - Epoch 2/100 Batch 645/650 - Loss: 1.383873 (Recon: 1.254231, Diff: 0.129641, KL: 0.000890)
2026-02-16 14:28:56,672 - INFO - Epoch 2/100 Batch 646/650 - Loss: 1.552533 (Recon: 1.251069, Diff: 0.301462, KL: 0.001195)
2026-02-16 14:29:13,309 - INFO - Epoch 2/100 Batch 647/650 - Loss: 1.439483 (Recon: 1.255455, Diff: 0.184027, KL: 0.001020)
2026-02-16 14:29:14,289 - INFO - Epoch 2/100 Batch 648/650 - Loss: 1.511001 (Recon: 1.254672, Diff: 0.256327, KL: 0.001271)
2026-02-16 14:29:15,266 - INFO - Epoch 2/100 Batch 649/650 - Loss: 1.489114 (Recon: 1.246831, Diff: 0.242281, KL: 0.001779)
2026-02-16 14:29:16,213 - INFO - Epoch 2/100 Batch 650/650 - Loss: 1.393982 (Recon: 1.249978, Diff: 0.144003, KL: 0.000467)
2026-02-16 14:29:16,312 - INFO - Epoch 2 Train Loss: 1.537485
2026-02-16 14:29:26,585 - INFO - Epoch 2 Val Loss: 1.421481 (Recon: 1.2531, Diff: 0.1683, KL: 0.0030)
2026-02-16 14:29:30,852 - INFO - New best model saved with val_loss: 1.421481
2026-02-16 14:29:39,929 - INFO - Epoch 3/100 Batch 1/650 - Loss: 1.427838 (Recon: 1.253344, Diff: 0.174493, KL: 0.000955)
2026-02-16 14:29:41,070 - INFO - Epoch 3/100 Batch 2/650 - Loss: 1.473106 (Recon: 1.249022, Diff: 0.224083, KL: 0.000955)
2026-02-16 14:29:42,152 - INFO - Epoch 3/100 Batch 3/650 - Loss: 1.440563 (Recon: 1.253745, Diff: 0.186817, KL: 0.001060)
2026-02-16 14:29:43,296 - INFO - Epoch 3/100 Batch 4/650 - Loss: 1.380928 (Recon: 1.247923, Diff: 0.133004, KL: 0.001100)
2026-02-16 14:29:44,346 - INFO - Epoch 3/100 Batch 5/650 - Loss: 1.428686 (Recon: 1.248132, Diff: 0.180553, KL: 0.000831)
2026-02-16 14:29:45,420 - INFO - Epoch 3/100 Batch 6/650 - Loss: 1.505947 (Recon: 1.251860, Diff: 0.254086, KL: 0.001065)
2026-02-16 14:29:46,585 - INFO - Epoch 3/100 Batch 7/650 - Loss: 1.387147 (Recon: 1.252116, Diff: 0.135030, KL: 0.000854)
2026-02-16 14:29:47,667 - INFO - Epoch 3/100 Batch 8/650 - Loss: 1.460845 (Recon: 1.249717, Diff: 0.211127, KL: 0.001181)
2026-02-16 14:29:58,815 - INFO - Epoch 3/100 Batch 9/650 - Loss: 1.407320 (Recon: 1.249871, Diff: 0.157448, KL: 0.000701)
2026-02-16 14:29:59,879 - INFO - Epoch 3/100 Batch 10/650 - Loss: 1.416064 (Recon: 1.249018, Diff: 0.167045, KL: 0.000925)
2026-02-16 14:30:00,961 - INFO - Epoch 3/100 Batch 11/650 - Loss: 1.377660 (Recon: 1.248379, Diff: 0.129281, KL: 0.000561)
2026-02-16 14:30:02,088 - INFO - Epoch 3/100 Batch 12/650 - Loss: 1.430883 (Recon: 1.250666, Diff: 0.180216, KL: 0.000779)
2026-02-16 14:30:03,154 - INFO - Epoch 3/100 Batch 13/650 - Loss: 1.428051 (Recon: 1.253805, Diff: 0.174244, KL: 0.000623)
2026-02-16 14:30:04,204 - INFO - Epoch 3/100 Batch 14/650 - Loss: 1.466168 (Recon: 1.255371, Diff: 0.210796, KL: 0.001102)
2026-02-16 14:30:05,333 - INFO - Epoch 3/100 Batch 15/650 - Loss: 1.374792 (Recon: 1.252587, Diff: 0.122204, KL: 0.000634)
2026-02-16 14:30:06,495 - INFO - Epoch 3/100 Batch 16/650 - Loss: 1.464467 (Recon: 1.254264, Diff: 0.210202, KL: 0.000994)
2026-02-16 14:30:38,470 - INFO - Epoch 3/100 Batch 17/650 - Loss: 1.391122 (Recon: 1.249398, Diff: 0.141723, KL: 0.000901)
2026-02-16 14:31:14,439 - INFO - Epoch 3/100 Batch 18/650 - Loss: 1.421316 (Recon: 1.252321, Diff: 0.168995, KL: 0.000373)
2026-02-16 14:31:27,273 - INFO - Epoch 3/100 Batch 19/650 - Loss: 1.398196 (Recon: 1.250867, Diff: 0.147329, KL: 0.000630)
2026-02-16 14:31:28,491 - INFO - Epoch 3/100 Batch 20/650 - Loss: 1.422734 (Recon: 1.247234, Diff: 0.175499, KL: 0.000529)
2026-02-16 14:31:29,561 - INFO - Epoch 3/100 Batch 21/650 - Loss: 1.478505 (Recon: 1.253948, Diff: 0.224557, KL: 0.000741)
2026-02-16 14:31:30,610 - INFO - Epoch 3/100 Batch 22/650 - Loss: 1.455752 (Recon: 1.250178, Diff: 0.205573, KL: 0.001200)
2026-02-16 14:31:31,767 - INFO - Epoch 3/100 Batch 23/650 - Loss: 1.443201 (Recon: 1.249081, Diff: 0.194120, KL: 0.000552)
2026-02-16 14:31:32,825 - INFO - Epoch 3/100 Batch 24/650 - Loss: 1.443712 (Recon: 1.249614, Diff: 0.194097, KL: 0.000867)
2026-02-16 14:31:34,012 - INFO - Epoch 3/100 Batch 25/650 - Loss: 1.355070 (Recon: 1.248826, Diff: 0.106239, KL: 0.004808)
2026-02-16 14:31:35,068 - INFO - Epoch 3/100 Batch 26/650 - Loss: 1.368099 (Recon: 1.251508, Diff: 0.116586, KL: 0.004923)
2026-02-16 14:31:36,271 - INFO - Epoch 3/100 Batch 27/650 - Loss: 1.421178 (Recon: 1.242921, Diff: 0.178257, KL: 0.000830)
2026-02-16 14:31:37,376 - INFO - Epoch 3/100 Batch 28/650 - Loss: 1.449287 (Recon: 1.252802, Diff: 0.196484, KL: 0.000683)
2026-02-16 14:31:38,439 - INFO - Epoch 3/100 Batch 29/650 - Loss: 1.386288 (Recon: 1.251198, Diff: 0.135089, KL: 0.000674)
2026-02-16 14:31:39,496 - INFO - Epoch 3/100 Batch 30/650 - Loss: 1.373883 (Recon: 1.251155, Diff: 0.122728, KL: 0.000461)
2026-02-16 14:31:40,646 - INFO - Epoch 3/100 Batch 31/650 - Loss: 1.381069 (Recon: 1.250871, Diff: 0.130197, KL: 0.000961)
2026-02-16 14:31:41,752 - INFO - Epoch 3/100 Batch 32/650 - Loss: 1.395006 (Recon: 1.248111, Diff: 0.146894, KL: 0.000621)
2026-02-16 14:31:42,802 - INFO - Epoch 3/100 Batch 33/650 - Loss: 1.500328 (Recon: 1.249411, Diff: 0.250916, KL: 0.001177)
2026-02-16 14:31:43,828 - INFO - Epoch 3/100 Batch 34/650 - Loss: 1.483598 (Recon: 1.246666, Diff: 0.236931, KL: 0.000816)
2026-02-16 14:31:44,904 - INFO - Epoch 3/100 Batch 35/650 - Loss: 1.446857 (Recon: 1.246854, Diff: 0.200002, KL: 0.000742)
2026-02-16 14:31:45,961 - INFO - Epoch 3/100 Batch 36/650 - Loss: 1.350055 (Recon: 1.252181, Diff: 0.097874, KL: 0.000535)
2026-02-16 14:31:46,991 - INFO - Epoch 3/100 Batch 37/650 - Loss: 1.536940 (Recon: 1.251372, Diff: 0.285567, KL: 0.000682)
2026-02-16 14:31:48,035 - INFO - Epoch 3/100 Batch 38/650 - Loss: 1.481025 (Recon: 1.248178, Diff: 0.232846, KL: 0.001057)
2026-02-16 14:31:49,121 - INFO - Epoch 3/100 Batch 39/650 - Loss: 1.418134 (Recon: 1.254793, Diff: 0.163340, KL: 0.000899)
2026-02-16 14:31:50,211 - INFO - Epoch 3/100 Batch 40/650 - Loss: 1.380205 (Recon: 1.247314, Diff: 0.132889, KL: 0.001140)
2026-02-16 14:31:51,259 - INFO - Epoch 3/100 Batch 41/650 - Loss: 1.419353 (Recon: 1.253788, Diff: 0.165565, KL: 0.000990)
2026-02-16 14:31:52,293 - INFO - Epoch 3/100 Batch 42/650 - Loss: 1.433724 (Recon: 1.252424, Diff: 0.181299, KL: 0.001061)
2026-02-16 14:31:53,393 - INFO - Epoch 3/100 Batch 43/650 - Loss: 1.493614 (Recon: 1.252374, Diff: 0.241239, KL: 0.000959)
2026-02-16 14:31:54,427 - INFO - Epoch 3/100 Batch 44/650 - Loss: 1.459700 (Recon: 1.251306, Diff: 0.208393, KL: 0.001052)
2026-02-16 14:31:55,485 - INFO - Epoch 3/100 Batch 45/650 - Loss: 1.448975 (Recon: 1.251433, Diff: 0.197541, KL: 0.000690)
2026-02-16 14:31:56,538 - INFO - Epoch 3/100 Batch 46/650 - Loss: 1.340055 (Recon: 1.249908, Diff: 0.090147, KL: 0.000651)
2026-02-16 14:31:57,701 - INFO - Epoch 3/100 Batch 47/650 - Loss: 1.395303 (Recon: 1.244694, Diff: 0.150607, KL: 0.001701)
2026-02-16 14:31:58,744 - INFO - Epoch 3/100 Batch 48/650 - Loss: 1.466116 (Recon: 1.254379, Diff: 0.211736, KL: 0.000959)
2026-02-16 14:31:59,847 - INFO - Epoch 3/100 Batch 49/650 - Loss: 1.420639 (Recon: 1.254818, Diff: 0.165820, KL: 0.000667)
2026-02-16 14:32:00,904 - INFO - Epoch 3/100 Batch 50/650 - Loss: 1.457058 (Recon: 1.249446, Diff: 0.207611, KL: 0.000794)
2026-02-16 14:32:02,080 - INFO - Epoch 3/100 Batch 51/650 - Loss: 1.486981 (Recon: 1.247508, Diff: 0.239472, KL: 0.001038)
2026-02-16 14:32:03,118 - INFO - Epoch 3/100 Batch 52/650 - Loss: 1.479738 (Recon: 1.252490, Diff: 0.227247, KL: 0.000856)
2026-02-16 14:32:04,386 - INFO - Epoch 3/100 Batch 53/650 - Loss: 1.435590 (Recon: 1.250232, Diff: 0.185357, KL: 0.000708)
2026-02-16 14:32:05,445 - INFO - Epoch 3/100 Batch 54/650 - Loss: 1.392784 (Recon: 1.249887, Diff: 0.142896, KL: 0.000458)
2026-02-16 14:32:06,559 - INFO - Epoch 3/100 Batch 55/650 - Loss: 1.465197 (Recon: 1.251935, Diff: 0.213261, KL: 0.000762)
2026-02-16 14:32:07,621 - INFO - Epoch 3/100 Batch 56/650 - Loss: 1.357203 (Recon: 1.253474, Diff: 0.103728, KL: 0.001129)
2026-02-16 14:32:08,649 - INFO - Epoch 3/100 Batch 57/650 - Loss: 1.479749 (Recon: 1.250997, Diff: 0.228751, KL: 0.000897)
2026-02-16 14:32:09,725 - INFO - Epoch 3/100 Batch 58/650 - Loss: 1.434764 (Recon: 1.246375, Diff: 0.188388, KL: 0.000886)
2026-02-16 14:32:10,917 - INFO - Epoch 3/100 Batch 59/650 - Loss: 1.442078 (Recon: 1.253020, Diff: 0.189057, KL: 0.000497)
2026-02-16 14:32:11,966 - INFO - Epoch 3/100 Batch 60/650 - Loss: 1.423775 (Recon: 1.255307, Diff: 0.168462, KL: 0.005076)
2026-02-16 14:32:13,441 - INFO - Epoch 3/100 Batch 61/650 - Loss: 1.480671 (Recon: 1.251821, Diff: 0.228850, KL: 0.000440)
2026-02-16 14:32:14,476 - INFO - Epoch 3/100 Batch 62/650 - Loss: 1.468561 (Recon: 1.244546, Diff: 0.224014, KL: 0.000950)
2026-02-16 14:32:15,804 - INFO - Epoch 3/100 Batch 63/650 - Loss: 1.361016 (Recon: 1.250915, Diff: 0.110101, KL: 0.000471)
2026-02-16 14:32:16,879 - INFO - Epoch 3/100 Batch 64/650 - Loss: 1.450595 (Recon: 1.254094, Diff: 0.196494, KL: 0.006667)
2026-02-16 14:32:17,911 - INFO - Epoch 3/100 Batch 65/650 - Loss: 1.460778 (Recon: 1.250725, Diff: 0.210052, KL: 0.000545)
2026-02-16 14:32:18,999 - INFO - Epoch 3/100 Batch 66/650 - Loss: 1.435327 (Recon: 1.249884, Diff: 0.185442, KL: 0.001236)
2026-02-16 14:32:20,100 - INFO - Epoch 3/100 Batch 67/650 - Loss: 1.369897 (Recon: 1.252045, Diff: 0.117851, KL: 0.000604)
2026-02-16 14:32:21,162 - INFO - Epoch 3/100 Batch 68/650 - Loss: 1.506061 (Recon: 1.249997, Diff: 0.256063, KL: 0.000669)
2026-02-16 14:32:22,230 - INFO - Epoch 3/100 Batch 69/650 - Loss: 1.373412 (Recon: 1.246777, Diff: 0.126635, KL: 0.000735)
2026-02-16 14:32:23,304 - INFO - Epoch 3/100 Batch 70/650 - Loss: 1.391526 (Recon: 1.246692, Diff: 0.144833, KL: 0.000787)
2026-02-16 14:32:24,503 - INFO - Epoch 3/100 Batch 71/650 - Loss: 1.474682 (Recon: 1.252099, Diff: 0.222582, KL: 0.001064)
2026-02-16 14:32:25,559 - INFO - Epoch 3/100 Batch 72/650 - Loss: 1.431260 (Recon: 1.245243, Diff: 0.186015, KL: 0.001288)
2026-02-16 14:32:26,620 - INFO - Epoch 3/100 Batch 73/650 - Loss: 1.457539 (Recon: 1.248442, Diff: 0.209096, KL: 0.001242)
2026-02-16 14:32:27,669 - INFO - Epoch 3/100 Batch 74/650 - Loss: 1.489292 (Recon: 1.247524, Diff: 0.241766, KL: 0.001534)
2026-02-16 14:32:29,405 - INFO - Epoch 3/100 Batch 75/650 - Loss: 1.408485 (Recon: 1.246974, Diff: 0.161510, KL: 0.000900)
2026-02-16 14:32:30,402 - INFO - Epoch 3/100 Batch 76/650 - Loss: 1.410077 (Recon: 1.250799, Diff: 0.159278, KL: 0.000730)
2026-02-16 14:32:31,413 - INFO - Epoch 3/100 Batch 77/650 - Loss: 1.375277 (Recon: 1.251279, Diff: 0.123997, KL: 0.000601)
2026-02-16 14:32:32,468 - INFO - Epoch 3/100 Batch 78/650 - Loss: 1.403587 (Recon: 1.243432, Diff: 0.160154, KL: 0.000461)
2026-02-16 14:32:33,698 - INFO - Epoch 3/100 Batch 79/650 - Loss: 1.524899 (Recon: 1.249798, Diff: 0.275100, KL: 0.001607)
2026-02-16 14:32:34,810 - INFO - Epoch 3/100 Batch 80/650 - Loss: 1.417551 (Recon: 1.250918, Diff: 0.166632, KL: 0.001129)
2026-02-16 14:32:35,894 - INFO - Epoch 3/100 Batch 81/650 - Loss: 1.450902 (Recon: 1.252914, Diff: 0.197986, KL: 0.001303)
2026-02-16 14:32:36,943 - INFO - Epoch 3/100 Batch 82/650 - Loss: 1.433298 (Recon: 1.252478, Diff: 0.180819, KL: 0.001043)
2026-02-16 14:32:38,025 - INFO - Epoch 3/100 Batch 83/650 - Loss: 1.433859 (Recon: 1.251754, Diff: 0.182104, KL: 0.000610)
2026-02-16 14:32:39,109 - INFO - Epoch 3/100 Batch 84/650 - Loss: 1.466387 (Recon: 1.252671, Diff: 0.213715, KL: 0.001118)
2026-02-16 14:33:05,278 - INFO - Epoch 3/100 Batch 85/650 - Loss: 1.366269 (Recon: 1.244871, Diff: 0.121397, KL: 0.001176)
2026-02-16 14:33:32,179 - INFO - Epoch 3/100 Batch 86/650 - Loss: 1.378489 (Recon: 1.245566, Diff: 0.132921, KL: 0.000808)
2026-02-16 14:33:35,217 - INFO - Epoch 3/100 Batch 87/650 - Loss: 1.394445 (Recon: 1.248604, Diff: 0.145840, KL: 0.000978)
2026-02-16 14:33:36,238 - INFO - Epoch 3/100 Batch 88/650 - Loss: 1.382823 (Recon: 1.245575, Diff: 0.137247, KL: 0.000781)
2026-02-16 14:33:37,304 - INFO - Epoch 3/100 Batch 89/650 - Loss: 1.347765 (Recon: 1.247629, Diff: 0.100135, KL: 0.000543)
2026-02-16 14:33:40,242 - INFO - Epoch 3/100 Batch 90/650 - Loss: 1.487951 (Recon: 1.248670, Diff: 0.239280, KL: 0.000478)
2026-02-16 14:33:41,265 - INFO - Epoch 3/100 Batch 91/650 - Loss: 1.380122 (Recon: 1.249358, Diff: 0.130764, KL: 0.000413)
2026-02-16 14:33:42,795 - INFO - Epoch 3/100 Batch 92/650 - Loss: 1.465186 (Recon: 1.252233, Diff: 0.212952, KL: 0.000545)
2026-02-16 14:33:43,906 - INFO - Epoch 3/100 Batch 93/650 - Loss: 1.454494 (Recon: 1.248659, Diff: 0.205834, KL: 0.000858)
2026-02-16 14:33:44,951 - INFO - Epoch 3/100 Batch 94/650 - Loss: 1.398501 (Recon: 1.246632, Diff: 0.151867, KL: 0.000688)
2026-02-16 14:33:47,108 - INFO - Epoch 3/100 Batch 95/650 - Loss: 1.408524 (Recon: 1.251977, Diff: 0.156546, KL: 0.000801)
2026-02-16 14:33:49,193 - INFO - Epoch 3/100 Batch 96/650 - Loss: 1.439353 (Recon: 1.250377, Diff: 0.188976, KL: 0.000436)
2026-02-16 14:33:50,246 - INFO - Epoch 3/100 Batch 97/650 - Loss: 1.380919 (Recon: 1.253349, Diff: 0.127570, KL: 0.000521)
2026-02-16 14:33:51,318 - INFO - Epoch 3/100 Batch 98/650 - Loss: 1.434698 (Recon: 1.243230, Diff: 0.191461, KL: 0.006906)
2026-02-16 14:33:53,344 - INFO - Epoch 3/100 Batch 99/650 - Loss: 1.389980 (Recon: 1.248882, Diff: 0.141098, KL: 0.000875)
2026-02-16 14:33:57,171 - INFO - Epoch 3/100 Batch 100/650 - Loss: 1.397652 (Recon: 1.249826, Diff: 0.147825, KL: 0.000916)
2026-02-16 14:33:59,464 - INFO - Epoch 3/100 Batch 101/650 - Loss: 1.449999 (Recon: 1.249123, Diff: 0.200875, KL: 0.000589)
2026-02-16 14:34:00,517 - INFO - Epoch 3/100 Batch 102/650 - Loss: 1.450412 (Recon: 1.248764, Diff: 0.201647, KL: 0.000841)
2026-02-16 14:34:01,829 - INFO - Epoch 3/100 Batch 103/650 - Loss: 1.405786 (Recon: 1.249401, Diff: 0.156384, KL: 0.000758)
2026-02-16 14:34:05,885 - INFO - Epoch 3/100 Batch 104/650 - Loss: 1.392477 (Recon: 1.244392, Diff: 0.148085, KL: 0.000823)
2026-02-16 14:34:06,962 - INFO - Epoch 3/100 Batch 105/650 - Loss: 1.412097 (Recon: 1.252098, Diff: 0.159998, KL: 0.000950)
2026-02-16 14:34:08,015 - INFO - Epoch 3/100 Batch 106/650 - Loss: 1.367039 (Recon: 1.249304, Diff: 0.117735, KL: 0.000607)
2026-02-16 14:34:13,366 - INFO - Epoch 3/100 Batch 107/650 - Loss: 1.349265 (Recon: 1.244771, Diff: 0.104493, KL: 0.000658)
2026-02-16 14:34:23,149 - INFO - Epoch 3/100 Batch 108/650 - Loss: 1.432072 (Recon: 1.246642, Diff: 0.185423, KL: 0.006667)
2026-02-16 14:34:24,199 - INFO - Epoch 3/100 Batch 109/650 - Loss: 1.470180 (Recon: 1.243144, Diff: 0.227035, KL: 0.001001)
2026-02-16 14:34:25,242 - INFO - Epoch 3/100 Batch 110/650 - Loss: 1.497091 (Recon: 1.250076, Diff: 0.247015, KL: 0.000749)
2026-02-16 14:34:35,273 - INFO - Epoch 3/100 Batch 111/650 - Loss: 1.422296 (Recon: 1.247825, Diff: 0.174471, KL: 0.000600)
2026-02-16 14:34:45,348 - INFO - Epoch 3/100 Batch 112/650 - Loss: 1.447494 (Recon: 1.250841, Diff: 0.196652, KL: 0.000650)
2026-02-16 14:34:46,403 - INFO - Epoch 3/100 Batch 113/650 - Loss: 1.377750 (Recon: 1.248179, Diff: 0.129570, KL: 0.000751)
2026-02-16 14:34:47,455 - INFO - Epoch 3/100 Batch 114/650 - Loss: 1.412892 (Recon: 1.251030, Diff: 0.161862, KL: 0.000751)
2026-02-16 14:34:52,612 - INFO - Epoch 3/100 Batch 115/650 - Loss: 1.377680 (Recon: 1.246328, Diff: 0.131352, KL: 0.000451)
2026-02-16 14:34:53,840 - INFO - Epoch 3/100 Batch 116/650 - Loss: 1.422043 (Recon: 1.253355, Diff: 0.168687, KL: 0.000660)
2026-02-16 14:34:57,589 - INFO - Epoch 3/100 Batch 117/650 - Loss: 1.361722 (Recon: 1.251374, Diff: 0.110348, KL: 0.000632)
2026-02-16 14:34:58,653 - INFO - Epoch 3/100 Batch 118/650 - Loss: 1.426528 (Recon: 1.242662, Diff: 0.183865, KL: 0.000595)
2026-02-16 14:34:59,739 - INFO - Epoch 3/100 Batch 119/650 - Loss: 1.347686 (Recon: 1.244384, Diff: 0.103302, KL: 0.000503)
2026-02-16 14:35:00,841 - INFO - Epoch 3/100 Batch 120/650 - Loss: 1.472278 (Recon: 1.249260, Diff: 0.223017, KL: 0.000763)
2026-02-16 14:35:01,889 - INFO - Epoch 3/100 Batch 121/650 - Loss: 1.430738 (Recon: 1.251100, Diff: 0.179637, KL: 0.000671)
2026-02-16 14:35:02,914 - INFO - Epoch 3/100 Batch 122/650 - Loss: 1.330782 (Recon: 1.249790, Diff: 0.080992, KL: 0.000436)
2026-02-16 14:35:03,940 - INFO - Epoch 3/100 Batch 123/650 - Loss: 1.390634 (Recon: 1.250401, Diff: 0.140232, KL: 0.000482)
2026-02-16 14:35:09,530 - INFO - Epoch 3/100 Batch 124/650 - Loss: 1.358061 (Recon: 1.246357, Diff: 0.111704, KL: 0.000574)
2026-02-16 14:35:10,613 - INFO - Epoch 3/100 Batch 125/650 - Loss: 1.404916 (Recon: 1.249846, Diff: 0.155069, KL: 0.000820)
2026-02-16 14:35:11,705 - INFO - Epoch 3/100 Batch 126/650 - Loss: 1.465259 (Recon: 1.252496, Diff: 0.212762, KL: 0.001270)
2026-02-16 14:35:17,163 - INFO - Epoch 3/100 Batch 127/650 - Loss: 1.344821 (Recon: 1.248399, Diff: 0.096421, KL: 0.000352)
2026-02-16 14:35:18,186 - INFO - Epoch 3/100 Batch 128/650 - Loss: 1.417319 (Recon: 1.246892, Diff: 0.170426, KL: 0.001002)
2026-02-16 14:35:19,195 - INFO - Epoch 3/100 Batch 129/650 - Loss: 1.345049 (Recon: 1.248010, Diff: 0.097038, KL: 0.000571)
2026-02-16 14:35:20,192 - INFO - Epoch 3/100 Batch 130/650 - Loss: 1.395942 (Recon: 1.245716, Diff: 0.150226, KL: 0.000543)
2026-02-16 14:35:21,275 - INFO - Epoch 3/100 Batch 131/650 - Loss: 1.413624 (Recon: 1.250421, Diff: 0.163202, KL: 0.000738)
2026-02-16 14:35:22,305 - INFO - Epoch 3/100 Batch 132/650 - Loss: 1.370687 (Recon: 1.248378, Diff: 0.122309, KL: 0.000426)
2026-02-16 14:35:23,336 - INFO - Epoch 3/100 Batch 133/650 - Loss: 1.348608 (Recon: 1.247801, Diff: 0.100808, KL: 0.000212)
2026-02-16 14:35:24,422 - INFO - Epoch 3/100 Batch 134/650 - Loss: 1.393464 (Recon: 1.250731, Diff: 0.142732, KL: 0.000570)
2026-02-16 14:35:25,537 - INFO - Epoch 3/100 Batch 135/650 - Loss: 1.381125 (Recon: 1.249183, Diff: 0.131941, KL: 0.000895)
2026-02-16 14:35:26,597 - INFO - Epoch 3/100 Batch 136/650 - Loss: 1.447664 (Recon: 1.247563, Diff: 0.200101, KL: 0.000521)
2026-02-16 14:35:27,652 - INFO - Epoch 3/100 Batch 137/650 - Loss: 1.459411 (Recon: 1.252908, Diff: 0.206502, KL: 0.000802)
2026-02-16 14:35:28,707 - INFO - Epoch 3/100 Batch 138/650 - Loss: 1.369515 (Recon: 1.248199, Diff: 0.121315, KL: 0.000421)
2026-02-16 14:35:29,797 - INFO - Epoch 3/100 Batch 139/650 - Loss: 1.469594 (Recon: 1.245870, Diff: 0.223723, KL: 0.000954)
2026-02-16 14:35:30,882 - INFO - Epoch 3/100 Batch 140/650 - Loss: 1.329692 (Recon: 1.241531, Diff: 0.088159, KL: 0.001070)
2026-02-16 14:35:31,954 - INFO - Epoch 3/100 Batch 141/650 - Loss: 1.460185 (Recon: 1.250625, Diff: 0.209559, KL: 0.000520)
2026-02-16 14:35:32,987 - INFO - Epoch 3/100 Batch 142/650 - Loss: 1.369995 (Recon: 1.243562, Diff: 0.126427, KL: 0.005781)
2026-02-16 14:35:35,401 - INFO - Epoch 3/100 Batch 143/650 - Loss: 1.443011 (Recon: 1.244908, Diff: 0.198102, KL: 0.000687)
2026-02-16 14:35:38,269 - INFO - Epoch 3/100 Batch 144/650 - Loss: 1.426706 (Recon: 1.244434, Diff: 0.182272, KL: 0.000415)
2026-02-16 14:35:39,304 - INFO - Epoch 3/100 Batch 145/650 - Loss: 1.411650 (Recon: 1.249182, Diff: 0.162466, KL: 0.000612)
2026-02-16 14:35:40,316 - INFO - Epoch 3/100 Batch 146/650 - Loss: 1.349396 (Recon: 1.249952, Diff: 0.099444, KL: 0.000504)
2026-02-16 14:35:41,304 - INFO - Epoch 3/100 Batch 147/650 - Loss: 1.370176 (Recon: 1.240734, Diff: 0.129442, KL: 0.000776)
2026-02-16 14:35:42,307 - INFO - Epoch 3/100 Batch 148/650 - Loss: 1.450961 (Recon: 1.249324, Diff: 0.201636, KL: 0.000763)
2026-02-16 14:35:43,501 - INFO - Epoch 3/100 Batch 149/650 - Loss: 1.434616 (Recon: 1.247774, Diff: 0.186841, KL: 0.001165)
2026-02-16 14:35:54,249 - INFO - Epoch 3/100 Batch 150/650 - Loss: 1.401208 (Recon: 1.246231, Diff: 0.154977, KL: 0.000464)
2026-02-16 14:36:29,467 - INFO - Epoch 3/100 Batch 151/650 - Loss: 1.344928 (Recon: 1.246350, Diff: 0.098577, KL: 0.000410)
2026-02-16 14:36:42,911 - INFO - Epoch 3/100 Batch 152/650 - Loss: 1.390290 (Recon: 1.245615, Diff: 0.144671, KL: 0.004525)
2026-02-16 14:36:43,934 - INFO - Epoch 3/100 Batch 153/650 - Loss: 1.436262 (Recon: 1.246418, Diff: 0.189843, KL: 0.000442)
2026-02-16 14:36:44,999 - INFO - Epoch 3/100 Batch 154/650 - Loss: 1.440708 (Recon: 1.249929, Diff: 0.190778, KL: 0.000494)
2026-02-16 14:36:46,030 - INFO - Epoch 3/100 Batch 155/650 - Loss: 1.382291 (Recon: 1.249728, Diff: 0.132562, KL: 0.001149)
2026-02-16 14:36:47,063 - INFO - Epoch 3/100 Batch 156/650 - Loss: 1.421370 (Recon: 1.249364, Diff: 0.172005, KL: 0.000921)
2026-02-16 14:36:48,076 - INFO - Epoch 3/100 Batch 157/650 - Loss: 1.424919 (Recon: 1.249095, Diff: 0.175823, KL: 0.000676)
2026-02-16 14:36:49,110 - INFO - Epoch 3/100 Batch 158/650 - Loss: 1.380010 (Recon: 1.246235, Diff: 0.133775, KL: 0.000359)
2026-02-16 14:36:50,183 - INFO - Epoch 3/100 Batch 159/650 - Loss: 1.465417 (Recon: 1.247329, Diff: 0.218087, KL: 0.000889)
2026-02-16 14:36:51,208 - INFO - Epoch 3/100 Batch 160/650 - Loss: 1.399950 (Recon: 1.244828, Diff: 0.155121, KL: 0.000856)
2026-02-16 14:36:52,268 - INFO - Epoch 3/100 Batch 161/650 - Loss: 1.387445 (Recon: 1.247688, Diff: 0.139757, KL: 0.000316)
2026-02-16 14:36:53,373 - INFO - Epoch 3/100 Batch 162/650 - Loss: 1.407354 (Recon: 1.241740, Diff: 0.165614, KL: 0.000734)
2026-02-16 14:36:54,434 - INFO - Epoch 3/100 Batch 163/650 - Loss: 1.374657 (Recon: 1.246605, Diff: 0.128052, KL: 0.000776)
2026-02-16 14:36:55,472 - INFO - Epoch 3/100 Batch 164/650 - Loss: 1.366159 (Recon: 1.243945, Diff: 0.122213, KL: 0.000508)
2026-02-16 14:37:05,297 - INFO - Epoch 3/100 Batch 165/650 - Loss: 1.417856 (Recon: 1.245768, Diff: 0.172088, KL: 0.000542)
2026-02-16 14:37:15,023 - INFO - Epoch 3/100 Batch 166/650 - Loss: 1.422513 (Recon: 1.248702, Diff: 0.173809, KL: 0.001244)
2026-02-16 14:37:16,048 - INFO - Epoch 3/100 Batch 167/650 - Loss: 1.405910 (Recon: 1.247938, Diff: 0.157971, KL: 0.000343)
2026-02-16 14:37:17,117 - INFO - Epoch 3/100 Batch 168/650 - Loss: 1.332610 (Recon: 1.248862, Diff: 0.083748, KL: 0.000496)
2026-02-16 14:37:18,219 - INFO - Epoch 3/100 Batch 169/650 - Loss: 1.380792 (Recon: 1.245829, Diff: 0.134955, KL: 0.007993)
2026-02-16 14:37:19,312 - INFO - Epoch 3/100 Batch 170/650 - Loss: 1.405516 (Recon: 1.248553, Diff: 0.156962, KL: 0.000669)
2026-02-16 14:37:21,345 - INFO - Epoch 3/100 Batch 171/650 - Loss: 1.342717 (Recon: 1.245890, Diff: 0.096826, KL: 0.001029)
2026-02-16 14:37:22,377 - INFO - Epoch 3/100 Batch 172/650 - Loss: 1.363100 (Recon: 1.247993, Diff: 0.115107, KL: 0.000550)
2026-02-16 14:37:23,472 - INFO - Epoch 3/100 Batch 173/650 - Loss: 1.399059 (Recon: 1.249028, Diff: 0.150031, KL: 0.000762)
2026-02-16 14:37:24,496 - INFO - Epoch 3/100 Batch 174/650 - Loss: 1.388924 (Recon: 1.248440, Diff: 0.140483, KL: 0.000569)
2026-02-16 14:37:25,535 - INFO - Epoch 3/100 Batch 175/650 - Loss: 1.409168 (Recon: 1.241352, Diff: 0.167815, KL: 0.000577)
2026-02-16 14:37:26,563 - INFO - Epoch 3/100 Batch 176/650 - Loss: 1.388688 (Recon: 1.248346, Diff: 0.140341, KL: 0.000669)
2026-02-16 14:37:27,860 - INFO - Epoch 3/100 Batch 177/650 - Loss: 1.426965 (Recon: 1.247830, Diff: 0.179134, KL: 0.000791)
2026-02-16 14:37:28,835 - INFO - Epoch 3/100 Batch 178/650 - Loss: 1.484466 (Recon: 1.245267, Diff: 0.239197, KL: 0.001459)
2026-02-16 14:37:29,839 - INFO - Epoch 3/100 Batch 179/650 - Loss: 1.386035 (Recon: 1.249255, Diff: 0.136780, KL: 0.000377)
2026-02-16 14:37:30,822 - INFO - Epoch 3/100 Batch 180/650 - Loss: 1.376972 (Recon: 1.250313, Diff: 0.126658, KL: 0.000546)
2026-02-16 14:37:31,832 - INFO - Epoch 3/100 Batch 181/650 - Loss: 1.438811 (Recon: 1.249686, Diff: 0.189125, KL: 0.000730)
2026-02-16 14:37:32,832 - INFO - Epoch 3/100 Batch 182/650 - Loss: 1.353886 (Recon: 1.245584, Diff: 0.108301, KL: 0.001159)
2026-02-16 14:37:33,844 - INFO - Epoch 3/100 Batch 183/650 - Loss: 1.393762 (Recon: 1.250203, Diff: 0.143558, KL: 0.000811)
2026-02-16 14:37:35,026 - INFO - Epoch 3/100 Batch 184/650 - Loss: 1.364652 (Recon: 1.240721, Diff: 0.123931, KL: 0.000792)
2026-02-16 14:37:36,034 - INFO - Epoch 3/100 Batch 185/650 - Loss: 1.425680 (Recon: 1.242880, Diff: 0.182800, KL: 0.000378)
2026-02-16 14:37:37,063 - INFO - Epoch 3/100 Batch 186/650 - Loss: 1.416397 (Recon: 1.248428, Diff: 0.167969, KL: 0.000694)
2026-02-16 14:37:38,127 - INFO - Epoch 3/100 Batch 187/650 - Loss: 1.367650 (Recon: 1.245603, Diff: 0.122047, KL: 0.000365)
2026-02-16 14:37:39,166 - INFO - Epoch 3/100 Batch 188/650 - Loss: 1.411185 (Recon: 1.250682, Diff: 0.160503, KL: 0.000458)
2026-02-16 14:37:40,234 - INFO - Epoch 3/100 Batch 189/650 - Loss: 1.360583 (Recon: 1.240483, Diff: 0.120099, KL: 0.000733)
2026-02-16 14:37:41,276 - INFO - Epoch 3/100 Batch 190/650 - Loss: 1.382086 (Recon: 1.247645, Diff: 0.134441, KL: 0.000600)
2026-02-16 14:37:42,317 - INFO - Epoch 3/100 Batch 191/650 - Loss: 1.425372 (Recon: 1.244381, Diff: 0.180990, KL: 0.000713)
2026-02-16 14:37:43,357 - INFO - Epoch 3/100 Batch 192/650 - Loss: 1.377230 (Recon: 1.247554, Diff: 0.129675, KL: 0.000498)
2026-02-16 14:37:44,470 - INFO - Epoch 3/100 Batch 193/650 - Loss: 1.359880 (Recon: 1.242633, Diff: 0.117246, KL: 0.000516)
2026-02-16 14:37:45,733 - INFO - Epoch 3/100 Batch 194/650 - Loss: 1.384439 (Recon: 1.247314, Diff: 0.137125, KL: 0.000527)
2026-02-16 14:37:46,770 - INFO - Epoch 3/100 Batch 195/650 - Loss: 1.382248 (Recon: 1.249594, Diff: 0.132654, KL: 0.000554)
2026-02-16 14:38:05,479 - INFO - Epoch 3/100 Batch 196/650 - Loss: 1.360427 (Recon: 1.247577, Diff: 0.112850, KL: 0.000450)
2026-02-16 14:38:06,477 - INFO - Epoch 3/100 Batch 197/650 - Loss: 1.390376 (Recon: 1.246053, Diff: 0.144323, KL: 0.000424)
2026-02-16 14:38:07,508 - INFO - Epoch 3/100 Batch 198/650 - Loss: 1.394261 (Recon: 1.245602, Diff: 0.148658, KL: 0.001007)
2026-02-16 14:38:09,043 - INFO - Epoch 3/100 Batch 199/650 - Loss: 1.444764 (Recon: 1.238726, Diff: 0.206037, KL: 0.000634)
2026-02-16 14:38:23,229 - INFO - Epoch 3/100 Batch 200/650 - Loss: 1.358082 (Recon: 1.245398, Diff: 0.112683, KL: 0.000486)
2026-02-16 14:38:24,264 - INFO - Epoch 3/100 Batch 201/650 - Loss: 1.335589 (Recon: 1.243692, Diff: 0.091897, KL: 0.000538)
2026-02-16 14:38:25,330 - INFO - Epoch 3/100 Batch 202/650 - Loss: 1.439740 (Recon: 1.245425, Diff: 0.194314, KL: 0.000424)
2026-02-16 14:38:26,389 - INFO - Epoch 3/100 Batch 203/650 - Loss: 1.369289 (Recon: 1.241203, Diff: 0.128086, KL: 0.000748)
2026-02-16 14:38:27,460 - INFO - Epoch 3/100 Batch 204/650 - Loss: 1.311639 (Recon: 1.248881, Diff: 0.062757, KL: 0.000184)
2026-02-16 14:38:34,472 - INFO - Epoch 3/100 Batch 205/650 - Loss: 1.391488 (Recon: 1.241291, Diff: 0.150196, KL: 0.000643)
2026-02-16 14:38:35,514 - INFO - Epoch 3/100 Batch 206/650 - Loss: 1.402576 (Recon: 1.244326, Diff: 0.158250, KL: 0.000654)
2026-02-16 14:38:39,873 - INFO - Epoch 3/100 Batch 207/650 - Loss: 1.457229 (Recon: 1.246988, Diff: 0.210241, KL: 0.000885)
2026-02-16 14:38:41,206 - INFO - Epoch 3/100 Batch 208/650 - Loss: 1.432292 (Recon: 1.249762, Diff: 0.182529, KL: 0.000694)
2026-02-16 14:38:42,239 - INFO - Epoch 3/100 Batch 209/650 - Loss: 1.379447 (Recon: 1.243950, Diff: 0.135497, KL: 0.000408)
2026-02-16 14:38:44,386 - INFO - Epoch 3/100 Batch 210/650 - Loss: 1.395200 (Recon: 1.245600, Diff: 0.149600, KL: 0.000739)
2026-02-16 14:38:45,446 - INFO - Epoch 3/100 Batch 211/650 - Loss: 1.354576 (Recon: 1.248037, Diff: 0.106539, KL: 0.000407)
2026-02-16 14:38:46,473 - INFO - Epoch 3/100 Batch 212/650 - Loss: 1.392464 (Recon: 1.248555, Diff: 0.143908, KL: 0.000862)
2026-02-16 14:38:47,491 - INFO - Epoch 3/100 Batch 213/650 - Loss: 1.405289 (Recon: 1.243843, Diff: 0.161446, KL: 0.000440)
2026-02-16 14:38:48,516 - INFO - Epoch 3/100 Batch 214/650 - Loss: 1.406389 (Recon: 1.241979, Diff: 0.164409, KL: 0.000775)
2026-02-16 14:38:53,416 - INFO - Epoch 3/100 Batch 215/650 - Loss: 1.364640 (Recon: 1.240399, Diff: 0.124240, KL: 0.000508)
2026-02-16 14:38:56,258 - INFO - Epoch 3/100 Batch 216/650 - Loss: 1.370897 (Recon: 1.247902, Diff: 0.122994, KL: 0.000454)
2026-02-16 14:38:57,343 - INFO - Epoch 3/100 Batch 217/650 - Loss: 1.361589 (Recon: 1.236660, Diff: 0.124928, KL: 0.000556)
2026-02-16 14:38:58,460 - INFO - Epoch 3/100 Batch 218/650 - Loss: 1.391520 (Recon: 1.246134, Diff: 0.145386, KL: 0.000305)
2026-02-16 14:38:59,522 - INFO - Epoch 3/100 Batch 219/650 - Loss: 1.435295 (Recon: 1.238048, Diff: 0.197247, KL: 0.000622)
2026-02-16 14:39:00,593 - INFO - Epoch 3/100 Batch 220/650 - Loss: 1.358743 (Recon: 1.247826, Diff: 0.110917, KL: 0.000206)
2026-02-16 14:39:01,640 - INFO - Epoch 3/100 Batch 221/650 - Loss: 1.500830 (Recon: 1.247676, Diff: 0.253154, KL: 0.000606)
2026-02-16 14:39:02,754 - INFO - Epoch 3/100 Batch 222/650 - Loss: 1.410124 (Recon: 1.247385, Diff: 0.162739, KL: 0.000452)
2026-02-16 14:39:04,001 - INFO - Epoch 3/100 Batch 223/650 - Loss: 1.371791 (Recon: 1.241570, Diff: 0.130221, KL: 0.000577)
2026-02-16 14:39:07,708 - INFO - Epoch 3/100 Batch 224/650 - Loss: 1.313718 (Recon: 1.244891, Diff: 0.068827, KL: 0.000399)
2026-02-16 14:39:08,739 - INFO - Epoch 3/100 Batch 225/650 - Loss: 1.426336 (Recon: 1.248014, Diff: 0.178321, KL: 0.000642)
2026-02-16 14:39:09,784 - INFO - Epoch 3/100 Batch 226/650 - Loss: 1.428961 (Recon: 1.247519, Diff: 0.181442, KL: 0.000378)
2026-02-16 14:39:10,873 - INFO - Epoch 3/100 Batch 227/650 - Loss: 1.356658 (Recon: 1.246790, Diff: 0.109868, KL: 0.000261)
2026-02-16 14:39:14,649 - INFO - Epoch 3/100 Batch 228/650 - Loss: 1.416783 (Recon: 1.244747, Diff: 0.172035, KL: 0.000892)
2026-02-16 14:39:15,702 - INFO - Epoch 3/100 Batch 229/650 - Loss: 1.362285 (Recon: 1.244241, Diff: 0.118043, KL: 0.001389)
2026-02-16 14:39:16,744 - INFO - Epoch 3/100 Batch 230/650 - Loss: 1.453293 (Recon: 1.248818, Diff: 0.204474, KL: 0.001207)
2026-02-16 14:39:17,771 - INFO - Epoch 3/100 Batch 231/650 - Loss: 1.382294 (Recon: 1.247122, Diff: 0.135163, KL: 0.008396)
2026-02-16 14:39:21,321 - INFO - Epoch 3/100 Batch 232/650 - Loss: 1.407668 (Recon: 1.244526, Diff: 0.163142, KL: 0.000726)
2026-02-16 14:39:22,408 - INFO - Epoch 3/100 Batch 233/650 - Loss: 1.401609 (Recon: 1.241955, Diff: 0.159654, KL: 0.000978)
2026-02-16 14:39:23,501 - INFO - Epoch 3/100 Batch 234/650 - Loss: 1.406721 (Recon: 1.246724, Diff: 0.159996, KL: 0.000884)
2026-02-16 14:39:24,783 - INFO - Epoch 3/100 Batch 235/650 - Loss: 1.418912 (Recon: 1.247779, Diff: 0.171125, KL: 0.007392)
2026-02-16 14:39:29,979 - INFO - Epoch 3/100 Batch 236/650 - Loss: 1.387106 (Recon: 1.243846, Diff: 0.143259, KL: 0.000511)
2026-02-16 14:39:31,004 - INFO - Epoch 3/100 Batch 237/650 - Loss: 1.409381 (Recon: 1.244961, Diff: 0.164420, KL: 0.000507)
2026-02-16 14:39:32,045 - INFO - Epoch 3/100 Batch 238/650 - Loss: 1.451394 (Recon: 1.240838, Diff: 0.210555, KL: 0.000605)
2026-02-16 14:39:33,067 - INFO - Epoch 3/100 Batch 239/650 - Loss: 1.473582 (Recon: 1.246057, Diff: 0.227524, KL: 0.000591)
2026-02-16 14:39:34,206 - INFO - Epoch 3/100 Batch 240/650 - Loss: 1.342927 (Recon: 1.241163, Diff: 0.101763, KL: 0.000938)
2026-02-16 14:39:35,231 - INFO - Epoch 3/100 Batch 241/650 - Loss: 1.469781 (Recon: 1.244145, Diff: 0.225635, KL: 0.001136)
2026-02-16 14:39:38,632 - INFO - Epoch 3/100 Batch 242/650 - Loss: 1.387030 (Recon: 1.240938, Diff: 0.146092, KL: 0.000724)
2026-02-16 14:39:40,007 - INFO - Epoch 3/100 Batch 243/650 - Loss: 1.451203 (Recon: 1.246481, Diff: 0.204721, KL: 0.000826)
2026-02-16 14:39:41,038 - INFO - Epoch 3/100 Batch 244/650 - Loss: 1.422604 (Recon: 1.240611, Diff: 0.181992, KL: 0.001019)
2026-02-16 14:39:42,074 - INFO - Epoch 3/100 Batch 245/650 - Loss: 1.404643 (Recon: 1.239122, Diff: 0.165520, KL: 0.000556)
2026-02-16 14:39:43,085 - INFO - Epoch 3/100 Batch 246/650 - Loss: 1.409869 (Recon: 1.243979, Diff: 0.165889, KL: 0.000660)
2026-02-16 14:39:44,084 - INFO - Epoch 3/100 Batch 247/650 - Loss: 1.367010 (Recon: 1.244520, Diff: 0.122486, KL: 0.004084)
2026-02-16 14:39:45,095 - INFO - Epoch 3/100 Batch 248/650 - Loss: 1.348394 (Recon: 1.238618, Diff: 0.109776, KL: 0.000753)
2026-02-16 14:39:46,114 - INFO - Epoch 3/100 Batch 249/650 - Loss: 1.443995 (Recon: 1.246327, Diff: 0.197666, KL: 0.000921)
2026-02-16 14:39:47,130 - INFO - Epoch 3/100 Batch 250/650 - Loss: 1.345375 (Recon: 1.244245, Diff: 0.101129, KL: 0.000761)
2026-02-16 14:39:52,550 - INFO - Epoch 3/100 Batch 251/650 - Loss: 1.462273 (Recon: 1.247427, Diff: 0.214845, KL: 0.001298)
2026-02-16 14:39:53,617 - INFO - Epoch 3/100 Batch 252/650 - Loss: 1.431978 (Recon: 1.241748, Diff: 0.190230, KL: 0.000714)
2026-02-16 14:39:54,654 - INFO - Epoch 3/100 Batch 253/650 - Loss: 1.440017 (Recon: 1.239669, Diff: 0.200348, KL: 0.000923)
2026-02-16 14:39:55,712 - INFO - Epoch 3/100 Batch 254/650 - Loss: 1.372478 (Recon: 1.246290, Diff: 0.126187, KL: 0.000625)
2026-02-16 14:39:56,829 - INFO - Epoch 3/100 Batch 255/650 - Loss: 1.426020 (Recon: 1.238186, Diff: 0.187833, KL: 0.000743)
2026-02-16 14:39:57,899 - INFO - Epoch 3/100 Batch 256/650 - Loss: 1.379946 (Recon: 1.244183, Diff: 0.135763, KL: 0.000987)
2026-02-16 14:39:58,922 - INFO - Epoch 3/100 Batch 257/650 - Loss: 1.417269 (Recon: 1.247086, Diff: 0.170181, KL: 0.001282)
2026-02-16 14:39:59,955 - INFO - Epoch 3/100 Batch 258/650 - Loss: 1.367761 (Recon: 1.240520, Diff: 0.127240, KL: 0.000690)
2026-02-16 14:40:01,013 - INFO - Epoch 3/100 Batch 259/650 - Loss: 1.360667 (Recon: 1.246728, Diff: 0.113937, KL: 0.001757)
2026-02-16 14:40:02,040 - INFO - Epoch 3/100 Batch 260/650 - Loss: 1.399438 (Recon: 1.246935, Diff: 0.152501, KL: 0.002033)
2026-02-16 14:40:03,086 - INFO - Epoch 3/100 Batch 261/650 - Loss: 1.390271 (Recon: 1.242620, Diff: 0.147649, KL: 0.001463)
2026-02-16 14:40:04,132 - INFO - Epoch 3/100 Batch 262/650 - Loss: 1.338592 (Recon: 1.246473, Diff: 0.092119, KL: 0.000503)
2026-02-16 14:40:11,512 - INFO - Epoch 3/100 Batch 263/650 - Loss: 1.438186 (Recon: 1.244674, Diff: 0.193511, KL: 0.001515)
2026-02-16 14:40:12,549 - INFO - Epoch 3/100 Batch 264/650 - Loss: 1.381771 (Recon: 1.246457, Diff: 0.135312, KL: 0.002253)
2026-02-16 14:40:14,297 - INFO - Epoch 3/100 Batch 265/650 - Loss: 1.427446 (Recon: 1.242539, Diff: 0.184907, KL: 0.001035)
2026-02-16 14:40:15,315 - INFO - Epoch 3/100 Batch 266/650 - Loss: 1.345739 (Recon: 1.243394, Diff: 0.102344, KL: 0.001479)
2026-02-16 14:40:16,363 - INFO - Epoch 3/100 Batch 267/650 - Loss: 1.490954 (Recon: 1.244556, Diff: 0.246398, KL: 0.000513)
2026-02-16 14:40:17,412 - INFO - Epoch 3/100 Batch 268/650 - Loss: 1.374439 (Recon: 1.244827, Diff: 0.129611, KL: 0.000607)
2026-02-16 14:40:18,459 - INFO - Epoch 3/100 Batch 269/650 - Loss: 1.388916 (Recon: 1.234312, Diff: 0.154603, KL: 0.001456)
2026-02-16 14:40:19,480 - INFO - Epoch 3/100 Batch 270/650 - Loss: 1.370076 (Recon: 1.236937, Diff: 0.133138, KL: 0.001078)
2026-02-16 14:40:20,548 - INFO - Epoch 3/100 Batch 271/650 - Loss: 1.436449 (Recon: 1.242807, Diff: 0.193641, KL: 0.000493)
2026-02-16 14:40:21,603 - INFO - Epoch 3/100 Batch 272/650 - Loss: 1.344713 (Recon: 1.248893, Diff: 0.095819, KL: 0.001904)
2026-02-16 14:40:22,635 - INFO - Epoch 3/100 Batch 273/650 - Loss: 1.397245 (Recon: 1.246777, Diff: 0.150467, KL: 0.000786)
2026-02-16 14:40:23,708 - INFO - Epoch 3/100 Batch 274/650 - Loss: 1.416861 (Recon: 1.241751, Diff: 0.175104, KL: 0.005419)
2026-02-16 14:40:24,729 - INFO - Epoch 3/100 Batch 275/650 - Loss: 1.346043 (Recon: 1.247784, Diff: 0.098258, KL: 0.001140)
2026-02-16 14:40:25,811 - INFO - Epoch 3/100 Batch 276/650 - Loss: 1.372685 (Recon: 1.243878, Diff: 0.128807, KL: 0.000397)
2026-02-16 14:40:27,507 - INFO - Epoch 3/100 Batch 277/650 - Loss: 1.329452 (Recon: 1.246389, Diff: 0.083062, KL: 0.000651)
2026-02-16 14:40:28,539 - INFO - Epoch 3/100 Batch 278/650 - Loss: 1.383147 (Recon: 1.246579, Diff: 0.136567, KL: 0.000890)
2026-02-16 14:40:29,520 - INFO - Epoch 3/100 Batch 279/650 - Loss: 1.366970 (Recon: 1.247614, Diff: 0.119355, KL: 0.000503)
2026-02-16 14:40:30,552 - INFO - Epoch 3/100 Batch 280/650 - Loss: 1.421550 (Recon: 1.245852, Diff: 0.175697, KL: 0.000986)
2026-02-16 14:40:32,022 - INFO - Epoch 3/100 Batch 281/650 - Loss: 1.356187 (Recon: 1.242676, Diff: 0.113511, KL: 0.000539)
2026-02-16 14:40:33,090 - INFO - Epoch 3/100 Batch 282/650 - Loss: 1.358744 (Recon: 1.237306, Diff: 0.121438, KL: 0.000459)
2026-02-16 14:40:34,140 - INFO - Epoch 3/100 Batch 283/650 - Loss: 1.378829 (Recon: 1.247135, Diff: 0.131693, KL: 0.000691)
2026-02-16 14:40:35,207 - INFO - Epoch 3/100 Batch 284/650 - Loss: 1.366746 (Recon: 1.243321, Diff: 0.123423, KL: 0.001640)
2026-02-16 14:40:36,453 - INFO - Epoch 3/100 Batch 285/650 - Loss: 1.370960 (Recon: 1.243435, Diff: 0.127524, KL: 0.000404)
2026-02-16 14:40:37,516 - INFO - Epoch 3/100 Batch 286/650 - Loss: 1.401109 (Recon: 1.245608, Diff: 0.155500, KL: 0.000744)
2026-02-16 14:40:38,527 - INFO - Epoch 3/100 Batch 287/650 - Loss: 1.401636 (Recon: 1.240524, Diff: 0.161111, KL: 0.000823)
2026-02-16 14:40:39,506 - INFO - Epoch 3/100 Batch 288/650 - Loss: 1.376222 (Recon: 1.236548, Diff: 0.139674, KL: 0.001020)
2026-02-16 14:40:40,507 - INFO - Epoch 3/100 Batch 289/650 - Loss: 1.329562 (Recon: 1.243621, Diff: 0.085941, KL: 0.000328)
2026-02-16 14:40:44,854 - INFO - Epoch 3/100 Batch 290/650 - Loss: 1.489679 (Recon: 1.238207, Diff: 0.251472, KL: 0.000909)
2026-02-16 14:40:45,851 - INFO - Epoch 3/100 Batch 291/650 - Loss: 1.398978 (Recon: 1.240011, Diff: 0.158966, KL: 0.000441)
2026-02-16 14:40:46,870 - INFO - Epoch 3/100 Batch 292/650 - Loss: 1.426513 (Recon: 1.242310, Diff: 0.184201, KL: 0.001024)
2026-02-16 14:40:48,003 - INFO - Epoch 3/100 Batch 293/650 - Loss: 1.379093 (Recon: 1.243030, Diff: 0.136063, KL: 0.000481)
2026-02-16 14:40:49,019 - INFO - Epoch 3/100 Batch 294/650 - Loss: 1.362079 (Recon: 1.245397, Diff: 0.116681, KL: 0.000615)
2026-02-16 14:40:50,024 - INFO - Epoch 3/100 Batch 295/650 - Loss: 1.319592 (Recon: 1.244571, Diff: 0.075020, KL: 0.000522)
2026-02-16 14:40:54,403 - INFO - Epoch 3/100 Batch 296/650 - Loss: 1.402674 (Recon: 1.241137, Diff: 0.161536, KL: 0.000331)
2026-02-16 14:40:55,448 - INFO - Epoch 3/100 Batch 297/650 - Loss: 1.401628 (Recon: 1.244834, Diff: 0.156794, KL: 0.000928)
2026-02-16 14:40:56,519 - INFO - Epoch 3/100 Batch 298/650 - Loss: 1.411922 (Recon: 1.245121, Diff: 0.166800, KL: 0.000596)
2026-02-16 14:40:57,605 - INFO - Epoch 3/100 Batch 299/650 - Loss: 1.415943 (Recon: 1.246688, Diff: 0.169254, KL: 0.000513)
2026-02-16 14:40:58,652 - INFO - Epoch 3/100 Batch 300/650 - Loss: 1.337546 (Recon: 1.244939, Diff: 0.092603, KL: 0.004215)
2026-02-16 14:40:59,730 - INFO - Epoch 3/100 Batch 301/650 - Loss: 1.379701 (Recon: 1.242002, Diff: 0.137698, KL: 0.001220)
2026-02-16 14:41:00,775 - INFO - Epoch 3/100 Batch 302/650 - Loss: 1.453869 (Recon: 1.242814, Diff: 0.211055, KL: 0.000493)
2026-02-16 14:41:01,837 - INFO - Epoch 3/100 Batch 303/650 - Loss: 1.356504 (Recon: 1.243230, Diff: 0.113274, KL: 0.000529)
2026-02-16 14:41:09,125 - INFO - Epoch 3/100 Batch 304/650 - Loss: 1.428784 (Recon: 1.244758, Diff: 0.184026, KL: 0.000623)
2026-02-16 14:41:10,180 - INFO - Epoch 3/100 Batch 305/650 - Loss: 1.375493 (Recon: 1.244635, Diff: 0.130858, KL: 0.000426)
2026-02-16 14:41:11,224 - INFO - Epoch 3/100 Batch 306/650 - Loss: 1.464614 (Recon: 1.246275, Diff: 0.218339, KL: 0.000803)
2026-02-16 14:41:12,273 - INFO - Epoch 3/100 Batch 307/650 - Loss: 1.347577 (Recon: 1.244882, Diff: 0.102695, KL: 0.000362)
2026-02-16 14:41:13,378 - INFO - Epoch 3/100 Batch 308/650 - Loss: 1.345207 (Recon: 1.245243, Diff: 0.099963, KL: 0.000443)
2026-02-16 14:41:14,452 - INFO - Epoch 3/100 Batch 309/650 - Loss: 1.458073 (Recon: 1.243835, Diff: 0.214237, KL: 0.000602)
2026-02-16 14:41:15,529 - INFO - Epoch 3/100 Batch 310/650 - Loss: 1.450713 (Recon: 1.246244, Diff: 0.204468, KL: 0.000664)
2026-02-16 14:41:16,599 - INFO - Epoch 3/100 Batch 311/650 - Loss: 1.370136 (Recon: 1.236572, Diff: 0.133563, KL: 0.000624)
2026-02-16 14:41:17,631 - INFO - Epoch 3/100 Batch 312/650 - Loss: 1.502180 (Recon: 1.231697, Diff: 0.270482, KL: 0.000535)
2026-02-16 14:41:18,754 - INFO - Epoch 3/100 Batch 313/650 - Loss: 1.358482 (Recon: 1.243852, Diff: 0.114630, KL: 0.000359)
2026-02-16 14:41:19,808 - INFO - Epoch 3/100 Batch 314/650 - Loss: 1.368413 (Recon: 1.244544, Diff: 0.123868, KL: 0.000391)
2026-02-16 14:41:20,883 - INFO - Epoch 3/100 Batch 315/650 - Loss: 1.484457 (Recon: 1.238406, Diff: 0.246051, KL: 0.000269)
2026-02-16 14:41:22,009 - INFO - Epoch 3/100 Batch 316/650 - Loss: 1.351124 (Recon: 1.240381, Diff: 0.110742, KL: 0.000400)
2026-02-16 14:41:23,041 - INFO - Epoch 3/100 Batch 317/650 - Loss: 1.448081 (Recon: 1.245709, Diff: 0.202364, KL: 0.008831)
2026-02-16 14:41:24,059 - INFO - Epoch 3/100 Batch 318/650 - Loss: 1.483093 (Recon: 1.243896, Diff: 0.239196, KL: 0.001193)
2026-02-16 14:41:25,115 - INFO - Epoch 3/100 Batch 319/650 - Loss: 1.362166 (Recon: 1.244301, Diff: 0.117864, KL: 0.000576)
2026-02-16 14:41:26,492 - INFO - Epoch 3/100 Batch 320/650 - Loss: 1.364616 (Recon: 1.246782, Diff: 0.117833, KL: 0.000436)
2026-02-16 14:41:27,516 - INFO - Epoch 3/100 Batch 321/650 - Loss: 1.383253 (Recon: 1.236314, Diff: 0.146938, KL: 0.000853)
2026-02-16 14:41:28,594 - INFO - Epoch 3/100 Batch 322/650 - Loss: 1.363165 (Recon: 1.245606, Diff: 0.117558, KL: 0.000731)
2026-02-16 14:41:29,608 - INFO - Epoch 3/100 Batch 323/650 - Loss: 1.354710 (Recon: 1.244850, Diff: 0.109860, KL: 0.000413)
2026-02-16 14:41:30,672 - INFO - Epoch 3/100 Batch 324/650 - Loss: 1.406591 (Recon: 1.239637, Diff: 0.166954, KL: 0.000736)
2026-02-16 14:41:31,707 - INFO - Epoch 3/100 Batch 325/650 - Loss: 1.370590 (Recon: 1.230439, Diff: 0.140150, KL: 0.000627)
2026-02-16 14:41:32,797 - INFO - Epoch 3/100 Batch 326/650 - Loss: 1.339416 (Recon: 1.242073, Diff: 0.097342, KL: 0.000448)
2026-02-16 14:41:33,883 - INFO - Epoch 3/100 Batch 327/650 - Loss: 1.319496 (Recon: 1.242360, Diff: 0.077135, KL: 0.000582)
2026-02-16 14:41:34,950 - INFO - Epoch 3/100 Batch 328/650 - Loss: 1.341633 (Recon: 1.242267, Diff: 0.099365, KL: 0.000328)
2026-02-16 14:41:36,087 - INFO - Epoch 3/100 Batch 329/650 - Loss: 1.397482 (Recon: 1.243183, Diff: 0.154298, KL: 0.000369)
2026-02-16 14:41:37,188 - INFO - Epoch 3/100 Batch 330/650 - Loss: 1.447373 (Recon: 1.240381, Diff: 0.206991, KL: 0.000620)
2026-02-16 14:41:38,256 - INFO - Epoch 3/100 Batch 331/650 - Loss: 1.385001 (Recon: 1.240511, Diff: 0.144490, KL: 0.000647)
2026-02-16 14:41:39,279 - INFO - Epoch 3/100 Batch 332/650 - Loss: 1.345030 (Recon: 1.241521, Diff: 0.103508, KL: 0.000654)
2026-02-16 14:41:40,313 - INFO - Epoch 3/100 Batch 333/650 - Loss: 1.419432 (Recon: 1.244004, Diff: 0.175428, KL: 0.000563)
2026-02-16 14:41:47,748 - INFO - Epoch 3/100 Batch 334/650 - Loss: 1.336954 (Recon: 1.244254, Diff: 0.092700, KL: 0.000404)
2026-02-16 14:41:48,813 - INFO - Epoch 3/100 Batch 335/650 - Loss: 1.341395 (Recon: 1.241259, Diff: 0.100136, KL: 0.000414)
2026-02-16 14:41:49,854 - INFO - Epoch 3/100 Batch 336/650 - Loss: 1.354136 (Recon: 1.239309, Diff: 0.114826, KL: 0.000212)
2026-02-16 14:41:50,920 - INFO - Epoch 3/100 Batch 337/650 - Loss: 1.378805 (Recon: 1.240191, Diff: 0.138614, KL: 0.000394)
2026-02-16 14:41:51,954 - INFO - Epoch 3/100 Batch 338/650 - Loss: 1.417810 (Recon: 1.241421, Diff: 0.176388, KL: 0.000490)
2026-02-16 14:41:53,014 - INFO - Epoch 3/100 Batch 339/650 - Loss: 1.344312 (Recon: 1.243015, Diff: 0.101297, KL: 0.000631)
2026-02-16 14:41:54,039 - INFO - Epoch 3/100 Batch 340/650 - Loss: 1.382701 (Recon: 1.233512, Diff: 0.149188, KL: 0.000800)
2026-02-16 14:42:13,722 - INFO - Epoch 3/100 Batch 341/650 - Loss: 1.343254 (Recon: 1.245005, Diff: 0.098249, KL: 0.000605)
2026-02-16 14:42:21,829 - INFO - Epoch 3/100 Batch 342/650 - Loss: 1.435345 (Recon: 1.244046, Diff: 0.191298, KL: 0.000396)
2026-02-16 14:42:22,891 - INFO - Epoch 3/100 Batch 343/650 - Loss: 1.391070 (Recon: 1.245530, Diff: 0.145535, KL: 0.005164)
2026-02-16 14:42:23,933 - INFO - Epoch 3/100 Batch 344/650 - Loss: 1.376786 (Recon: 1.243039, Diff: 0.133746, KL: 0.000533)
2026-02-16 14:42:25,036 - INFO - Epoch 3/100 Batch 345/650 - Loss: 1.378253 (Recon: 1.241023, Diff: 0.137229, KL: 0.001121)
2026-02-16 14:42:26,102 - INFO - Epoch 3/100 Batch 346/650 - Loss: 1.391474 (Recon: 1.237022, Diff: 0.154451, KL: 0.000448)
2026-02-16 14:42:27,143 - INFO - Epoch 3/100 Batch 347/650 - Loss: 1.371540 (Recon: 1.239226, Diff: 0.132313, KL: 0.001050)
2026-02-16 14:42:28,253 - INFO - Epoch 3/100 Batch 348/650 - Loss: 1.391456 (Recon: 1.242523, Diff: 0.148933, KL: 0.000485)
2026-02-16 14:42:29,366 - INFO - Epoch 3/100 Batch 349/650 - Loss: 1.378957 (Recon: 1.238803, Diff: 0.140153, KL: 0.000780)
2026-02-16 14:42:30,424 - INFO - Epoch 3/100 Batch 350/650 - Loss: 1.368876 (Recon: 1.242262, Diff: 0.126612, KL: 0.001375)
2026-02-16 14:42:32,996 - INFO - Epoch 3/100 Batch 351/650 - Loss: 1.444848 (Recon: 1.243975, Diff: 0.200872, KL: 0.000440)
2026-02-16 14:42:34,079 - INFO - Epoch 3/100 Batch 352/650 - Loss: 1.439480 (Recon: 1.237434, Diff: 0.202045, KL: 0.001099)
2026-02-16 14:42:35,144 - INFO - Epoch 3/100 Batch 353/650 - Loss: 1.426078 (Recon: 1.237835, Diff: 0.188242, KL: 0.000461)
2026-02-16 14:42:36,189 - INFO - Epoch 3/100 Batch 354/650 - Loss: 1.413603 (Recon: 1.243145, Diff: 0.170457, KL: 0.000537)
2026-02-16 14:42:37,218 - INFO - Epoch 3/100 Batch 355/650 - Loss: 1.438246 (Recon: 1.240507, Diff: 0.197739, KL: 0.000580)
2026-02-16 14:42:38,296 - INFO - Epoch 3/100 Batch 356/650 - Loss: 1.423668 (Recon: 1.236793, Diff: 0.186875, KL: 0.000407)
2026-02-16 14:42:39,330 - INFO - Epoch 3/100 Batch 357/650 - Loss: 1.347352 (Recon: 1.243110, Diff: 0.104241, KL: 0.000457)
2026-02-16 14:42:40,357 - INFO - Epoch 3/100 Batch 358/650 - Loss: 1.338281 (Recon: 1.244123, Diff: 0.094158, KL: 0.000249)
2026-02-16 14:42:46,385 - INFO - Epoch 3/100 Batch 359/650 - Loss: 1.402258 (Recon: 1.243363, Diff: 0.158895, KL: 0.000532)
2026-02-16 14:42:47,390 - INFO - Epoch 3/100 Batch 360/650 - Loss: 1.382325 (Recon: 1.241049, Diff: 0.141275, KL: 0.000620)
2026-02-16 14:42:48,395 - INFO - Epoch 3/100 Batch 361/650 - Loss: 1.390538 (Recon: 1.240465, Diff: 0.150073, KL: 0.000355)
2026-02-16 14:42:49,684 - INFO - Epoch 3/100 Batch 362/650 - Loss: 1.380647 (Recon: 1.242124, Diff: 0.138523, KL: 0.000362)
2026-02-16 14:42:50,720 - INFO - Epoch 3/100 Batch 363/650 - Loss: 1.326922 (Recon: 1.242980, Diff: 0.083942, KL: 0.000392)
2026-02-16 14:42:51,751 - INFO - Epoch 3/100 Batch 364/650 - Loss: 1.313020 (Recon: 1.242855, Diff: 0.070159, KL: 0.006586)
2026-02-16 14:42:52,809 - INFO - Epoch 3/100 Batch 365/650 - Loss: 1.405490 (Recon: 1.238241, Diff: 0.167247, KL: 0.000917)
2026-02-16 14:43:01,086 - INFO - Epoch 3/100 Batch 366/650 - Loss: 1.332035 (Recon: 1.241814, Diff: 0.090221, KL: 0.000639)
2026-02-16 14:43:36,446 - INFO - Epoch 3/100 Batch 367/650 - Loss: 1.376955 (Recon: 1.238449, Diff: 0.138492, KL: 0.013385)
2026-02-16 14:44:12,027 - INFO - Epoch 3/100 Batch 368/650 - Loss: 1.431144 (Recon: 1.241710, Diff: 0.189432, KL: 0.001118)
2026-02-16 14:44:28,439 - INFO - Epoch 3/100 Batch 369/650 - Loss: 1.419196 (Recon: 1.245593, Diff: 0.173602, KL: 0.001135)
2026-02-16 14:44:29,638 - INFO - Epoch 3/100 Batch 370/650 - Loss: 1.350209 (Recon: 1.243948, Diff: 0.106261, KL: 0.000332)
2026-02-16 14:44:30,696 - INFO - Epoch 3/100 Batch 371/650 - Loss: 1.388754 (Recon: 1.244277, Diff: 0.144468, KL: 0.009332)
2026-02-16 14:44:32,545 - INFO - Epoch 3/100 Batch 372/650 - Loss: 1.333947 (Recon: 1.244549, Diff: 0.089398, KL: 0.000645)
2026-02-16 14:44:33,692 - INFO - Epoch 3/100 Batch 373/650 - Loss: 1.359710 (Recon: 1.243598, Diff: 0.116111, KL: 0.000708)
2026-02-16 14:44:34,840 - INFO - Epoch 3/100 Batch 374/650 - Loss: 1.396400 (Recon: 1.235618, Diff: 0.160781, KL: 0.001493)
2026-02-16 14:44:35,896 - INFO - Epoch 3/100 Batch 375/650 - Loss: 1.425060 (Recon: 1.234524, Diff: 0.190535, KL: 0.000592)
2026-02-16 14:44:36,999 - INFO - Epoch 3/100 Batch 376/650 - Loss: 1.366880 (Recon: 1.240989, Diff: 0.125889, KL: 0.001407)
2026-02-16 14:44:38,139 - INFO - Epoch 3/100 Batch 377/650 - Loss: 1.401662 (Recon: 1.244440, Diff: 0.157221, KL: 0.000748)
2026-02-16 14:44:39,409 - INFO - Epoch 3/100 Batch 378/650 - Loss: 1.364224 (Recon: 1.238456, Diff: 0.125768, KL: 0.000366)
2026-02-16 14:44:48,447 - INFO - Epoch 3/100 Batch 379/650 - Loss: 1.418397 (Recon: 1.240829, Diff: 0.177566, KL: 0.001385)
2026-02-16 14:44:49,571 - INFO - Epoch 3/100 Batch 380/650 - Loss: 1.327649 (Recon: 1.243631, Diff: 0.084018, KL: 0.000427)
2026-02-16 14:44:51,309 - INFO - Epoch 3/100 Batch 381/650 - Loss: 1.347263 (Recon: 1.243411, Diff: 0.103852, KL: 0.000564)
2026-02-16 14:44:52,342 - INFO - Epoch 3/100 Batch 382/650 - Loss: 1.379199 (Recon: 1.240687, Diff: 0.138511, KL: 0.000711)
2026-02-16 14:44:53,462 - INFO - Epoch 3/100 Batch 383/650 - Loss: 1.398503 (Recon: 1.239057, Diff: 0.159445, KL: 0.000941)
2026-02-16 14:44:54,501 - INFO - Epoch 3/100 Batch 384/650 - Loss: 1.476229 (Recon: 1.239995, Diff: 0.236233, KL: 0.001008)
2026-02-16 14:44:55,740 - INFO - Epoch 3/100 Batch 385/650 - Loss: 1.389223 (Recon: 1.237999, Diff: 0.151224, KL: 0.000402)
2026-02-16 14:45:05,367 - INFO - Epoch 3/100 Batch 386/650 - Loss: 1.413248 (Recon: 1.239521, Diff: 0.173726, KL: 0.000774)
2026-02-16 14:45:06,714 - INFO - Epoch 3/100 Batch 387/650 - Loss: 1.346550 (Recon: 1.241226, Diff: 0.105323, KL: 0.000788)
2026-02-16 14:45:10,158 - INFO - Epoch 3/100 Batch 388/650 - Loss: 1.416229 (Recon: 1.240808, Diff: 0.175421, KL: 0.000616)
2026-02-16 14:45:11,187 - INFO - Epoch 3/100 Batch 389/650 - Loss: 1.380551 (Recon: 1.234329, Diff: 0.146222, KL: 0.000562)
2026-02-16 14:45:12,437 - INFO - Epoch 3/100 Batch 390/650 - Loss: 1.419416 (Recon: 1.234399, Diff: 0.185016, KL: 0.000607)
2026-02-16 14:45:25,142 - INFO - Epoch 3/100 Batch 391/650 - Loss: 1.414547 (Recon: 1.241112, Diff: 0.173434, KL: 0.000716)
2026-02-16 14:45:26,640 - INFO - Epoch 3/100 Batch 392/650 - Loss: 1.354510 (Recon: 1.237202, Diff: 0.117308, KL: 0.000407)
2026-02-16 14:45:27,951 - INFO - Epoch 3/100 Batch 393/650 - Loss: 1.402870 (Recon: 1.238548, Diff: 0.164321, KL: 0.000476)
2026-02-16 14:45:29,489 - INFO - Epoch 3/100 Batch 394/650 - Loss: 1.438112 (Recon: 1.243013, Diff: 0.195098, KL: 0.000704)
2026-02-16 14:45:32,713 - INFO - Epoch 3/100 Batch 395/650 - Loss: 1.378204 (Recon: 1.236406, Diff: 0.141798, KL: 0.000644)
2026-02-16 14:45:33,934 - INFO - Epoch 3/100 Batch 396/650 - Loss: 1.398021 (Recon: 1.236528, Diff: 0.161493, KL: 0.000682)
2026-02-16 14:45:43,108 - INFO - Epoch 3/100 Batch 397/650 - Loss: 1.373548 (Recon: 1.238707, Diff: 0.134841, KL: 0.000902)
2026-02-16 14:45:45,076 - INFO - Epoch 3/100 Batch 398/650 - Loss: 1.372820 (Recon: 1.242953, Diff: 0.129866, KL: 0.000553)
2026-02-16 14:45:46,237 - INFO - Epoch 3/100 Batch 399/650 - Loss: 1.352014 (Recon: 1.239822, Diff: 0.112191, KL: 0.000858)
2026-02-16 14:45:47,271 - INFO - Epoch 3/100 Batch 400/650 - Loss: 1.408485 (Recon: 1.242553, Diff: 0.165932, KL: 0.000536)
2026-02-16 14:45:48,310 - INFO - Epoch 3/100 Batch 401/650 - Loss: 1.324486 (Recon: 1.240296, Diff: 0.084189, KL: 0.000542)
2026-02-16 14:45:49,346 - INFO - Epoch 3/100 Batch 402/650 - Loss: 1.457974 (Recon: 1.237284, Diff: 0.220689, KL: 0.000836)
2026-02-16 14:45:51,181 - INFO - Epoch 3/100 Batch 403/650 - Loss: 1.365497 (Recon: 1.241119, Diff: 0.124377, KL: 0.000464)
2026-02-16 14:45:52,284 - INFO - Epoch 3/100 Batch 404/650 - Loss: 1.387482 (Recon: 1.242715, Diff: 0.144766, KL: 0.000502)
2026-02-16 14:45:53,305 - INFO - Epoch 3/100 Batch 405/650 - Loss: 1.425181 (Recon: 1.240642, Diff: 0.184538, KL: 0.000945)
2026-02-16 14:45:54,319 - INFO - Epoch 3/100 Batch 406/650 - Loss: 1.397184 (Recon: 1.239136, Diff: 0.158047, KL: 0.000674)
2026-02-16 14:45:55,368 - INFO - Epoch 3/100 Batch 407/650 - Loss: 1.390404 (Recon: 1.240540, Diff: 0.149864, KL: 0.000392)
2026-02-16 14:46:01,715 - INFO - Epoch 3/100 Batch 408/650 - Loss: 1.387864 (Recon: 1.240097, Diff: 0.147767, KL: 0.000532)
2026-02-16 14:46:15,596 - INFO - Epoch 3/100 Batch 409/650 - Loss: 1.365085 (Recon: 1.239133, Diff: 0.125952, KL: 0.000638)
2026-02-16 14:46:16,955 - INFO - Epoch 3/100 Batch 410/650 - Loss: 1.332605 (Recon: 1.241372, Diff: 0.091233, KL: 0.000865)
2026-02-16 14:46:18,329 - INFO - Epoch 3/100 Batch 411/650 - Loss: 1.456167 (Recon: 1.233443, Diff: 0.222723, KL: 0.000474)
2026-02-16 14:46:19,642 - INFO - Epoch 3/100 Batch 412/650 - Loss: 1.321326 (Recon: 1.235061, Diff: 0.086264, KL: 0.000505)
2026-02-16 14:46:28,538 - INFO - Epoch 3/100 Batch 413/650 - Loss: 1.415120 (Recon: 1.241997, Diff: 0.173123, KL: 0.000676)
2026-02-16 14:46:49,946 - INFO - Epoch 3/100 Batch 414/650 - Loss: 1.324436 (Recon: 1.243298, Diff: 0.081138, KL: 0.000875)
2026-02-16 14:47:16,526 - INFO - Epoch 3/100 Batch 415/650 - Loss: 1.443864 (Recon: 1.240802, Diff: 0.203061, KL: 0.000449)
2026-02-16 14:47:30,152 - INFO - Epoch 3/100 Batch 416/650 - Loss: 1.392845 (Recon: 1.236174, Diff: 0.156670, KL: 0.000466)
2026-02-16 14:47:41,865 - INFO - Epoch 3/100 Batch 417/650 - Loss: 1.377889 (Recon: 1.239137, Diff: 0.138752, KL: 0.000357)
2026-02-16 14:47:43,025 - INFO - Epoch 3/100 Batch 418/650 - Loss: 1.344165 (Recon: 1.242410, Diff: 0.101754, KL: 0.000327)
2026-02-16 14:47:44,489 - INFO - Epoch 3/100 Batch 419/650 - Loss: 1.344847 (Recon: 1.239825, Diff: 0.105023, KL: 0.000283)
2026-02-16 14:47:45,997 - INFO - Epoch 3/100 Batch 420/650 - Loss: 1.405867 (Recon: 1.234921, Diff: 0.170945, KL: 0.000712)
2026-02-16 14:47:47,218 - INFO - Epoch 3/100 Batch 421/650 - Loss: 1.334667 (Recon: 1.238868, Diff: 0.095799, KL: 0.000276)
2026-02-16 14:47:48,336 - INFO - Epoch 3/100 Batch 422/650 - Loss: 1.392753 (Recon: 1.241920, Diff: 0.150833, KL: 0.000246)
2026-02-16 14:47:49,406 - INFO - Epoch 3/100 Batch 423/650 - Loss: 1.342391 (Recon: 1.240216, Diff: 0.102169, KL: 0.005976)
2026-02-16 14:47:50,398 - INFO - Epoch 3/100 Batch 424/650 - Loss: 1.476836 (Recon: 1.238202, Diff: 0.238634, KL: 0.000359)
2026-02-16 14:47:51,403 - INFO - Epoch 3/100 Batch 425/650 - Loss: 1.395895 (Recon: 1.237003, Diff: 0.158891, KL: 0.000927)
2026-02-16 14:47:52,396 - INFO - Epoch 3/100 Batch 426/650 - Loss: 1.438065 (Recon: 1.242476, Diff: 0.195589, KL: 0.000310)
2026-02-16 14:47:53,412 - INFO - Epoch 3/100 Batch 427/650 - Loss: 1.447163 (Recon: 1.238949, Diff: 0.208212, KL: 0.000964)
2026-02-16 14:47:54,433 - INFO - Epoch 3/100 Batch 428/650 - Loss: 1.344486 (Recon: 1.237486, Diff: 0.107000, KL: 0.000472)
2026-02-16 14:47:55,435 - INFO - Epoch 3/100 Batch 429/650 - Loss: 1.408135 (Recon: 1.242638, Diff: 0.165496, KL: 0.000605)
2026-02-16 14:47:56,477 - INFO - Epoch 3/100 Batch 430/650 - Loss: 1.315777 (Recon: 1.236674, Diff: 0.079103, KL: 0.000639)
2026-02-16 14:48:01,869 - INFO - Epoch 3/100 Batch 431/650 - Loss: 1.331331 (Recon: 1.240888, Diff: 0.090443, KL: 0.000263)
2026-02-16 14:48:13,744 - INFO - Epoch 3/100 Batch 432/650 - Loss: 1.401651 (Recon: 1.240367, Diff: 0.161283, KL: 0.000730)
2026-02-16 14:48:14,799 - INFO - Epoch 3/100 Batch 433/650 - Loss: 1.397331 (Recon: 1.231461, Diff: 0.165870, KL: 0.000537)
2026-02-16 14:48:15,856 - INFO - Epoch 3/100 Batch 434/650 - Loss: 1.373232 (Recon: 1.236691, Diff: 0.136540, KL: 0.000634)
2026-02-16 14:48:17,028 - INFO - Epoch 3/100 Batch 435/650 - Loss: 1.309285 (Recon: 1.239003, Diff: 0.070282, KL: 0.000333)
2026-02-16 14:48:22,590 - INFO - Epoch 3/100 Batch 436/650 - Loss: 1.315889 (Recon: 1.238528, Diff: 0.077359, KL: 0.000682)
2026-02-16 14:48:33,840 - INFO - Epoch 3/100 Batch 437/650 - Loss: 1.474951 (Recon: 1.239576, Diff: 0.235374, KL: 0.000688)
2026-02-16 14:48:36,697 - INFO - Epoch 3/100 Batch 438/650 - Loss: 1.357519 (Recon: 1.240546, Diff: 0.116972, KL: 0.000712)
2026-02-16 14:48:50,350 - INFO - Epoch 3/100 Batch 439/650 - Loss: 1.414916 (Recon: 1.240196, Diff: 0.174719, KL: 0.000501)
2026-02-16 14:48:51,711 - INFO - Epoch 3/100 Batch 440/650 - Loss: 1.338283 (Recon: 1.240677, Diff: 0.097606, KL: 0.000338)
2026-02-16 14:48:52,738 - INFO - Epoch 3/100 Batch 441/650 - Loss: 1.341651 (Recon: 1.240079, Diff: 0.101571, KL: 0.000452)
2026-02-16 14:48:53,864 - INFO - Epoch 3/100 Batch 442/650 - Loss: 1.335573 (Recon: 1.240724, Diff: 0.094848, KL: 0.000611)
2026-02-16 14:48:56,039 - INFO - Epoch 3/100 Batch 443/650 - Loss: 1.373067 (Recon: 1.238205, Diff: 0.134861, KL: 0.000505)
2026-02-16 14:49:01,564 - INFO - Epoch 3/100 Batch 444/650 - Loss: 1.344917 (Recon: 1.240277, Diff: 0.104640, KL: 0.000376)
2026-02-16 14:49:02,603 - INFO - Epoch 3/100 Batch 445/650 - Loss: 1.337833 (Recon: 1.238242, Diff: 0.099591, KL: 0.000597)
2026-02-16 14:49:03,718 - INFO - Epoch 3/100 Batch 446/650 - Loss: 1.453967 (Recon: 1.239083, Diff: 0.214883, KL: 0.000874)
2026-02-16 14:49:17,186 - INFO - Epoch 3/100 Batch 447/650 - Loss: 1.364518 (Recon: 1.238910, Diff: 0.125607, KL: 0.000539)
2026-02-16 14:49:18,638 - INFO - Epoch 3/100 Batch 448/650 - Loss: 1.358743 (Recon: 1.238416, Diff: 0.120324, KL: 0.002571)
2026-02-16 14:49:19,704 - INFO - Epoch 3/100 Batch 449/650 - Loss: 1.366273 (Recon: 1.238628, Diff: 0.127644, KL: 0.000248)
2026-02-16 14:49:20,824 - INFO - Epoch 3/100 Batch 450/650 - Loss: 1.367655 (Recon: 1.241881, Diff: 0.125774, KL: 0.000510)
2026-02-16 14:49:28,999 - INFO - Epoch 3/100 Batch 451/650 - Loss: 1.333854 (Recon: 1.236057, Diff: 0.097796, KL: 0.000230)
2026-02-16 14:49:37,042 - INFO - Epoch 3/100 Batch 452/650 - Loss: 1.365307 (Recon: 1.239342, Diff: 0.125965, KL: 0.000538)
2026-02-16 14:49:38,149 - INFO - Epoch 3/100 Batch 453/650 - Loss: 1.423509 (Recon: 1.235514, Diff: 0.187995, KL: 0.000399)
2026-02-16 14:49:39,332 - INFO - Epoch 3/100 Batch 454/650 - Loss: 1.401831 (Recon: 1.240331, Diff: 0.161500, KL: 0.000411)
2026-02-16 14:49:40,454 - INFO - Epoch 3/100 Batch 455/650 - Loss: 1.373811 (Recon: 1.238359, Diff: 0.135451, KL: 0.000325)
2026-02-16 14:49:41,807 - INFO - Epoch 3/100 Batch 456/650 - Loss: 1.319206 (Recon: 1.240534, Diff: 0.078671, KL: 0.000367)
2026-02-16 14:49:42,892 - INFO - Epoch 3/100 Batch 457/650 - Loss: 1.365059 (Recon: 1.239476, Diff: 0.125583, KL: 0.000238)
2026-02-16 14:49:44,866 - INFO - Epoch 3/100 Batch 458/650 - Loss: 1.535489 (Recon: 1.238558, Diff: 0.296931, KL: 0.000541)
2026-02-16 14:49:46,176 - INFO - Epoch 3/100 Batch 459/650 - Loss: 1.379488 (Recon: 1.235461, Diff: 0.144026, KL: 0.000333)
2026-02-16 14:49:47,537 - INFO - Epoch 3/100 Batch 460/650 - Loss: 1.332803 (Recon: 1.238913, Diff: 0.093890, KL: 0.000680)
2026-02-16 14:49:48,627 - INFO - Epoch 3/100 Batch 461/650 - Loss: 1.420040 (Recon: 1.239151, Diff: 0.180888, KL: 0.000736)
2026-02-16 14:49:49,755 - INFO - Epoch 3/100 Batch 462/650 - Loss: 1.373538 (Recon: 1.236255, Diff: 0.137283, KL: 0.000527)
2026-02-16 14:50:09,986 - INFO - Epoch 3/100 Batch 463/650 - Loss: 1.319949 (Recon: 1.240026, Diff: 0.079922, KL: 0.000744)
2026-02-16 14:50:11,601 - INFO - Epoch 3/100 Batch 464/650 - Loss: 1.374264 (Recon: 1.236280, Diff: 0.137983, KL: 0.000715)
2026-02-16 14:50:14,959 - INFO - Epoch 3/100 Batch 465/650 - Loss: 1.304015 (Recon: 1.242758, Diff: 0.061257, KL: 0.000736)
2026-02-16 14:50:16,270 - INFO - Epoch 3/100 Batch 466/650 - Loss: 1.416383 (Recon: 1.232472, Diff: 0.183909, KL: 0.001567)
2026-02-16 14:50:17,398 - INFO - Epoch 3/100 Batch 467/650 - Loss: 1.407003 (Recon: 1.240540, Diff: 0.166463, KL: 0.000180)
2026-02-16 14:50:18,799 - INFO - Epoch 3/100 Batch 468/650 - Loss: 1.420562 (Recon: 1.240447, Diff: 0.180114, KL: 0.001206)
2026-02-16 14:50:19,855 - INFO - Epoch 3/100 Batch 469/650 - Loss: 1.349291 (Recon: 1.240331, Diff: 0.108960, KL: 0.000655)
2026-02-16 14:50:20,975 - INFO - Epoch 3/100 Batch 470/650 - Loss: 1.383887 (Recon: 1.239287, Diff: 0.144599, KL: 0.000451)
2026-02-16 14:50:24,759 - INFO - Epoch 3/100 Batch 471/650 - Loss: 1.386151 (Recon: 1.237678, Diff: 0.148473, KL: 0.000749)
2026-02-16 14:50:25,814 - INFO - Epoch 3/100 Batch 472/650 - Loss: 1.376907 (Recon: 1.238084, Diff: 0.138822, KL: 0.000450)
2026-02-16 14:50:26,917 - INFO - Epoch 3/100 Batch 473/650 - Loss: 1.339145 (Recon: 1.230987, Diff: 0.108158, KL: 0.000512)
2026-02-16 14:50:39,642 - INFO - Epoch 3/100 Batch 474/650 - Loss: 1.428938 (Recon: 1.233848, Diff: 0.195082, KL: 0.007861)
2026-02-16 14:50:43,395 - INFO - Epoch 3/100 Batch 475/650 - Loss: 1.406461 (Recon: 1.236745, Diff: 0.169715, KL: 0.000604)
2026-02-16 14:50:44,993 - INFO - Epoch 3/100 Batch 476/650 - Loss: 1.390901 (Recon: 1.235427, Diff: 0.155473, KL: 0.000538)
2026-02-16 14:50:46,081 - INFO - Epoch 3/100 Batch 477/650 - Loss: 1.392954 (Recon: 1.241272, Diff: 0.151681, KL: 0.000621)
2026-02-16 14:50:47,198 - INFO - Epoch 3/100 Batch 478/650 - Loss: 1.376536 (Recon: 1.240377, Diff: 0.136158, KL: 0.000290)
2026-02-16 14:50:49,394 - INFO - Epoch 3/100 Batch 479/650 - Loss: 1.405393 (Recon: 1.239216, Diff: 0.166176, KL: 0.000805)
2026-02-16 14:50:50,439 - INFO - Epoch 3/100 Batch 480/650 - Loss: 1.405929 (Recon: 1.235750, Diff: 0.170178, KL: 0.000724)
2026-02-16 14:50:51,445 - INFO - Epoch 3/100 Batch 481/650 - Loss: 1.392684 (Recon: 1.240592, Diff: 0.152091, KL: 0.000493)
2026-02-16 14:50:52,567 - INFO - Epoch 3/100 Batch 482/650 - Loss: 1.307904 (Recon: 1.240070, Diff: 0.067834, KL: 0.000793)
2026-02-16 14:50:53,644 - INFO - Epoch 3/100 Batch 483/650 - Loss: 1.370676 (Recon: 1.238043, Diff: 0.132633, KL: 0.000524)
2026-02-16 14:50:54,633 - INFO - Epoch 3/100 Batch 484/650 - Loss: 1.343293 (Recon: 1.238978, Diff: 0.104316, KL: 0.000256)
2026-02-16 14:50:55,637 - INFO - Epoch 3/100 Batch 485/650 - Loss: 1.392524 (Recon: 1.236223, Diff: 0.156301, KL: 0.000284)
2026-02-16 14:50:56,620 - INFO - Epoch 3/100 Batch 486/650 - Loss: 1.411392 (Recon: 1.241164, Diff: 0.170228, KL: 0.000369)
2026-02-16 14:50:57,607 - INFO - Epoch 3/100 Batch 487/650 - Loss: 1.366813 (Recon: 1.231879, Diff: 0.134933, KL: 0.000490)
2026-02-16 14:50:58,663 - INFO - Epoch 3/100 Batch 488/650 - Loss: 1.427032 (Recon: 1.232818, Diff: 0.194214, KL: 0.000259)
2026-02-16 14:50:59,684 - INFO - Epoch 3/100 Batch 489/650 - Loss: 1.377514 (Recon: 1.234708, Diff: 0.142806, KL: 0.000510)
2026-02-16 14:51:00,698 - INFO - Epoch 3/100 Batch 490/650 - Loss: 1.324727 (Recon: 1.238612, Diff: 0.086115, KL: 0.000247)
2026-02-16 14:51:25,612 - INFO - Epoch 3/100 Batch 491/650 - Loss: 1.393232 (Recon: 1.235524, Diff: 0.157707, KL: 0.000333)
2026-02-16 14:51:26,682 - INFO - Epoch 3/100 Batch 492/650 - Loss: 1.359756 (Recon: 1.229165, Diff: 0.130590, KL: 0.000427)
2026-02-16 14:51:28,304 - INFO - Epoch 3/100 Batch 493/650 - Loss: 1.342088 (Recon: 1.235473, Diff: 0.106615, KL: 0.000500)
2026-02-16 14:51:29,464 - INFO - Epoch 3/100 Batch 494/650 - Loss: 1.445177 (Recon: 1.230447, Diff: 0.214729, KL: 0.000332)
2026-02-16 14:51:30,540 - INFO - Epoch 3/100 Batch 495/650 - Loss: 1.395849 (Recon: 1.236345, Diff: 0.159504, KL: 0.000509)
2026-02-16 14:51:31,636 - INFO - Epoch 3/100 Batch 496/650 - Loss: 1.398182 (Recon: 1.231813, Diff: 0.166368, KL: 0.000346)
2026-02-16 14:51:32,722 - INFO - Epoch 3/100 Batch 497/650 - Loss: 1.331599 (Recon: 1.233238, Diff: 0.098360, KL: 0.000398)
2026-02-16 14:51:34,339 - INFO - Epoch 3/100 Batch 498/650 - Loss: 1.394584 (Recon: 1.231069, Diff: 0.163515, KL: 0.000568)
2026-02-16 14:51:46,806 - INFO - Epoch 3/100 Batch 499/650 - Loss: 1.405450 (Recon: 1.229036, Diff: 0.176414, KL: 0.000456)
2026-02-16 14:51:48,237 - INFO - Epoch 3/100 Batch 500/650 - Loss: 1.424774 (Recon: 1.238502, Diff: 0.186272, KL: 0.000367)
2026-02-16 14:51:49,351 - INFO - Epoch 3/100 Batch 501/650 - Loss: 1.349267 (Recon: 1.231133, Diff: 0.118133, KL: 0.000277)
2026-02-16 14:51:50,446 - INFO - Epoch 3/100 Batch 502/650 - Loss: 1.366074 (Recon: 1.236053, Diff: 0.130021, KL: 0.000377)
2026-02-16 14:51:51,552 - INFO - Epoch 3/100 Batch 503/650 - Loss: 1.358410 (Recon: 1.238729, Diff: 0.119681, KL: 0.000360)
2026-02-16 14:51:57,164 - INFO - Epoch 3/100 Batch 504/650 - Loss: 1.459740 (Recon: 1.235171, Diff: 0.224568, KL: 0.000993)
2026-02-16 14:51:58,143 - INFO - Epoch 3/100 Batch 505/650 - Loss: 1.328677 (Recon: 1.237342, Diff: 0.091335, KL: 0.000193)
2026-02-16 14:51:59,125 - INFO - Epoch 3/100 Batch 506/650 - Loss: 1.358523 (Recon: 1.230283, Diff: 0.128239, KL: 0.000476)
2026-02-16 14:52:00,098 - INFO - Epoch 3/100 Batch 507/650 - Loss: 1.458964 (Recon: 1.233047, Diff: 0.225916, KL: 0.000501)
2026-02-16 14:52:01,075 - INFO - Epoch 3/100 Batch 508/650 - Loss: 1.347532 (Recon: 1.238852, Diff: 0.108679, KL: 0.000458)
2026-02-16 14:52:02,091 - INFO - Epoch 3/100 Batch 509/650 - Loss: 1.330319 (Recon: 1.236202, Diff: 0.094116, KL: 0.000223)
2026-02-16 14:52:03,101 - INFO - Epoch 3/100 Batch 510/650 - Loss: 1.420894 (Recon: 1.232285, Diff: 0.188609, KL: 0.000274)
2026-02-16 14:52:04,135 - INFO - Epoch 3/100 Batch 511/650 - Loss: 1.344262 (Recon: 1.239049, Diff: 0.105213, KL: 0.000378)
2026-02-16 14:52:05,180 - INFO - Epoch 3/100 Batch 512/650 - Loss: 1.368958 (Recon: 1.237147, Diff: 0.131810, KL: 0.000551)
2026-02-16 14:52:08,258 - INFO - Epoch 3/100 Batch 513/650 - Loss: 1.368539 (Recon: 1.234567, Diff: 0.133971, KL: 0.000381)
2026-02-16 14:52:09,348 - INFO - Epoch 3/100 Batch 514/650 - Loss: 1.337135 (Recon: 1.231257, Diff: 0.105877, KL: 0.000389)
2026-02-16 14:52:10,408 - INFO - Epoch 3/100 Batch 515/650 - Loss: 1.421502 (Recon: 1.234634, Diff: 0.186867, KL: 0.000400)
2026-02-16 14:52:11,631 - INFO - Epoch 3/100 Batch 516/650 - Loss: 1.379509 (Recon: 1.238036, Diff: 0.141472, KL: 0.000266)
2026-02-16 14:52:12,659 - INFO - Epoch 3/100 Batch 517/650 - Loss: 1.397919 (Recon: 1.234331, Diff: 0.163588, KL: 0.000386)
2026-02-16 14:52:13,745 - INFO - Epoch 3/100 Batch 518/650 - Loss: 1.393273 (Recon: 1.230320, Diff: 0.162953, KL: 0.000587)
2026-02-16 14:52:14,767 - INFO - Epoch 3/100 Batch 519/650 - Loss: 1.357808 (Recon: 1.230865, Diff: 0.126942, KL: 0.000241)
2026-02-16 14:52:15,852 - INFO - Epoch 3/100 Batch 520/650 - Loss: 1.370896 (Recon: 1.238404, Diff: 0.132492, KL: 0.000357)
2026-02-16 14:52:16,901 - INFO - Epoch 3/100 Batch 521/650 - Loss: 1.399963 (Recon: 1.238100, Diff: 0.161862, KL: 0.000556)
2026-02-16 14:52:17,956 - INFO - Epoch 3/100 Batch 522/650 - Loss: 1.429908 (Recon: 1.237940, Diff: 0.191967, KL: 0.000293)
2026-02-16 14:52:31,100 - INFO - Epoch 3/100 Batch 523/650 - Loss: 1.321894 (Recon: 1.229945, Diff: 0.091948, KL: 0.000813)
2026-02-16 14:52:32,326 - INFO - Epoch 3/100 Batch 524/650 - Loss: 1.410699 (Recon: 1.234366, Diff: 0.176332, KL: 0.000380)
2026-02-16 14:52:33,391 - INFO - Epoch 3/100 Batch 525/650 - Loss: 1.361420 (Recon: 1.232880, Diff: 0.128540, KL: 0.000363)
2026-02-16 14:52:34,433 - INFO - Epoch 3/100 Batch 526/650 - Loss: 1.355066 (Recon: 1.236740, Diff: 0.118326, KL: 0.000494)
2026-02-16 14:52:35,594 - INFO - Epoch 3/100 Batch 527/650 - Loss: 1.358593 (Recon: 1.235638, Diff: 0.122955, KL: 0.000239)
2026-02-16 14:52:36,684 - INFO - Epoch 3/100 Batch 528/650 - Loss: 1.329452 (Recon: 1.237746, Diff: 0.091706, KL: 0.000277)
2026-02-16 14:52:37,741 - INFO - Epoch 3/100 Batch 529/650 - Loss: 1.417307 (Recon: 1.232714, Diff: 0.184593, KL: 0.000381)
2026-02-16 14:52:38,759 - INFO - Epoch 3/100 Batch 530/650 - Loss: 1.423642 (Recon: 1.237406, Diff: 0.186235, KL: 0.000482)
2026-02-16 14:52:39,837 - INFO - Epoch 3/100 Batch 531/650 - Loss: 1.349940 (Recon: 1.239354, Diff: 0.110586, KL: 0.000253)
2026-02-16 14:52:40,854 - INFO - Epoch 3/100 Batch 532/650 - Loss: 1.355268 (Recon: 1.232895, Diff: 0.122373, KL: 0.000471)
2026-02-16 14:52:41,913 - INFO - Epoch 3/100 Batch 533/650 - Loss: 1.375963 (Recon: 1.235520, Diff: 0.140443, KL: 0.000270)
2026-02-16 14:52:42,913 - INFO - Epoch 3/100 Batch 534/650 - Loss: 1.407364 (Recon: 1.231691, Diff: 0.175673, KL: 0.000339)
2026-02-16 14:52:43,969 - INFO - Epoch 3/100 Batch 535/650 - Loss: 1.360736 (Recon: 1.240373, Diff: 0.120355, KL: 0.007961)
2026-02-16 14:52:45,012 - INFO - Epoch 3/100 Batch 536/650 - Loss: 1.353835 (Recon: 1.235651, Diff: 0.118183, KL: 0.000980)
2026-02-16 14:52:46,121 - INFO - Epoch 3/100 Batch 537/650 - Loss: 1.373037 (Recon: 1.234539, Diff: 0.138498, KL: 0.000570)
2026-02-16 14:52:47,123 - INFO - Epoch 3/100 Batch 538/650 - Loss: 1.388977 (Recon: 1.237999, Diff: 0.150978, KL: 0.000456)
2026-02-16 14:52:48,158 - INFO - Epoch 3/100 Batch 539/650 - Loss: 1.308523 (Recon: 1.235134, Diff: 0.073388, KL: 0.000635)
2026-02-16 14:52:49,217 - INFO - Epoch 3/100 Batch 540/650 - Loss: 1.431598 (Recon: 1.231960, Diff: 0.199638, KL: 0.000485)
2026-02-16 14:52:50,285 - INFO - Epoch 3/100 Batch 541/650 - Loss: 1.348567 (Recon: 1.232374, Diff: 0.116193, KL: 0.000868)
2026-02-16 14:52:51,275 - INFO - Epoch 3/100 Batch 542/650 - Loss: 1.423610 (Recon: 1.234290, Diff: 0.189319, KL: 0.000420)
2026-02-16 14:53:24,447 - INFO - Epoch 3/100 Batch 543/650 - Loss: 1.311095 (Recon: 1.236987, Diff: 0.074108, KL: 0.000346)
2026-02-16 14:53:57,808 - INFO - Epoch 3/100 Batch 544/650 - Loss: 1.353223 (Recon: 1.234213, Diff: 0.119010, KL: 0.000594)
2026-02-16 14:53:58,768 - INFO - Epoch 3/100 Batch 545/650 - Loss: 1.333166 (Recon: 1.239280, Diff: 0.093885, KL: 0.000426)
2026-02-16 14:53:59,757 - INFO - Epoch 3/100 Batch 546/650 - Loss: 1.348845 (Recon: 1.234085, Diff: 0.114760, KL: 0.000519)
2026-02-16 14:54:01,866 - INFO - Epoch 3/100 Batch 547/650 - Loss: 1.359373 (Recon: 1.233123, Diff: 0.126250, KL: 0.000458)
2026-02-16 14:54:18,470 - INFO - Epoch 3/100 Batch 548/650 - Loss: 1.322725 (Recon: 1.231865, Diff: 0.090860, KL: 0.000517)
2026-02-16 14:54:19,540 - INFO - Epoch 3/100 Batch 549/650 - Loss: 1.401080 (Recon: 1.238830, Diff: 0.162250, KL: 0.000435)
2026-02-16 14:54:20,594 - INFO - Epoch 3/100 Batch 550/650 - Loss: 1.350168 (Recon: 1.232731, Diff: 0.117436, KL: 0.000878)
2026-02-16 14:54:48,480 - INFO - Epoch 3/100 Batch 551/650 - Loss: 1.538424 (Recon: 1.235863, Diff: 0.302561, KL: 0.000622)
2026-02-16 14:54:50,800 - INFO - Epoch 3/100 Batch 552/650 - Loss: 1.357998 (Recon: 1.234827, Diff: 0.123170, KL: 0.000534)
2026-02-16 14:55:00,627 - INFO - Epoch 3/100 Batch 553/650 - Loss: 1.426252 (Recon: 1.233316, Diff: 0.192935, KL: 0.000668)
2026-02-16 14:55:01,636 - INFO - Epoch 3/100 Batch 554/650 - Loss: 1.335534 (Recon: 1.235950, Diff: 0.099583, KL: 0.000411)
2026-02-16 14:55:02,671 - INFO - Epoch 3/100 Batch 555/650 - Loss: 1.327028 (Recon: 1.235692, Diff: 0.091335, KL: 0.000814)
2026-02-16 14:55:03,715 - INFO - Epoch 3/100 Batch 556/650 - Loss: 1.315965 (Recon: 1.236105, Diff: 0.079859, KL: 0.000546)
2026-02-16 14:55:04,812 - INFO - Epoch 3/100 Batch 557/650 - Loss: 1.390324 (Recon: 1.235180, Diff: 0.155143, KL: 0.001294)
2026-02-16 14:55:06,396 - INFO - Epoch 3/100 Batch 558/650 - Loss: 1.312490 (Recon: 1.232372, Diff: 0.080118, KL: 0.000348)
2026-02-16 14:55:07,683 - INFO - Epoch 3/100 Batch 559/650 - Loss: 1.297672 (Recon: 1.237015, Diff: 0.060657, KL: 0.000463)
2026-02-16 14:55:08,994 - INFO - Epoch 3/100 Batch 560/650 - Loss: 1.413821 (Recon: 1.233594, Diff: 0.180226, KL: 0.000398)
2026-02-16 14:55:10,075 - INFO - Epoch 3/100 Batch 561/650 - Loss: 1.318704 (Recon: 1.235594, Diff: 0.083110, KL: 0.000300)
2026-02-16 14:55:11,137 - INFO - Epoch 3/100 Batch 562/650 - Loss: 1.400977 (Recon: 1.234975, Diff: 0.166001, KL: 0.000973)
2026-02-16 14:55:12,218 - INFO - Epoch 3/100 Batch 563/650 - Loss: 1.389126 (Recon: 1.234949, Diff: 0.154176, KL: 0.000430)
2026-02-16 14:55:13,265 - INFO - Epoch 3/100 Batch 564/650 - Loss: 1.381126 (Recon: 1.232250, Diff: 0.148875, KL: 0.000770)
2026-02-16 14:55:14,336 - INFO - Epoch 3/100 Batch 565/650 - Loss: 1.352640 (Recon: 1.233151, Diff: 0.119488, KL: 0.000400)
2026-02-16 14:55:30,026 - INFO - Epoch 3/100 Batch 566/650 - Loss: 1.396947 (Recon: 1.236250, Diff: 0.160696, KL: 0.000243)
2026-02-16 14:55:31,095 - INFO - Epoch 3/100 Batch 567/650 - Loss: 1.340083 (Recon: 1.234231, Diff: 0.105851, KL: 0.000351)
2026-02-16 14:55:32,133 - INFO - Epoch 3/100 Batch 568/650 - Loss: 1.352102 (Recon: 1.236405, Diff: 0.115696, KL: 0.000996)
2026-02-16 14:55:34,174 - INFO - Epoch 3/100 Batch 569/650 - Loss: 1.386490 (Recon: 1.235401, Diff: 0.151088, KL: 0.000356)
2026-02-16 14:55:35,175 - INFO - Epoch 3/100 Batch 570/650 - Loss: 1.404221 (Recon: 1.238030, Diff: 0.166190, KL: 0.000553)
2026-02-16 14:55:36,202 - INFO - Epoch 3/100 Batch 571/650 - Loss: 1.408242 (Recon: 1.235865, Diff: 0.172377, KL: 0.000292)
2026-02-16 14:55:37,242 - INFO - Epoch 3/100 Batch 572/650 - Loss: 1.358572 (Recon: 1.233909, Diff: 0.124663, KL: 0.000335)
2026-02-16 14:55:38,396 - INFO - Epoch 3/100 Batch 573/650 - Loss: 1.339072 (Recon: 1.230333, Diff: 0.108738, KL: 0.000613)
2026-02-16 14:55:39,435 - INFO - Epoch 3/100 Batch 574/650 - Loss: 1.338804 (Recon: 1.233055, Diff: 0.105748, KL: 0.000568)
2026-02-16 14:55:40,501 - INFO - Epoch 3/100 Batch 575/650 - Loss: 1.456354 (Recon: 1.233087, Diff: 0.223267, KL: 0.000409)
2026-02-16 14:55:41,569 - INFO - Epoch 3/100 Batch 576/650 - Loss: 1.339644 (Recon: 1.231913, Diff: 0.107730, KL: 0.000471)
2026-02-16 14:55:58,132 - INFO - Epoch 3/100 Batch 577/650 - Loss: 1.333977 (Recon: 1.237256, Diff: 0.096721, KL: 0.000145)
2026-02-16 14:55:59,185 - INFO - Epoch 3/100 Batch 578/650 - Loss: 1.331691 (Recon: 1.232725, Diff: 0.098965, KL: 0.000448)
2026-02-16 14:56:00,234 - INFO - Epoch 3/100 Batch 579/650 - Loss: 1.434576 (Recon: 1.231157, Diff: 0.203418, KL: 0.000493)
2026-02-16 14:56:01,321 - INFO - Epoch 3/100 Batch 580/650 - Loss: 1.344326 (Recon: 1.235755, Diff: 0.108570, KL: 0.000255)
2026-02-16 14:56:02,412 - INFO - Epoch 3/100 Batch 581/650 - Loss: 1.365652 (Recon: 1.233938, Diff: 0.131712, KL: 0.001094)
2026-02-16 14:56:04,219 - INFO - Epoch 3/100 Batch 582/650 - Loss: 1.361260 (Recon: 1.236411, Diff: 0.124849, KL: 0.000392)
2026-02-16 14:56:06,664 - INFO - Epoch 3/100 Batch 583/650 - Loss: 1.434142 (Recon: 1.235824, Diff: 0.198318, KL: 0.000620)
2026-02-16 14:56:07,734 - INFO - Epoch 3/100 Batch 584/650 - Loss: 1.326292 (Recon: 1.235159, Diff: 0.091132, KL: 0.000536)
2026-02-16 14:56:25,649 - INFO - Epoch 3/100 Batch 585/650 - Loss: 1.402266 (Recon: 1.230957, Diff: 0.171309, KL: 0.000257)
2026-02-16 14:56:41,724 - INFO - Epoch 3/100 Batch 586/650 - Loss: 1.379072 (Recon: 1.229019, Diff: 0.150053, KL: 0.000521)
2026-02-16 14:56:42,790 - INFO - Epoch 3/100 Batch 587/650 - Loss: 1.360664 (Recon: 1.234887, Diff: 0.125777, KL: 0.000237)
2026-02-16 14:56:49,654 - INFO - Epoch 3/100 Batch 588/650 - Loss: 1.334695 (Recon: 1.233510, Diff: 0.101184, KL: 0.000324)
2026-02-16 14:56:50,774 - INFO - Epoch 3/100 Batch 589/650 - Loss: 1.315908 (Recon: 1.236271, Diff: 0.079636, KL: 0.000459)
2026-02-16 14:56:51,785 - INFO - Epoch 3/100 Batch 590/650 - Loss: 1.379306 (Recon: 1.234588, Diff: 0.144718, KL: 0.000305)
2026-02-16 14:56:52,804 - INFO - Epoch 3/100 Batch 591/650 - Loss: 1.298284 (Recon: 1.232033, Diff: 0.066251, KL: 0.000325)
2026-02-16 14:56:53,832 - INFO - Epoch 3/100 Batch 592/650 - Loss: 1.384243 (Recon: 1.232872, Diff: 0.151371, KL: 0.000442)
2026-02-16 14:57:04,774 - INFO - Epoch 3/100 Batch 593/650 - Loss: 1.349724 (Recon: 1.231844, Diff: 0.117880, KL: 0.000320)
2026-02-16 14:57:05,830 - INFO - Epoch 3/100 Batch 594/650 - Loss: 1.370906 (Recon: 1.234442, Diff: 0.136464, KL: 0.000225)
2026-02-16 14:57:07,532 - INFO - Epoch 3/100 Batch 595/650 - Loss: 1.333241 (Recon: 1.235799, Diff: 0.097442, KL: 0.000206)
2026-02-16 14:57:08,546 - INFO - Epoch 3/100 Batch 596/650 - Loss: 1.333778 (Recon: 1.234103, Diff: 0.099675, KL: 0.000395)
2026-02-16 14:57:09,539 - INFO - Epoch 3/100 Batch 597/650 - Loss: 1.324762 (Recon: 1.230628, Diff: 0.094133, KL: 0.000744)
2026-02-16 14:57:14,923 - INFO - Epoch 3/100 Batch 598/650 - Loss: 1.372059 (Recon: 1.232354, Diff: 0.139705, KL: 0.000403)
2026-02-16 14:57:15,972 - INFO - Epoch 3/100 Batch 599/650 - Loss: 1.332949 (Recon: 1.231988, Diff: 0.100961, KL: 0.000551)
2026-02-16 14:57:44,449 - INFO - Epoch 3/100 Batch 600/650 - Loss: 1.351415 (Recon: 1.234352, Diff: 0.117063, KL: 0.000418)
2026-02-16 14:58:03,295 - INFO - Epoch 3/100 Batch 601/650 - Loss: 1.496001 (Recon: 1.232337, Diff: 0.263663, KL: 0.000623)
2026-02-16 14:58:04,255 - INFO - Epoch 3/100 Batch 602/650 - Loss: 1.376718 (Recon: 1.230430, Diff: 0.146287, KL: 0.000362)
2026-02-16 14:58:05,318 - INFO - Epoch 3/100 Batch 603/650 - Loss: 1.321916 (Recon: 1.236023, Diff: 0.085886, KL: 0.006381)
2026-02-16 14:58:06,350 - INFO - Epoch 3/100 Batch 604/650 - Loss: 1.421353 (Recon: 1.233055, Diff: 0.188297, KL: 0.000777)
2026-02-16 14:58:07,370 - INFO - Epoch 3/100 Batch 605/650 - Loss: 1.319506 (Recon: 1.235789, Diff: 0.083716, KL: 0.001158)
2026-02-16 14:58:13,413 - INFO - Epoch 3/100 Batch 606/650 - Loss: 1.332409 (Recon: 1.236274, Diff: 0.096135, KL: 0.000408)
2026-02-16 14:58:30,301 - INFO - Epoch 3/100 Batch 607/650 - Loss: 1.372215 (Recon: 1.229753, Diff: 0.142460, KL: 0.000682)
2026-02-16 14:58:36,419 - INFO - Epoch 3/100 Batch 608/650 - Loss: 1.326807 (Recon: 1.237245, Diff: 0.089561, KL: 0.000867)
2026-02-16 14:59:09,783 - INFO - Epoch 3/100 Batch 609/650 - Loss: 1.404573 (Recon: 1.232400, Diff: 0.172172, KL: 0.000418)
2026-02-16 14:59:45,054 - INFO - Epoch 3/100 Batch 610/650 - Loss: 1.341054 (Recon: 1.236230, Diff: 0.104823, KL: 0.000851)
2026-02-16 15:00:20,393 - INFO - Epoch 3/100 Batch 611/650 - Loss: 1.336964 (Recon: 1.230407, Diff: 0.106556, KL: 0.000203)
2026-02-16 15:00:37,761 - INFO - Epoch 3/100 Batch 612/650 - Loss: 1.360185 (Recon: 1.231134, Diff: 0.129050, KL: 0.001059)
2026-02-16 15:01:05,814 - INFO - Epoch 3/100 Batch 613/650 - Loss: 1.387126 (Recon: 1.235805, Diff: 0.151321, KL: 0.000510)
2026-02-16 15:01:06,843 - INFO - Epoch 3/100 Batch 614/650 - Loss: 1.397749 (Recon: 1.226516, Diff: 0.171232, KL: 0.000527)
2026-02-16 15:01:07,862 - INFO - Epoch 3/100 Batch 615/650 - Loss: 1.363837 (Recon: 1.231414, Diff: 0.132422, KL: 0.000894)
2026-02-16 15:01:08,891 - INFO - Epoch 3/100 Batch 616/650 - Loss: 1.356413 (Recon: 1.235211, Diff: 0.121199, KL: 0.003767)
2026-02-16 15:01:09,900 - INFO - Epoch 3/100 Batch 617/650 - Loss: 1.304894 (Recon: 1.231438, Diff: 0.073455, KL: 0.000458)
2026-02-16 15:01:10,898 - INFO - Epoch 3/100 Batch 618/650 - Loss: 1.403933 (Recon: 1.234608, Diff: 0.169324, KL: 0.000773)
2026-02-16 15:01:11,902 - INFO - Epoch 3/100 Batch 619/650 - Loss: 1.307506 (Recon: 1.232948, Diff: 0.074553, KL: 0.004124)
2026-02-16 15:01:12,939 - INFO - Epoch 3/100 Batch 620/650 - Loss: 1.351436 (Recon: 1.232742, Diff: 0.118694, KL: 0.000884)
2026-02-16 15:01:13,946 - INFO - Epoch 3/100 Batch 621/650 - Loss: 1.327773 (Recon: 1.234923, Diff: 0.092849, KL: 0.001263)
2026-02-16 15:01:14,961 - INFO - Epoch 3/100 Batch 622/650 - Loss: 1.365742 (Recon: 1.232057, Diff: 0.133685, KL: 0.000425)
2026-02-16 15:01:15,968 - INFO - Epoch 3/100 Batch 623/650 - Loss: 1.398255 (Recon: 1.230882, Diff: 0.167372, KL: 0.000852)
2026-02-16 15:01:17,337 - INFO - Epoch 3/100 Batch 624/650 - Loss: 1.304148 (Recon: 1.235000, Diff: 0.069148, KL: 0.000821)
2026-02-16 15:01:18,379 - INFO - Epoch 3/100 Batch 625/650 - Loss: 1.352897 (Recon: 1.232242, Diff: 0.120654, KL: 0.000644)
2026-02-16 15:01:19,424 - INFO - Epoch 3/100 Batch 626/650 - Loss: 1.403584 (Recon: 1.234227, Diff: 0.169355, KL: 0.001551)
2026-02-16 15:01:20,570 - INFO - Epoch 3/100 Batch 627/650 - Loss: 1.366741 (Recon: 1.236025, Diff: 0.130716, KL: 0.000345)
2026-02-16 15:01:21,659 - INFO - Epoch 3/100 Batch 628/650 - Loss: 1.316776 (Recon: 1.234901, Diff: 0.081875, KL: 0.000475)
2026-02-16 15:01:22,737 - INFO - Epoch 3/100 Batch 629/650 - Loss: 1.364341 (Recon: 1.230484, Diff: 0.133856, KL: 0.000712)
2026-02-16 15:01:23,815 - INFO - Epoch 3/100 Batch 630/650 - Loss: 1.316284 (Recon: 1.232256, Diff: 0.084028, KL: 0.000401)
2026-02-16 15:01:25,206 - INFO - Epoch 3/100 Batch 631/650 - Loss: 1.397286 (Recon: 1.232297, Diff: 0.164988, KL: 0.001006)
2026-02-16 15:01:26,248 - INFO - Epoch 3/100 Batch 632/650 - Loss: 1.316002 (Recon: 1.233672, Diff: 0.082330, KL: 0.000295)
2026-02-16 15:01:27,334 - INFO - Epoch 3/100 Batch 633/650 - Loss: 1.356351 (Recon: 1.235974, Diff: 0.120375, KL: 0.001569)
2026-02-16 15:01:31,692 - INFO - Epoch 3/100 Batch 634/650 - Loss: 1.375440 (Recon: 1.227620, Diff: 0.147820, KL: 0.000345)
2026-02-16 15:01:32,784 - INFO - Epoch 3/100 Batch 635/650 - Loss: 1.315408 (Recon: 1.235422, Diff: 0.079977, KL: 0.009156)
2026-02-16 15:01:33,865 - INFO - Epoch 3/100 Batch 636/650 - Loss: 1.329005 (Recon: 1.230274, Diff: 0.098729, KL: 0.001587)
2026-02-16 15:01:34,923 - INFO - Epoch 3/100 Batch 637/650 - Loss: 1.341913 (Recon: 1.235165, Diff: 0.106747, KL: 0.000542)
2026-02-16 15:01:36,013 - INFO - Epoch 3/100 Batch 638/650 - Loss: 1.332204 (Recon: 1.229585, Diff: 0.102617, KL: 0.001929)
2026-02-16 15:01:37,094 - INFO - Epoch 3/100 Batch 639/650 - Loss: 1.368453 (Recon: 1.237272, Diff: 0.131181, KL: 0.000717)
2026-02-16 15:02:09,593 - INFO - Epoch 3/100 Batch 640/650 - Loss: 1.392144 (Recon: 1.234058, Diff: 0.158085, KL: 0.000548)
2026-02-16 15:02:44,724 - INFO - Epoch 3/100 Batch 641/650 - Loss: 1.374408 (Recon: 1.231451, Diff: 0.142956, KL: 0.001161)
2026-02-16 15:03:12,005 - INFO - Epoch 3/100 Batch 642/650 - Loss: 1.414548 (Recon: 1.227194, Diff: 0.187353, KL: 0.001017)
2026-02-16 15:03:14,023 - INFO - Epoch 3/100 Batch 643/650 - Loss: 1.308344 (Recon: 1.233403, Diff: 0.074938, KL: 0.002103)
2026-02-16 15:03:21,554 - INFO - Epoch 3/100 Batch 644/650 - Loss: 1.321475 (Recon: 1.229688, Diff: 0.091786, KL: 0.001041)
2026-02-16 15:04:00,033 - INFO - Epoch 3/100 Batch 645/650 - Loss: 1.415565 (Recon: 1.234717, Diff: 0.180847, KL: 0.000607)
2026-02-16 15:04:12,126 - INFO - Epoch 3/100 Batch 646/650 - Loss: 1.359080 (Recon: 1.231841, Diff: 0.127237, KL: 0.001654)
2026-02-16 15:04:13,113 - INFO - Epoch 3/100 Batch 647/650 - Loss: 1.370860 (Recon: 1.226322, Diff: 0.144538, KL: 0.000458)
2026-02-16 15:04:14,070 - INFO - Epoch 3/100 Batch 648/650 - Loss: 1.317654 (Recon: 1.229943, Diff: 0.087710, KL: 0.001689)
2026-02-16 15:04:15,023 - INFO - Epoch 3/100 Batch 649/650 - Loss: 1.460185 (Recon: 1.231922, Diff: 0.228263, KL: 0.000349)
2026-02-16 15:04:15,990 - INFO - Epoch 3/100 Batch 650/650 - Loss: 1.415562 (Recon: 1.233058, Diff: 0.182503, KL: 0.000436)
2026-02-16 15:04:16,095 - INFO - Epoch 3 Train Loss: 1.390746
2026-02-16 15:06:12,428 - INFO - Epoch 3 Val Loss: 1.349932 (Recon: 1.2335, Diff: 0.1164, KL: 0.0009)
2026-02-16 15:06:15,161 - INFO - New best model saved with val_loss: 1.349932
2026-02-16 15:06:47,393 - INFO - Epoch 4/100 Batch 1/650 - Loss: 1.309392 (Recon: 1.231067, Diff: 0.078324, KL: 0.000561)
2026-02-16 15:06:48,577 - INFO - Epoch 4/100 Batch 2/650 - Loss: 1.412326 (Recon: 1.233924, Diff: 0.178401, KL: 0.000370)
2026-02-16 15:06:49,636 - INFO - Epoch 4/100 Batch 3/650 - Loss: 1.366137 (Recon: 1.234487, Diff: 0.131649, KL: 0.000349)
2026-02-16 15:06:50,759 - INFO - Epoch 4/100 Batch 4/650 - Loss: 1.455982 (Recon: 1.233873, Diff: 0.222108, KL: 0.000789)
2026-02-16 15:06:51,829 - INFO - Epoch 4/100 Batch 5/650 - Loss: 1.436786 (Recon: 1.234365, Diff: 0.202421, KL: 0.000424)
2026-02-16 15:06:52,949 - INFO - Epoch 4/100 Batch 6/650 - Loss: 1.339632 (Recon: 1.235319, Diff: 0.104312, KL: 0.001228)
2026-02-16 15:06:54,058 - INFO - Epoch 4/100 Batch 7/650 - Loss: 1.427364 (Recon: 1.235625, Diff: 0.191739, KL: 0.000842)
2026-02-16 15:07:02,203 - INFO - Epoch 4/100 Batch 8/650 - Loss: 1.334641 (Recon: 1.227278, Diff: 0.107363, KL: 0.000531)
2026-02-16 15:07:03,297 - INFO - Epoch 4/100 Batch 9/650 - Loss: 1.338333 (Recon: 1.232195, Diff: 0.106137, KL: 0.000460)
2026-02-16 15:07:04,413 - INFO - Epoch 4/100 Batch 10/650 - Loss: 1.402869 (Recon: 1.218220, Diff: 0.184649, KL: 0.000280)
2026-02-16 15:07:05,525 - INFO - Epoch 4/100 Batch 11/650 - Loss: 1.352136 (Recon: 1.227395, Diff: 0.124740, KL: 0.000305)
2026-02-16 15:07:06,611 - INFO - Epoch 4/100 Batch 12/650 - Loss: 1.361215 (Recon: 1.234620, Diff: 0.126594, KL: 0.000338)
2026-02-16 15:07:07,657 - INFO - Epoch 4/100 Batch 13/650 - Loss: 1.360163 (Recon: 1.227294, Diff: 0.132868, KL: 0.000535)
2026-02-16 15:07:08,784 - INFO - Epoch 4/100 Batch 14/650 - Loss: 1.387318 (Recon: 1.234771, Diff: 0.152547, KL: 0.000235)
2026-02-16 15:07:09,877 - INFO - Epoch 4/100 Batch 15/650 - Loss: 1.352889 (Recon: 1.226907, Diff: 0.125980, KL: 0.000576)
2026-02-16 15:07:10,954 - INFO - Epoch 4/100 Batch 16/650 - Loss: 1.357121 (Recon: 1.232350, Diff: 0.124770, KL: 0.000395)
2026-02-16 15:07:11,959 - INFO - Epoch 4/100 Batch 17/650 - Loss: 1.353074 (Recon: 1.229752, Diff: 0.123322, KL: 0.000561)
2026-02-16 15:07:13,038 - INFO - Epoch 4/100 Batch 18/650 - Loss: 1.375342 (Recon: 1.227033, Diff: 0.148309, KL: 0.000418)
2026-02-16 15:07:14,346 - INFO - Epoch 4/100 Batch 19/650 - Loss: 1.362739 (Recon: 1.232324, Diff: 0.130415, KL: 0.000608)
2026-02-16 15:07:15,516 - INFO - Epoch 4/100 Batch 20/650 - Loss: 1.370116 (Recon: 1.233094, Diff: 0.137022, KL: 0.000328)
2026-02-16 15:07:16,724 - INFO - Epoch 4/100 Batch 21/650 - Loss: 1.526671 (Recon: 1.230674, Diff: 0.295996, KL: 0.000587)
2026-02-16 15:07:17,716 - INFO - Epoch 4/100 Batch 22/650 - Loss: 1.369233 (Recon: 1.234818, Diff: 0.134414, KL: 0.000708)
2026-02-16 15:07:18,745 - INFO - Epoch 4/100 Batch 23/650 - Loss: 1.380668 (Recon: 1.226743, Diff: 0.153924, KL: 0.000570)
2026-02-16 15:07:19,761 - INFO - Epoch 4/100 Batch 24/650 - Loss: 1.410399 (Recon: 1.230670, Diff: 0.179728, KL: 0.000417)
2026-02-16 15:07:20,913 - INFO - Epoch 4/100 Batch 25/650 - Loss: 1.384615 (Recon: 1.230309, Diff: 0.154305, KL: 0.000426)
2026-02-16 15:07:21,943 - INFO - Epoch 4/100 Batch 26/650 - Loss: 1.364609 (Recon: 1.227802, Diff: 0.136806, KL: 0.000708)
2026-02-16 15:07:22,934 - INFO - Epoch 4/100 Batch 27/650 - Loss: 1.497706 (Recon: 1.227130, Diff: 0.270576, KL: 0.000701)
2026-02-16 15:07:23,985 - INFO - Epoch 4/100 Batch 28/650 - Loss: 1.306981 (Recon: 1.228727, Diff: 0.078255, KL: 0.000248)
2026-02-16 15:07:25,029 - INFO - Epoch 4/100 Batch 29/650 - Loss: 1.319582 (Recon: 1.227593, Diff: 0.091988, KL: 0.000774)
2026-02-16 15:07:28,413 - INFO - Epoch 4/100 Batch 30/650 - Loss: 1.344164 (Recon: 1.234947, Diff: 0.109216, KL: 0.000291)
2026-02-16 15:07:29,947 - INFO - Epoch 4/100 Batch 31/650 - Loss: 1.323234 (Recon: 1.228894, Diff: 0.094339, KL: 0.000479)
2026-02-16 15:07:31,035 - INFO - Epoch 4/100 Batch 32/650 - Loss: 1.358788 (Recon: 1.225416, Diff: 0.133371, KL: 0.001013)
2026-02-16 15:07:32,925 - INFO - Epoch 4/100 Batch 33/650 - Loss: 1.337471 (Recon: 1.227501, Diff: 0.109965, KL: 0.004965)
2026-02-16 15:07:36,941 - INFO - Epoch 4/100 Batch 34/650 - Loss: 1.353799 (Recon: 1.229628, Diff: 0.124170, KL: 0.000595)
2026-02-16 15:07:38,063 - INFO - Epoch 4/100 Batch 35/650 - Loss: 1.319016 (Recon: 1.227761, Diff: 0.091254, KL: 0.000685)
2026-02-16 15:07:39,153 - INFO - Epoch 4/100 Batch 36/650 - Loss: 1.348973 (Recon: 1.230322, Diff: 0.118650, KL: 0.000565)
2026-02-16 15:07:40,357 - INFO - Epoch 4/100 Batch 37/650 - Loss: 1.338988 (Recon: 1.232461, Diff: 0.106527, KL: 0.000258)
2026-02-16 15:07:41,456 - INFO - Epoch 4/100 Batch 38/650 - Loss: 1.310738 (Recon: 1.222939, Diff: 0.087798, KL: 0.000916)
2026-02-16 15:07:42,584 - INFO - Epoch 4/100 Batch 39/650 - Loss: 1.307644 (Recon: 1.227676, Diff: 0.079968, KL: 0.000709)
2026-02-16 15:07:43,685 - INFO - Epoch 4/100 Batch 40/650 - Loss: 1.327677 (Recon: 1.230865, Diff: 0.096811, KL: 0.000607)
2026-02-16 15:07:44,798 - INFO - Epoch 4/100 Batch 41/650 - Loss: 1.344188 (Recon: 1.231829, Diff: 0.112359, KL: 0.000352)
2026-02-16 15:07:46,111 - INFO - Epoch 4/100 Batch 42/650 - Loss: 1.369941 (Recon: 1.230441, Diff: 0.139499, KL: 0.000490)
2026-02-16 15:07:47,217 - INFO - Epoch 4/100 Batch 43/650 - Loss: 1.370605 (Recon: 1.224714, Diff: 0.145891, KL: 0.000443)
2026-02-16 15:07:48,338 - INFO - Epoch 4/100 Batch 44/650 - Loss: 1.321060 (Recon: 1.227904, Diff: 0.093155, KL: 0.000400)
2026-02-16 15:07:49,427 - INFO - Epoch 4/100 Batch 45/650 - Loss: 1.399349 (Recon: 1.227635, Diff: 0.171714, KL: 0.000413)
2026-02-16 15:07:50,508 - INFO - Epoch 4/100 Batch 46/650 - Loss: 1.365722 (Recon: 1.230703, Diff: 0.135018, KL: 0.000300)
2026-02-16 15:07:51,635 - INFO - Epoch 4/100 Batch 47/650 - Loss: 1.387506 (Recon: 1.226361, Diff: 0.161144, KL: 0.000757)
2026-02-16 15:07:52,731 - INFO - Epoch 4/100 Batch 48/650 - Loss: 1.288899 (Recon: 1.229798, Diff: 0.059101, KL: 0.000173)
2026-02-16 15:07:53,845 - INFO - Epoch 4/100 Batch 49/650 - Loss: 1.366766 (Recon: 1.231575, Diff: 0.135190, KL: 0.000802)
2026-02-16 15:07:54,937 - INFO - Epoch 4/100 Batch 50/650 - Loss: 1.334912 (Recon: 1.228862, Diff: 0.106049, KL: 0.000443)
2026-02-16 15:07:56,033 - INFO - Epoch 4/100 Batch 51/650 - Loss: 1.311980 (Recon: 1.228655, Diff: 0.083324, KL: 0.000452)
2026-02-16 15:07:57,163 - INFO - Epoch 4/100 Batch 52/650 - Loss: 1.305998 (Recon: 1.231837, Diff: 0.074160, KL: 0.000582)
2026-02-16 15:07:58,276 - INFO - Epoch 4/100 Batch 53/650 - Loss: 1.336618 (Recon: 1.232750, Diff: 0.103867, KL: 0.000389)
2026-02-16 15:07:59,507 - INFO - Epoch 4/100 Batch 54/650 - Loss: 1.341233 (Recon: 1.223954, Diff: 0.117278, KL: 0.000616)
2026-02-16 15:08:00,621 - INFO - Epoch 4/100 Batch 55/650 - Loss: 1.341723 (Recon: 1.227340, Diff: 0.114383, KL: 0.000311)
2026-02-16 15:08:01,737 - INFO - Epoch 4/100 Batch 56/650 - Loss: 1.303923 (Recon: 1.230200, Diff: 0.073722, KL: 0.000836)
2026-02-16 15:08:02,834 - INFO - Epoch 4/100 Batch 57/650 - Loss: 1.315554 (Recon: 1.228607, Diff: 0.086947, KL: 0.000301)
2026-02-16 15:08:03,945 - INFO - Epoch 4/100 Batch 58/650 - Loss: 1.362659 (Recon: 1.226805, Diff: 0.135853, KL: 0.000462)
2026-02-16 15:08:05,068 - INFO - Epoch 4/100 Batch 59/650 - Loss: 1.358698 (Recon: 1.230610, Diff: 0.128088, KL: 0.000423)
2026-02-16 15:08:06,261 - INFO - Epoch 4/100 Batch 60/650 - Loss: 1.417976 (Recon: 1.230454, Diff: 0.187522, KL: 0.000326)
2026-02-16 15:08:07,424 - INFO - Epoch 4/100 Batch 61/650 - Loss: 1.316799 (Recon: 1.230204, Diff: 0.086594, KL: 0.000414)
2026-02-16 15:08:19,484 - INFO - Epoch 4/100 Batch 62/650 - Loss: 1.335594 (Recon: 1.225470, Diff: 0.110123, KL: 0.000866)
2026-02-16 15:08:32,375 - INFO - Epoch 4/100 Batch 63/650 - Loss: 1.358305 (Recon: 1.228673, Diff: 0.129631, KL: 0.000930)
2026-02-16 15:09:08,071 - INFO - Epoch 4/100 Batch 64/650 - Loss: 1.320163 (Recon: 1.231743, Diff: 0.088420, KL: 0.000354)
2026-02-16 15:09:23,227 - INFO - Epoch 4/100 Batch 65/650 - Loss: 1.340651 (Recon: 1.226992, Diff: 0.113659, KL: 0.000396)
2026-02-16 15:09:24,265 - INFO - Epoch 4/100 Batch 66/650 - Loss: 1.465969 (Recon: 1.233615, Diff: 0.232353, KL: 0.001156)
2026-02-16 15:09:25,337 - INFO - Epoch 4/100 Batch 67/650 - Loss: 1.338335 (Recon: 1.226559, Diff: 0.111771, KL: 0.005374)
2026-02-16 15:09:26,400 - INFO - Epoch 4/100 Batch 68/650 - Loss: 1.339562 (Recon: 1.230157, Diff: 0.109398, KL: 0.006060)
2026-02-16 15:09:27,399 - INFO - Epoch 4/100 Batch 69/650 - Loss: 1.304002 (Recon: 1.226390, Diff: 0.077612, KL: 0.001124)
2026-02-16 15:09:28,644 - INFO - Epoch 4/100 Batch 70/650 - Loss: 1.391908 (Recon: 1.223750, Diff: 0.168158, KL: 0.000793)
2026-02-16 15:09:29,795 - INFO - Epoch 4/100 Batch 71/650 - Loss: 1.306746 (Recon: 1.226586, Diff: 0.080158, KL: 0.002179)
2026-02-16 15:09:30,900 - INFO - Epoch 4/100 Batch 72/650 - Loss: 1.375633 (Recon: 1.232500, Diff: 0.143132, KL: 0.000502)
2026-02-16 15:09:31,982 - INFO - Epoch 4/100 Batch 73/650 - Loss: 1.327681 (Recon: 1.230386, Diff: 0.097293, KL: 0.001922)
2026-02-16 15:09:33,053 - INFO - Epoch 4/100 Batch 74/650 - Loss: 1.344131 (Recon: 1.231752, Diff: 0.112378, KL: 0.000990)
2026-02-16 15:09:34,156 - INFO - Epoch 4/100 Batch 75/650 - Loss: 1.331413 (Recon: 1.233244, Diff: 0.098168, KL: 0.001464)
2026-02-16 15:09:35,220 - INFO - Epoch 4/100 Batch 76/650 - Loss: 1.358783 (Recon: 1.230243, Diff: 0.128539, KL: 0.001417)
2026-02-16 15:09:36,382 - INFO - Epoch 4/100 Batch 77/650 - Loss: 1.329354 (Recon: 1.228040, Diff: 0.101314, KL: 0.000760)
2026-02-16 15:09:37,452 - INFO - Epoch 4/100 Batch 78/650 - Loss: 1.318435 (Recon: 1.231746, Diff: 0.086688, KL: 0.001115)
2026-02-16 15:09:38,604 - INFO - Epoch 4/100 Batch 79/650 - Loss: 1.356877 (Recon: 1.230580, Diff: 0.126297, KL: 0.000457)
2026-02-16 15:09:39,683 - INFO - Epoch 4/100 Batch 80/650 - Loss: 1.344795 (Recon: 1.230310, Diff: 0.114483, KL: 0.001491)
2026-02-16 15:09:40,799 - INFO - Epoch 4/100 Batch 81/650 - Loss: 1.346973 (Recon: 1.230253, Diff: 0.116720, KL: 0.000601)
2026-02-16 15:09:41,882 - INFO - Epoch 4/100 Batch 82/650 - Loss: 1.318224 (Recon: 1.224756, Diff: 0.093468, KL: 0.000988)
2026-02-16 15:09:43,001 - INFO - Epoch 4/100 Batch 83/650 - Loss: 1.448414 (Recon: 1.227819, Diff: 0.220594, KL: 0.001281)
2026-02-16 15:09:44,171 - INFO - Epoch 4/100 Batch 84/650 - Loss: 1.314352 (Recon: 1.227112, Diff: 0.087240, KL: 0.000702)
2026-02-16 15:09:45,299 - INFO - Epoch 4/100 Batch 85/650 - Loss: 1.341571 (Recon: 1.229608, Diff: 0.111962, KL: 0.001412)
2026-02-16 15:09:46,339 - INFO - Epoch 4/100 Batch 86/650 - Loss: 1.350681 (Recon: 1.224848, Diff: 0.125833, KL: 0.000361)
2026-02-16 15:09:47,465 - INFO - Epoch 4/100 Batch 87/650 - Loss: 1.346911 (Recon: 1.231479, Diff: 0.115430, KL: 0.001312)
2026-02-16 15:10:21,530 - INFO - Epoch 4/100 Batch 88/650 - Loss: 1.332391 (Recon: 1.230107, Diff: 0.102282, KL: 0.001053)
2026-02-16 15:10:34,284 - INFO - Epoch 4/100 Batch 89/650 - Loss: 1.378888 (Recon: 1.223514, Diff: 0.155374, KL: 0.000801)
2026-02-16 15:10:35,364 - INFO - Epoch 4/100 Batch 90/650 - Loss: 1.295538 (Recon: 1.220205, Diff: 0.075332, KL: 0.001082)
2026-02-16 15:10:47,681 - INFO - Epoch 4/100 Batch 91/650 - Loss: 1.292161 (Recon: 1.221880, Diff: 0.070281, KL: 0.000544)
2026-02-16 15:10:48,764 - INFO - Epoch 4/100 Batch 92/650 - Loss: 1.355712 (Recon: 1.226776, Diff: 0.128935, KL: 0.000620)
2026-02-16 15:10:53,723 - INFO - Epoch 4/100 Batch 93/650 - Loss: 1.417966 (Recon: 1.227812, Diff: 0.190153, KL: 0.000916)
2026-02-16 15:10:54,755 - INFO - Epoch 4/100 Batch 94/650 - Loss: 1.330277 (Recon: 1.229200, Diff: 0.101073, KL: 0.003461)
2026-02-16 15:10:55,858 - INFO - Epoch 4/100 Batch 95/650 - Loss: 1.353072 (Recon: 1.233664, Diff: 0.119407, KL: 0.000920)
2026-02-16 15:10:57,462 - INFO - Epoch 4/100 Batch 96/650 - Loss: 1.418912 (Recon: 1.227769, Diff: 0.191142, KL: 0.000362)
2026-02-16 15:10:58,758 - INFO - Epoch 4/100 Batch 97/650 - Loss: 1.377646 (Recon: 1.229470, Diff: 0.148176, KL: 0.000147)
2026-02-16 15:10:59,832 - INFO - Epoch 4/100 Batch 98/650 - Loss: 1.382805 (Recon: 1.224595, Diff: 0.158210, KL: 0.000378)
2026-02-16 15:11:01,356 - INFO - Epoch 4/100 Batch 99/650 - Loss: 1.376214 (Recon: 1.232019, Diff: 0.144192, KL: 0.003785)
2026-02-16 15:11:02,372 - INFO - Epoch 4/100 Batch 100/650 - Loss: 1.406468 (Recon: 1.229359, Diff: 0.177109, KL: 0.000426)
2026-02-16 15:11:03,491 - INFO - Epoch 4/100 Batch 101/650 - Loss: 1.373379 (Recon: 1.232995, Diff: 0.140384, KL: 0.000249)
2026-02-16 15:11:04,551 - INFO - Epoch 4/100 Batch 102/650 - Loss: 1.375296 (Recon: 1.224069, Diff: 0.151227, KL: 0.000641)
2026-02-16 15:11:05,652 - INFO - Epoch 4/100 Batch 103/650 - Loss: 1.309447 (Recon: 1.225747, Diff: 0.083699, KL: 0.000325)
2026-02-16 15:11:06,677 - INFO - Epoch 4/100 Batch 104/650 - Loss: 1.356933 (Recon: 1.225775, Diff: 0.131158, KL: 0.000209)
2026-02-16 15:11:07,873 - INFO - Epoch 4/100 Batch 105/650 - Loss: 1.487808 (Recon: 1.226562, Diff: 0.261246, KL: 0.000395)
2026-02-16 15:11:08,878 - INFO - Epoch 4/100 Batch 106/650 - Loss: 1.320013 (Recon: 1.230920, Diff: 0.089093, KL: 0.000212)
2026-02-16 15:11:10,020 - INFO - Epoch 4/100 Batch 107/650 - Loss: 1.317261 (Recon: 1.229388, Diff: 0.087873, KL: 0.000451)
2026-02-16 15:11:11,049 - INFO - Epoch 4/100 Batch 108/650 - Loss: 1.441608 (Recon: 1.230725, Diff: 0.210882, KL: 0.000180)
2026-02-16 15:11:12,234 - INFO - Epoch 4/100 Batch 109/650 - Loss: 1.338670 (Recon: 1.230508, Diff: 0.108162, KL: 0.000416)
2026-02-16 15:11:13,331 - INFO - Epoch 4/100 Batch 110/650 - Loss: 1.328722 (Recon: 1.228655, Diff: 0.100067, KL: 0.000214)
2026-02-16 15:11:14,436 - INFO - Epoch 4/100 Batch 111/650 - Loss: 1.364708 (Recon: 1.220747, Diff: 0.143961, KL: 0.000272)
2026-02-16 15:11:21,553 - INFO - Epoch 4/100 Batch 112/650 - Loss: 1.342618 (Recon: 1.227718, Diff: 0.114899, KL: 0.000504)
2026-02-16 15:11:24,154 - INFO - Epoch 4/100 Batch 113/650 - Loss: 1.376943 (Recon: 1.226628, Diff: 0.150314, KL: 0.000328)
2026-02-16 15:11:25,159 - INFO - Epoch 4/100 Batch 114/650 - Loss: 1.420535 (Recon: 1.230088, Diff: 0.190446, KL: 0.000271)
2026-02-16 15:11:26,349 - INFO - Epoch 4/100 Batch 115/650 - Loss: 1.318007 (Recon: 1.225857, Diff: 0.092149, KL: 0.000352)
2026-02-16 15:11:27,401 - INFO - Epoch 4/100 Batch 116/650 - Loss: 1.299068 (Recon: 1.230525, Diff: 0.068542, KL: 0.000586)
2026-02-16 15:11:28,492 - INFO - Epoch 4/100 Batch 117/650 - Loss: 1.397808 (Recon: 1.229207, Diff: 0.168601, KL: 0.000584)
2026-02-16 15:11:29,516 - INFO - Epoch 4/100 Batch 118/650 - Loss: 1.295861 (Recon: 1.231411, Diff: 0.064450, KL: 0.000307)
2026-02-16 15:11:30,804 - INFO - Epoch 4/100 Batch 119/650 - Loss: 1.361021 (Recon: 1.228223, Diff: 0.132797, KL: 0.000432)
2026-02-16 15:11:31,831 - INFO - Epoch 4/100 Batch 120/650 - Loss: 1.346355 (Recon: 1.218796, Diff: 0.127559, KL: 0.000387)
2026-02-16 15:11:33,623 - INFO - Epoch 4/100 Batch 121/650 - Loss: 1.304983 (Recon: 1.221461, Diff: 0.083522, KL: 0.000259)
2026-02-16 15:11:35,526 - INFO - Epoch 4/100 Batch 122/650 - Loss: 1.318398 (Recon: 1.224940, Diff: 0.093458, KL: 0.000395)
2026-02-16 15:11:36,839 - INFO - Epoch 4/100 Batch 123/650 - Loss: 1.416114 (Recon: 1.219257, Diff: 0.196857, KL: 0.000764)
2026-02-16 15:11:37,887 - INFO - Epoch 4/100 Batch 124/650 - Loss: 1.339001 (Recon: 1.230798, Diff: 0.108203, KL: 0.000386)
2026-02-16 15:11:39,049 - INFO - Epoch 4/100 Batch 125/650 - Loss: 1.366835 (Recon: 1.225672, Diff: 0.141162, KL: 0.000423)
2026-02-16 15:11:40,158 - INFO - Epoch 4/100 Batch 126/650 - Loss: 1.342404 (Recon: 1.229934, Diff: 0.112469, KL: 0.000602)
2026-02-16 15:11:44,629 - INFO - Epoch 4/100 Batch 127/650 - Loss: 1.335526 (Recon: 1.230177, Diff: 0.105349, KL: 0.000377)
2026-02-16 15:11:45,645 - INFO - Epoch 4/100 Batch 128/650 - Loss: 1.344810 (Recon: 1.222944, Diff: 0.121865, KL: 0.000508)
2026-02-16 15:11:46,737 - INFO - Epoch 4/100 Batch 129/650 - Loss: 1.365368 (Recon: 1.229276, Diff: 0.136086, KL: 0.006576)
2026-02-16 15:11:47,770 - INFO - Epoch 4/100 Batch 130/650 - Loss: 1.333723 (Recon: 1.224091, Diff: 0.109631, KL: 0.000859)
2026-02-16 15:11:56,385 - INFO - Epoch 4/100 Batch 131/650 - Loss: 1.348487 (Recon: 1.229443, Diff: 0.119045, KL: 0.000120)
2026-02-16 15:11:57,441 - INFO - Epoch 4/100 Batch 132/650 - Loss: 1.313304 (Recon: 1.227777, Diff: 0.085527, KL: 0.000240)
2026-02-16 15:11:58,489 - INFO - Epoch 4/100 Batch 133/650 - Loss: 1.301866 (Recon: 1.227897, Diff: 0.073968, KL: 0.000850)
2026-02-16 15:11:59,583 - INFO - Epoch 4/100 Batch 134/650 - Loss: 1.366308 (Recon: 1.227828, Diff: 0.138480, KL: 0.000446)
2026-02-16 15:12:26,082 - INFO - Epoch 4/100 Batch 135/650 - Loss: 1.284090 (Recon: 1.229008, Diff: 0.055082, KL: 0.000335)
2026-02-16 15:13:05,282 - INFO - Epoch 4/100 Batch 136/650 - Loss: 1.308819 (Recon: 1.224076, Diff: 0.084743, KL: 0.000217)
2026-02-16 15:13:28,665 - INFO - Epoch 4/100 Batch 137/650 - Loss: 1.396894 (Recon: 1.222501, Diff: 0.174392, KL: 0.000419)
2026-02-16 15:13:29,636 - INFO - Epoch 4/100 Batch 138/650 - Loss: 1.370258 (Recon: 1.226801, Diff: 0.143457, KL: 0.000282)
2026-02-16 15:13:30,668 - INFO - Epoch 4/100 Batch 139/650 - Loss: 1.352286 (Recon: 1.229647, Diff: 0.122639, KL: 0.000267)
2026-02-16 15:13:31,770 - INFO - Epoch 4/100 Batch 140/650 - Loss: 1.309533 (Recon: 1.229312, Diff: 0.080221, KL: 0.000319)
2026-02-16 15:13:32,887 - INFO - Epoch 4/100 Batch 141/650 - Loss: 1.416644 (Recon: 1.229094, Diff: 0.187550, KL: 0.000281)
2026-02-16 15:13:33,909 - INFO - Epoch 4/100 Batch 142/650 - Loss: 1.338219 (Recon: 1.228576, Diff: 0.109643, KL: 0.000390)
2026-02-16 15:13:34,937 - INFO - Epoch 4/100 Batch 143/650 - Loss: 1.384819 (Recon: 1.224208, Diff: 0.160609, KL: 0.002546)
2026-02-16 15:13:35,997 - INFO - Epoch 4/100 Batch 144/650 - Loss: 1.364109 (Recon: 1.226990, Diff: 0.137119, KL: 0.000387)
2026-02-16 15:13:37,948 - INFO - Epoch 4/100 Batch 145/650 - Loss: 1.408973 (Recon: 1.222965, Diff: 0.186007, KL: 0.000433)
2026-02-16 15:13:39,001 - INFO - Epoch 4/100 Batch 146/650 - Loss: 1.382692 (Recon: 1.230448, Diff: 0.152244, KL: 0.000477)
2026-02-16 15:13:40,062 - INFO - Epoch 4/100 Batch 147/650 - Loss: 1.378400 (Recon: 1.229452, Diff: 0.148947, KL: 0.000386)
2026-02-16 15:13:41,155 - INFO - Epoch 4/100 Batch 148/650 - Loss: 1.382919 (Recon: 1.229894, Diff: 0.153025, KL: 0.000246)
2026-02-16 15:13:42,196 - INFO - Epoch 4/100 Batch 149/650 - Loss: 1.320485 (Recon: 1.229135, Diff: 0.091349, KL: 0.000360)
2026-02-16 15:13:43,236 - INFO - Epoch 4/100 Batch 150/650 - Loss: 1.401850 (Recon: 1.219830, Diff: 0.182014, KL: 0.005057)
2026-02-16 15:13:44,290 - INFO - Epoch 4/100 Batch 151/650 - Loss: 1.300864 (Recon: 1.227758, Diff: 0.073105, KL: 0.000409)
2026-02-16 15:13:48,973 - INFO - Epoch 4/100 Batch 152/650 - Loss: 1.383975 (Recon: 1.224939, Diff: 0.159036, KL: 0.000485)
2026-02-16 15:13:50,357 - INFO - Epoch 4/100 Batch 153/650 - Loss: 1.434255 (Recon: 1.225319, Diff: 0.208935, KL: 0.000559)
2026-02-16 15:13:51,435 - INFO - Epoch 4/100 Batch 154/650 - Loss: 1.421583 (Recon: 1.224262, Diff: 0.197320, KL: 0.000397)
2026-02-16 15:13:52,499 - INFO - Epoch 4/100 Batch 155/650 - Loss: 1.381741 (Recon: 1.228224, Diff: 0.153516, KL: 0.000504)
2026-02-16 15:13:54,424 - INFO - Epoch 4/100 Batch 156/650 - Loss: 1.303302 (Recon: 1.228681, Diff: 0.074615, KL: 0.005314)
2026-02-16 15:13:55,528 - INFO - Epoch 4/100 Batch 157/650 - Loss: 1.289559 (Recon: 1.220190, Diff: 0.069368, KL: 0.000930)
2026-02-16 15:14:20,296 - INFO - Epoch 4/100 Batch 158/650 - Loss: 1.363875 (Recon: 1.229184, Diff: 0.134691, KL: 0.000461)
2026-02-16 15:14:25,325 - INFO - Epoch 4/100 Batch 159/650 - Loss: 1.356359 (Recon: 1.224797, Diff: 0.131561, KL: 0.000472)
2026-02-16 15:14:26,493 - INFO - Epoch 4/100 Batch 160/650 - Loss: 1.307943 (Recon: 1.229970, Diff: 0.077972, KL: 0.000624)
2026-02-16 15:14:27,530 - INFO - Epoch 4/100 Batch 161/650 - Loss: 1.296114 (Recon: 1.228447, Diff: 0.067667, KL: 0.000313)
2026-02-16 15:14:28,533 - INFO - Epoch 4/100 Batch 162/650 - Loss: 1.375249 (Recon: 1.228866, Diff: 0.146383, KL: 0.000490)
2026-02-16 15:14:29,589 - INFO - Epoch 4/100 Batch 163/650 - Loss: 1.310788 (Recon: 1.226983, Diff: 0.083805, KL: 0.000179)
2026-02-16 15:14:30,999 - INFO - Epoch 4/100 Batch 164/650 - Loss: 1.310254 (Recon: 1.223345, Diff: 0.086908, KL: 0.000522)
2026-02-16 15:14:32,877 - INFO - Epoch 4/100 Batch 165/650 - Loss: 1.368467 (Recon: 1.226826, Diff: 0.141641, KL: 0.000369)
2026-02-16 15:14:33,891 - INFO - Epoch 4/100 Batch 166/650 - Loss: 1.359348 (Recon: 1.220743, Diff: 0.138603, KL: 0.001153)
2026-02-16 15:14:34,942 - INFO - Epoch 4/100 Batch 167/650 - Loss: 1.338040 (Recon: 1.224704, Diff: 0.113335, KL: 0.000328)
2026-02-16 15:14:36,632 - INFO - Epoch 4/100 Batch 168/650 - Loss: 1.353939 (Recon: 1.227136, Diff: 0.126802, KL: 0.000843)
2026-02-16 15:14:37,692 - INFO - Epoch 4/100 Batch 169/650 - Loss: 1.326520 (Recon: 1.222887, Diff: 0.103632, KL: 0.000504)
2026-02-16 15:14:41,881 - INFO - Epoch 4/100 Batch 170/650 - Loss: 1.357072 (Recon: 1.222930, Diff: 0.134140, KL: 0.001060)
2026-02-16 15:14:43,196 - INFO - Epoch 4/100 Batch 171/650 - Loss: 1.347579 (Recon: 1.226635, Diff: 0.120944, KL: 0.000310)
2026-02-16 15:14:44,276 - INFO - Epoch 4/100 Batch 172/650 - Loss: 1.300503 (Recon: 1.226999, Diff: 0.073503, KL: 0.000490)
2026-02-16 15:14:47,816 - INFO - Epoch 4/100 Batch 173/650 - Loss: 1.369577 (Recon: 1.221851, Diff: 0.147725, KL: 0.000623)
2026-02-16 15:14:48,795 - INFO - Epoch 4/100 Batch 174/650 - Loss: 1.360113 (Recon: 1.225338, Diff: 0.134774, KL: 0.000651)
2026-02-16 15:14:49,939 - INFO - Epoch 4/100 Batch 175/650 - Loss: 1.347309 (Recon: 1.225844, Diff: 0.121464, KL: 0.000669)
2026-02-16 15:14:51,325 - INFO - Epoch 4/100 Batch 176/650 - Loss: 1.316267 (Recon: 1.227863, Diff: 0.088403, KL: 0.000361)
2026-02-16 15:14:52,381 - INFO - Epoch 4/100 Batch 177/650 - Loss: 1.296847 (Recon: 1.225132, Diff: 0.071714, KL: 0.000930)
2026-02-16 15:14:53,446 - INFO - Epoch 4/100 Batch 178/650 - Loss: 1.358678 (Recon: 1.221732, Diff: 0.136946, KL: 0.000538)
2026-02-16 15:15:01,442 - INFO - Epoch 4/100 Batch 179/650 - Loss: 1.312428 (Recon: 1.228221, Diff: 0.084206, KL: 0.000739)
2026-02-16 15:15:02,508 - INFO - Epoch 4/100 Batch 180/650 - Loss: 1.351373 (Recon: 1.228372, Diff: 0.123001, KL: 0.000348)
2026-02-16 15:15:03,560 - INFO - Epoch 4/100 Batch 181/650 - Loss: 1.358597 (Recon: 1.221365, Diff: 0.137231, KL: 0.000519)
2026-02-16 15:15:04,609 - INFO - Epoch 4/100 Batch 182/650 - Loss: 1.345900 (Recon: 1.227196, Diff: 0.118704, KL: 0.000341)
2026-02-16 15:15:05,820 - INFO - Epoch 4/100 Batch 183/650 - Loss: 1.332270 (Recon: 1.225230, Diff: 0.107040, KL: 0.000611)
2026-02-16 15:15:07,439 - INFO - Epoch 4/100 Batch 184/650 - Loss: 1.369282 (Recon: 1.222414, Diff: 0.146866, KL: 0.001710)
2026-02-16 15:15:09,401 - INFO - Epoch 4/100 Batch 185/650 - Loss: 1.288713 (Recon: 1.223543, Diff: 0.065169, KL: 0.000393)
2026-02-16 15:15:10,448 - INFO - Epoch 4/100 Batch 186/650 - Loss: 1.418504 (Recon: 1.222714, Diff: 0.195785, KL: 0.003939)
2026-02-16 15:15:11,610 - INFO - Epoch 4/100 Batch 187/650 - Loss: 1.338188 (Recon: 1.225490, Diff: 0.112699, KL: 0.000235)
2026-02-16 15:15:12,719 - INFO - Epoch 4/100 Batch 188/650 - Loss: 1.352338 (Recon: 1.226605, Diff: 0.125732, KL: 0.000645)
2026-02-16 15:15:13,812 - INFO - Epoch 4/100 Batch 189/650 - Loss: 1.342083 (Recon: 1.226122, Diff: 0.115961, KL: 0.000266)
2026-02-16 15:15:14,859 - INFO - Epoch 4/100 Batch 190/650 - Loss: 1.299906 (Recon: 1.229017, Diff: 0.070889, KL: 0.000488)
2026-02-16 15:15:15,987 - INFO - Epoch 4/100 Batch 191/650 - Loss: 1.334203 (Recon: 1.225235, Diff: 0.108968, KL: 0.000416)
2026-02-16 15:15:17,116 - INFO - Epoch 4/100 Batch 192/650 - Loss: 1.306839 (Recon: 1.224098, Diff: 0.082741, KL: 0.000355)
2026-02-16 15:15:18,169 - INFO - Epoch 4/100 Batch 193/650 - Loss: 1.271731 (Recon: 1.219137, Diff: 0.052593, KL: 0.000773)
2026-02-16 15:15:19,223 - INFO - Epoch 4/100 Batch 194/650 - Loss: 1.318207 (Recon: 1.225704, Diff: 0.092503, KL: 0.000265)
2026-02-16 15:15:20,364 - INFO - Epoch 4/100 Batch 195/650 - Loss: 1.333984 (Recon: 1.228424, Diff: 0.105558, KL: 0.001249)
2026-02-16 15:15:22,071 - INFO - Epoch 4/100 Batch 196/650 - Loss: 1.382767 (Recon: 1.222756, Diff: 0.160011, KL: 0.000334)
2026-02-16 15:15:23,180 - INFO - Epoch 4/100 Batch 197/650 - Loss: 1.357470 (Recon: 1.222172, Diff: 0.135294, KL: 0.003998)
2026-02-16 15:15:24,235 - INFO - Epoch 4/100 Batch 198/650 - Loss: 1.355629 (Recon: 1.225215, Diff: 0.130413, KL: 0.000854)
2026-02-16 15:15:25,334 - INFO - Epoch 4/100 Batch 199/650 - Loss: 1.380779 (Recon: 1.222438, Diff: 0.158340, KL: 0.000831)
2026-02-16 15:15:26,446 - INFO - Epoch 4/100 Batch 200/650 - Loss: 1.306241 (Recon: 1.221276, Diff: 0.084963, KL: 0.001215)
2026-02-16 15:15:27,478 - INFO - Epoch 4/100 Batch 201/650 - Loss: 1.439810 (Recon: 1.225702, Diff: 0.214107, KL: 0.000478)
2026-02-16 15:15:28,501 - INFO - Epoch 4/100 Batch 202/650 - Loss: 1.350090 (Recon: 1.228381, Diff: 0.121707, KL: 0.001445)
2026-02-16 15:15:29,500 - INFO - Epoch 4/100 Batch 203/650 - Loss: 1.386750 (Recon: 1.226544, Diff: 0.160205, KL: 0.000301)
2026-02-16 15:15:30,511 - INFO - Epoch 4/100 Batch 204/650 - Loss: 1.335113 (Recon: 1.220504, Diff: 0.114608, KL: 0.000787)
2026-02-16 15:15:31,526 - INFO - Epoch 4/100 Batch 205/650 - Loss: 1.357224 (Recon: 1.228524, Diff: 0.128699, KL: 0.000555)
2026-02-16 15:15:32,551 - INFO - Epoch 4/100 Batch 206/650 - Loss: 1.367259 (Recon: 1.220629, Diff: 0.146630, KL: 0.000427)
2026-02-16 15:15:33,541 - INFO - Epoch 4/100 Batch 207/650 - Loss: 1.373284 (Recon: 1.225536, Diff: 0.147747, KL: 0.000645)
2026-02-16 15:15:34,569 - INFO - Epoch 4/100 Batch 208/650 - Loss: 1.300022 (Recon: 1.225319, Diff: 0.074703, KL: 0.000509)
2026-02-16 15:15:35,563 - INFO - Epoch 4/100 Batch 209/650 - Loss: 1.329124 (Recon: 1.216705, Diff: 0.112418, KL: 0.001185)
2026-02-16 15:15:42,899 - INFO - Epoch 4/100 Batch 210/650 - Loss: 1.322382 (Recon: 1.222113, Diff: 0.100268, KL: 0.000639)
2026-02-16 15:15:44,001 - INFO - Epoch 4/100 Batch 211/650 - Loss: 1.342390 (Recon: 1.226739, Diff: 0.115650, KL: 0.000447)
2026-02-16 15:15:45,131 - INFO - Epoch 4/100 Batch 212/650 - Loss: 1.327791 (Recon: 1.219556, Diff: 0.108234, KL: 0.000816)
2026-02-16 15:15:46,180 - INFO - Epoch 4/100 Batch 213/650 - Loss: 1.344582 (Recon: 1.225381, Diff: 0.119201, KL: 0.000270)
2026-02-16 15:15:47,310 - INFO - Epoch 4/100 Batch 214/650 - Loss: 1.343026 (Recon: 1.223161, Diff: 0.119864, KL: 0.000676)
2026-02-16 15:15:48,371 - INFO - Epoch 4/100 Batch 215/650 - Loss: 1.340329 (Recon: 1.219827, Diff: 0.120502, KL: 0.000448)
2026-02-16 15:15:49,470 - INFO - Epoch 4/100 Batch 216/650 - Loss: 1.438506 (Recon: 1.221222, Diff: 0.217284, KL: 0.000244)
2026-02-16 15:15:50,518 - INFO - Epoch 4/100 Batch 217/650 - Loss: 1.294420 (Recon: 1.222425, Diff: 0.071994, KL: 0.000340)
2026-02-16 15:15:51,599 - INFO - Epoch 4/100 Batch 218/650 - Loss: 1.395969 (Recon: 1.226400, Diff: 0.169569, KL: 0.000250)
2026-02-16 15:15:52,652 - INFO - Epoch 4/100 Batch 219/650 - Loss: 1.399483 (Recon: 1.223119, Diff: 0.176364, KL: 0.000243)
2026-02-16 15:15:53,829 - INFO - Epoch 4/100 Batch 220/650 - Loss: 1.305071 (Recon: 1.224251, Diff: 0.080820, KL: 0.000465)
2026-02-16 15:15:54,925 - INFO - Epoch 4/100 Batch 221/650 - Loss: 1.367468 (Recon: 1.224635, Diff: 0.142832, KL: 0.000166)
2026-02-16 15:15:56,025 - INFO - Epoch 4/100 Batch 222/650 - Loss: 1.330757 (Recon: 1.226710, Diff: 0.104046, KL: 0.000484)
2026-02-16 15:15:57,129 - INFO - Epoch 4/100 Batch 223/650 - Loss: 1.364275 (Recon: 1.223851, Diff: 0.140423, KL: 0.000154)
2026-02-16 15:15:58,250 - INFO - Epoch 4/100 Batch 224/650 - Loss: 1.292163 (Recon: 1.225572, Diff: 0.066587, KL: 0.005022)
2026-02-16 15:15:59,284 - INFO - Epoch 4/100 Batch 225/650 - Loss: 1.351880 (Recon: 1.223332, Diff: 0.128548, KL: 0.000428)
2026-02-16 15:16:00,298 - INFO - Epoch 4/100 Batch 226/650 - Loss: 1.325050 (Recon: 1.223194, Diff: 0.101855, KL: 0.001015)
2026-02-16 15:16:01,561 - INFO - Epoch 4/100 Batch 227/650 - Loss: 1.315324 (Recon: 1.225501, Diff: 0.089822, KL: 0.000284)
2026-02-16 15:16:02,691 - INFO - Epoch 4/100 Batch 228/650 - Loss: 1.384686 (Recon: 1.225929, Diff: 0.158756, KL: 0.000496)
2026-02-16 15:16:03,777 - INFO - Epoch 4/100 Batch 229/650 - Loss: 1.307325 (Recon: 1.221883, Diff: 0.085442, KL: 0.000210)
2026-02-16 15:16:04,875 - INFO - Epoch 4/100 Batch 230/650 - Loss: 1.298119 (Recon: 1.224824, Diff: 0.073295, KL: 0.000374)
2026-02-16 15:16:05,935 - INFO - Epoch 4/100 Batch 231/650 - Loss: 1.405513 (Recon: 1.223442, Diff: 0.182070, KL: 0.000304)
2026-02-16 15:16:07,119 - INFO - Epoch 4/100 Batch 232/650 - Loss: 1.334719 (Recon: 1.219794, Diff: 0.114925, KL: 0.000468)
2026-02-16 15:16:08,216 - INFO - Epoch 4/100 Batch 233/650 - Loss: 1.350010 (Recon: 1.221995, Diff: 0.128015, KL: 0.000390)
2026-02-16 15:16:09,282 - INFO - Epoch 4/100 Batch 234/650 - Loss: 1.393797 (Recon: 1.225623, Diff: 0.168174, KL: 0.000336)
2026-02-16 15:16:10,395 - INFO - Epoch 4/100 Batch 235/650 - Loss: 1.352168 (Recon: 1.225571, Diff: 0.126597, KL: 0.000416)
2026-02-16 15:16:11,641 - INFO - Epoch 4/100 Batch 236/650 - Loss: 1.446231 (Recon: 1.225375, Diff: 0.220856, KL: 0.000298)
2026-02-16 15:16:12,706 - INFO - Epoch 4/100 Batch 237/650 - Loss: 1.334505 (Recon: 1.217324, Diff: 0.117180, KL: 0.000410)
2026-02-16 15:16:13,801 - INFO - Epoch 4/100 Batch 238/650 - Loss: 1.317728 (Recon: 1.221609, Diff: 0.096118, KL: 0.000165)
2026-02-16 15:16:14,933 - INFO - Epoch 4/100 Batch 239/650 - Loss: 1.312595 (Recon: 1.224689, Diff: 0.087905, KL: 0.000686)
2026-02-16 15:16:16,039 - INFO - Epoch 4/100 Batch 240/650 - Loss: 1.342458 (Recon: 1.220144, Diff: 0.122314, KL: 0.000522)
2026-02-16 15:16:17,115 - INFO - Epoch 4/100 Batch 241/650 - Loss: 1.288913 (Recon: 1.224939, Diff: 0.063974, KL: 0.000301)
2026-02-16 15:16:18,167 - INFO - Epoch 4/100 Batch 242/650 - Loss: 1.297063 (Recon: 1.221381, Diff: 0.075682, KL: 0.000777)
2026-02-16 15:16:19,242 - INFO - Epoch 4/100 Batch 243/650 - Loss: 1.368372 (Recon: 1.227090, Diff: 0.141282, KL: 0.000257)
2026-02-16 15:16:20,509 - INFO - Epoch 4/100 Batch 244/650 - Loss: 1.355028 (Recon: 1.226154, Diff: 0.128873, KL: 0.000669)
2026-02-16 15:16:21,591 - INFO - Epoch 4/100 Batch 245/650 - Loss: 1.394718 (Recon: 1.222440, Diff: 0.172278, KL: 0.000516)
2026-02-16 15:16:22,671 - INFO - Epoch 4/100 Batch 246/650 - Loss: 1.318180 (Recon: 1.219285, Diff: 0.098894, KL: 0.000771)
2026-02-16 15:16:23,774 - INFO - Epoch 4/100 Batch 247/650 - Loss: 1.328288 (Recon: 1.226709, Diff: 0.101579, KL: 0.000788)
2026-02-16 15:16:24,832 - INFO - Epoch 4/100 Batch 248/650 - Loss: 1.392559 (Recon: 1.221897, Diff: 0.170661, KL: 0.000386)
2026-02-16 15:16:25,933 - INFO - Epoch 4/100 Batch 249/650 - Loss: 1.351074 (Recon: 1.214192, Diff: 0.136881, KL: 0.000674)
2026-02-16 15:16:27,009 - INFO - Epoch 4/100 Batch 250/650 - Loss: 1.351088 (Recon: 1.224013, Diff: 0.127075, KL: 0.000206)
2026-02-16 15:16:28,122 - INFO - Epoch 4/100 Batch 251/650 - Loss: 1.314507 (Recon: 1.226013, Diff: 0.088493, KL: 0.000508)
2026-02-16 15:16:29,187 - INFO - Epoch 4/100 Batch 252/650 - Loss: 1.334774 (Recon: 1.226628, Diff: 0.108146, KL: 0.000354)
2026-02-16 15:16:30,195 - INFO - Epoch 4/100 Batch 253/650 - Loss: 1.312212 (Recon: 1.225048, Diff: 0.087164, KL: 0.000425)
2026-02-16 15:16:31,225 - INFO - Epoch 4/100 Batch 254/650 - Loss: 1.410850 (Recon: 1.227446, Diff: 0.183404, KL: 0.000360)
2026-02-16 15:16:32,222 - INFO - Epoch 4/100 Batch 255/650 - Loss: 1.306355 (Recon: 1.223258, Diff: 0.083097, KL: 0.000303)
2026-02-16 15:16:33,243 - INFO - Epoch 4/100 Batch 256/650 - Loss: 1.424595 (Recon: 1.218048, Diff: 0.206547, KL: 0.000209)
2026-02-16 15:16:34,924 - INFO - Epoch 4/100 Batch 257/650 - Loss: 1.368624 (Recon: 1.221601, Diff: 0.147023, KL: 0.000245)
2026-02-16 15:16:39,112 - INFO - Epoch 4/100 Batch 258/650 - Loss: 1.313056 (Recon: 1.218108, Diff: 0.094947, KL: 0.000459)
2026-02-16 15:16:40,106 - INFO - Epoch 4/100 Batch 259/650 - Loss: 1.371360 (Recon: 1.226320, Diff: 0.145039, KL: 0.000535)
2026-02-16 15:16:41,160 - INFO - Epoch 4/100 Batch 260/650 - Loss: 1.345724 (Recon: 1.222229, Diff: 0.123495, KL: 0.000206)
2026-02-16 15:16:44,667 - INFO - Epoch 4/100 Batch 261/650 - Loss: 1.341277 (Recon: 1.214545, Diff: 0.126732, KL: 0.000371)
2026-02-16 15:16:45,800 - INFO - Epoch 4/100 Batch 262/650 - Loss: 1.388104 (Recon: 1.225870, Diff: 0.162233, KL: 0.000465)
2026-02-16 15:16:46,904 - INFO - Epoch 4/100 Batch 263/650 - Loss: 1.372035 (Recon: 1.225185, Diff: 0.146850, KL: 0.000473)
2026-02-16 15:16:48,022 - INFO - Epoch 4/100 Batch 264/650 - Loss: 1.372825 (Recon: 1.225455, Diff: 0.147366, KL: 0.003520)
2026-02-16 15:16:49,115 - INFO - Epoch 4/100 Batch 265/650 - Loss: 1.312548 (Recon: 1.225331, Diff: 0.087212, KL: 0.004638)
2026-02-16 15:16:50,214 - INFO - Epoch 4/100 Batch 266/650 - Loss: 1.307057 (Recon: 1.216264, Diff: 0.090794, KL: 0.000334)
2026-02-16 15:16:51,262 - INFO - Epoch 4/100 Batch 267/650 - Loss: 1.322877 (Recon: 1.218261, Diff: 0.104616, KL: 0.000675)
2026-02-16 15:16:52,339 - INFO - Epoch 4/100 Batch 268/650 - Loss: 1.418951 (Recon: 1.221522, Diff: 0.197428, KL: 0.000799)
2026-02-16 15:16:53,421 - INFO - Epoch 4/100 Batch 269/650 - Loss: 1.312931 (Recon: 1.219434, Diff: 0.093496, KL: 0.000362)
2026-02-16 15:16:54,521 - INFO - Epoch 4/100 Batch 270/650 - Loss: 1.331702 (Recon: 1.219865, Diff: 0.111837, KL: 0.000208)
2026-02-16 15:16:55,579 - INFO - Epoch 4/100 Batch 271/650 - Loss: 1.350562 (Recon: 1.223021, Diff: 0.127541, KL: 0.000460)
2026-02-16 15:16:56,665 - INFO - Epoch 4/100 Batch 272/650 - Loss: 1.376110 (Recon: 1.226052, Diff: 0.150058, KL: 0.000419)
2026-02-16 15:16:57,718 - INFO - Epoch 4/100 Batch 273/650 - Loss: 1.284042 (Recon: 1.222374, Diff: 0.061664, KL: 0.003659)
2026-02-16 15:16:58,807 - INFO - Epoch 4/100 Batch 274/650 - Loss: 1.311211 (Recon: 1.223993, Diff: 0.087218, KL: 0.000339)
2026-02-16 15:16:59,911 - INFO - Epoch 4/100 Batch 275/650 - Loss: 1.378041 (Recon: 1.226922, Diff: 0.151119, KL: 0.000446)
2026-02-16 15:17:00,984 - INFO - Epoch 4/100 Batch 276/650 - Loss: 1.350568 (Recon: 1.222460, Diff: 0.128108, KL: 0.000416)
2026-02-16 15:17:01,997 - INFO - Epoch 4/100 Batch 277/650 - Loss: 1.302436 (Recon: 1.223577, Diff: 0.078859, KL: 0.000462)
2026-02-16 15:17:03,103 - INFO - Epoch 4/100 Batch 278/650 - Loss: 1.379262 (Recon: 1.222865, Diff: 0.156397, KL: 0.000394)
2026-02-16 15:17:04,147 - INFO - Epoch 4/100 Batch 279/650 - Loss: 1.304858 (Recon: 1.214067, Diff: 0.090790, KL: 0.000455)
2026-02-16 15:17:05,230 - INFO - Epoch 4/100 Batch 280/650 - Loss: 1.468956 (Recon: 1.223194, Diff: 0.245757, KL: 0.004687)
2026-02-16 15:17:06,261 - INFO - Epoch 4/100 Batch 281/650 - Loss: 1.350492 (Recon: 1.219436, Diff: 0.131055, KL: 0.000399)
2026-02-16 15:17:07,323 - INFO - Epoch 4/100 Batch 282/650 - Loss: 1.329118 (Recon: 1.223121, Diff: 0.105996, KL: 0.000471)
2026-02-16 15:17:08,332 - INFO - Epoch 4/100 Batch 283/650 - Loss: 1.370134 (Recon: 1.224359, Diff: 0.145775, KL: 0.000483)
2026-02-16 15:17:09,340 - INFO - Epoch 4/100 Batch 284/650 - Loss: 1.351919 (Recon: 1.221962, Diff: 0.129957, KL: 0.000288)
2026-02-16 15:17:10,698 - INFO - Epoch 4/100 Batch 285/650 - Loss: 1.333475 (Recon: 1.223038, Diff: 0.110436, KL: 0.000747)
2026-02-16 15:17:11,732 - INFO - Epoch 4/100 Batch 286/650 - Loss: 1.328727 (Recon: 1.226304, Diff: 0.102423, KL: 0.000127)
2026-02-16 15:17:12,790 - INFO - Epoch 4/100 Batch 287/650 - Loss: 1.341700 (Recon: 1.224306, Diff: 0.117393, KL: 0.000727)
2026-02-16 15:17:13,864 - INFO - Epoch 4/100 Batch 288/650 - Loss: 1.286813 (Recon: 1.222417, Diff: 0.064396, KL: 0.000324)
2026-02-16 15:17:14,954 - INFO - Epoch 4/100 Batch 289/650 - Loss: 1.377172 (Recon: 1.224388, Diff: 0.152782, KL: 0.000761)
2026-02-16 15:17:17,261 - INFO - Epoch 4/100 Batch 290/650 - Loss: 1.323936 (Recon: 1.218050, Diff: 0.105885, KL: 0.000544)
2026-02-16 15:17:18,346 - INFO - Epoch 4/100 Batch 291/650 - Loss: 1.399407 (Recon: 1.217906, Diff: 0.181501, KL: 0.001240)
2026-02-16 15:17:19,464 - INFO - Epoch 4/100 Batch 292/650 - Loss: 1.327240 (Recon: 1.219802, Diff: 0.107437, KL: 0.000607)
2026-02-16 15:17:20,517 - INFO - Epoch 4/100 Batch 293/650 - Loss: 1.307097 (Recon: 1.216331, Diff: 0.090765, KL: 0.001087)
2026-02-16 15:17:30,983 - INFO - Epoch 4/100 Batch 294/650 - Loss: 1.344275 (Recon: 1.220006, Diff: 0.124269, KL: 0.000340)
2026-02-16 15:17:34,256 - INFO - Epoch 4/100 Batch 295/650 - Loss: 1.280043 (Recon: 1.221358, Diff: 0.058684, KL: 0.001070)
2026-02-16 15:17:41,413 - INFO - Epoch 4/100 Batch 296/650 - Loss: 1.349231 (Recon: 1.223866, Diff: 0.125365, KL: 0.000356)
2026-02-16 15:17:42,481 - INFO - Epoch 4/100 Batch 297/650 - Loss: 1.413292 (Recon: 1.221980, Diff: 0.191311, KL: 0.000563)
2026-02-16 15:17:43,542 - INFO - Epoch 4/100 Batch 298/650 - Loss: 1.320096 (Recon: 1.214318, Diff: 0.105777, KL: 0.000652)
2026-02-16 15:17:44,602 - INFO - Epoch 4/100 Batch 299/650 - Loss: 1.361613 (Recon: 1.218413, Diff: 0.143200, KL: 0.000858)
2026-02-16 15:17:45,657 - INFO - Epoch 4/100 Batch 300/650 - Loss: 1.354898 (Recon: 1.220738, Diff: 0.134160, KL: 0.000578)
2026-02-16 15:17:46,673 - INFO - Epoch 4/100 Batch 301/650 - Loss: 1.273129 (Recon: 1.217167, Diff: 0.055962, KL: 0.000517)
2026-02-16 15:17:47,693 - INFO - Epoch 4/100 Batch 302/650 - Loss: 1.382465 (Recon: 1.218100, Diff: 0.164364, KL: 0.001167)
2026-02-16 15:17:48,721 - INFO - Epoch 4/100 Batch 303/650 - Loss: 1.320506 (Recon: 1.222846, Diff: 0.097660, KL: 0.000532)
2026-02-16 15:17:49,791 - INFO - Epoch 4/100 Batch 304/650 - Loss: 1.323498 (Recon: 1.217989, Diff: 0.105508, KL: 0.001237)
2026-02-16 15:17:50,841 - INFO - Epoch 4/100 Batch 305/650 - Loss: 1.352250 (Recon: 1.216294, Diff: 0.135955, KL: 0.000474)
2026-02-16 15:17:51,897 - INFO - Epoch 4/100 Batch 306/650 - Loss: 1.295720 (Recon: 1.222938, Diff: 0.072781, KL: 0.000484)
2026-02-16 15:17:52,951 - INFO - Epoch 4/100 Batch 307/650 - Loss: 1.377302 (Recon: 1.223776, Diff: 0.153525, KL: 0.000263)
2026-02-16 15:17:53,993 - INFO - Epoch 4/100 Batch 308/650 - Loss: 1.346658 (Recon: 1.220490, Diff: 0.126168, KL: 0.000395)
2026-02-16 15:17:55,026 - INFO - Epoch 4/100 Batch 309/650 - Loss: 1.356258 (Recon: 1.224814, Diff: 0.131443, KL: 0.000653)
2026-02-16 15:17:56,356 - INFO - Epoch 4/100 Batch 310/650 - Loss: 1.356532 (Recon: 1.221617, Diff: 0.134915, KL: 0.000484)
2026-02-16 15:17:57,478 - INFO - Epoch 4/100 Batch 311/650 - Loss: 1.287485 (Recon: 1.216728, Diff: 0.070756, KL: 0.000739)
2026-02-16 15:17:58,555 - INFO - Epoch 4/100 Batch 312/650 - Loss: 1.353765 (Recon: 1.223925, Diff: 0.129840, KL: 0.000445)
2026-02-16 15:17:59,609 - INFO - Epoch 4/100 Batch 313/650 - Loss: 1.373008 (Recon: 1.220253, Diff: 0.152755, KL: 0.000412)
2026-02-16 15:18:00,690 - INFO - Epoch 4/100 Batch 314/650 - Loss: 1.326793 (Recon: 1.217400, Diff: 0.109392, KL: 0.000877)
2026-02-16 15:18:01,762 - INFO - Epoch 4/100 Batch 315/650 - Loss: 1.419133 (Recon: 1.221192, Diff: 0.197941, KL: 0.000454)
2026-02-16 15:18:02,858 - INFO - Epoch 4/100 Batch 316/650 - Loss: 1.354733 (Recon: 1.221476, Diff: 0.133256, KL: 0.000331)
2026-02-16 15:18:03,968 - INFO - Epoch 4/100 Batch 317/650 - Loss: 1.378601 (Recon: 1.221315, Diff: 0.157285, KL: 0.000317)
2026-02-16 15:18:05,012 - INFO - Epoch 4/100 Batch 318/650 - Loss: 1.291793 (Recon: 1.225064, Diff: 0.066728, KL: 0.000935)
2026-02-16 15:18:06,060 - INFO - Epoch 4/100 Batch 319/650 - Loss: 1.379461 (Recon: 1.219541, Diff: 0.159920, KL: 0.000464)
2026-02-16 15:18:07,168 - INFO - Epoch 4/100 Batch 320/650 - Loss: 1.270302 (Recon: 1.223714, Diff: 0.046588, KL: 0.000237)
2026-02-16 15:18:08,221 - INFO - Epoch 4/100 Batch 321/650 - Loss: 1.355808 (Recon: 1.222587, Diff: 0.133220, KL: 0.000639)
2026-02-16 15:18:09,265 - INFO - Epoch 4/100 Batch 322/650 - Loss: 1.345887 (Recon: 1.220326, Diff: 0.125560, KL: 0.000403)
2026-02-16 15:18:10,304 - INFO - Epoch 4/100 Batch 323/650 - Loss: 1.358135 (Recon: 1.217693, Diff: 0.140442, KL: 0.000317)
2026-02-16 15:18:11,369 - INFO - Epoch 4/100 Batch 324/650 - Loss: 1.398277 (Recon: 1.222904, Diff: 0.175373, KL: 0.000583)
2026-02-16 15:18:12,444 - INFO - Epoch 4/100 Batch 325/650 - Loss: 1.287235 (Recon: 1.221999, Diff: 0.065236, KL: 0.000273)
2026-02-16 15:18:13,445 - INFO - Epoch 4/100 Batch 326/650 - Loss: 1.361656 (Recon: 1.217744, Diff: 0.143912, KL: 0.000372)
2026-02-16 15:18:14,557 - INFO - Epoch 4/100 Batch 327/650 - Loss: 1.431848 (Recon: 1.219129, Diff: 0.212719, KL: 0.000119)
2026-02-16 15:18:15,639 - INFO - Epoch 4/100 Batch 328/650 - Loss: 1.354018 (Recon: 1.222923, Diff: 0.131094, KL: 0.000203)
2026-02-16 15:18:16,706 - INFO - Epoch 4/100 Batch 329/650 - Loss: 1.346128 (Recon: 1.220851, Diff: 0.125276, KL: 0.000694)
2026-02-16 15:18:18,523 - INFO - Epoch 4/100 Batch 330/650 - Loss: 1.320282 (Recon: 1.222755, Diff: 0.097527, KL: 0.000582)
2026-02-16 15:18:19,561 - INFO - Epoch 4/100 Batch 331/650 - Loss: 1.329049 (Recon: 1.220094, Diff: 0.108954, KL: 0.000502)
2026-02-16 15:18:20,633 - INFO - Epoch 4/100 Batch 332/650 - Loss: 1.346399 (Recon: 1.220041, Diff: 0.126358, KL: 0.000717)
2026-02-16 15:18:21,714 - INFO - Epoch 4/100 Batch 333/650 - Loss: 1.282741 (Recon: 1.219913, Diff: 0.062827, KL: 0.000669)
2026-02-16 15:18:22,759 - INFO - Epoch 4/100 Batch 334/650 - Loss: 1.304550 (Recon: 1.221430, Diff: 0.083119, KL: 0.000563)
2026-02-16 15:18:23,878 - INFO - Epoch 4/100 Batch 335/650 - Loss: 1.325646 (Recon: 1.217508, Diff: 0.108137, KL: 0.001127)
2026-02-16 15:18:24,965 - INFO - Epoch 4/100 Batch 336/650 - Loss: 1.336530 (Recon: 1.216294, Diff: 0.120235, KL: 0.000801)
2026-02-16 15:18:26,105 - INFO - Epoch 4/100 Batch 337/650 - Loss: 1.381838 (Recon: 1.214390, Diff: 0.167447, KL: 0.001114)
2026-02-16 15:18:27,212 - INFO - Epoch 4/100 Batch 338/650 - Loss: 1.289093 (Recon: 1.218916, Diff: 0.070177, KL: 0.000391)
2026-02-16 15:18:28,273 - INFO - Epoch 4/100 Batch 339/650 - Loss: 1.353188 (Recon: 1.222010, Diff: 0.131176, KL: 0.001389)
2026-02-16 15:18:29,361 - INFO - Epoch 4/100 Batch 340/650 - Loss: 1.433828 (Recon: 1.213069, Diff: 0.220759, KL: 0.000307)
2026-02-16 15:18:30,392 - INFO - Epoch 4/100 Batch 341/650 - Loss: 1.308022 (Recon: 1.221669, Diff: 0.086352, KL: 0.000933)
2026-02-16 15:18:31,460 - INFO - Epoch 4/100 Batch 342/650 - Loss: 1.329592 (Recon: 1.214552, Diff: 0.115039, KL: 0.000321)
2026-02-16 15:18:32,509 - INFO - Epoch 4/100 Batch 343/650 - Loss: 1.312342 (Recon: 1.219267, Diff: 0.093075, KL: 0.000595)
2026-02-16 15:18:33,569 - INFO - Epoch 4/100 Batch 344/650 - Loss: 1.307226 (Recon: 1.221864, Diff: 0.085362, KL: 0.000281)
2026-02-16 15:18:37,021 - INFO - Epoch 4/100 Batch 345/650 - Loss: 1.311011 (Recon: 1.220917, Diff: 0.090094, KL: 0.000257)
2026-02-16 15:18:38,076 - INFO - Epoch 4/100 Batch 346/650 - Loss: 1.323649 (Recon: 1.221532, Diff: 0.102116, KL: 0.000326)
2026-02-16 15:18:39,130 - INFO - Epoch 4/100 Batch 347/650 - Loss: 1.331918 (Recon: 1.218244, Diff: 0.113674, KL: 0.000227)
2026-02-16 15:18:40,162 - INFO - Epoch 4/100 Batch 348/650 - Loss: 1.463384 (Recon: 1.216695, Diff: 0.246689, KL: 0.000403)
2026-02-16 15:18:41,205 - INFO - Epoch 4/100 Batch 349/650 - Loss: 1.347179 (Recon: 1.216034, Diff: 0.131144, KL: 0.000706)
2026-02-16 15:18:42,222 - INFO - Epoch 4/100 Batch 350/650 - Loss: 1.345375 (Recon: 1.222648, Diff: 0.122727, KL: 0.000359)
2026-02-16 15:18:45,065 - INFO - Epoch 4/100 Batch 351/650 - Loss: 1.344129 (Recon: 1.217361, Diff: 0.126767, KL: 0.000684)
2026-02-16 15:18:46,214 - INFO - Epoch 4/100 Batch 352/650 - Loss: 1.406877 (Recon: 1.217293, Diff: 0.189584, KL: 0.000605)
2026-02-16 15:18:47,373 - INFO - Epoch 4/100 Batch 353/650 - Loss: 1.351613 (Recon: 1.219142, Diff: 0.132470, KL: 0.000640)
2026-02-16 15:18:48,813 - INFO - Epoch 4/100 Batch 354/650 - Loss: 1.423249 (Recon: 1.216346, Diff: 0.206902, KL: 0.000483)
2026-02-16 15:18:49,882 - INFO - Epoch 4/100 Batch 355/650 - Loss: 1.292409 (Recon: 1.216317, Diff: 0.076091, KL: 0.000280)
2026-02-16 15:18:50,952 - INFO - Epoch 4/100 Batch 356/650 - Loss: 1.356232 (Recon: 1.214872, Diff: 0.141359, KL: 0.000359)
2026-02-16 15:18:52,047 - INFO - Epoch 4/100 Batch 357/650 - Loss: 1.293306 (Recon: 1.219743, Diff: 0.073562, KL: 0.000433)
2026-02-16 15:18:53,120 - INFO - Epoch 4/100 Batch 358/650 - Loss: 1.384373 (Recon: 1.218547, Diff: 0.165825, KL: 0.000633)
2026-02-16 15:18:54,232 - INFO - Epoch 4/100 Batch 359/650 - Loss: 1.306893 (Recon: 1.211726, Diff: 0.095166, KL: 0.000644)
2026-02-16 15:18:56,782 - INFO - Epoch 4/100 Batch 360/650 - Loss: 1.321376 (Recon: 1.213026, Diff: 0.108349, KL: 0.000315)
2026-02-16 15:18:57,850 - INFO - Epoch 4/100 Batch 361/650 - Loss: 1.272258 (Recon: 1.217748, Diff: 0.054509, KL: 0.000637)
2026-02-16 15:18:58,900 - INFO - Epoch 4/100 Batch 362/650 - Loss: 1.353921 (Recon: 1.216155, Diff: 0.137766, KL: 0.000525)
2026-02-16 15:19:00,376 - INFO - Epoch 4/100 Batch 363/650 - Loss: 1.426672 (Recon: 1.220108, Diff: 0.206563, KL: 0.000644)
2026-02-16 15:19:01,422 - INFO - Epoch 4/100 Batch 364/650 - Loss: 1.330661 (Recon: 1.221087, Diff: 0.109574, KL: 0.000315)
2026-02-16 15:19:02,497 - INFO - Epoch 4/100 Batch 365/650 - Loss: 1.358199 (Recon: 1.221134, Diff: 0.137064, KL: 0.000449)
2026-02-16 15:19:03,542 - INFO - Epoch 4/100 Batch 366/650 - Loss: 1.283283 (Recon: 1.220351, Diff: 0.062931, KL: 0.001103)
2026-02-16 15:19:11,387 - INFO - Epoch 4/100 Batch 367/650 - Loss: 1.286339 (Recon: 1.215030, Diff: 0.071308, KL: 0.000481)
2026-02-16 15:19:12,493 - INFO - Epoch 4/100 Batch 368/650 - Loss: 1.333701 (Recon: 1.221468, Diff: 0.112232, KL: 0.000731)
2026-02-16 15:19:13,622 - INFO - Epoch 4/100 Batch 369/650 - Loss: 1.356886 (Recon: 1.218729, Diff: 0.138156, KL: 0.001183)
2026-02-16 15:19:14,688 - INFO - Epoch 4/100 Batch 370/650 - Loss: 1.333150 (Recon: 1.219539, Diff: 0.113610, KL: 0.001084)
2026-02-16 15:19:15,838 - INFO - Epoch 4/100 Batch 371/650 - Loss: 1.324278 (Recon: 1.218593, Diff: 0.105685, KL: 0.000177)
2026-02-16 15:19:16,905 - INFO - Epoch 4/100 Batch 372/650 - Loss: 1.348165 (Recon: 1.217975, Diff: 0.130189, KL: 0.001305)
2026-02-16 15:19:17,963 - INFO - Epoch 4/100 Batch 373/650 - Loss: 1.341122 (Recon: 1.217395, Diff: 0.123726, KL: 0.000251)
2026-02-16 15:19:19,407 - INFO - Epoch 4/100 Batch 374/650 - Loss: 1.300425 (Recon: 1.216690, Diff: 0.083734, KL: 0.000502)
2026-02-16 15:19:20,653 - INFO - Epoch 4/100 Batch 375/650 - Loss: 1.397016 (Recon: 1.220205, Diff: 0.176811, KL: 0.000376)
2026-02-16 15:19:21,685 - INFO - Epoch 4/100 Batch 376/650 - Loss: 1.363467 (Recon: 1.213613, Diff: 0.149854, KL: 0.000378)
2026-02-16 15:19:22,736 - INFO - Epoch 4/100 Batch 377/650 - Loss: 1.385418 (Recon: 1.220292, Diff: 0.165125, KL: 0.000899)
2026-02-16 15:19:23,758 - INFO - Epoch 4/100 Batch 378/650 - Loss: 1.275983 (Recon: 1.218186, Diff: 0.057796, KL: 0.000553)
2026-02-16 15:19:24,895 - INFO - Epoch 4/100 Batch 379/650 - Loss: 1.271602 (Recon: 1.215831, Diff: 0.055770, KL: 0.000509)
2026-02-16 15:19:25,948 - INFO - Epoch 4/100 Batch 380/650 - Loss: 1.348345 (Recon: 1.221073, Diff: 0.127272, KL: 0.000227)
2026-02-16 15:19:27,013 - INFO - Epoch 4/100 Batch 381/650 - Loss: 1.339734 (Recon: 1.214871, Diff: 0.124863, KL: 0.000595)
2026-02-16 15:19:28,066 - INFO - Epoch 4/100 Batch 382/650 - Loss: 1.298032 (Recon: 1.212606, Diff: 0.085425, KL: 0.000469)
2026-02-16 15:19:29,181 - INFO - Epoch 4/100 Batch 383/650 - Loss: 1.293300 (Recon: 1.217006, Diff: 0.076293, KL: 0.000649)
2026-02-16 15:19:30,242 - INFO - Epoch 4/100 Batch 384/650 - Loss: 1.303192 (Recon: 1.213158, Diff: 0.090032, KL: 0.001424)
2026-02-16 15:19:31,285 - INFO - Epoch 4/100 Batch 385/650 - Loss: 1.325125 (Recon: 1.215387, Diff: 0.109737, KL: 0.000834)
2026-02-16 15:19:32,335 - INFO - Epoch 4/100 Batch 386/650 - Loss: 1.326418 (Recon: 1.214519, Diff: 0.111898, KL: 0.001144)
2026-02-16 15:19:35,162 - INFO - Epoch 4/100 Batch 387/650 - Loss: 1.361151 (Recon: 1.211445, Diff: 0.149705, KL: 0.000825)
2026-02-16 15:19:36,162 - INFO - Epoch 4/100 Batch 388/650 - Loss: 1.303723 (Recon: 1.215862, Diff: 0.087860, KL: 0.000765)
2026-02-16 15:19:39,897 - INFO - Epoch 4/100 Batch 389/650 - Loss: 1.291585 (Recon: 1.212555, Diff: 0.079027, KL: 0.003236)
2026-02-16 15:19:40,902 - INFO - Epoch 4/100 Batch 390/650 - Loss: 1.384441 (Recon: 1.214657, Diff: 0.169784, KL: 0.000313)
2026-02-16 15:19:41,909 - INFO - Epoch 4/100 Batch 391/650 - Loss: 1.324746 (Recon: 1.213271, Diff: 0.111474, KL: 0.000348)
2026-02-16 15:19:46,969 - INFO - Epoch 4/100 Batch 392/650 - Loss: 1.325856 (Recon: 1.205974, Diff: 0.119882, KL: 0.000500)
2026-02-16 15:19:48,095 - INFO - Epoch 4/100 Batch 393/650 - Loss: 1.358296 (Recon: 1.218255, Diff: 0.140040, KL: 0.000469)
2026-02-16 15:19:51,534 - INFO - Epoch 4/100 Batch 394/650 - Loss: 1.440733 (Recon: 1.217313, Diff: 0.223419, KL: 0.000555)
2026-02-16 15:19:59,038 - INFO - Epoch 4/100 Batch 395/650 - Loss: 1.319551 (Recon: 1.217255, Diff: 0.102295, KL: 0.000694)
2026-02-16 15:20:00,159 - INFO - Epoch 4/100 Batch 396/650 - Loss: 1.349673 (Recon: 1.215592, Diff: 0.134078, KL: 0.003254)
2026-02-16 15:20:01,218 - INFO - Epoch 4/100 Batch 397/650 - Loss: 1.287292 (Recon: 1.215586, Diff: 0.071704, KL: 0.001624)
2026-02-16 15:20:05,048 - INFO - Epoch 4/100 Batch 398/650 - Loss: 1.396871 (Recon: 1.215290, Diff: 0.181581, KL: 0.000466)
2026-02-16 15:20:06,219 - INFO - Epoch 4/100 Batch 399/650 - Loss: 1.314016 (Recon: 1.219675, Diff: 0.094341, KL: 0.000744)
2026-02-16 15:20:07,274 - INFO - Epoch 4/100 Batch 400/650 - Loss: 1.302205 (Recon: 1.221680, Diff: 0.080525, KL: 0.000401)
2026-02-16 15:20:08,360 - INFO - Epoch 4/100 Batch 401/650 - Loss: 1.291929 (Recon: 1.213893, Diff: 0.078035, KL: 0.001266)
2026-02-16 15:20:09,717 - INFO - Epoch 4/100 Batch 402/650 - Loss: 1.361814 (Recon: 1.219290, Diff: 0.142524, KL: 0.000285)
2026-02-16 15:20:11,021 - INFO - Epoch 4/100 Batch 403/650 - Loss: 1.316978 (Recon: 1.212561, Diff: 0.104416, KL: 0.001531)
2026-02-16 15:20:12,560 - INFO - Epoch 4/100 Batch 404/650 - Loss: 1.346355 (Recon: 1.216702, Diff: 0.129653, KL: 0.000254)
2026-02-16 15:20:13,655 - INFO - Epoch 4/100 Batch 405/650 - Loss: 1.345255 (Recon: 1.219066, Diff: 0.126189, KL: 0.000446)
2026-02-16 15:20:25,941 - INFO - Epoch 4/100 Batch 406/650 - Loss: 1.309245 (Recon: 1.216487, Diff: 0.092757, KL: 0.000339)
2026-02-16 15:20:27,043 - INFO - Epoch 4/100 Batch 407/650 - Loss: 1.351154 (Recon: 1.214627, Diff: 0.136527, KL: 0.000655)
2026-02-16 15:20:28,112 - INFO - Epoch 4/100 Batch 408/650 - Loss: 1.286457 (Recon: 1.215926, Diff: 0.070531, KL: 0.000282)
2026-02-16 15:20:29,376 - INFO - Epoch 4/100 Batch 409/650 - Loss: 1.306423 (Recon: 1.218711, Diff: 0.087712, KL: 0.000526)
2026-02-16 15:20:30,676 - INFO - Epoch 4/100 Batch 410/650 - Loss: 1.356333 (Recon: 1.214954, Diff: 0.141379, KL: 0.000371)
2026-02-16 15:20:31,750 - INFO - Epoch 4/100 Batch 411/650 - Loss: 1.288826 (Recon: 1.219386, Diff: 0.069439, KL: 0.000264)
2026-02-16 15:20:32,777 - INFO - Epoch 4/100 Batch 412/650 - Loss: 1.299685 (Recon: 1.213319, Diff: 0.086365, KL: 0.000763)
2026-02-16 15:20:33,809 - INFO - Epoch 4/100 Batch 413/650 - Loss: 1.335723 (Recon: 1.217034, Diff: 0.118688, KL: 0.000198)
2026-02-16 15:20:34,890 - INFO - Epoch 4/100 Batch 414/650 - Loss: 1.339977 (Recon: 1.219459, Diff: 0.120518, KL: 0.000289)
2026-02-16 15:20:36,958 - INFO - Epoch 4/100 Batch 415/650 - Loss: 1.386186 (Recon: 1.214792, Diff: 0.171395, KL: 0.000171)
2026-02-16 15:20:37,954 - INFO - Epoch 4/100 Batch 416/650 - Loss: 1.356693 (Recon: 1.217703, Diff: 0.138990, KL: 0.000301)
2026-02-16 15:20:40,395 - INFO - Epoch 4/100 Batch 417/650 - Loss: 1.384156 (Recon: 1.212674, Diff: 0.171481, KL: 0.000265)
2026-02-16 15:20:41,576 - INFO - Epoch 4/100 Batch 418/650 - Loss: 1.361339 (Recon: 1.220026, Diff: 0.141312, KL: 0.000723)
2026-02-16 15:20:42,599 - INFO - Epoch 4/100 Batch 419/650 - Loss: 1.334281 (Recon: 1.213085, Diff: 0.121195, KL: 0.000541)
2026-02-16 15:20:45,649 - INFO - Epoch 4/100 Batch 420/650 - Loss: 1.301758 (Recon: 1.215404, Diff: 0.086354, KL: 0.000231)
2026-02-16 15:20:46,670 - INFO - Epoch 4/100 Batch 421/650 - Loss: 1.332914 (Recon: 1.211881, Diff: 0.121032, KL: 0.000492)
2026-02-16 15:20:47,689 - INFO - Epoch 4/100 Batch 422/650 - Loss: 1.371479 (Recon: 1.212070, Diff: 0.159409, KL: 0.000359)
2026-02-16 15:20:50,725 - INFO - Epoch 4/100 Batch 423/650 - Loss: 1.438120 (Recon: 1.219785, Diff: 0.218326, KL: 0.008950)
2026-02-16 15:20:51,780 - INFO - Epoch 4/100 Batch 424/650 - Loss: 1.398678 (Recon: 1.214005, Diff: 0.184672, KL: 0.001107)
2026-02-16 15:20:52,879 - INFO - Epoch 4/100 Batch 425/650 - Loss: 1.339585 (Recon: 1.220928, Diff: 0.118655, KL: 0.001292)
2026-02-16 15:20:54,032 - INFO - Epoch 4/100 Batch 426/650 - Loss: 1.280140 (Recon: 1.217498, Diff: 0.062641, KL: 0.001093)
2026-02-16 15:20:55,129 - INFO - Epoch 4/100 Batch 427/650 - Loss: 1.275126 (Recon: 1.216944, Diff: 0.058181, KL: 0.000699)
2026-02-16 15:20:56,201 - INFO - Epoch 4/100 Batch 428/650 - Loss: 1.343263 (Recon: 1.214921, Diff: 0.128342, KL: 0.000684)
2026-02-16 15:20:57,300 - INFO - Epoch 4/100 Batch 429/650 - Loss: 1.320841 (Recon: 1.212440, Diff: 0.108400, KL: 0.001098)
2026-02-16 15:20:58,431 - INFO - Epoch 4/100 Batch 430/650 - Loss: 1.328212 (Recon: 1.208830, Diff: 0.119382, KL: 0.000524)
2026-02-16 15:20:59,473 - INFO - Epoch 4/100 Batch 431/650 - Loss: 1.323602 (Recon: 1.215531, Diff: 0.108071, KL: 0.000689)
2026-02-16 15:21:00,586 - INFO - Epoch 4/100 Batch 432/650 - Loss: 1.308485 (Recon: 1.207222, Diff: 0.101263, KL: 0.000795)
2026-02-16 15:21:13,107 - INFO - Epoch 4/100 Batch 433/650 - Loss: 1.359499 (Recon: 1.219669, Diff: 0.139825, KL: 0.004627)
2026-02-16 15:21:14,201 - INFO - Epoch 4/100 Batch 434/650 - Loss: 1.358738 (Recon: 1.211861, Diff: 0.146874, KL: 0.002954)
2026-02-16 15:21:15,254 - INFO - Epoch 4/100 Batch 435/650 - Loss: 1.371450 (Recon: 1.219677, Diff: 0.151773, KL: 0.000574)
2026-02-16 15:21:16,403 - INFO - Epoch 4/100 Batch 436/650 - Loss: 1.293257 (Recon: 1.208670, Diff: 0.084585, KL: 0.001738)
2026-02-16 15:21:30,157 - INFO - Epoch 4/100 Batch 437/650 - Loss: 1.357419 (Recon: 1.218785, Diff: 0.138633, KL: 0.000466)
2026-02-16 15:21:33,641 - INFO - Epoch 4/100 Batch 438/650 - Loss: 1.402026 (Recon: 1.215436, Diff: 0.186587, KL: 0.002721)
2026-02-16 15:21:34,708 - INFO - Epoch 4/100 Batch 439/650 - Loss: 1.392350 (Recon: 1.215462, Diff: 0.176887, KL: 0.000467)
2026-02-16 15:21:35,832 - INFO - Epoch 4/100 Batch 440/650 - Loss: 1.359331 (Recon: 1.216806, Diff: 0.142523, KL: 0.001589)
2026-02-16 15:21:40,158 - INFO - Epoch 4/100 Batch 441/650 - Loss: 1.316418 (Recon: 1.215715, Diff: 0.100702, KL: 0.000387)
2026-02-16 15:21:49,565 - INFO - Epoch 4/100 Batch 442/650 - Loss: 1.315678 (Recon: 1.215842, Diff: 0.099836, KL: 0.000230)
2026-02-16 15:22:28,748 - INFO - Epoch 4/100 Batch 443/650 - Loss: 1.310934 (Recon: 1.214112, Diff: 0.096822, KL: 0.000630)
2026-02-16 15:22:52,662 - INFO - Epoch 4/100 Batch 444/650 - Loss: 1.274727 (Recon: 1.214866, Diff: 0.059861, KL: 0.000444)
2026-02-16 15:23:03,373 - INFO - Epoch 4/100 Batch 445/650 - Loss: 1.321033 (Recon: 1.210810, Diff: 0.110222, KL: 0.001280)
2026-02-16 15:23:08,599 - INFO - Epoch 4/100 Batch 446/650 - Loss: 1.352404 (Recon: 1.215376, Diff: 0.137027, KL: 0.000502)
2026-02-16 15:23:09,620 - INFO - Epoch 4/100 Batch 447/650 - Loss: 1.302498 (Recon: 1.216705, Diff: 0.085790, KL: 0.003158)
2026-02-16 15:23:10,717 - INFO - Epoch 4/100 Batch 448/650 - Loss: 1.409194 (Recon: 1.212810, Diff: 0.196384, KL: 0.000521)
2026-02-16 15:23:11,805 - INFO - Epoch 4/100 Batch 449/650 - Loss: 1.312502 (Recon: 1.216541, Diff: 0.095955, KL: 0.006777)
2026-02-16 15:23:12,984 - INFO - Epoch 4/100 Batch 450/650 - Loss: 1.365840 (Recon: 1.217702, Diff: 0.148137, KL: 0.000545)
2026-02-16 15:23:14,081 - INFO - Epoch 4/100 Batch 451/650 - Loss: 1.361500 (Recon: 1.211968, Diff: 0.149529, KL: 0.002304)
2026-02-16 15:23:17,724 - INFO - Epoch 4/100 Batch 452/650 - Loss: 1.295543 (Recon: 1.218896, Diff: 0.076647, KL: 0.000251)
2026-02-16 15:23:18,768 - INFO - Epoch 4/100 Batch 453/650 - Loss: 1.385533 (Recon: 1.211731, Diff: 0.173800, KL: 0.001408)
2026-02-16 15:23:21,020 - INFO - Epoch 4/100 Batch 454/650 - Loss: 1.358371 (Recon: 1.217893, Diff: 0.140478, KL: 0.000288)
2026-02-16 15:23:22,092 - INFO - Epoch 4/100 Batch 455/650 - Loss: 1.398379 (Recon: 1.215500, Diff: 0.182878, KL: 0.000892)
2026-02-16 15:23:29,690 - INFO - Epoch 4/100 Batch 456/650 - Loss: 1.361288 (Recon: 1.219166, Diff: 0.142122, KL: 0.000526)
2026-02-16 15:23:30,700 - INFO - Epoch 4/100 Batch 457/650 - Loss: 1.340429 (Recon: 1.214893, Diff: 0.125535, KL: 0.001272)
2026-02-16 15:23:37,157 - INFO - Epoch 4/100 Batch 458/650 - Loss: 1.264298 (Recon: 1.212218, Diff: 0.052080, KL: 0.000964)
2026-02-16 15:23:38,673 - INFO - Epoch 4/100 Batch 459/650 - Loss: 1.280669 (Recon: 1.217831, Diff: 0.062837, KL: 0.001109)
2026-02-16 15:23:40,116 - INFO - Epoch 4/100 Batch 460/650 - Loss: 1.341884 (Recon: 1.217722, Diff: 0.124161, KL: 0.001324)
2026-02-16 15:23:41,109 - INFO - Epoch 4/100 Batch 461/650 - Loss: 1.315504 (Recon: 1.215230, Diff: 0.100274, KL: 0.000646)
2026-02-16 15:23:42,995 - INFO - Epoch 4/100 Batch 462/650 - Loss: 1.354779 (Recon: 1.208723, Diff: 0.146054, KL: 0.001385)
2026-02-16 15:23:44,017 - INFO - Epoch 4/100 Batch 463/650 - Loss: 1.341958 (Recon: 1.216502, Diff: 0.125455, KL: 0.000346)
2026-02-16 15:23:45,039 - INFO - Epoch 4/100 Batch 464/650 - Loss: 1.290574 (Recon: 1.213226, Diff: 0.077347, KL: 0.000803)
2026-02-16 15:23:46,045 - INFO - Epoch 4/100 Batch 465/650 - Loss: 1.327205 (Recon: 1.215271, Diff: 0.111932, KL: 0.000817)
2026-02-16 15:23:47,116 - INFO - Epoch 4/100 Batch 466/650 - Loss: 1.294160 (Recon: 1.217240, Diff: 0.076918, KL: 0.001982)
2026-02-16 15:23:49,139 - INFO - Epoch 4/100 Batch 467/650 - Loss: 1.453473 (Recon: 1.210596, Diff: 0.242877, KL: 0.000509)
2026-02-16 15:23:50,396 - INFO - Epoch 4/100 Batch 468/650 - Loss: 1.338997 (Recon: 1.216814, Diff: 0.122181, KL: 0.001812)
2026-02-16 15:23:51,606 - INFO - Epoch 4/100 Batch 469/650 - Loss: 1.407791 (Recon: 1.216278, Diff: 0.191513, KL: 0.000583)
2026-02-16 15:23:52,653 - INFO - Epoch 4/100 Batch 470/650 - Loss: 1.427364 (Recon: 1.217656, Diff: 0.209708, KL: 0.000976)
2026-02-16 15:23:53,686 - INFO - Epoch 4/100 Batch 471/650 - Loss: 1.292375 (Recon: 1.216486, Diff: 0.075889, KL: 0.000357)
2026-02-16 15:23:54,895 - INFO - Epoch 4/100 Batch 472/650 - Loss: 1.308239 (Recon: 1.219649, Diff: 0.088589, KL: 0.000986)
2026-02-16 15:23:55,920 - INFO - Epoch 4/100 Batch 473/650 - Loss: 1.353909 (Recon: 1.208921, Diff: 0.144987, KL: 0.000292)
2026-02-16 15:23:56,992 - INFO - Epoch 4/100 Batch 474/650 - Loss: 1.346123 (Recon: 1.213738, Diff: 0.132385, KL: 0.000325)
2026-02-16 15:23:58,028 - INFO - Epoch 4/100 Batch 475/650 - Loss: 1.311198 (Recon: 1.215148, Diff: 0.096050, KL: 0.000763)
2026-02-16 15:23:59,083 - INFO - Epoch 4/100 Batch 476/650 - Loss: 1.331687 (Recon: 1.214329, Diff: 0.117357, KL: 0.000529)
2026-02-16 15:24:00,418 - INFO - Epoch 4/100 Batch 477/650 - Loss: 1.309731 (Recon: 1.216568, Diff: 0.093163, KL: 0.000563)
2026-02-16 15:24:01,479 - INFO - Epoch 4/100 Batch 478/650 - Loss: 1.330905 (Recon: 1.212825, Diff: 0.118079, KL: 0.000308)
2026-02-16 15:24:02,546 - INFO - Epoch 4/100 Batch 479/650 - Loss: 1.388996 (Recon: 1.212363, Diff: 0.176632, KL: 0.000349)
2026-02-16 15:24:03,741 - INFO - Epoch 4/100 Batch 480/650 - Loss: 1.417969 (Recon: 1.214003, Diff: 0.203965, KL: 0.000630)
2026-02-16 15:24:04,851 - INFO - Epoch 4/100 Batch 481/650 - Loss: 1.277498 (Recon: 1.219020, Diff: 0.058476, KL: 0.001689)
2026-02-16 15:24:05,913 - INFO - Epoch 4/100 Batch 482/650 - Loss: 1.446042 (Recon: 1.213055, Diff: 0.232986, KL: 0.001209)
2026-02-16 15:24:06,923 - INFO - Epoch 4/100 Batch 483/650 - Loss: 1.299935 (Recon: 1.212293, Diff: 0.087641, KL: 0.001218)
2026-02-16 15:24:07,967 - INFO - Epoch 4/100 Batch 484/650 - Loss: 1.370438 (Recon: 1.215728, Diff: 0.154709, KL: 0.000358)
2026-02-16 15:24:09,031 - INFO - Epoch 4/100 Batch 485/650 - Loss: 1.268700 (Recon: 1.205993, Diff: 0.062706, KL: 0.000699)
2026-02-16 15:24:10,076 - INFO - Epoch 4/100 Batch 486/650 - Loss: 1.400369 (Recon: 1.213412, Diff: 0.186957, KL: 0.000396)
2026-02-16 15:24:11,116 - INFO - Epoch 4/100 Batch 487/650 - Loss: 1.278003 (Recon: 1.215995, Diff: 0.062007, KL: 0.000495)
2026-02-16 15:24:12,164 - INFO - Epoch 4/100 Batch 488/650 - Loss: 1.371742 (Recon: 1.215932, Diff: 0.155809, KL: 0.000280)
2026-02-16 15:24:13,293 - INFO - Epoch 4/100 Batch 489/650 - Loss: 1.278647 (Recon: 1.210282, Diff: 0.068364, KL: 0.000769)
2026-02-16 15:24:14,361 - INFO - Epoch 4/100 Batch 490/650 - Loss: 1.317469 (Recon: 1.215999, Diff: 0.101469, KL: 0.000369)
2026-02-16 15:24:15,404 - INFO - Epoch 4/100 Batch 491/650 - Loss: 1.364503 (Recon: 1.213872, Diff: 0.150631, KL: 0.000479)
2026-02-16 15:24:16,476 - INFO - Epoch 4/100 Batch 492/650 - Loss: 1.270172 (Recon: 1.211838, Diff: 0.058334, KL: 0.000406)
2026-02-16 15:24:17,533 - INFO - Epoch 4/100 Batch 493/650 - Loss: 1.331568 (Recon: 1.206239, Diff: 0.125328, KL: 0.000461)
2026-02-16 15:24:18,625 - INFO - Epoch 4/100 Batch 494/650 - Loss: 1.360342 (Recon: 1.214029, Diff: 0.146312, KL: 0.000316)
2026-02-16 15:24:19,701 - INFO - Epoch 4/100 Batch 495/650 - Loss: 1.290375 (Recon: 1.211331, Diff: 0.079043, KL: 0.000617)
2026-02-16 15:24:20,780 - INFO - Epoch 4/100 Batch 496/650 - Loss: 1.360201 (Recon: 1.212911, Diff: 0.147290, KL: 0.000165)
2026-02-16 15:24:21,875 - INFO - Epoch 4/100 Batch 497/650 - Loss: 1.454485 (Recon: 1.209425, Diff: 0.245059, KL: 0.000424)
2026-02-16 15:24:22,949 - INFO - Epoch 4/100 Batch 498/650 - Loss: 1.343531 (Recon: 1.212727, Diff: 0.130804, KL: 0.000173)
2026-02-16 15:24:24,015 - INFO - Epoch 4/100 Batch 499/650 - Loss: 1.343627 (Recon: 1.213588, Diff: 0.130040, KL: 0.000380)
2026-02-16 15:24:25,513 - INFO - Epoch 4/100 Batch 500/650 - Loss: 1.304857 (Recon: 1.214508, Diff: 0.090349, KL: 0.000208)
2026-02-16 15:24:26,593 - INFO - Epoch 4/100 Batch 501/650 - Loss: 1.274281 (Recon: 1.215677, Diff: 0.058603, KL: 0.000277)
2026-02-16 15:24:27,682 - INFO - Epoch 4/100 Batch 502/650 - Loss: 1.355343 (Recon: 1.212873, Diff: 0.142470, KL: 0.000262)
2026-02-16 15:24:28,735 - INFO - Epoch 4/100 Batch 503/650 - Loss: 1.396058 (Recon: 1.215861, Diff: 0.180197, KL: 0.000178)
2026-02-16 15:24:29,832 - INFO - Epoch 4/100 Batch 504/650 - Loss: 1.343566 (Recon: 1.213717, Diff: 0.129848, KL: 0.000708)
2026-02-16 15:24:30,909 - INFO - Epoch 4/100 Batch 505/650 - Loss: 1.329977 (Recon: 1.209125, Diff: 0.120850, KL: 0.001553)
2026-02-16 15:24:31,939 - INFO - Epoch 4/100 Batch 506/650 - Loss: 1.323257 (Recon: 1.214483, Diff: 0.108773, KL: 0.000587)
2026-02-16 15:24:32,949 - INFO - Epoch 4/100 Batch 507/650 - Loss: 1.358127 (Recon: 1.211934, Diff: 0.146193, KL: 0.000335)
2026-02-16 15:24:34,051 - INFO - Epoch 4/100 Batch 508/650 - Loss: 1.336461 (Recon: 1.210217, Diff: 0.126244, KL: 0.000600)
2026-02-16 15:24:35,126 - INFO - Epoch 4/100 Batch 509/650 - Loss: 1.311863 (Recon: 1.214661, Diff: 0.097201, KL: 0.000492)
2026-02-16 15:24:36,466 - INFO - Epoch 4/100 Batch 510/650 - Loss: 1.275505 (Recon: 1.212696, Diff: 0.062809, KL: 0.000371)
2026-02-16 15:24:37,515 - INFO - Epoch 4/100 Batch 511/650 - Loss: 1.331351 (Recon: 1.215017, Diff: 0.116334, KL: 0.000205)
2026-02-16 15:24:38,606 - INFO - Epoch 4/100 Batch 512/650 - Loss: 1.363106 (Recon: 1.215205, Diff: 0.147901, KL: 0.000438)
2026-02-16 15:24:39,631 - INFO - Epoch 4/100 Batch 513/650 - Loss: 1.319237 (Recon: 1.215686, Diff: 0.103550, KL: 0.000304)
2026-02-16 15:24:40,727 - INFO - Epoch 4/100 Batch 514/650 - Loss: 1.373589 (Recon: 1.216413, Diff: 0.157176, KL: 0.000203)
2026-02-16 15:24:41,695 - INFO - Epoch 4/100 Batch 515/650 - Loss: 1.306738 (Recon: 1.213789, Diff: 0.092948, KL: 0.000435)
2026-02-16 15:24:42,688 - INFO - Epoch 4/100 Batch 516/650 - Loss: 1.302145 (Recon: 1.213123, Diff: 0.089022, KL: 0.000409)
2026-02-16 15:24:43,720 - INFO - Epoch 4/100 Batch 517/650 - Loss: 1.323075 (Recon: 1.213891, Diff: 0.109183, KL: 0.000559)
2026-02-16 15:24:44,732 - INFO - Epoch 4/100 Batch 518/650 - Loss: 1.369965 (Recon: 1.206262, Diff: 0.163702, KL: 0.000468)
2026-02-16 15:24:45,737 - INFO - Epoch 4/100 Batch 519/650 - Loss: 1.284033 (Recon: 1.214241, Diff: 0.069792, KL: 0.000431)
2026-02-16 15:24:46,769 - INFO - Epoch 4/100 Batch 520/650 - Loss: 1.315711 (Recon: 1.214193, Diff: 0.101518, KL: 0.000387)
2026-02-16 15:24:47,779 - INFO - Epoch 4/100 Batch 521/650 - Loss: 1.345101 (Recon: 1.201875, Diff: 0.143226, KL: 0.000365)
2026-02-16 15:24:48,764 - INFO - Epoch 4/100 Batch 522/650 - Loss: 1.348115 (Recon: 1.213822, Diff: 0.134293, KL: 0.000485)
2026-02-16 15:24:55,928 - INFO - Epoch 4/100 Batch 523/650 - Loss: 1.291948 (Recon: 1.214372, Diff: 0.077576, KL: 0.000542)
2026-02-16 15:24:56,979 - INFO - Epoch 4/100 Batch 524/650 - Loss: 1.317824 (Recon: 1.208947, Diff: 0.108877, KL: 0.000368)
2026-02-16 15:24:57,972 - INFO - Epoch 4/100 Batch 525/650 - Loss: 1.312710 (Recon: 1.208743, Diff: 0.103967, KL: 0.000298)
2026-02-16 15:24:59,023 - INFO - Epoch 4/100 Batch 526/650 - Loss: 1.296803 (Recon: 1.203434, Diff: 0.093369, KL: 0.000475)
2026-02-16 15:25:00,097 - INFO - Epoch 4/100 Batch 527/650 - Loss: 1.377865 (Recon: 1.209985, Diff: 0.167879, KL: 0.000869)
2026-02-16 15:25:01,124 - INFO - Epoch 4/100 Batch 528/650 - Loss: 1.308696 (Recon: 1.211740, Diff: 0.096956, KL: 0.000518)
2026-02-16 15:25:03,408 - INFO - Epoch 4/100 Batch 529/650 - Loss: 1.339477 (Recon: 1.213441, Diff: 0.126034, KL: 0.001778)
2026-02-16 15:25:04,448 - INFO - Epoch 4/100 Batch 530/650 - Loss: 1.328438 (Recon: 1.217107, Diff: 0.111331, KL: 0.000197)
2026-02-16 15:25:05,489 - INFO - Epoch 4/100 Batch 531/650 - Loss: 1.382324 (Recon: 1.207776, Diff: 0.174547, KL: 0.000686)
2026-02-16 15:25:06,522 - INFO - Epoch 4/100 Batch 532/650 - Loss: 1.339754 (Recon: 1.213318, Diff: 0.126435, KL: 0.000602)
2026-02-16 15:25:07,545 - INFO - Epoch 4/100 Batch 533/650 - Loss: 1.396267 (Recon: 1.215530, Diff: 0.180736, KL: 0.001161)
2026-02-16 15:25:08,627 - INFO - Epoch 4/100 Batch 534/650 - Loss: 1.428792 (Recon: 1.212254, Diff: 0.216537, KL: 0.000179)
2026-02-16 15:25:09,642 - INFO - Epoch 4/100 Batch 535/650 - Loss: 1.295142 (Recon: 1.213108, Diff: 0.082034, KL: 0.000766)
2026-02-16 15:25:10,688 - INFO - Epoch 4/100 Batch 536/650 - Loss: 1.284985 (Recon: 1.210229, Diff: 0.074756, KL: 0.000277)
2026-02-16 15:25:11,773 - INFO - Epoch 4/100 Batch 537/650 - Loss: 1.296791 (Recon: 1.210434, Diff: 0.086356, KL: 0.000376)
2026-02-16 15:25:12,821 - INFO - Epoch 4/100 Batch 538/650 - Loss: 1.368479 (Recon: 1.206746, Diff: 0.161733, KL: 0.000490)
2026-02-16 15:25:13,813 - INFO - Epoch 4/100 Batch 539/650 - Loss: 1.339447 (Recon: 1.214042, Diff: 0.125404, KL: 0.000351)
2026-02-16 15:25:14,867 - INFO - Epoch 4/100 Batch 540/650 - Loss: 1.391438 (Recon: 1.213488, Diff: 0.177950, KL: 0.000283)
2026-02-16 15:25:15,910 - INFO - Epoch 4/100 Batch 541/650 - Loss: 1.273818 (Recon: 1.206422, Diff: 0.067395, KL: 0.000445)
2026-02-16 15:25:16,918 - INFO - Epoch 4/100 Batch 542/650 - Loss: 1.277553 (Recon: 1.214324, Diff: 0.063229, KL: 0.000374)
2026-02-16 15:25:17,964 - INFO - Epoch 4/100 Batch 543/650 - Loss: 1.359266 (Recon: 1.205882, Diff: 0.153384, KL: 0.000355)
2026-02-16 15:25:19,025 - INFO - Epoch 4/100 Batch 544/650 - Loss: 1.393712 (Recon: 1.197594, Diff: 0.196117, KL: 0.001150)
2026-02-16 15:25:20,068 - INFO - Epoch 4/100 Batch 545/650 - Loss: 1.342970 (Recon: 1.215058, Diff: 0.127912, KL: 0.000406)
2026-02-16 15:25:21,112 - INFO - Epoch 4/100 Batch 546/650 - Loss: 1.256194 (Recon: 1.213341, Diff: 0.042852, KL: 0.000550)
2026-02-16 15:25:22,185 - INFO - Epoch 4/100 Batch 547/650 - Loss: 1.382967 (Recon: 1.204784, Diff: 0.178183, KL: 0.000280)
2026-02-16 15:25:23,213 - INFO - Epoch 4/100 Batch 548/650 - Loss: 1.327700 (Recon: 1.212483, Diff: 0.115214, KL: 0.002897)
2026-02-16 15:25:24,314 - INFO - Epoch 4/100 Batch 549/650 - Loss: 1.368531 (Recon: 1.213011, Diff: 0.155519, KL: 0.000367)
2026-02-16 15:25:25,379 - INFO - Epoch 4/100 Batch 550/650 - Loss: 1.412878 (Recon: 1.216009, Diff: 0.196869, KL: 0.000225)
2026-02-16 15:25:26,423 - INFO - Epoch 4/100 Batch 551/650 - Loss: 1.370930 (Recon: 1.201851, Diff: 0.169079, KL: 0.000389)
2026-02-16 15:25:27,506 - INFO - Epoch 4/100 Batch 552/650 - Loss: 1.317442 (Recon: 1.207554, Diff: 0.109888, KL: 0.000244)
2026-02-16 15:25:28,591 - INFO - Epoch 4/100 Batch 553/650 - Loss: 1.382990 (Recon: 1.210389, Diff: 0.172601, KL: 0.000589)
2026-02-16 15:25:29,608 - INFO - Epoch 4/100 Batch 554/650 - Loss: 1.361204 (Recon: 1.212756, Diff: 0.148448, KL: 0.000295)
2026-02-16 15:25:30,614 - INFO - Epoch 4/100 Batch 555/650 - Loss: 1.342961 (Recon: 1.212662, Diff: 0.130298, KL: 0.000389)
2026-02-16 15:25:31,660 - INFO - Epoch 4/100 Batch 556/650 - Loss: 1.366048 (Recon: 1.214227, Diff: 0.151821, KL: 0.000458)
2026-02-16 15:25:32,709 - INFO - Epoch 4/100 Batch 557/650 - Loss: 1.371037 (Recon: 1.210233, Diff: 0.160804, KL: 0.000451)
2026-02-16 15:25:33,718 - INFO - Epoch 4/100 Batch 558/650 - Loss: 1.375914 (Recon: 1.211035, Diff: 0.164878, KL: 0.000665)
2026-02-16 15:25:34,725 - INFO - Epoch 4/100 Batch 559/650 - Loss: 1.281537 (Recon: 1.206887, Diff: 0.074648, KL: 0.000969)
2026-02-16 15:25:35,767 - INFO - Epoch 4/100 Batch 560/650 - Loss: 1.307927 (Recon: 1.210750, Diff: 0.097177, KL: 0.000576)
2026-02-16 15:25:36,823 - INFO - Epoch 4/100 Batch 561/650 - Loss: 1.298268 (Recon: 1.214024, Diff: 0.084241, KL: 0.003411)
2026-02-16 15:25:37,872 - INFO - Epoch 4/100 Batch 562/650 - Loss: 1.353130 (Recon: 1.214434, Diff: 0.138691, KL: 0.005116)
2026-02-16 15:25:38,912 - INFO - Epoch 4/100 Batch 563/650 - Loss: 1.355377 (Recon: 1.205612, Diff: 0.149763, KL: 0.001293)
2026-02-16 15:25:39,984 - INFO - Epoch 4/100 Batch 564/650 - Loss: 1.312315 (Recon: 1.212133, Diff: 0.100182, KL: 0.000556)
2026-02-16 15:25:41,071 - INFO - Epoch 4/100 Batch 565/650 - Loss: 1.280187 (Recon: 1.210162, Diff: 0.070024, KL: 0.001565)
2026-02-16 15:25:42,134 - INFO - Epoch 4/100 Batch 566/650 - Loss: 1.319063 (Recon: 1.210992, Diff: 0.108071, KL: 0.000380)
2026-02-16 15:25:43,141 - INFO - Epoch 4/100 Batch 567/650 - Loss: 1.341585 (Recon: 1.212801, Diff: 0.128784, KL: 0.000765)
2026-02-16 15:25:44,103 - INFO - Epoch 4/100 Batch 568/650 - Loss: 1.303899 (Recon: 1.203394, Diff: 0.100503, KL: 0.001353)
2026-02-16 15:25:45,101 - INFO - Epoch 4/100 Batch 569/650 - Loss: 1.350638 (Recon: 1.205381, Diff: 0.145256, KL: 0.000955)
2026-02-16 15:25:48,733 - INFO - Epoch 4/100 Batch 570/650 - Loss: 1.292442 (Recon: 1.210102, Diff: 0.082340, KL: 0.000985)
2026-02-16 15:26:23,679 - INFO - Epoch 4/100 Batch 571/650 - Loss: 1.344232 (Recon: 1.214252, Diff: 0.129980, KL: 0.001063)
2026-02-16 15:26:36,705 - INFO - Epoch 4/100 Batch 572/650 - Loss: 1.302588 (Recon: 1.211727, Diff: 0.090861, KL: 0.000514)
2026-02-16 15:26:37,741 - INFO - Epoch 4/100 Batch 573/650 - Loss: 1.258927 (Recon: 1.211753, Diff: 0.047174, KL: 0.001118)
2026-02-16 15:26:38,819 - INFO - Epoch 4/100 Batch 574/650 - Loss: 1.262793 (Recon: 1.208057, Diff: 0.054736, KL: 0.000386)
2026-02-16 15:26:39,841 - INFO - Epoch 4/100 Batch 575/650 - Loss: 1.340480 (Recon: 1.207916, Diff: 0.132563, KL: 0.000668)
2026-02-16 15:26:40,909 - INFO - Epoch 4/100 Batch 576/650 - Loss: 1.328643 (Recon: 1.209861, Diff: 0.118782, KL: 0.000218)
2026-02-16 15:26:42,997 - INFO - Epoch 4/100 Batch 577/650 - Loss: 1.434571 (Recon: 1.203443, Diff: 0.231127, KL: 0.000535)
2026-02-16 15:26:44,074 - INFO - Epoch 4/100 Batch 578/650 - Loss: 1.289630 (Recon: 1.211998, Diff: 0.077633, KL: 0.000412)
2026-02-16 15:26:45,086 - INFO - Epoch 4/100 Batch 579/650 - Loss: 1.320207 (Recon: 1.210001, Diff: 0.110206, KL: 0.000319)
2026-02-16 15:26:46,082 - INFO - Epoch 4/100 Batch 580/650 - Loss: 1.305759 (Recon: 1.207400, Diff: 0.098358, KL: 0.001078)
2026-02-16 15:26:47,098 - INFO - Epoch 4/100 Batch 581/650 - Loss: 1.287080 (Recon: 1.210042, Diff: 0.077036, KL: 0.001678)
2026-02-16 15:26:48,136 - INFO - Epoch 4/100 Batch 582/650 - Loss: 1.344183 (Recon: 1.205571, Diff: 0.138612, KL: 0.000287)
2026-02-16 15:26:49,658 - INFO - Epoch 4/100 Batch 583/650 - Loss: 1.277329 (Recon: 1.206125, Diff: 0.071204, KL: 0.000514)
2026-02-16 15:26:51,355 - INFO - Epoch 4/100 Batch 584/650 - Loss: 1.378291 (Recon: 1.209424, Diff: 0.168867, KL: 0.000462)
2026-02-16 15:26:52,380 - INFO - Epoch 4/100 Batch 585/650 - Loss: 1.321189 (Recon: 1.206085, Diff: 0.115101, KL: 0.002219)
2026-02-16 15:26:56,671 - INFO - Epoch 4/100 Batch 586/650 - Loss: 1.412419 (Recon: 1.206874, Diff: 0.205544, KL: 0.000172)
2026-02-16 15:26:57,858 - INFO - Epoch 4/100 Batch 587/650 - Loss: 1.327118 (Recon: 1.209529, Diff: 0.117587, KL: 0.001348)
2026-02-16 15:27:04,055 - INFO - Epoch 4/100 Batch 588/650 - Loss: 1.352394 (Recon: 1.213351, Diff: 0.139042, KL: 0.000453)
2026-02-16 15:27:13,232 - INFO - Epoch 4/100 Batch 589/650 - Loss: 1.340834 (Recon: 1.214241, Diff: 0.126592, KL: 0.000977)
2026-02-16 15:27:14,262 - INFO - Epoch 4/100 Batch 590/650 - Loss: 1.337274 (Recon: 1.211014, Diff: 0.126258, KL: 0.002271)
2026-02-16 15:27:15,329 - INFO - Epoch 4/100 Batch 591/650 - Loss: 1.273963 (Recon: 1.209623, Diff: 0.064339, KL: 0.001141)
2026-02-16 15:27:16,346 - INFO - Epoch 4/100 Batch 592/650 - Loss: 1.261075 (Recon: 1.205819, Diff: 0.055255, KL: 0.000605)
2026-02-16 15:27:17,418 - INFO - Epoch 4/100 Batch 593/650 - Loss: 1.340736 (Recon: 1.204025, Diff: 0.136710, KL: 0.001291)
2026-02-16 15:27:18,454 - INFO - Epoch 4/100 Batch 594/650 - Loss: 1.324919 (Recon: 1.206997, Diff: 0.117921, KL: 0.001118)
2026-02-16 15:27:19,523 - INFO - Epoch 4/100 Batch 595/650 - Loss: 1.299223 (Recon: 1.208292, Diff: 0.090930, KL: 0.001479)
2026-02-16 15:27:20,558 - INFO - Epoch 4/100 Batch 596/650 - Loss: 1.313550 (Recon: 1.209146, Diff: 0.104403, KL: 0.000346)
2026-02-16 15:27:21,587 - INFO - Epoch 4/100 Batch 597/650 - Loss: 1.285208 (Recon: 1.210081, Diff: 0.075126, KL: 0.001180)
2026-02-16 15:27:22,625 - INFO - Epoch 4/100 Batch 598/650 - Loss: 1.373715 (Recon: 1.211532, Diff: 0.162182, KL: 0.000316)
2026-02-16 15:27:23,700 - INFO - Epoch 4/100 Batch 599/650 - Loss: 1.296025 (Recon: 1.213228, Diff: 0.082796, KL: 0.000619)
2026-02-16 15:27:24,750 - INFO - Epoch 4/100 Batch 600/650 - Loss: 1.289334 (Recon: 1.207266, Diff: 0.082068, KL: 0.000510)
2026-02-16 15:27:25,781 - INFO - Epoch 4/100 Batch 601/650 - Loss: 1.315008 (Recon: 1.213907, Diff: 0.101099, KL: 0.000820)
2026-02-16 15:27:26,818 - INFO - Epoch 4/100 Batch 602/650 - Loss: 1.316482 (Recon: 1.207162, Diff: 0.109319, KL: 0.000427)
2026-02-16 15:27:27,850 - INFO - Epoch 4/100 Batch 603/650 - Loss: 1.344608 (Recon: 1.198813, Diff: 0.145794, KL: 0.000802)
2026-02-16 15:27:43,251 - INFO - Epoch 4/100 Batch 604/650 - Loss: 1.272119 (Recon: 1.211159, Diff: 0.060959, KL: 0.000534)
2026-02-16 15:27:44,347 - INFO - Epoch 4/100 Batch 605/650 - Loss: 1.311613 (Recon: 1.206239, Diff: 0.105374, KL: 0.000361)
2026-02-16 15:27:45,459 - INFO - Epoch 4/100 Batch 606/650 - Loss: 1.415331 (Recon: 1.206901, Diff: 0.208429, KL: 0.000792)
2026-02-16 15:27:46,489 - INFO - Epoch 4/100 Batch 607/650 - Loss: 1.334589 (Recon: 1.204755, Diff: 0.129835, KL: 0.000172)
2026-02-16 15:27:47,500 - INFO - Epoch 4/100 Batch 608/650 - Loss: 1.306558 (Recon: 1.210663, Diff: 0.095894, KL: 0.000779)
2026-02-16 15:27:48,524 - INFO - Epoch 4/100 Batch 609/650 - Loss: 1.289274 (Recon: 1.210764, Diff: 0.078510, KL: 0.000272)
2026-02-16 15:27:49,548 - INFO - Epoch 4/100 Batch 610/650 - Loss: 1.349800 (Recon: 1.209736, Diff: 0.140063, KL: 0.000698)
2026-02-16 15:27:50,641 - INFO - Epoch 4/100 Batch 611/650 - Loss: 1.388737 (Recon: 1.213204, Diff: 0.175533, KL: 0.000162)
2026-02-16 15:27:51,673 - INFO - Epoch 4/100 Batch 612/650 - Loss: 1.303283 (Recon: 1.208500, Diff: 0.094782, KL: 0.001019)
2026-02-16 15:27:52,689 - INFO - Epoch 4/100 Batch 613/650 - Loss: 1.368934 (Recon: 1.211742, Diff: 0.157192, KL: 0.000284)
2026-02-16 15:27:53,733 - INFO - Epoch 4/100 Batch 614/650 - Loss: 1.277121 (Recon: 1.207761, Diff: 0.069360, KL: 0.000443)
2026-02-16 15:28:31,784 - INFO - Epoch 4/100 Batch 615/650 - Loss: 1.314531 (Recon: 1.209951, Diff: 0.104580, KL: 0.000457)
2026-02-16 15:28:44,418 - INFO - Epoch 4/100 Batch 616/650 - Loss: 1.362475 (Recon: 1.209518, Diff: 0.152956, KL: 0.000322)
2026-02-16 15:28:45,488 - INFO - Epoch 4/100 Batch 617/650 - Loss: 1.412896 (Recon: 1.205573, Diff: 0.207322, KL: 0.000313)
2026-02-16 15:28:46,550 - INFO - Epoch 4/100 Batch 618/650 - Loss: 1.322689 (Recon: 1.213312, Diff: 0.109374, KL: 0.002503)
2026-02-16 15:28:49,334 - INFO - Epoch 4/100 Batch 619/650 - Loss: 1.355547 (Recon: 1.203980, Diff: 0.151567, KL: 0.000221)
2026-02-16 15:28:56,182 - INFO - Epoch 4/100 Batch 620/650 - Loss: 1.376077 (Recon: 1.200396, Diff: 0.175681, KL: 0.000383)
2026-02-16 15:29:35,496 - INFO - Epoch 4/100 Batch 621/650 - Loss: 1.315001 (Recon: 1.208831, Diff: 0.106170, KL: 0.000273)
2026-02-16 15:29:51,908 - INFO - Epoch 4/100 Batch 622/650 - Loss: 1.347813 (Recon: 1.211361, Diff: 0.136452, KL: 0.000375)
2026-02-16 15:29:52,912 - INFO - Epoch 4/100 Batch 623/650 - Loss: 1.301692 (Recon: 1.206911, Diff: 0.094780, KL: 0.000835)
2026-02-16 15:29:53,931 - INFO - Epoch 4/100 Batch 624/650 - Loss: 1.288037 (Recon: 1.203773, Diff: 0.084263, KL: 0.000539)
2026-02-16 15:29:57,596 - INFO - Epoch 4/100 Batch 625/650 - Loss: 1.305605 (Recon: 1.212586, Diff: 0.093017, KL: 0.001071)
2026-02-16 15:29:58,624 - INFO - Epoch 4/100 Batch 626/650 - Loss: 1.343013 (Recon: 1.211891, Diff: 0.131122, KL: 0.000430)
2026-02-16 15:29:59,615 - INFO - Epoch 4/100 Batch 627/650 - Loss: 1.349473 (Recon: 1.203879, Diff: 0.145593, KL: 0.000551)
2026-02-16 15:30:01,877 - INFO - Epoch 4/100 Batch 628/650 - Loss: 1.388361 (Recon: 1.205450, Diff: 0.182911, KL: 0.000437)
2026-02-16 15:30:03,114 - INFO - Epoch 4/100 Batch 629/650 - Loss: 1.417120 (Recon: 1.206045, Diff: 0.211074, KL: 0.001064)
2026-02-16 15:30:05,198 - INFO - Epoch 4/100 Batch 630/650 - Loss: 1.343591 (Recon: 1.209469, Diff: 0.134122, KL: 0.000421)
2026-02-16 15:30:06,288 - INFO - Epoch 4/100 Batch 631/650 - Loss: 1.342250 (Recon: 1.205829, Diff: 0.136419, KL: 0.001417)
2026-02-16 15:30:07,397 - INFO - Epoch 4/100 Batch 632/650 - Loss: 1.315399 (Recon: 1.208384, Diff: 0.107014, KL: 0.000425)
2026-02-16 15:30:08,734 - INFO - Epoch 4/100 Batch 633/650 - Loss: 1.369854 (Recon: 1.202188, Diff: 0.167665, KL: 0.001114)
2026-02-16 15:30:12,375 - INFO - Epoch 4/100 Batch 634/650 - Loss: 1.280546 (Recon: 1.210298, Diff: 0.070247, KL: 0.000484)
2026-02-16 15:30:13,489 - INFO - Epoch 4/100 Batch 635/650 - Loss: 1.269936 (Recon: 1.208997, Diff: 0.060937, KL: 0.001515)
2026-02-16 15:30:14,610 - INFO - Epoch 4/100 Batch 636/650 - Loss: 1.268347 (Recon: 1.210395, Diff: 0.057951, KL: 0.000278)
2026-02-16 15:30:15,759 - INFO - Epoch 4/100 Batch 637/650 - Loss: 1.354385 (Recon: 1.208431, Diff: 0.145954, KL: 0.001047)
2026-02-16 15:30:17,032 - INFO - Epoch 4/100 Batch 638/650 - Loss: 1.286095 (Recon: 1.206858, Diff: 0.079237, KL: 0.000153)
2026-02-16 15:30:18,279 - INFO - Epoch 4/100 Batch 639/650 - Loss: 1.368936 (Recon: 1.208219, Diff: 0.160716, KL: 0.001185)
2026-02-16 15:30:19,495 - INFO - Epoch 4/100 Batch 640/650 - Loss: 1.303359 (Recon: 1.211325, Diff: 0.092033, KL: 0.000870)
2026-02-16 15:30:20,659 - INFO - Epoch 4/100 Batch 641/650 - Loss: 1.320107 (Recon: 1.208447, Diff: 0.111660, KL: 0.000480)
2026-02-16 15:30:23,817 - INFO - Epoch 4/100 Batch 642/650 - Loss: 1.312959 (Recon: 1.206703, Diff: 0.106255, KL: 0.000413)
2026-02-16 15:30:24,794 - INFO - Epoch 4/100 Batch 643/650 - Loss: 1.354628 (Recon: 1.211711, Diff: 0.142916, KL: 0.000732)
2026-02-16 15:30:25,786 - INFO - Epoch 4/100 Batch 644/650 - Loss: 1.367434 (Recon: 1.211984, Diff: 0.155450, KL: 0.000578)
2026-02-16 15:30:26,784 - INFO - Epoch 4/100 Batch 645/650 - Loss: 1.326569 (Recon: 1.205406, Diff: 0.121160, KL: 0.002844)
2026-02-16 15:30:27,787 - INFO - Epoch 4/100 Batch 646/650 - Loss: 1.279452 (Recon: 1.208340, Diff: 0.071110, KL: 0.002403)
2026-02-16 15:30:28,771 - INFO - Epoch 4/100 Batch 647/650 - Loss: 1.306298 (Recon: 1.210362, Diff: 0.095936, KL: 0.000420)
2026-02-16 15:30:29,784 - INFO - Epoch 4/100 Batch 648/650 - Loss: 1.294701 (Recon: 1.205949, Diff: 0.088751, KL: 0.001114)
2026-02-16 15:30:30,775 - INFO - Epoch 4/100 Batch 649/650 - Loss: 1.294878 (Recon: 1.211038, Diff: 0.083839, KL: 0.000249)
2026-02-16 15:30:31,758 - INFO - Epoch 4/100 Batch 650/650 - Loss: 1.325430 (Recon: 1.206658, Diff: 0.118771, KL: 0.000866)
2026-02-16 15:30:31,884 - INFO - Epoch 4 Train Loss: 1.342884
2026-02-16 15:30:37,168 - INFO - Epoch 4 Val Loss: 1.309627 (Recon: 1.2088, Diff: 0.1008, KL: 0.0003)
2026-02-16 17:03:55,504 - INFO - Epoch 4 Metrics: GED=1.8717, MaxDice=0.0177, CI=0.0248, Sensitivity=0.5660, Agreement=0.9322
2026-02-16 17:03:55,692 - INFO - New best model saved with val_loss: 1.309627
2026-02-16 17:03:59,675 - INFO - Epoch 5/100 Batch 1/650 - Loss: 1.290400 (Recon: 1.208194, Diff: 0.082206, KL: 0.000272)
2026-02-16 17:04:00,823 - INFO - Epoch 5/100 Batch 2/650 - Loss: 1.454737 (Recon: 1.201616, Diff: 0.253121, KL: 0.001074)
2026-02-16 17:04:01,861 - INFO - Epoch 5/100 Batch 3/650 - Loss: 1.271710 (Recon: 1.204055, Diff: 0.067655, KL: 0.000266)
2026-02-16 17:04:02,899 - INFO - Epoch 5/100 Batch 4/650 - Loss: 1.403011 (Recon: 1.207727, Diff: 0.195283, KL: 0.000792)
2026-02-16 17:04:03,959 - INFO - Epoch 5/100 Batch 5/650 - Loss: 1.382321 (Recon: 1.202159, Diff: 0.180162, KL: 0.000357)
2026-02-16 17:04:04,960 - INFO - Epoch 5/100 Batch 6/650 - Loss: 1.289809 (Recon: 1.210824, Diff: 0.078985, KL: 0.000753)
2026-02-16 17:04:05,978 - INFO - Epoch 5/100 Batch 7/650 - Loss: 1.374783 (Recon: 1.208266, Diff: 0.166517, KL: 0.000205)
2026-02-16 17:04:07,046 - INFO - Epoch 5/100 Batch 8/650 - Loss: 1.346492 (Recon: 1.207216, Diff: 0.139275, KL: 0.000361)
2026-02-16 17:04:08,048 - INFO - Epoch 5/100 Batch 9/650 - Loss: 1.346838 (Recon: 1.205970, Diff: 0.140864, KL: 0.004550)
2026-02-16 17:04:09,079 - INFO - Epoch 5/100 Batch 10/650 - Loss: 1.399551 (Recon: 1.209468, Diff: 0.190083, KL: 0.000393)
2026-02-16 17:04:14,192 - INFO - Epoch 5/100 Batch 11/650 - Loss: 1.294105 (Recon: 1.203834, Diff: 0.090270, KL: 0.000442)
2026-02-16 17:04:15,352 - INFO - Epoch 5/100 Batch 12/650 - Loss: 1.263548 (Recon: 1.207158, Diff: 0.056389, KL: 0.000370)
2026-02-16 17:04:16,586 - INFO - Epoch 5/100 Batch 13/650 - Loss: 1.370208 (Recon: 1.207821, Diff: 0.162386, KL: 0.000731)
2026-02-16 17:04:17,619 - INFO - Epoch 5/100 Batch 14/650 - Loss: 1.318772 (Recon: 1.202101, Diff: 0.116670, KL: 0.000517)
2026-02-16 17:04:18,698 - INFO - Epoch 5/100 Batch 15/650 - Loss: 1.351139 (Recon: 1.204422, Diff: 0.146717, KL: 0.000503)
2026-02-16 17:04:19,825 - INFO - Epoch 5/100 Batch 16/650 - Loss: 1.416746 (Recon: 1.206878, Diff: 0.209864, KL: 0.004042)
2026-02-16 17:04:21,032 - INFO - Epoch 5/100 Batch 17/650 - Loss: 1.346808 (Recon: 1.197785, Diff: 0.149022, KL: 0.000181)
2026-02-16 17:04:22,094 - INFO - Epoch 5/100 Batch 18/650 - Loss: 1.350284 (Recon: 1.200663, Diff: 0.149621, KL: 0.000329)
2026-02-16 17:04:23,138 - INFO - Epoch 5/100 Batch 19/650 - Loss: 1.400327 (Recon: 1.204310, Diff: 0.196017, KL: 0.000300)
2026-02-16 17:04:24,245 - INFO - Epoch 5/100 Batch 20/650 - Loss: 1.307838 (Recon: 1.205266, Diff: 0.102569, KL: 0.002061)
2026-02-16 17:04:31,395 - INFO - Epoch 5/100 Batch 21/650 - Loss: 1.289765 (Recon: 1.211245, Diff: 0.078520, KL: 0.000230)
2026-02-16 17:04:32,475 - INFO - Epoch 5/100 Batch 22/650 - Loss: 1.301653 (Recon: 1.204048, Diff: 0.097604, KL: 0.000781)
2026-02-16 17:04:33,546 - INFO - Epoch 5/100 Batch 23/650 - Loss: 1.294570 (Recon: 1.210679, Diff: 0.083891, KL: 0.000249)
2026-02-16 17:04:34,655 - INFO - Epoch 5/100 Batch 24/650 - Loss: 1.337834 (Recon: 1.203264, Diff: 0.134569, KL: 0.000753)
2026-02-16 17:04:35,737 - INFO - Epoch 5/100 Batch 25/650 - Loss: 1.300898 (Recon: 1.208283, Diff: 0.092615, KL: 0.000578)
2026-02-16 17:04:36,763 - INFO - Epoch 5/100 Batch 26/650 - Loss: 1.330014 (Recon: 1.202949, Diff: 0.127064, KL: 0.000668)
2026-02-16 17:04:37,783 - INFO - Epoch 5/100 Batch 27/650 - Loss: 1.289319 (Recon: 1.193765, Diff: 0.095553, KL: 0.000476)
2026-02-16 17:04:38,900 - INFO - Epoch 5/100 Batch 28/650 - Loss: 1.273299 (Recon: 1.208493, Diff: 0.064805, KL: 0.000621)
2026-02-16 17:04:39,926 - INFO - Epoch 5/100 Batch 29/650 - Loss: 1.311681 (Recon: 1.208725, Diff: 0.102955, KL: 0.000512)
2026-02-16 17:04:40,974 - INFO - Epoch 5/100 Batch 30/650 - Loss: 1.324860 (Recon: 1.198127, Diff: 0.126733, KL: 0.000583)
2026-02-16 17:04:42,018 - INFO - Epoch 5/100 Batch 31/650 - Loss: 1.306746 (Recon: 1.209004, Diff: 0.097742, KL: 0.000207)
2026-02-16 17:04:43,101 - INFO - Epoch 5/100 Batch 32/650 - Loss: 1.273309 (Recon: 1.206028, Diff: 0.067280, KL: 0.000986)
2026-02-16 17:04:44,139 - INFO - Epoch 5/100 Batch 33/650 - Loss: 1.313820 (Recon: 1.204433, Diff: 0.109386, KL: 0.000561)
2026-02-16 17:04:45,206 - INFO - Epoch 5/100 Batch 34/650 - Loss: 1.383303 (Recon: 1.199964, Diff: 0.183338, KL: 0.000718)
2026-02-16 17:04:46,297 - INFO - Epoch 5/100 Batch 35/650 - Loss: 1.319893 (Recon: 1.209584, Diff: 0.110309, KL: 0.000312)
2026-02-16 17:04:47,695 - INFO - Epoch 5/100 Batch 36/650 - Loss: 1.274634 (Recon: 1.206579, Diff: 0.068055, KL: 0.000559)
2026-02-16 17:04:48,749 - INFO - Epoch 5/100 Batch 37/650 - Loss: 1.291549 (Recon: 1.200860, Diff: 0.090689, KL: 0.000197)
2026-02-16 17:04:49,846 - INFO - Epoch 5/100 Batch 38/650 - Loss: 1.301143 (Recon: 1.207320, Diff: 0.093822, KL: 0.000351)
2026-02-16 17:04:50,922 - INFO - Epoch 5/100 Batch 39/650 - Loss: 1.290274 (Recon: 1.205502, Diff: 0.084772, KL: 0.000185)
2026-02-16 17:04:52,030 - INFO - Epoch 5/100 Batch 40/650 - Loss: 1.314263 (Recon: 1.205591, Diff: 0.108672, KL: 0.000451)
2026-02-16 17:04:53,071 - INFO - Epoch 5/100 Batch 41/650 - Loss: 1.307694 (Recon: 1.202999, Diff: 0.104695, KL: 0.000318)
2026-02-16 17:04:54,113 - INFO - Epoch 5/100 Batch 42/650 - Loss: 1.282283 (Recon: 1.208178, Diff: 0.074105, KL: 0.000210)
2026-02-16 17:04:55,201 - INFO - Epoch 5/100 Batch 43/650 - Loss: 1.300959 (Recon: 1.204779, Diff: 0.096180, KL: 0.000615)
2026-02-16 17:05:03,437 - INFO - Epoch 5/100 Batch 44/650 - Loss: 1.360299 (Recon: 1.207080, Diff: 0.153218, KL: 0.000446)
2026-02-16 17:05:07,008 - INFO - Epoch 5/100 Batch 45/650 - Loss: 1.291271 (Recon: 1.208508, Diff: 0.082763, KL: 0.000402)
2026-02-16 17:05:08,016 - INFO - Epoch 5/100 Batch 46/650 - Loss: 1.314404 (Recon: 1.204458, Diff: 0.109946, KL: 0.000519)
2026-02-16 17:05:09,049 - INFO - Epoch 5/100 Batch 47/650 - Loss: 1.318285 (Recon: 1.209456, Diff: 0.108829, KL: 0.000370)
2026-02-16 17:05:13,528 - INFO - Epoch 5/100 Batch 48/650 - Loss: 1.330640 (Recon: 1.206340, Diff: 0.124300, KL: 0.000652)
2026-02-16 17:05:14,555 - INFO - Epoch 5/100 Batch 49/650 - Loss: 1.308028 (Recon: 1.208758, Diff: 0.099271, KL: 0.000227)
2026-02-16 17:05:15,552 - INFO - Epoch 5/100 Batch 50/650 - Loss: 1.324210 (Recon: 1.207323, Diff: 0.116886, KL: 0.000257)
2026-02-16 17:05:16,583 - INFO - Epoch 5/100 Batch 51/650 - Loss: 1.331086 (Recon: 1.208673, Diff: 0.122410, KL: 0.003741)
2026-02-16 17:05:17,613 - INFO - Epoch 5/100 Batch 52/650 - Loss: 1.326705 (Recon: 1.200531, Diff: 0.126173, KL: 0.000849)
2026-02-16 17:05:19,939 - INFO - Epoch 5/100 Batch 53/650 - Loss: 1.258921 (Recon: 1.209642, Diff: 0.049279, KL: 0.000253)
2026-02-16 17:05:21,602 - INFO - Epoch 5/100 Batch 54/650 - Loss: 1.271748 (Recon: 1.205201, Diff: 0.066545, KL: 0.001530)
2026-02-16 17:05:34,104 - INFO - Epoch 5/100 Batch 55/650 - Loss: 1.353453 (Recon: 1.202491, Diff: 0.150962, KL: 0.000847)
2026-02-16 17:05:35,412 - INFO - Epoch 5/100 Batch 56/650 - Loss: 1.299634 (Recon: 1.203305, Diff: 0.096328, KL: 0.000247)
2026-02-16 17:05:36,932 - INFO - Epoch 5/100 Batch 57/650 - Loss: 1.334383 (Recon: 1.206878, Diff: 0.127504, KL: 0.000664)
2026-02-16 17:06:06,413 - INFO - Epoch 5/100 Batch 58/650 - Loss: 1.301082 (Recon: 1.200574, Diff: 0.100507, KL: 0.000461)
2026-02-16 17:06:45,638 - INFO - Epoch 5/100 Batch 59/650 - Loss: 1.304608 (Recon: 1.201331, Diff: 0.103276, KL: 0.001464)
2026-02-16 17:07:13,259 - INFO - Epoch 5/100 Batch 60/650 - Loss: 1.304805 (Recon: 1.206850, Diff: 0.097954, KL: 0.000898)
2026-02-16 17:07:14,341 - INFO - Epoch 5/100 Batch 61/650 - Loss: 1.278597 (Recon: 1.203961, Diff: 0.074636, KL: 0.000402)
2026-02-16 17:07:17,733 - INFO - Epoch 5/100 Batch 62/650 - Loss: 1.347395 (Recon: 1.206367, Diff: 0.141026, KL: 0.001337)
2026-02-16 17:07:18,773 - INFO - Epoch 5/100 Batch 63/650 - Loss: 1.305178 (Recon: 1.201626, Diff: 0.103551, KL: 0.001384)
2026-02-16 17:07:29,094 - INFO - Epoch 5/100 Batch 64/650 - Loss: 1.244738 (Recon: 1.204192, Diff: 0.040545, KL: 0.001539)
2026-02-16 17:07:40,058 - INFO - Epoch 5/100 Batch 65/650 - Loss: 1.270184 (Recon: 1.206935, Diff: 0.063249, KL: 0.000402)
2026-02-16 17:07:41,179 - INFO - Epoch 5/100 Batch 66/650 - Loss: 1.318210 (Recon: 1.199337, Diff: 0.118873, KL: 0.000916)
2026-02-16 17:07:42,226 - INFO - Epoch 5/100 Batch 67/650 - Loss: 1.290903 (Recon: 1.206339, Diff: 0.084564, KL: 0.000323)
2026-02-16 17:07:48,936 - INFO - Epoch 5/100 Batch 68/650 - Loss: 1.301981 (Recon: 1.207413, Diff: 0.094567, KL: 0.000975)
2026-02-16 17:07:53,341 - INFO - Epoch 5/100 Batch 69/650 - Loss: 1.314592 (Recon: 1.202279, Diff: 0.112313, KL: 0.000383)
2026-02-16 17:07:54,460 - INFO - Epoch 5/100 Batch 70/650 - Loss: 1.295231 (Recon: 1.201131, Diff: 0.094099, KL: 0.000837)
2026-02-16 17:07:55,514 - INFO - Epoch 5/100 Batch 71/650 - Loss: 1.280655 (Recon: 1.205154, Diff: 0.075501, KL: 0.000347)
2026-02-16 17:07:56,620 - INFO - Epoch 5/100 Batch 72/650 - Loss: 1.351279 (Recon: 1.203500, Diff: 0.147778, KL: 0.001311)
2026-02-16 17:07:57,951 - INFO - Epoch 5/100 Batch 73/650 - Loss: 1.311767 (Recon: 1.202068, Diff: 0.109698, KL: 0.000228)
2026-02-16 17:08:01,338 - INFO - Epoch 5/100 Batch 74/650 - Loss: 1.349874 (Recon: 1.207299, Diff: 0.142574, KL: 0.000818)
2026-02-16 17:08:02,374 - INFO - Epoch 5/100 Batch 75/650 - Loss: 1.292452 (Recon: 1.201147, Diff: 0.091304, KL: 0.000184)
2026-02-16 17:08:05,998 - INFO - Epoch 5/100 Batch 76/650 - Loss: 1.256812 (Recon: 1.205587, Diff: 0.051224, KL: 0.000547)
2026-02-16 17:08:07,066 - INFO - Epoch 5/100 Batch 77/650 - Loss: 1.272613 (Recon: 1.207920, Diff: 0.064693, KL: 0.000300)
2026-02-16 17:08:08,093 - INFO - Epoch 5/100 Batch 78/650 - Loss: 1.356786 (Recon: 1.202219, Diff: 0.154567, KL: 0.000204)
2026-02-16 17:08:09,083 - INFO - Epoch 5/100 Batch 79/650 - Loss: 1.362930 (Recon: 1.201055, Diff: 0.161875, KL: 0.000468)
2026-02-16 17:08:10,146 - INFO - Epoch 5/100 Batch 80/650 - Loss: 1.266072 (Recon: 1.195139, Diff: 0.070932, KL: 0.000470)
2026-02-16 17:08:11,148 - INFO - Epoch 5/100 Batch 81/650 - Loss: 1.285596 (Recon: 1.201470, Diff: 0.084126, KL: 0.000425)
2026-02-16 17:08:12,642 - INFO - Epoch 5/100 Batch 82/650 - Loss: 1.272653 (Recon: 1.209024, Diff: 0.063629, KL: 0.000305)
2026-02-16 17:08:13,667 - INFO - Epoch 5/100 Batch 83/650 - Loss: 1.373415 (Recon: 1.203447, Diff: 0.169966, KL: 0.000752)
2026-02-16 17:08:14,823 - INFO - Epoch 5/100 Batch 84/650 - Loss: 1.319620 (Recon: 1.207945, Diff: 0.111675, KL: 0.000482)
2026-02-16 17:08:16,364 - INFO - Epoch 5/100 Batch 85/650 - Loss: 1.318798 (Recon: 1.208137, Diff: 0.110660, KL: 0.000258)
2026-02-16 17:08:25,426 - INFO - Epoch 5/100 Batch 86/650 - Loss: 1.307456 (Recon: 1.205752, Diff: 0.101704, KL: 0.000389)
2026-02-16 17:08:26,537 - INFO - Epoch 5/100 Batch 87/650 - Loss: 1.306025 (Recon: 1.198314, Diff: 0.107711, KL: 0.000354)
2026-02-16 17:08:27,618 - INFO - Epoch 5/100 Batch 88/650 - Loss: 1.271674 (Recon: 1.205164, Diff: 0.066510, KL: 0.000303)
2026-02-16 17:08:30,925 - INFO - Epoch 5/100 Batch 89/650 - Loss: 1.340491 (Recon: 1.199434, Diff: 0.141057, KL: 0.000283)
2026-02-16 17:08:35,063 - INFO - Epoch 5/100 Batch 90/650 - Loss: 1.356073 (Recon: 1.202779, Diff: 0.153292, KL: 0.001526)
2026-02-16 17:08:41,170 - INFO - Epoch 5/100 Batch 91/650 - Loss: 1.276634 (Recon: 1.203691, Diff: 0.072943, KL: 0.000473)
2026-02-16 17:08:45,726 - INFO - Epoch 5/100 Batch 92/650 - Loss: 1.295831 (Recon: 1.202902, Diff: 0.092929, KL: 0.000244)
2026-02-16 17:08:46,808 - INFO - Epoch 5/100 Batch 93/650 - Loss: 1.361158 (Recon: 1.206651, Diff: 0.154507, KL: 0.000134)
2026-02-16 17:08:52,196 - INFO - Epoch 5/100 Batch 94/650 - Loss: 1.291622 (Recon: 1.198542, Diff: 0.093080, KL: 0.000225)
2026-02-16 17:09:00,866 - INFO - Epoch 5/100 Batch 95/650 - Loss: 1.335619 (Recon: 1.198058, Diff: 0.137560, KL: 0.000415)
2026-02-16 17:09:01,888 - INFO - Epoch 5/100 Batch 96/650 - Loss: 1.400974 (Recon: 1.200189, Diff: 0.200785, KL: 0.000579)
2026-02-16 17:09:02,975 - INFO - Epoch 5/100 Batch 97/650 - Loss: 1.341303 (Recon: 1.201518, Diff: 0.139785, KL: 0.000302)
2026-02-16 17:09:06,356 - INFO - Epoch 5/100 Batch 98/650 - Loss: 1.321690 (Recon: 1.201891, Diff: 0.119799, KL: 0.000412)
2026-02-16 17:09:08,215 - INFO - Epoch 5/100 Batch 99/650 - Loss: 1.335945 (Recon: 1.205146, Diff: 0.130795, KL: 0.002989)
2026-02-16 17:09:09,184 - INFO - Epoch 5/100 Batch 100/650 - Loss: 1.259282 (Recon: 1.204624, Diff: 0.054658, KL: 0.000331)
2026-02-16 17:09:13,015 - INFO - Epoch 5/100 Batch 101/650 - Loss: 1.316242 (Recon: 1.202612, Diff: 0.113629, KL: 0.000278)
2026-02-16 17:09:14,082 - INFO - Epoch 5/100 Batch 102/650 - Loss: 1.297816 (Recon: 1.203783, Diff: 0.094032, KL: 0.000247)
2026-02-16 17:09:15,086 - INFO - Epoch 5/100 Batch 103/650 - Loss: 1.418207 (Recon: 1.201454, Diff: 0.216752, KL: 0.000345)
2026-02-16 17:09:16,094 - INFO - Epoch 5/100 Batch 104/650 - Loss: 1.307229 (Recon: 1.201569, Diff: 0.105661, KL: 0.000166)
2026-02-16 17:09:17,274 - INFO - Epoch 5/100 Batch 105/650 - Loss: 1.273468 (Recon: 1.200363, Diff: 0.073104, KL: 0.000503)
2026-02-16 17:09:18,296 - INFO - Epoch 5/100 Batch 106/650 - Loss: 1.378395 (Recon: 1.200030, Diff: 0.178365, KL: 0.000274)
2026-02-16 17:09:19,389 - INFO - Epoch 5/100 Batch 107/650 - Loss: 1.267611 (Recon: 1.205386, Diff: 0.062224, KL: 0.000427)
2026-02-16 17:09:21,008 - INFO - Epoch 5/100 Batch 108/650 - Loss: 1.256528 (Recon: 1.204498, Diff: 0.052029, KL: 0.000209)
2026-02-16 17:09:31,819 - INFO - Epoch 5/100 Batch 109/650 - Loss: 1.284754 (Recon: 1.205119, Diff: 0.079634, KL: 0.000249)
2026-02-16 17:09:42,914 - INFO - Epoch 5/100 Batch 110/650 - Loss: 1.359127 (Recon: 1.202913, Diff: 0.156214, KL: 0.000294)
2026-02-16 17:09:46,224 - INFO - Epoch 5/100 Batch 111/650 - Loss: 1.301628 (Recon: 1.201147, Diff: 0.100481, KL: 0.000343)
2026-02-16 17:09:47,399 - INFO - Epoch 5/100 Batch 112/650 - Loss: 1.350681 (Recon: 1.201772, Diff: 0.148909, KL: 0.000366)
2026-02-16 17:09:48,480 - INFO - Epoch 5/100 Batch 113/650 - Loss: 1.306777 (Recon: 1.198131, Diff: 0.108646, KL: 0.000462)
2026-02-16 17:09:49,649 - INFO - Epoch 5/100 Batch 114/650 - Loss: 1.293813 (Recon: 1.201926, Diff: 0.091886, KL: 0.001119)
2026-02-16 17:09:50,804 - INFO - Epoch 5/100 Batch 115/650 - Loss: 1.288850 (Recon: 1.202604, Diff: 0.086245, KL: 0.000409)
2026-02-16 17:09:52,985 - INFO - Epoch 5/100 Batch 116/650 - Loss: 1.317371 (Recon: 1.201757, Diff: 0.115612, KL: 0.002966)
2026-02-16 17:09:54,024 - INFO - Epoch 5/100 Batch 117/650 - Loss: 1.318075 (Recon: 1.195164, Diff: 0.122909, KL: 0.001709)
2026-02-16 17:09:59,289 - INFO - Epoch 5/100 Batch 118/650 - Loss: 1.291243 (Recon: 1.200911, Diff: 0.090332, KL: 0.000239)
2026-02-16 17:10:00,339 - INFO - Epoch 5/100 Batch 119/650 - Loss: 1.299453 (Recon: 1.202098, Diff: 0.097354, KL: 0.001218)
2026-02-16 17:10:04,231 - INFO - Epoch 5/100 Batch 120/650 - Loss: 1.291735 (Recon: 1.204608, Diff: 0.087127, KL: 0.000305)
2026-02-16 17:10:05,261 - INFO - Epoch 5/100 Batch 121/650 - Loss: 1.349044 (Recon: 1.203602, Diff: 0.145440, KL: 0.002657)
2026-02-16 17:10:06,324 - INFO - Epoch 5/100 Batch 122/650 - Loss: 1.327088 (Recon: 1.206780, Diff: 0.120308, KL: 0.000210)
2026-02-16 17:10:07,669 - INFO - Epoch 5/100 Batch 123/650 - Loss: 1.364415 (Recon: 1.205200, Diff: 0.159215, KL: 0.000928)
2026-02-16 17:10:09,031 - INFO - Epoch 5/100 Batch 124/650 - Loss: 1.281449 (Recon: 1.201380, Diff: 0.080068, KL: 0.001350)
2026-02-16 17:10:10,001 - INFO - Epoch 5/100 Batch 125/650 - Loss: 1.325074 (Recon: 1.194512, Diff: 0.130560, KL: 0.001828)
2026-02-16 17:10:11,016 - INFO - Epoch 5/100 Batch 126/650 - Loss: 1.311032 (Recon: 1.201637, Diff: 0.109395, KL: 0.000241)
2026-02-16 17:10:11,992 - INFO - Epoch 5/100 Batch 127/650 - Loss: 1.294409 (Recon: 1.199206, Diff: 0.095201, KL: 0.001970)
2026-02-16 17:10:13,787 - INFO - Epoch 5/100 Batch 128/650 - Loss: 1.303790 (Recon: 1.200479, Diff: 0.103311, KL: 0.000501)
2026-02-16 17:10:46,819 - INFO - Epoch 5/100 Batch 129/650 - Loss: 1.352245 (Recon: 1.195853, Diff: 0.156390, KL: 0.001865)
2026-02-16 17:11:01,386 - INFO - Epoch 5/100 Batch 130/650 - Loss: 1.277539 (Recon: 1.204071, Diff: 0.073467, KL: 0.000697)
2026-02-16 17:11:16,888 - INFO - Epoch 5/100 Batch 131/650 - Loss: 1.257386 (Recon: 1.199791, Diff: 0.057594, KL: 0.001156)
2026-02-16 17:11:17,919 - INFO - Epoch 5/100 Batch 132/650 - Loss: 1.307398 (Recon: 1.199196, Diff: 0.108202, KL: 0.000256)
2026-02-16 17:11:18,977 - INFO - Epoch 5/100 Batch 133/650 - Loss: 1.386403 (Recon: 1.198504, Diff: 0.187898, KL: 0.001536)
2026-02-16 17:11:37,203 - INFO - Epoch 5/100 Batch 134/650 - Loss: 1.388864 (Recon: 1.199164, Diff: 0.189699, KL: 0.000464)
2026-02-16 17:11:38,336 - INFO - Epoch 5/100 Batch 135/650 - Loss: 1.354476 (Recon: 1.202898, Diff: 0.151578, KL: 0.000885)
2026-02-16 17:11:40,742 - INFO - Epoch 5/100 Batch 136/650 - Loss: 1.285836 (Recon: 1.201642, Diff: 0.084190, KL: 0.003732)
2026-02-16 17:11:41,841 - INFO - Epoch 5/100 Batch 137/650 - Loss: 1.295456 (Recon: 1.194684, Diff: 0.100769, KL: 0.002102)
2026-02-16 17:11:42,981 - INFO - Epoch 5/100 Batch 138/650 - Loss: 1.286246 (Recon: 1.203537, Diff: 0.082709, KL: 0.000264)
2026-02-16 17:11:44,083 - INFO - Epoch 5/100 Batch 139/650 - Loss: 1.323959 (Recon: 1.198349, Diff: 0.125609, KL: 0.001545)
2026-02-16 17:11:45,454 - INFO - Epoch 5/100 Batch 140/650 - Loss: 1.263484 (Recon: 1.202464, Diff: 0.061020, KL: 0.000277)
2026-02-16 17:11:46,508 - INFO - Epoch 5/100 Batch 141/650 - Loss: 1.333769 (Recon: 1.195759, Diff: 0.138008, KL: 0.001270)
2026-02-16 17:11:47,672 - INFO - Epoch 5/100 Batch 142/650 - Loss: 1.380076 (Recon: 1.199711, Diff: 0.180364, KL: 0.000358)
2026-02-16 17:11:48,771 - INFO - Epoch 5/100 Batch 143/650 - Loss: 1.288502 (Recon: 1.192871, Diff: 0.095629, KL: 0.001230)
2026-02-16 17:11:49,878 - INFO - Epoch 5/100 Batch 144/650 - Loss: 1.355711 (Recon: 1.202633, Diff: 0.153077, KL: 0.000506)
2026-02-16 17:11:50,974 - INFO - Epoch 5/100 Batch 145/650 - Loss: 1.308273 (Recon: 1.201239, Diff: 0.107034, KL: 0.000512)
2026-02-16 17:11:52,097 - INFO - Epoch 5/100 Batch 146/650 - Loss: 1.370819 (Recon: 1.203955, Diff: 0.166863, KL: 0.000547)
2026-02-16 17:11:53,460 - INFO - Epoch 5/100 Batch 147/650 - Loss: 1.276033 (Recon: 1.202117, Diff: 0.073916, KL: 0.000111)
2026-02-16 17:11:54,527 - INFO - Epoch 5/100 Batch 148/650 - Loss: 1.338908 (Recon: 1.200376, Diff: 0.138531, KL: 0.000389)
2026-02-16 17:11:55,600 - INFO - Epoch 5/100 Batch 149/650 - Loss: 1.270888 (Recon: 1.196944, Diff: 0.073944, KL: 0.000245)
2026-02-16 17:11:56,695 - INFO - Epoch 5/100 Batch 150/650 - Loss: 1.311650 (Recon: 1.202061, Diff: 0.109588, KL: 0.000389)
2026-02-16 17:11:58,018 - INFO - Epoch 5/100 Batch 151/650 - Loss: 1.290273 (Recon: 1.202811, Diff: 0.087462, KL: 0.000253)
2026-02-16 17:11:59,089 - INFO - Epoch 5/100 Batch 152/650 - Loss: 1.262079 (Recon: 1.199816, Diff: 0.062264, KL: 0.000280)
2026-02-16 17:12:00,161 - INFO - Epoch 5/100 Batch 153/650 - Loss: 1.334530 (Recon: 1.192312, Diff: 0.142218, KL: 0.000303)
2026-02-16 17:12:01,247 - INFO - Epoch 5/100 Batch 154/650 - Loss: 1.262262 (Recon: 1.202314, Diff: 0.059946, KL: 0.000701)
2026-02-16 17:12:02,393 - INFO - Epoch 5/100 Batch 155/650 - Loss: 1.295443 (Recon: 1.197141, Diff: 0.098299, KL: 0.003519)
2026-02-16 17:12:03,467 - INFO - Epoch 5/100 Batch 156/650 - Loss: 1.335747 (Recon: 1.200034, Diff: 0.135711, KL: 0.001841)
2026-02-16 17:12:04,533 - INFO - Epoch 5/100 Batch 157/650 - Loss: 1.270949 (Recon: 1.204341, Diff: 0.066608, KL: 0.000685)
2026-02-16 17:12:05,652 - INFO - Epoch 5/100 Batch 158/650 - Loss: 1.318090 (Recon: 1.189932, Diff: 0.128158, KL: 0.000859)
2026-02-16 17:12:06,774 - INFO - Epoch 5/100 Batch 159/650 - Loss: 1.276747 (Recon: 1.196613, Diff: 0.080134, KL: 0.000219)
2026-02-16 17:12:07,873 - INFO - Epoch 5/100 Batch 160/650 - Loss: 1.263434 (Recon: 1.205712, Diff: 0.057721, KL: 0.001256)
2026-02-16 17:12:08,929 - INFO - Epoch 5/100 Batch 161/650 - Loss: 1.285419 (Recon: 1.201473, Diff: 0.083946, KL: 0.000418)
2026-02-16 17:12:09,985 - INFO - Epoch 5/100 Batch 162/650 - Loss: 1.304841 (Recon: 1.200267, Diff: 0.104573, KL: 0.001315)
2026-02-16 17:12:11,112 - INFO - Epoch 5/100 Batch 163/650 - Loss: 1.328695 (Recon: 1.195332, Diff: 0.133363, KL: 0.000368)
2026-02-16 17:12:12,160 - INFO - Epoch 5/100 Batch 164/650 - Loss: 1.345456 (Recon: 1.196688, Diff: 0.148766, KL: 0.001987)
2026-02-16 17:12:13,197 - INFO - Epoch 5/100 Batch 165/650 - Loss: 1.317865 (Recon: 1.198532, Diff: 0.119333, KL: 0.000288)
2026-02-16 17:12:14,202 - INFO - Epoch 5/100 Batch 166/650 - Loss: 1.334079 (Recon: 1.200562, Diff: 0.133516, KL: 0.001234)
2026-02-16 17:12:15,209 - INFO - Epoch 5/100 Batch 167/650 - Loss: 1.317867 (Recon: 1.194686, Diff: 0.123180, KL: 0.000368)
2026-02-16 17:12:16,240 - INFO - Epoch 5/100 Batch 168/650 - Loss: 1.299923 (Recon: 1.202879, Diff: 0.097044, KL: 0.000542)
2026-02-16 17:12:17,276 - INFO - Epoch 5/100 Batch 169/650 - Loss: 1.386474 (Recon: 1.192820, Diff: 0.193653, KL: 0.000265)
2026-02-16 17:12:18,323 - INFO - Epoch 5/100 Batch 170/650 - Loss: 1.339978 (Recon: 1.191011, Diff: 0.148965, KL: 0.002127)
2026-02-16 17:12:19,338 - INFO - Epoch 5/100 Batch 171/650 - Loss: 1.331615 (Recon: 1.201468, Diff: 0.130147, KL: 0.000352)
2026-02-16 17:12:20,369 - INFO - Epoch 5/100 Batch 172/650 - Loss: 1.309804 (Recon: 1.203790, Diff: 0.106013, KL: 0.000752)
2026-02-16 17:12:23,283 - INFO - Epoch 5/100 Batch 173/650 - Loss: 1.392431 (Recon: 1.199589, Diff: 0.192841, KL: 0.000456)
2026-02-16 17:12:24,620 - INFO - Epoch 5/100 Batch 174/650 - Loss: 1.286437 (Recon: 1.200056, Diff: 0.086379, KL: 0.000948)
2026-02-16 17:12:25,757 - INFO - Epoch 5/100 Batch 175/650 - Loss: 1.385726 (Recon: 1.202474, Diff: 0.183251, KL: 0.000620)
2026-02-16 17:12:26,943 - INFO - Epoch 5/100 Batch 176/650 - Loss: 1.277087 (Recon: 1.194327, Diff: 0.082759, KL: 0.000759)
2026-02-16 17:12:37,598 - INFO - Epoch 5/100 Batch 177/650 - Loss: 1.351219 (Recon: 1.198333, Diff: 0.152885, KL: 0.001057)
2026-02-16 17:12:44,249 - INFO - Epoch 5/100 Batch 178/650 - Loss: 1.304765 (Recon: 1.204073, Diff: 0.100692, KL: 0.000541)
2026-02-16 17:12:45,323 - INFO - Epoch 5/100 Batch 179/650 - Loss: 1.343958 (Recon: 1.200039, Diff: 0.143918, KL: 0.000716)
2026-02-16 17:12:46,463 - INFO - Epoch 5/100 Batch 180/650 - Loss: 1.283728 (Recon: 1.200074, Diff: 0.083653, KL: 0.000329)
2026-02-16 17:12:47,550 - INFO - Epoch 5/100 Batch 181/650 - Loss: 1.367278 (Recon: 1.202282, Diff: 0.164996, KL: 0.000702)
2026-02-16 17:12:48,709 - INFO - Epoch 5/100 Batch 182/650 - Loss: 1.376131 (Recon: 1.204237, Diff: 0.171894, KL: 0.000352)
2026-02-16 17:12:49,802 - INFO - Epoch 5/100 Batch 183/650 - Loss: 1.277696 (Recon: 1.200686, Diff: 0.077008, KL: 0.001175)
2026-02-16 17:12:50,890 - INFO - Epoch 5/100 Batch 184/650 - Loss: 1.329429 (Recon: 1.194621, Diff: 0.134807, KL: 0.000946)
2026-02-16 17:12:51,980 - INFO - Epoch 5/100 Batch 185/650 - Loss: 1.318794 (Recon: 1.199563, Diff: 0.119231, KL: 0.000359)
2026-02-16 17:13:00,672 - INFO - Epoch 5/100 Batch 186/650 - Loss: 1.271461 (Recon: 1.195861, Diff: 0.075600, KL: 0.000494)
2026-02-16 17:13:13,152 - INFO - Epoch 5/100 Batch 187/650 - Loss: 1.306216 (Recon: 1.201434, Diff: 0.104782, KL: 0.000325)
2026-02-16 17:13:14,158 - INFO - Epoch 5/100 Batch 188/650 - Loss: 1.271308 (Recon: 1.196073, Diff: 0.075234, KL: 0.001175)
2026-02-16 17:13:15,149 - INFO - Epoch 5/100 Batch 189/650 - Loss: 1.272540 (Recon: 1.200439, Diff: 0.072100, KL: 0.000463)
2026-02-16 17:13:16,113 - INFO - Epoch 5/100 Batch 190/650 - Loss: 1.297927 (Recon: 1.194189, Diff: 0.103737, KL: 0.000582)
2026-02-16 17:13:17,085 - INFO - Epoch 5/100 Batch 191/650 - Loss: 1.294077 (Recon: 1.204882, Diff: 0.089195, KL: 0.000354)
2026-02-16 17:13:18,089 - INFO - Epoch 5/100 Batch 192/650 - Loss: 1.340405 (Recon: 1.200760, Diff: 0.139645, KL: 0.000631)
2026-02-16 17:13:19,210 - INFO - Epoch 5/100 Batch 193/650 - Loss: 1.306576 (Recon: 1.198975, Diff: 0.107601, KL: 0.000337)
2026-02-16 17:13:20,248 - INFO - Epoch 5/100 Batch 194/650 - Loss: 1.333143 (Recon: 1.196574, Diff: 0.136568, KL: 0.000462)
2026-02-16 17:13:21,245 - INFO - Epoch 5/100 Batch 195/650 - Loss: 1.406597 (Recon: 1.198715, Diff: 0.207881, KL: 0.000660)
2026-02-16 17:13:27,127 - INFO - Epoch 5/100 Batch 196/650 - Loss: 1.449150 (Recon: 1.198011, Diff: 0.251138, KL: 0.001339)
2026-02-16 17:13:28,158 - INFO - Epoch 5/100 Batch 197/650 - Loss: 1.358625 (Recon: 1.191406, Diff: 0.167218, KL: 0.000406)
2026-02-16 17:13:29,275 - INFO - Epoch 5/100 Batch 198/650 - Loss: 1.283741 (Recon: 1.199786, Diff: 0.083954, KL: 0.001202)
2026-02-16 17:13:30,302 - INFO - Epoch 5/100 Batch 199/650 - Loss: 1.344251 (Recon: 1.193305, Diff: 0.150945, KL: 0.000439)
2026-02-16 17:13:31,347 - INFO - Epoch 5/100 Batch 200/650 - Loss: 1.355094 (Recon: 1.203181, Diff: 0.151912, KL: 0.001062)
2026-02-16 17:13:32,374 - INFO - Epoch 5/100 Batch 201/650 - Loss: 1.347773 (Recon: 1.193613, Diff: 0.154159, KL: 0.000780)
2026-02-16 17:13:33,418 - INFO - Epoch 5/100 Batch 202/650 - Loss: 1.342012 (Recon: 1.199289, Diff: 0.142723, KL: 0.000781)
2026-02-16 17:13:34,443 - INFO - Epoch 5/100 Batch 203/650 - Loss: 1.379242 (Recon: 1.197250, Diff: 0.181991, KL: 0.000624)
2026-02-16 17:13:35,547 - INFO - Epoch 5/100 Batch 204/650 - Loss: 1.271282 (Recon: 1.199834, Diff: 0.071447, KL: 0.000382)
2026-02-16 17:13:37,102 - INFO - Epoch 5/100 Batch 205/650 - Loss: 1.371168 (Recon: 1.197318, Diff: 0.173850, KL: 0.000326)
2026-02-16 17:13:38,141 - INFO - Epoch 5/100 Batch 206/650 - Loss: 1.264027 (Recon: 1.200638, Diff: 0.063388, KL: 0.000227)
2026-02-16 17:13:39,174 - INFO - Epoch 5/100 Batch 207/650 - Loss: 1.308863 (Recon: 1.202361, Diff: 0.106502, KL: 0.000215)
2026-02-16 17:13:40,286 - INFO - Epoch 5/100 Batch 208/650 - Loss: 1.310349 (Recon: 1.197543, Diff: 0.112806, KL: 0.000646)
2026-02-16 17:13:41,329 - INFO - Epoch 5/100 Batch 209/650 - Loss: 1.325902 (Recon: 1.199829, Diff: 0.126071, KL: 0.001166)
2026-02-16 17:13:42,392 - INFO - Epoch 5/100 Batch 210/650 - Loss: 1.274675 (Recon: 1.195593, Diff: 0.079081, KL: 0.000296)
2026-02-16 17:13:43,405 - INFO - Epoch 5/100 Batch 211/650 - Loss: 1.326956 (Recon: 1.200119, Diff: 0.126836, KL: 0.000895)
2026-02-16 17:13:46,387 - INFO - Epoch 5/100 Batch 212/650 - Loss: 1.382350 (Recon: 1.200015, Diff: 0.182334, KL: 0.000455)
2026-02-16 17:13:58,426 - INFO - Epoch 5/100 Batch 213/650 - Loss: 1.275435 (Recon: 1.198511, Diff: 0.076923, KL: 0.000792)
2026-02-16 17:13:59,453 - INFO - Epoch 5/100 Batch 214/650 - Loss: 1.358348 (Recon: 1.193317, Diff: 0.165030, KL: 0.000197)
2026-02-16 17:14:00,525 - INFO - Epoch 5/100 Batch 215/650 - Loss: 1.312132 (Recon: 1.199879, Diff: 0.112251, KL: 0.000719)
2026-02-16 17:14:01,675 - INFO - Epoch 5/100 Batch 216/650 - Loss: 1.298020 (Recon: 1.200078, Diff: 0.097942, KL: 0.000295)
2026-02-16 17:14:02,717 - INFO - Epoch 5/100 Batch 217/650 - Loss: 1.266657 (Recon: 1.200778, Diff: 0.065879, KL: 0.000650)
2026-02-16 17:14:03,779 - INFO - Epoch 5/100 Batch 218/650 - Loss: 1.268597 (Recon: 1.195615, Diff: 0.072982, KL: 0.000373)
2026-02-16 17:14:04,804 - INFO - Epoch 5/100 Batch 219/650 - Loss: 1.323628 (Recon: 1.200194, Diff: 0.123433, KL: 0.000696)
2026-02-16 17:14:05,949 - INFO - Epoch 5/100 Batch 220/650 - Loss: 1.320391 (Recon: 1.197797, Diff: 0.122594, KL: 0.000249)
2026-02-16 17:14:06,972 - INFO - Epoch 5/100 Batch 221/650 - Loss: 1.273015 (Recon: 1.200702, Diff: 0.072313, KL: 0.000696)
2026-02-16 17:14:08,037 - INFO - Epoch 5/100 Batch 222/650 - Loss: 1.291943 (Recon: 1.198929, Diff: 0.093014, KL: 0.000171)
2026-02-16 17:14:09,064 - INFO - Epoch 5/100 Batch 223/650 - Loss: 1.264679 (Recon: 1.200935, Diff: 0.063743, KL: 0.000743)
2026-02-16 17:14:10,147 - INFO - Epoch 5/100 Batch 224/650 - Loss: 1.333793 (Recon: 1.202442, Diff: 0.131351, KL: 0.000447)
2026-02-16 17:14:11,187 - INFO - Epoch 5/100 Batch 225/650 - Loss: 1.330676 (Recon: 1.197860, Diff: 0.132816, KL: 0.000368)
2026-02-16 17:14:12,246 - INFO - Epoch 5/100 Batch 226/650 - Loss: 1.325490 (Recon: 1.202046, Diff: 0.123443, KL: 0.000591)
2026-02-16 17:14:13,299 - INFO - Epoch 5/100 Batch 227/650 - Loss: 1.241173 (Recon: 1.203812, Diff: 0.037360, KL: 0.000569)
2026-02-16 17:14:14,456 - INFO - Epoch 5/100 Batch 228/650 - Loss: 1.315992 (Recon: 1.189356, Diff: 0.126636, KL: 0.000441)
2026-02-16 17:14:15,482 - INFO - Epoch 5/100 Batch 229/650 - Loss: 1.311739 (Recon: 1.198325, Diff: 0.113412, KL: 0.001840)
2026-02-16 17:14:16,455 - INFO - Epoch 5/100 Batch 230/650 - Loss: 1.349647 (Recon: 1.198192, Diff: 0.151454, KL: 0.000729)
2026-02-16 17:14:17,440 - INFO - Epoch 5/100 Batch 231/650 - Loss: 1.335853 (Recon: 1.194170, Diff: 0.141682, KL: 0.001669)
2026-02-16 17:14:18,458 - INFO - Epoch 5/100 Batch 232/650 - Loss: 1.315039 (Recon: 1.200956, Diff: 0.114083, KL: 0.000492)
2026-02-16 17:14:19,485 - INFO - Epoch 5/100 Batch 233/650 - Loss: 1.353434 (Recon: 1.197572, Diff: 0.155860, KL: 0.002001)
2026-02-16 17:14:20,505 - INFO - Epoch 5/100 Batch 234/650 - Loss: 1.296231 (Recon: 1.197367, Diff: 0.098863, KL: 0.000405)
2026-02-16 17:14:21,508 - INFO - Epoch 5/100 Batch 235/650 - Loss: 1.307074 (Recon: 1.196078, Diff: 0.110995, KL: 0.000789)
2026-02-16 17:14:22,529 - INFO - Epoch 5/100 Batch 236/650 - Loss: 1.341375 (Recon: 1.197863, Diff: 0.143512, KL: 0.000528)
2026-02-16 17:14:26,999 - INFO - Epoch 5/100 Batch 237/650 - Loss: 1.286261 (Recon: 1.199416, Diff: 0.086845, KL: 0.000322)
2026-02-16 17:14:28,069 - INFO - Epoch 5/100 Batch 238/650 - Loss: 1.295322 (Recon: 1.197422, Diff: 0.097900, KL: 0.000308)
2026-02-16 17:14:29,114 - INFO - Epoch 5/100 Batch 239/650 - Loss: 1.369119 (Recon: 1.195462, Diff: 0.173657, KL: 0.000175)
2026-02-16 17:14:30,213 - INFO - Epoch 5/100 Batch 240/650 - Loss: 1.307770 (Recon: 1.195184, Diff: 0.112585, KL: 0.000233)
2026-02-16 17:14:31,304 - INFO - Epoch 5/100 Batch 241/650 - Loss: 1.302070 (Recon: 1.198742, Diff: 0.103327, KL: 0.000541)
2026-02-16 17:14:32,362 - INFO - Epoch 5/100 Batch 242/650 - Loss: 1.293694 (Recon: 1.197053, Diff: 0.096638, KL: 0.002072)
2026-02-16 17:14:33,431 - INFO - Epoch 5/100 Batch 243/650 - Loss: 1.323025 (Recon: 1.198983, Diff: 0.124042, KL: 0.000440)
2026-02-16 17:14:34,565 - INFO - Epoch 5/100 Batch 244/650 - Loss: 1.374922 (Recon: 1.200292, Diff: 0.174629, KL: 0.000474)
2026-02-16 17:14:35,578 - INFO - Epoch 5/100 Batch 245/650 - Loss: 1.319017 (Recon: 1.197219, Diff: 0.121797, KL: 0.000898)
2026-02-16 17:14:36,696 - INFO - Epoch 5/100 Batch 246/650 - Loss: 1.340581 (Recon: 1.193429, Diff: 0.147153, KL: 0.000326)
2026-02-16 17:14:37,742 - INFO - Epoch 5/100 Batch 247/650 - Loss: 1.323355 (Recon: 1.198033, Diff: 0.125321, KL: 0.000747)
2026-02-16 17:14:38,844 - INFO - Epoch 5/100 Batch 248/650 - Loss: 1.299589 (Recon: 1.197491, Diff: 0.102097, KL: 0.000396)
2026-02-16 17:14:39,851 - INFO - Epoch 5/100 Batch 249/650 - Loss: 1.294368 (Recon: 1.200638, Diff: 0.093730, KL: 0.000556)
2026-02-16 17:14:40,920 - INFO - Epoch 5/100 Batch 250/650 - Loss: 1.270210 (Recon: 1.197042, Diff: 0.073165, KL: 0.002160)
2026-02-16 17:14:41,949 - INFO - Epoch 5/100 Batch 251/650 - Loss: 1.329399 (Recon: 1.194122, Diff: 0.135275, KL: 0.001688)
2026-02-16 17:14:43,009 - INFO - Epoch 5/100 Batch 252/650 - Loss: 1.326005 (Recon: 1.198922, Diff: 0.127083, KL: 0.000146)
2026-02-16 17:14:44,065 - INFO - Epoch 5/100 Batch 253/650 - Loss: 1.288529 (Recon: 1.190193, Diff: 0.098335, KL: 0.001232)
2026-02-16 17:14:45,123 - INFO - Epoch 5/100 Batch 254/650 - Loss: 1.281457 (Recon: 1.195127, Diff: 0.086330, KL: 0.000151)
2026-02-16 17:14:46,152 - INFO - Epoch 5/100 Batch 255/650 - Loss: 1.269132 (Recon: 1.199882, Diff: 0.069249, KL: 0.000967)
2026-02-16 17:14:47,300 - INFO - Epoch 5/100 Batch 256/650 - Loss: 1.310753 (Recon: 1.197058, Diff: 0.113695, KL: 0.000109)
2026-02-16 17:14:48,334 - INFO - Epoch 5/100 Batch 257/650 - Loss: 1.236452 (Recon: 1.199699, Diff: 0.036752, KL: 0.000827)
2026-02-16 17:14:49,450 - INFO - Epoch 5/100 Batch 258/650 - Loss: 1.338324 (Recon: 1.200391, Diff: 0.137932, KL: 0.000245)
2026-02-16 17:14:50,502 - INFO - Epoch 5/100 Batch 259/650 - Loss: 1.290842 (Recon: 1.195579, Diff: 0.095261, KL: 0.001352)
2026-02-16 17:14:51,630 - INFO - Epoch 5/100 Batch 260/650 - Loss: 1.341658 (Recon: 1.196541, Diff: 0.145117, KL: 0.000312)
2026-02-16 17:14:52,642 - INFO - Epoch 5/100 Batch 261/650 - Loss: 1.283367 (Recon: 1.197281, Diff: 0.086085, KL: 0.000747)
2026-02-16 17:14:53,706 - INFO - Epoch 5/100 Batch 262/650 - Loss: 1.387056 (Recon: 1.198412, Diff: 0.188644, KL: 0.000343)
2026-02-16 17:14:54,737 - INFO - Epoch 5/100 Batch 263/650 - Loss: 1.319967 (Recon: 1.195433, Diff: 0.124533, KL: 0.001113)
2026-02-16 17:14:55,764 - INFO - Epoch 5/100 Batch 264/650 - Loss: 1.293236 (Recon: 1.191511, Diff: 0.101724, KL: 0.000590)
2026-02-16 17:14:56,768 - INFO - Epoch 5/100 Batch 265/650 - Loss: 1.290063 (Recon: 1.194639, Diff: 0.095423, KL: 0.000730)
2026-02-16 17:14:59,887 - INFO - Epoch 5/100 Batch 266/650 - Loss: 1.330256 (Recon: 1.197890, Diff: 0.132366, KL: 0.000401)
2026-02-16 17:15:00,914 - INFO - Epoch 5/100 Batch 267/650 - Loss: 1.363686 (Recon: 1.193682, Diff: 0.170003, KL: 0.000935)
2026-02-16 17:15:10,213 - INFO - Epoch 5/100 Batch 268/650 - Loss: 1.263689 (Recon: 1.197793, Diff: 0.065895, KL: 0.001088)
2026-02-16 17:15:11,209 - INFO - Epoch 5/100 Batch 269/650 - Loss: 1.325318 (Recon: 1.198357, Diff: 0.126957, KL: 0.004757)
2026-02-16 17:15:12,257 - INFO - Epoch 5/100 Batch 270/650 - Loss: 1.275323 (Recon: 1.199290, Diff: 0.076030, KL: 0.002444)
2026-02-16 17:15:13,285 - INFO - Epoch 5/100 Batch 271/650 - Loss: 1.352659 (Recon: 1.196592, Diff: 0.156066, KL: 0.000456)
2026-02-16 17:15:14,364 - INFO - Epoch 5/100 Batch 272/650 - Loss: 1.343149 (Recon: 1.193206, Diff: 0.149941, KL: 0.001851)
2026-02-16 17:15:15,351 - INFO - Epoch 5/100 Batch 273/650 - Loss: 1.315296 (Recon: 1.196942, Diff: 0.118353, KL: 0.000560)
2026-02-16 17:15:16,554 - INFO - Epoch 5/100 Batch 274/650 - Loss: 1.327900 (Recon: 1.199375, Diff: 0.128524, KL: 0.002016)
2026-02-16 17:15:17,540 - INFO - Epoch 5/100 Batch 275/650 - Loss: 1.295089 (Recon: 1.198231, Diff: 0.096858, KL: 0.000381)
2026-02-16 17:15:18,499 - INFO - Epoch 5/100 Batch 276/650 - Loss: 1.434226 (Recon: 1.192167, Diff: 0.242057, KL: 0.001994)
2026-02-16 17:15:19,472 - INFO - Epoch 5/100 Batch 277/650 - Loss: 1.305761 (Recon: 1.198292, Diff: 0.107469, KL: 0.000230)
2026-02-16 17:15:20,882 - INFO - Epoch 5/100 Batch 278/650 - Loss: 1.258038 (Recon: 1.198516, Diff: 0.059521, KL: 0.001529)
2026-02-16 17:15:21,892 - INFO - Epoch 5/100 Batch 279/650 - Loss: 1.279689 (Recon: 1.191642, Diff: 0.088047, KL: 0.000521)
2026-02-16 17:15:22,943 - INFO - Epoch 5/100 Batch 280/650 - Loss: 1.349931 (Recon: 1.198844, Diff: 0.151085, KL: 0.002444)
2026-02-16 17:15:23,974 - INFO - Epoch 5/100 Batch 281/650 - Loss: 1.326870 (Recon: 1.194566, Diff: 0.132303, KL: 0.000239)
2026-02-16 17:15:25,014 - INFO - Epoch 5/100 Batch 282/650 - Loss: 1.299170 (Recon: 1.193733, Diff: 0.105434, KL: 0.002104)
2026-02-16 17:15:27,383 - INFO - Epoch 5/100 Batch 283/650 - Loss: 1.263068 (Recon: 1.197879, Diff: 0.065188, KL: 0.000254)
2026-02-16 17:15:28,466 - INFO - Epoch 5/100 Batch 284/650 - Loss: 1.273894 (Recon: 1.193574, Diff: 0.080319, KL: 0.000935)
2026-02-16 17:15:29,541 - INFO - Epoch 5/100 Batch 285/650 - Loss: 1.278800 (Recon: 1.199305, Diff: 0.079495, KL: 0.000188)
2026-02-16 17:15:31,972 - INFO - Epoch 5/100 Batch 286/650 - Loss: 1.281165 (Recon: 1.199065, Diff: 0.082099, KL: 0.000766)
2026-02-16 17:15:33,031 - INFO - Epoch 5/100 Batch 287/650 - Loss: 1.312377 (Recon: 1.197338, Diff: 0.115038, KL: 0.000159)
2026-02-16 17:16:01,360 - INFO - Epoch 5/100 Batch 288/650 - Loss: 1.299451 (Recon: 1.193892, Diff: 0.105558, KL: 0.000623)
2026-02-16 17:16:21,848 - INFO - Epoch 5/100 Batch 289/650 - Loss: 1.311113 (Recon: 1.191813, Diff: 0.119300, KL: 0.000157)
2026-02-16 17:16:22,842 - INFO - Epoch 5/100 Batch 290/650 - Loss: 1.330267 (Recon: 1.188201, Diff: 0.142065, KL: 0.000518)
2026-02-16 17:16:23,858 - INFO - Epoch 5/100 Batch 291/650 - Loss: 1.288384 (Recon: 1.195795, Diff: 0.092589, KL: 0.000341)
2026-02-16 17:16:24,877 - INFO - Epoch 5/100 Batch 292/650 - Loss: 1.345310 (Recon: 1.194168, Diff: 0.151141, KL: 0.000348)
2026-02-16 17:16:25,907 - INFO - Epoch 5/100 Batch 293/650 - Loss: 1.369545 (Recon: 1.198399, Diff: 0.171146, KL: 0.000321)
2026-02-16 17:16:26,938 - INFO - Epoch 5/100 Batch 294/650 - Loss: 1.253029 (Recon: 1.194587, Diff: 0.058441, KL: 0.000819)
2026-02-16 17:16:28,053 - INFO - Epoch 5/100 Batch 295/650 - Loss: 1.411627 (Recon: 1.198556, Diff: 0.213071, KL: 0.000458)
2026-02-16 17:16:29,151 - INFO - Epoch 5/100 Batch 296/650 - Loss: 1.328388 (Recon: 1.196252, Diff: 0.132135, KL: 0.000490)
2026-02-16 17:16:30,191 - INFO - Epoch 5/100 Batch 297/650 - Loss: 1.278266 (Recon: 1.193131, Diff: 0.085134, KL: 0.000527)
2026-02-16 17:16:34,119 - INFO - Epoch 5/100 Batch 298/650 - Loss: 1.315119 (Recon: 1.192014, Diff: 0.123104, KL: 0.000365)
2026-02-16 17:16:35,177 - INFO - Epoch 5/100 Batch 299/650 - Loss: 1.301832 (Recon: 1.199303, Diff: 0.102529, KL: 0.000732)
2026-02-16 17:16:36,218 - INFO - Epoch 5/100 Batch 300/650 - Loss: 1.338092 (Recon: 1.194941, Diff: 0.143151, KL: 0.000191)
2026-02-16 17:16:37,259 - INFO - Epoch 5/100 Batch 301/650 - Loss: 1.264066 (Recon: 1.192350, Diff: 0.071715, KL: 0.000647)
2026-02-16 17:16:38,408 - INFO - Epoch 5/100 Batch 302/650 - Loss: 1.272768 (Recon: 1.193594, Diff: 0.079173, KL: 0.000423)
2026-02-16 17:16:39,451 - INFO - Epoch 5/100 Batch 303/650 - Loss: 1.388913 (Recon: 1.196115, Diff: 0.192797, KL: 0.000760)
2026-02-16 17:16:40,504 - INFO - Epoch 5/100 Batch 304/650 - Loss: 1.293595 (Recon: 1.194839, Diff: 0.098756, KL: 0.000296)
2026-02-16 17:16:41,550 - INFO - Epoch 5/100 Batch 305/650 - Loss: 1.279491 (Recon: 1.195851, Diff: 0.083640, KL: 0.000285)
2026-02-16 17:16:42,663 - INFO - Epoch 5/100 Batch 306/650 - Loss: 1.367979 (Recon: 1.193475, Diff: 0.174504, KL: 0.000086)
2026-02-16 17:16:43,726 - INFO - Epoch 5/100 Batch 307/650 - Loss: 1.274281 (Recon: 1.199233, Diff: 0.075047, KL: 0.000446)
2026-02-16 17:16:44,774 - INFO - Epoch 5/100 Batch 308/650 - Loss: 1.262164 (Recon: 1.195702, Diff: 0.066461, KL: 0.000313)
2026-02-16 17:16:45,864 - INFO - Epoch 5/100 Batch 309/650 - Loss: 1.318069 (Recon: 1.194207, Diff: 0.123861, KL: 0.000930)
2026-02-16 17:16:46,957 - INFO - Epoch 5/100 Batch 310/650 - Loss: 1.334427 (Recon: 1.190943, Diff: 0.143483, KL: 0.000993)
2026-02-16 17:16:47,995 - INFO - Epoch 5/100 Batch 311/650 - Loss: 1.292738 (Recon: 1.191495, Diff: 0.101243, KL: 0.000104)
2026-02-16 17:16:49,059 - INFO - Epoch 5/100 Batch 312/650 - Loss: 1.285100 (Recon: 1.196346, Diff: 0.088753, KL: 0.000697)
2026-02-16 17:16:50,518 - INFO - Epoch 5/100 Batch 313/650 - Loss: 1.348127 (Recon: 1.193528, Diff: 0.154599, KL: 0.000130)
2026-02-16 17:16:51,619 - INFO - Epoch 5/100 Batch 314/650 - Loss: 1.300789 (Recon: 1.195670, Diff: 0.105118, KL: 0.000971)
2026-02-16 17:16:52,668 - INFO - Epoch 5/100 Batch 315/650 - Loss: 1.346442 (Recon: 1.193757, Diff: 0.152684, KL: 0.000613)
2026-02-16 17:16:53,705 - INFO - Epoch 5/100 Batch 316/650 - Loss: 1.268846 (Recon: 1.187695, Diff: 0.081151, KL: 0.000432)
2026-02-16 17:16:54,992 - INFO - Epoch 5/100 Batch 317/650 - Loss: 1.305496 (Recon: 1.196712, Diff: 0.108784, KL: 0.000330)
2026-02-16 17:16:56,145 - INFO - Epoch 5/100 Batch 318/650 - Loss: 1.317688 (Recon: 1.196807, Diff: 0.120880, KL: 0.000328)
2026-02-16 17:16:57,208 - INFO - Epoch 5/100 Batch 319/650 - Loss: 1.278828 (Recon: 1.198446, Diff: 0.080382, KL: 0.000213)
2026-02-16 17:16:58,280 - INFO - Epoch 5/100 Batch 320/650 - Loss: 1.233279 (Recon: 1.190176, Diff: 0.043102, KL: 0.000199)
2026-02-16 17:16:59,344 - INFO - Epoch 5/100 Batch 321/650 - Loss: 1.326541 (Recon: 1.189269, Diff: 0.137272, KL: 0.000183)
2026-02-16 17:17:00,415 - INFO - Epoch 5/100 Batch 322/650 - Loss: 1.280522 (Recon: 1.196549, Diff: 0.083973, KL: 0.000141)
2026-02-16 17:17:11,067 - INFO - Epoch 5/100 Batch 323/650 - Loss: 1.363573 (Recon: 1.187782, Diff: 0.175790, KL: 0.000452)
2026-02-16 17:17:12,130 - INFO - Epoch 5/100 Batch 324/650 - Loss: 1.289477 (Recon: 1.193688, Diff: 0.095788, KL: 0.000360)
2026-02-16 17:17:13,218 - INFO - Epoch 5/100 Batch 325/650 - Loss: 1.280227 (Recon: 1.194278, Diff: 0.085949, KL: 0.000178)
2026-02-16 17:17:14,677 - INFO - Epoch 5/100 Batch 326/650 - Loss: 1.372975 (Recon: 1.194318, Diff: 0.178652, KL: 0.004015)
2026-02-16 17:17:15,754 - INFO - Epoch 5/100 Batch 327/650 - Loss: 1.300737 (Recon: 1.190562, Diff: 0.110175, KL: 0.000453)
2026-02-16 17:17:16,800 - INFO - Epoch 5/100 Batch 328/650 - Loss: 1.269089 (Recon: 1.196151, Diff: 0.072938, KL: 0.000293)
2026-02-16 17:17:17,849 - INFO - Epoch 5/100 Batch 329/650 - Loss: 1.295559 (Recon: 1.188843, Diff: 0.106715, KL: 0.000422)
2026-02-16 17:17:18,942 - INFO - Epoch 5/100 Batch 330/650 - Loss: 1.273902 (Recon: 1.194938, Diff: 0.078964, KL: 0.000265)
2026-02-16 17:17:19,986 - INFO - Epoch 5/100 Batch 331/650 - Loss: 1.257403 (Recon: 1.198915, Diff: 0.058488, KL: 0.000151)
2026-02-16 17:17:20,995 - INFO - Epoch 5/100 Batch 332/650 - Loss: 1.257054 (Recon: 1.186978, Diff: 0.070076, KL: 0.000394)
2026-02-16 17:17:21,999 - INFO - Epoch 5/100 Batch 333/650 - Loss: 1.299181 (Recon: 1.190683, Diff: 0.108497, KL: 0.000346)
2026-02-16 17:17:23,018 - INFO - Epoch 5/100 Batch 334/650 - Loss: 1.418238 (Recon: 1.192854, Diff: 0.225384, KL: 0.000512)
2026-02-16 17:17:24,099 - INFO - Epoch 5/100 Batch 335/650 - Loss: 1.274210 (Recon: 1.181233, Diff: 0.092977, KL: 0.000539)
2026-02-16 17:17:25,130 - INFO - Epoch 5/100 Batch 336/650 - Loss: 1.308949 (Recon: 1.194872, Diff: 0.114076, KL: 0.000253)
2026-02-16 17:17:26,136 - INFO - Epoch 5/100 Batch 337/650 - Loss: 1.309730 (Recon: 1.193122, Diff: 0.116608, KL: 0.000635)
2026-02-16 17:17:27,143 - INFO - Epoch 5/100 Batch 338/650 - Loss: 1.329582 (Recon: 1.192145, Diff: 0.137437, KL: 0.000631)
2026-02-16 17:17:28,769 - INFO - Epoch 5/100 Batch 339/650 - Loss: 1.386810 (Recon: 1.198957, Diff: 0.187852, KL: 0.000240)
2026-02-16 17:17:30,506 - INFO - Epoch 5/100 Batch 340/650 - Loss: 1.287598 (Recon: 1.195241, Diff: 0.092356, KL: 0.000225)
2026-02-16 17:17:31,564 - INFO - Epoch 5/100 Batch 341/650 - Loss: 1.304907 (Recon: 1.192753, Diff: 0.112154, KL: 0.000214)
2026-02-16 17:17:40,058 - INFO - Epoch 5/100 Batch 342/650 - Loss: 1.277245 (Recon: 1.194701, Diff: 0.082544, KL: 0.000275)
2026-02-16 17:17:41,334 - INFO - Epoch 5/100 Batch 343/650 - Loss: 1.391210 (Recon: 1.189380, Diff: 0.201830, KL: 0.000191)
2026-02-16 17:17:43,486 - INFO - Epoch 5/100 Batch 344/650 - Loss: 1.292355 (Recon: 1.181787, Diff: 0.110568, KL: 0.000580)
2026-02-16 17:17:44,539 - INFO - Epoch 5/100 Batch 345/650 - Loss: 1.366099 (Recon: 1.187545, Diff: 0.178552, KL: 0.001394)
2026-02-16 17:17:45,638 - INFO - Epoch 5/100 Batch 346/650 - Loss: 1.330234 (Recon: 1.197268, Diff: 0.132966, KL: 0.000190)
2026-02-16 17:17:46,677 - INFO - Epoch 5/100 Batch 347/650 - Loss: 1.261180 (Recon: 1.191365, Diff: 0.069813, KL: 0.001993)
2026-02-16 17:17:47,734 - INFO - Epoch 5/100 Batch 348/650 - Loss: 1.325992 (Recon: 1.194713, Diff: 0.131279, KL: 0.000577)
2026-02-16 17:17:48,793 - INFO - Epoch 5/100 Batch 349/650 - Loss: 1.305241 (Recon: 1.192160, Diff: 0.113079, KL: 0.001901)
2026-02-16 17:17:49,968 - INFO - Epoch 5/100 Batch 350/650 - Loss: 1.292581 (Recon: 1.193510, Diff: 0.099071, KL: 0.000723)
2026-02-16 17:17:50,995 - INFO - Epoch 5/100 Batch 351/650 - Loss: 1.371593 (Recon: 1.194602, Diff: 0.176989, KL: 0.001275)
2026-02-16 17:17:52,015 - INFO - Epoch 5/100 Batch 352/650 - Loss: 1.301470 (Recon: 1.195208, Diff: 0.106261, KL: 0.000484)
2026-02-16 17:17:55,542 - INFO - Epoch 5/100 Batch 353/650 - Loss: 1.333328 (Recon: 1.193820, Diff: 0.139507, KL: 0.001426)
2026-02-16 17:17:56,604 - INFO - Epoch 5/100 Batch 354/650 - Loss: 1.278054 (Recon: 1.197321, Diff: 0.080733, KL: 0.000486)
2026-02-16 17:17:57,678 - INFO - Epoch 5/100 Batch 355/650 - Loss: 1.332644 (Recon: 1.177564, Diff: 0.155078, KL: 0.001584)
2026-02-16 17:17:58,762 - INFO - Epoch 5/100 Batch 356/650 - Loss: 1.306344 (Recon: 1.192298, Diff: 0.114046, KL: 0.000659)
2026-02-16 17:17:59,820 - INFO - Epoch 5/100 Batch 357/650 - Loss: 1.268075 (Recon: 1.191013, Diff: 0.077060, KL: 0.001125)
2026-02-16 17:18:01,001 - INFO - Epoch 5/100 Batch 358/650 - Loss: 1.387990 (Recon: 1.188740, Diff: 0.199249, KL: 0.000720)
2026-02-16 17:18:02,059 - INFO - Epoch 5/100 Batch 359/650 - Loss: 1.288421 (Recon: 1.193894, Diff: 0.094526, KL: 0.000715)
2026-02-16 17:18:03,122 - INFO - Epoch 5/100 Batch 360/650 - Loss: 1.333823 (Recon: 1.182650, Diff: 0.151171, KL: 0.000806)
2026-02-16 17:18:04,199 - INFO - Epoch 5/100 Batch 361/650 - Loss: 1.280064 (Recon: 1.192478, Diff: 0.087584, KL: 0.001301)
2026-02-16 17:18:05,301 - INFO - Epoch 5/100 Batch 362/650 - Loss: 1.265994 (Recon: 1.179829, Diff: 0.086163, KL: 0.001881)
2026-02-16 17:18:06,347 - INFO - Epoch 5/100 Batch 363/650 - Loss: 1.292516 (Recon: 1.189063, Diff: 0.103453, KL: 0.000158)
2026-02-16 17:18:07,380 - INFO - Epoch 5/100 Batch 364/650 - Loss: 1.292917 (Recon: 1.189896, Diff: 0.103021, KL: 0.000919)
2026-02-16 17:18:08,417 - INFO - Epoch 5/100 Batch 365/650 - Loss: 1.252286 (Recon: 1.192648, Diff: 0.059637, KL: 0.000437)
2026-02-16 17:18:09,502 - INFO - Epoch 5/100 Batch 366/650 - Loss: 1.360208 (Recon: 1.190235, Diff: 0.169972, KL: 0.000503)
2026-02-16 17:18:10,555 - INFO - Epoch 5/100 Batch 367/650 - Loss: 1.391693 (Recon: 1.179717, Diff: 0.211975, KL: 0.001048)
2026-02-16 17:18:11,610 - INFO - Epoch 5/100 Batch 368/650 - Loss: 1.227962 (Recon: 1.194116, Diff: 0.033845, KL: 0.001181)
2026-02-16 17:18:12,662 - INFO - Epoch 5/100 Batch 369/650 - Loss: 1.269494 (Recon: 1.187009, Diff: 0.082485, KL: 0.000797)
2026-02-16 17:18:13,801 - INFO - Epoch 5/100 Batch 370/650 - Loss: 1.364716 (Recon: 1.193507, Diff: 0.171207, KL: 0.001755)
2026-02-16 17:18:14,836 - INFO - Epoch 5/100 Batch 371/650 - Loss: 1.356535 (Recon: 1.184690, Diff: 0.171844, KL: 0.000640)
2026-02-16 17:18:15,909 - INFO - Epoch 5/100 Batch 372/650 - Loss: 1.277893 (Recon: 1.194760, Diff: 0.083132, KL: 0.001468)
2026-02-16 17:18:17,001 - INFO - Epoch 5/100 Batch 373/650 - Loss: 1.285544 (Recon: 1.192525, Diff: 0.093015, KL: 0.003015)
2026-02-16 17:18:22,823 - INFO - Epoch 5/100 Batch 374/650 - Loss: 1.282532 (Recon: 1.191469, Diff: 0.091059, KL: 0.004003)
2026-02-16 17:18:23,878 - INFO - Epoch 5/100 Batch 375/650 - Loss: 1.323195 (Recon: 1.193227, Diff: 0.129968, KL: 0.000234)
2026-02-16 17:18:25,107 - INFO - Epoch 5/100 Batch 376/650 - Loss: 1.322702 (Recon: 1.190884, Diff: 0.131813, KL: 0.004680)
2026-02-16 17:18:26,165 - INFO - Epoch 5/100 Batch 377/650 - Loss: 1.294491 (Recon: 1.194550, Diff: 0.099941, KL: 0.000283)
2026-02-16 17:18:27,283 - INFO - Epoch 5/100 Batch 378/650 - Loss: 1.293314 (Recon: 1.194145, Diff: 0.099166, KL: 0.003688)
2026-02-16 17:18:28,346 - INFO - Epoch 5/100 Batch 379/650 - Loss: 1.278701 (Recon: 1.189804, Diff: 0.088896, KL: 0.000581)
2026-02-16 17:18:29,742 - INFO - Epoch 5/100 Batch 380/650 - Loss: 1.295650 (Recon: 1.182372, Diff: 0.113276, KL: 0.001766)
2026-02-16 17:18:30,797 - INFO - Epoch 5/100 Batch 381/650 - Loss: 1.288779 (Recon: 1.193471, Diff: 0.095308, KL: 0.000257)
2026-02-16 17:18:31,933 - INFO - Epoch 5/100 Batch 382/650 - Loss: 1.330723 (Recon: 1.184806, Diff: 0.145913, KL: 0.003931)
2026-02-16 17:18:33,023 - INFO - Epoch 5/100 Batch 383/650 - Loss: 1.275565 (Recon: 1.194242, Diff: 0.081321, KL: 0.001248)
2026-02-16 17:18:34,106 - INFO - Epoch 5/100 Batch 384/650 - Loss: 1.322459 (Recon: 1.184608, Diff: 0.137849, KL: 0.002213)
2026-02-16 17:18:35,146 - INFO - Epoch 5/100 Batch 385/650 - Loss: 1.352691 (Recon: 1.185540, Diff: 0.167151, KL: 0.001009)
2026-02-16 17:18:36,273 - INFO - Epoch 5/100 Batch 386/650 - Loss: 1.283634 (Recon: 1.193131, Diff: 0.090502, KL: 0.001586)
2026-02-16 17:18:37,498 - INFO - Epoch 5/100 Batch 387/650 - Loss: 1.251449 (Recon: 1.192894, Diff: 0.058553, KL: 0.001043)
2026-02-16 17:18:38,616 - INFO - Epoch 5/100 Batch 388/650 - Loss: 1.265792 (Recon: 1.186024, Diff: 0.079767, KL: 0.001605)
2026-02-16 17:18:39,666 - INFO - Epoch 5/100 Batch 389/650 - Loss: 1.291908 (Recon: 1.188500, Diff: 0.103407, KL: 0.001114)
2026-02-16 17:18:53,597 - INFO - Epoch 5/100 Batch 390/650 - Loss: 1.289946 (Recon: 1.185488, Diff: 0.104457, KL: 0.000893)
2026-02-16 17:18:54,639 - INFO - Epoch 5/100 Batch 391/650 - Loss: 1.283134 (Recon: 1.188007, Diff: 0.095126, KL: 0.001254)
2026-02-16 17:18:55,703 - INFO - Epoch 5/100 Batch 392/650 - Loss: 1.415129 (Recon: 1.189834, Diff: 0.225292, KL: 0.003449)
2026-02-16 17:18:56,777 - INFO - Epoch 5/100 Batch 393/650 - Loss: 1.284031 (Recon: 1.191668, Diff: 0.092360, KL: 0.002287)
2026-02-16 17:18:57,876 - INFO - Epoch 5/100 Batch 394/650 - Loss: 1.286355 (Recon: 1.189896, Diff: 0.096457, KL: 0.001511)
2026-02-16 17:18:58,916 - INFO - Epoch 5/100 Batch 395/650 - Loss: 1.277939 (Recon: 1.196146, Diff: 0.081790, KL: 0.003724)
2026-02-16 17:19:01,076 - INFO - Epoch 5/100 Batch 396/650 - Loss: 1.305629 (Recon: 1.186242, Diff: 0.119386, KL: 0.000429)
2026-02-16 17:19:02,091 - INFO - Epoch 5/100 Batch 397/650 - Loss: 1.299034 (Recon: 1.193047, Diff: 0.105985, KL: 0.002065)
2026-02-16 17:19:03,172 - INFO - Epoch 5/100 Batch 398/650 - Loss: 1.313810 (Recon: 1.191078, Diff: 0.122732, KL: 0.000377)
2026-02-16 17:19:04,248 - INFO - Epoch 5/100 Batch 399/650 - Loss: 1.273852 (Recon: 1.192864, Diff: 0.080987, KL: 0.001247)
2026-02-16 17:19:05,842 - INFO - Epoch 5/100 Batch 400/650 - Loss: 1.307557 (Recon: 1.189436, Diff: 0.118120, KL: 0.000672)
2026-02-16 17:19:06,878 - INFO - Epoch 5/100 Batch 401/650 - Loss: 1.333614 (Recon: 1.190117, Diff: 0.143496, KL: 0.001626)
2026-02-16 17:19:07,988 - INFO - Epoch 5/100 Batch 402/650 - Loss: 1.356243 (Recon: 1.188791, Diff: 0.167449, KL: 0.002710)
2026-02-16 17:19:09,070 - INFO - Epoch 5/100 Batch 403/650 - Loss: 1.294554 (Recon: 1.193796, Diff: 0.100757, KL: 0.000537)
2026-02-16 17:19:13,378 - INFO - Epoch 5/100 Batch 404/650 - Loss: 1.248980 (Recon: 1.184923, Diff: 0.064057, KL: 0.000514)
2026-02-16 17:19:14,437 - INFO - Epoch 5/100 Batch 405/650 - Loss: 1.316530 (Recon: 1.190854, Diff: 0.125676, KL: 0.000160)
2026-02-16 17:19:15,550 - INFO - Epoch 5/100 Batch 406/650 - Loss: 1.286920 (Recon: 1.183060, Diff: 0.103860, KL: 0.000579)
2026-02-16 17:19:16,884 - INFO - Epoch 5/100 Batch 407/650 - Loss: 1.344261 (Recon: 1.191032, Diff: 0.153229, KL: 0.000292)
2026-02-16 17:19:22,371 - INFO - Epoch 5/100 Batch 408/650 - Loss: 1.282373 (Recon: 1.188398, Diff: 0.093974, KL: 0.000300)
2026-02-16 17:19:23,375 - INFO - Epoch 5/100 Batch 409/650 - Loss: 1.354799 (Recon: 1.178973, Diff: 0.175824, KL: 0.001038)
2026-02-16 17:19:26,409 - INFO - Epoch 5/100 Batch 410/650 - Loss: 1.317115 (Recon: 1.191165, Diff: 0.125949, KL: 0.000221)
2026-02-16 17:19:28,784 - INFO - Epoch 5/100 Batch 411/650 - Loss: 1.361048 (Recon: 1.183179, Diff: 0.177868, KL: 0.000413)
2026-02-16 17:19:30,584 - INFO - Epoch 5/100 Batch 412/650 - Loss: 1.283233 (Recon: 1.193919, Diff: 0.089314, KL: 0.000393)
2026-02-16 17:19:32,528 - INFO - Epoch 5/100 Batch 413/650 - Loss: 1.290657 (Recon: 1.192372, Diff: 0.098285, KL: 0.000590)
2026-02-16 17:19:37,185 - INFO - Epoch 5/100 Batch 414/650 - Loss: 1.256571 (Recon: 1.189813, Diff: 0.066758, KL: 0.000341)
2026-02-16 17:19:49,504 - INFO - Epoch 5/100 Batch 415/650 - Loss: 1.249330 (Recon: 1.189690, Diff: 0.059640, KL: 0.000378)
2026-02-16 17:19:51,232 - INFO - Epoch 5/100 Batch 416/650 - Loss: 1.285194 (Recon: 1.183035, Diff: 0.102158, KL: 0.000381)
2026-02-16 17:20:03,984 - INFO - Epoch 5/100 Batch 417/650 - Loss: 1.247354 (Recon: 1.188899, Diff: 0.058454, KL: 0.000428)
2026-02-16 17:20:05,087 - INFO - Epoch 5/100 Batch 418/650 - Loss: 1.305731 (Recon: 1.191326, Diff: 0.114405, KL: 0.000199)
2026-02-16 17:20:15,818 - INFO - Epoch 5/100 Batch 419/650 - Loss: 1.278703 (Recon: 1.189365, Diff: 0.089338, KL: 0.000391)
2026-02-16 17:20:24,986 - INFO - Epoch 5/100 Batch 420/650 - Loss: 1.322164 (Recon: 1.186106, Diff: 0.136058, KL: 0.000260)
2026-02-16 17:20:25,965 - INFO - Epoch 5/100 Batch 421/650 - Loss: 1.335781 (Recon: 1.189437, Diff: 0.146344, KL: 0.000204)
2026-02-16 17:20:27,366 - INFO - Epoch 5/100 Batch 422/650 - Loss: 1.276814 (Recon: 1.179545, Diff: 0.097268, KL: 0.000360)
2026-02-16 17:20:28,440 - INFO - Epoch 5/100 Batch 423/650 - Loss: 1.289644 (Recon: 1.194702, Diff: 0.094942, KL: 0.000193)
2026-02-16 17:20:29,497 - INFO - Epoch 5/100 Batch 424/650 - Loss: 1.293893 (Recon: 1.185430, Diff: 0.108463, KL: 0.000183)
2026-02-16 17:20:31,085 - INFO - Epoch 5/100 Batch 425/650 - Loss: 1.385303 (Recon: 1.194736, Diff: 0.190566, KL: 0.000343)
2026-02-16 17:20:32,566 - INFO - Epoch 5/100 Batch 426/650 - Loss: 1.354011 (Recon: 1.179443, Diff: 0.174568, KL: 0.000363)
2026-02-16 17:20:41,445 - INFO - Epoch 5/100 Batch 427/650 - Loss: 1.405375 (Recon: 1.194413, Diff: 0.210962, KL: 0.000361)
2026-02-16 17:20:42,728 - INFO - Epoch 5/100 Batch 428/650 - Loss: 1.323913 (Recon: 1.187958, Diff: 0.135955, KL: 0.000345)
2026-02-16 17:20:47,052 - INFO - Epoch 5/100 Batch 429/650 - Loss: 1.259755 (Recon: 1.188465, Diff: 0.071290, KL: 0.000144)
2026-02-16 17:20:48,207 - INFO - Epoch 5/100 Batch 430/650 - Loss: 1.282257 (Recon: 1.185720, Diff: 0.096536, KL: 0.000291)
2026-02-16 17:20:49,297 - INFO - Epoch 5/100 Batch 431/650 - Loss: 1.265613 (Recon: 1.187939, Diff: 0.077674, KL: 0.000363)
2026-02-16 17:20:54,279 - INFO - Epoch 5/100 Batch 432/650 - Loss: 1.271666 (Recon: 1.185524, Diff: 0.086141, KL: 0.000278)
2026-02-16 17:21:01,533 - INFO - Epoch 5/100 Batch 433/650 - Loss: 1.287986 (Recon: 1.187850, Diff: 0.100135, KL: 0.000871)
2026-02-16 17:21:02,855 - INFO - Epoch 5/100 Batch 434/650 - Loss: 1.273555 (Recon: 1.191000, Diff: 0.082555, KL: 0.000504)
2026-02-16 17:21:11,626 - INFO - Epoch 5/100 Batch 435/650 - Loss: 1.286835 (Recon: 1.194651, Diff: 0.092183, KL: 0.000398)
2026-02-16 17:21:18,680 - INFO - Epoch 5/100 Batch 436/650 - Loss: 1.307921 (Recon: 1.184080, Diff: 0.123837, KL: 0.003073)
2026-02-16 17:21:19,794 - INFO - Epoch 5/100 Batch 437/650 - Loss: 1.314089 (Recon: 1.182079, Diff: 0.132009, KL: 0.000187)
2026-02-16 17:21:20,874 - INFO - Epoch 5/100 Batch 438/650 - Loss: 1.325680 (Recon: 1.189949, Diff: 0.135731, KL: 0.000182)
2026-02-16 17:21:22,010 - INFO - Epoch 5/100 Batch 439/650 - Loss: 1.387951 (Recon: 1.189595, Diff: 0.198354, KL: 0.002275)
2026-02-16 17:21:27,741 - INFO - Epoch 5/100 Batch 440/650 - Loss: 1.292890 (Recon: 1.193062, Diff: 0.099828, KL: 0.000410)
2026-02-16 17:21:31,247 - INFO - Epoch 5/100 Batch 441/650 - Loss: 1.325761 (Recon: 1.190681, Diff: 0.135079, KL: 0.000365)
2026-02-16 17:21:32,287 - INFO - Epoch 5/100 Batch 442/650 - Loss: 1.358860 (Recon: 1.187251, Diff: 0.171609, KL: 0.000274)
2026-02-16 17:21:33,352 - INFO - Epoch 5/100 Batch 443/650 - Loss: 1.303946 (Recon: 1.191445, Diff: 0.112501, KL: 0.000247)
2026-02-16 17:21:34,670 - INFO - Epoch 5/100 Batch 444/650 - Loss: 1.318633 (Recon: 1.189631, Diff: 0.129002, KL: 0.000304)
2026-02-16 17:21:44,968 - INFO - Epoch 5/100 Batch 445/650 - Loss: 1.369748 (Recon: 1.181401, Diff: 0.188347, KL: 0.000196)
2026-02-16 17:21:46,082 - INFO - Epoch 5/100 Batch 446/650 - Loss: 1.268234 (Recon: 1.186118, Diff: 0.082116, KL: 0.000556)
2026-02-16 17:21:47,158 - INFO - Epoch 5/100 Batch 447/650 - Loss: 1.282111 (Recon: 1.194178, Diff: 0.087933, KL: 0.000505)
2026-02-16 17:21:57,390 - INFO - Epoch 5/100 Batch 448/650 - Loss: 1.367219 (Recon: 1.190129, Diff: 0.177090, KL: 0.000266)
2026-02-16 17:21:58,461 - INFO - Epoch 5/100 Batch 449/650 - Loss: 1.272717 (Recon: 1.190947, Diff: 0.081770, KL: 0.000418)
2026-02-16 17:21:59,953 - INFO - Epoch 5/100 Batch 450/650 - Loss: 1.272740 (Recon: 1.184540, Diff: 0.088200, KL: 0.000284)
2026-02-16 17:22:01,013 - INFO - Epoch 5/100 Batch 451/650 - Loss: 1.255721 (Recon: 1.180821, Diff: 0.074899, KL: 0.000433)
2026-02-16 17:22:02,087 - INFO - Epoch 5/100 Batch 452/650 - Loss: 1.422062 (Recon: 1.183827, Diff: 0.238234, KL: 0.000226)
2026-02-16 17:22:14,263 - INFO - Epoch 5/100 Batch 453/650 - Loss: 1.255398 (Recon: 1.187485, Diff: 0.067913, KL: 0.000433)
2026-02-16 17:22:15,344 - INFO - Epoch 5/100 Batch 454/650 - Loss: 1.267785 (Recon: 1.191275, Diff: 0.076510, KL: 0.000181)
2026-02-16 17:22:16,397 - INFO - Epoch 5/100 Batch 455/650 - Loss: 1.250408 (Recon: 1.191363, Diff: 0.059045, KL: 0.000634)
2026-02-16 17:22:17,426 - INFO - Epoch 5/100 Batch 456/650 - Loss: 1.251481 (Recon: 1.185782, Diff: 0.065698, KL: 0.000606)
2026-02-16 17:22:18,509 - INFO - Epoch 5/100 Batch 457/650 - Loss: 1.260421 (Recon: 1.182485, Diff: 0.077936, KL: 0.000211)
2026-02-16 17:22:41,260 - INFO - Epoch 5/100 Batch 458/650 - Loss: 1.281278 (Recon: 1.186631, Diff: 0.094646, KL: 0.000629)
2026-02-16 17:22:42,315 - INFO - Epoch 5/100 Batch 459/650 - Loss: 1.267883 (Recon: 1.191815, Diff: 0.076068, KL: 0.000154)
2026-02-16 17:22:43,341 - INFO - Epoch 5/100 Batch 460/650 - Loss: 1.280860 (Recon: 1.192587, Diff: 0.088271, KL: 0.001213)
2026-02-16 17:22:44,556 - INFO - Epoch 5/100 Batch 461/650 - Loss: 1.268552 (Recon: 1.190855, Diff: 0.077696, KL: 0.000808)
2026-02-16 17:22:50,188 - INFO - Epoch 5/100 Batch 462/650 - Loss: 1.282493 (Recon: 1.185587, Diff: 0.096906, KL: 0.000227)
2026-02-16 17:22:51,226 - INFO - Epoch 5/100 Batch 463/650 - Loss: 1.325372 (Recon: 1.189207, Diff: 0.136164, KL: 0.000541)
2026-02-16 17:22:52,295 - INFO - Epoch 5/100 Batch 464/650 - Loss: 1.256468 (Recon: 1.188791, Diff: 0.067677, KL: 0.000666)
2026-02-16 17:22:53,352 - INFO - Epoch 5/100 Batch 465/650 - Loss: 1.244516 (Recon: 1.190737, Diff: 0.053780, KL: 0.000274)
2026-02-16 17:22:54,452 - INFO - Epoch 5/100 Batch 466/650 - Loss: 1.341841 (Recon: 1.179188, Diff: 0.162653, KL: 0.000489)
2026-02-16 17:22:55,480 - INFO - Epoch 5/100 Batch 467/650 - Loss: 1.341970 (Recon: 1.189505, Diff: 0.152465, KL: 0.000174)
2026-02-16 17:22:56,520 - INFO - Epoch 5/100 Batch 468/650 - Loss: 1.331854 (Recon: 1.185182, Diff: 0.146672, KL: 0.000257)
2026-02-16 17:22:57,816 - INFO - Epoch 5/100 Batch 469/650 - Loss: 1.273583 (Recon: 1.189685, Diff: 0.083898, KL: 0.000305)
2026-02-16 17:23:00,510 - INFO - Epoch 5/100 Batch 470/650 - Loss: 1.347177 (Recon: 1.177086, Diff: 0.170091, KL: 0.001046)
2026-02-16 17:23:01,557 - INFO - Epoch 5/100 Batch 471/650 - Loss: 1.270574 (Recon: 1.181117, Diff: 0.089457, KL: 0.000377)
2026-02-16 17:23:02,588 - INFO - Epoch 5/100 Batch 472/650 - Loss: 1.269709 (Recon: 1.185050, Diff: 0.084658, KL: 0.000316)
2026-02-16 17:23:03,609 - INFO - Epoch 5/100 Batch 473/650 - Loss: 1.337636 (Recon: 1.190265, Diff: 0.147370, KL: 0.000700)
2026-02-16 17:23:05,531 - INFO - Epoch 5/100 Batch 474/650 - Loss: 1.299526 (Recon: 1.184243, Diff: 0.115283, KL: 0.000423)
2026-02-16 17:23:06,611 - INFO - Epoch 5/100 Batch 475/650 - Loss: 1.237546 (Recon: 1.190519, Diff: 0.047027, KL: 0.000244)
2026-02-16 17:23:07,646 - INFO - Epoch 5/100 Batch 476/650 - Loss: 1.284628 (Recon: 1.188316, Diff: 0.096310, KL: 0.000726)
2026-02-16 17:23:08,672 - INFO - Epoch 5/100 Batch 477/650 - Loss: 1.323106 (Recon: 1.189274, Diff: 0.133831, KL: 0.000241)
2026-02-16 17:23:12,911 - INFO - Epoch 5/100 Batch 478/650 - Loss: 1.257869 (Recon: 1.180206, Diff: 0.077663, KL: 0.000201)
2026-02-16 17:23:13,953 - INFO - Epoch 5/100 Batch 479/650 - Loss: 1.320275 (Recon: 1.176076, Diff: 0.144196, KL: 0.002642)
2026-02-16 17:23:14,953 - INFO - Epoch 5/100 Batch 480/650 - Loss: 1.289246 (Recon: 1.189764, Diff: 0.099481, KL: 0.000869)
2026-02-16 17:23:15,990 - INFO - Epoch 5/100 Batch 481/650 - Loss: 1.387927 (Recon: 1.188704, Diff: 0.199222, KL: 0.001553)
2026-02-16 17:23:17,810 - INFO - Epoch 5/100 Batch 482/650 - Loss: 1.263423 (Recon: 1.190822, Diff: 0.072600, KL: 0.000434)
2026-02-16 17:23:18,859 - INFO - Epoch 5/100 Batch 483/650 - Loss: 1.270083 (Recon: 1.191846, Diff: 0.078237, KL: 0.000174)
2026-02-16 17:23:19,915 - INFO - Epoch 5/100 Batch 484/650 - Loss: 1.254048 (Recon: 1.190140, Diff: 0.063907, KL: 0.000405)
2026-02-16 17:23:20,999 - INFO - Epoch 5/100 Batch 485/650 - Loss: 1.302421 (Recon: 1.185472, Diff: 0.116949, KL: 0.000181)
2026-02-16 17:23:22,078 - INFO - Epoch 5/100 Batch 486/650 - Loss: 1.271651 (Recon: 1.191013, Diff: 0.080637, KL: 0.000161)
2026-02-16 17:23:23,118 - INFO - Epoch 5/100 Batch 487/650 - Loss: 1.288288 (Recon: 1.190775, Diff: 0.097513, KL: 0.000265)
2026-02-16 17:23:24,139 - INFO - Epoch 5/100 Batch 488/650 - Loss: 1.278393 (Recon: 1.186584, Diff: 0.091808, KL: 0.000137)
2026-02-16 17:23:25,157 - INFO - Epoch 5/100 Batch 489/650 - Loss: 1.361574 (Recon: 1.183805, Diff: 0.177769, KL: 0.000150)
2026-02-16 17:23:26,358 - INFO - Epoch 5/100 Batch 490/650 - Loss: 1.279268 (Recon: 1.175623, Diff: 0.103645, KL: 0.000159)
2026-02-16 17:23:27,455 - INFO - Epoch 5/100 Batch 491/650 - Loss: 1.285554 (Recon: 1.188372, Diff: 0.097182, KL: 0.000263)
2026-02-16 17:23:28,446 - INFO - Epoch 5/100 Batch 492/650 - Loss: 1.321060 (Recon: 1.189416, Diff: 0.131644, KL: 0.000309)
2026-02-16 17:23:29,428 - INFO - Epoch 5/100 Batch 493/650 - Loss: 1.242267 (Recon: 1.178189, Diff: 0.064078, KL: 0.000751)
2026-02-16 17:23:30,411 - INFO - Epoch 5/100 Batch 494/650 - Loss: 1.234853 (Recon: 1.186574, Diff: 0.048279, KL: 0.000126)
2026-02-16 17:23:31,396 - INFO - Epoch 5/100 Batch 495/650 - Loss: 1.268082 (Recon: 1.185296, Diff: 0.082786, KL: 0.000572)
2026-02-16 17:23:32,416 - INFO - Epoch 5/100 Batch 496/650 - Loss: 1.310114 (Recon: 1.183072, Diff: 0.127041, KL: 0.000555)
2026-02-16 17:23:33,429 - INFO - Epoch 5/100 Batch 497/650 - Loss: 1.309080 (Recon: 1.185123, Diff: 0.123957, KL: 0.001006)
2026-02-16 17:23:34,479 - INFO - Epoch 5/100 Batch 498/650 - Loss: 1.276513 (Recon: 1.186689, Diff: 0.089823, KL: 0.001102)
2026-02-16 17:23:35,525 - INFO - Epoch 5/100 Batch 499/650 - Loss: 1.269396 (Recon: 1.180930, Diff: 0.088466, KL: 0.000206)
2026-02-16 17:24:18,087 - INFO - Epoch 5/100 Batch 500/650 - Loss: 1.329629 (Recon: 1.176273, Diff: 0.153355, KL: 0.000410)
2026-02-16 17:24:33,638 - INFO - Epoch 5/100 Batch 501/650 - Loss: 1.322781 (Recon: 1.182863, Diff: 0.139918, KL: 0.000427)
2026-02-16 17:24:49,586 - INFO - Epoch 5/100 Batch 502/650 - Loss: 1.273694 (Recon: 1.181512, Diff: 0.092181, KL: 0.000548)
2026-02-16 17:25:05,500 - INFO - Epoch 5/100 Batch 503/650 - Loss: 1.334960 (Recon: 1.187969, Diff: 0.146990, KL: 0.000308)
2026-02-16 17:25:09,431 - INFO - Epoch 5/100 Batch 504/650 - Loss: 1.319431 (Recon: 1.184412, Diff: 0.135018, KL: 0.000809)
2026-02-16 17:25:10,427 - INFO - Epoch 5/100 Batch 505/650 - Loss: 1.336593 (Recon: 1.189612, Diff: 0.146981, KL: 0.000161)
2026-02-16 17:25:11,452 - INFO - Epoch 5/100 Batch 506/650 - Loss: 1.287752 (Recon: 1.183862, Diff: 0.103890, KL: 0.000372)
2026-02-16 17:25:12,521 - INFO - Epoch 5/100 Batch 507/650 - Loss: 1.267074 (Recon: 1.179733, Diff: 0.087341, KL: 0.000223)
2026-02-16 17:25:22,061 - INFO - Epoch 5/100 Batch 508/650 - Loss: 1.295069 (Recon: 1.188773, Diff: 0.106295, KL: 0.000321)
2026-02-16 17:25:23,139 - INFO - Epoch 5/100 Batch 509/650 - Loss: 1.244733 (Recon: 1.189351, Diff: 0.055382, KL: 0.000194)
2026-02-16 17:25:24,178 - INFO - Epoch 5/100 Batch 510/650 - Loss: 1.284503 (Recon: 1.182797, Diff: 0.101706, KL: 0.000365)
2026-02-16 17:25:25,245 - INFO - Epoch 5/100 Batch 511/650 - Loss: 1.273121 (Recon: 1.186374, Diff: 0.086747, KL: 0.000375)
2026-02-16 17:25:26,315 - INFO - Epoch 5/100 Batch 512/650 - Loss: 1.318307 (Recon: 1.188996, Diff: 0.129310, KL: 0.000933)
2026-02-16 17:25:27,434 - INFO - Epoch 5/100 Batch 513/650 - Loss: 1.338591 (Recon: 1.189108, Diff: 0.149482, KL: 0.000656)
2026-02-16 17:25:33,172 - INFO - Epoch 5/100 Batch 514/650 - Loss: 1.307783 (Recon: 1.186597, Diff: 0.121185, KL: 0.000787)
2026-02-16 17:25:34,208 - INFO - Epoch 5/100 Batch 515/650 - Loss: 1.235874 (Recon: 1.183704, Diff: 0.052169, KL: 0.000765)
2026-02-16 17:25:35,232 - INFO - Epoch 5/100 Batch 516/650 - Loss: 1.330777 (Recon: 1.184636, Diff: 0.146141, KL: 0.000291)
2026-02-16 17:25:36,251 - INFO - Epoch 5/100 Batch 517/650 - Loss: 1.251309 (Recon: 1.190355, Diff: 0.060954, KL: 0.000425)
2026-02-16 17:25:37,266 - INFO - Epoch 5/100 Batch 518/650 - Loss: 1.326240 (Recon: 1.188116, Diff: 0.138124, KL: 0.000156)
2026-02-16 17:25:38,285 - INFO - Epoch 5/100 Batch 519/650 - Loss: 1.256865 (Recon: 1.183843, Diff: 0.073022, KL: 0.000302)
2026-02-16 17:25:39,310 - INFO - Epoch 5/100 Batch 520/650 - Loss: 1.281578 (Recon: 1.180297, Diff: 0.101280, KL: 0.000396)
2026-02-16 17:25:41,119 - INFO - Epoch 5/100 Batch 521/650 - Loss: 1.286277 (Recon: 1.188651, Diff: 0.097626, KL: 0.000134)
2026-02-16 17:25:43,276 - INFO - Epoch 5/100 Batch 522/650 - Loss: 1.269957 (Recon: 1.191546, Diff: 0.078410, KL: 0.000408)
2026-02-16 17:25:45,177 - INFO - Epoch 5/100 Batch 523/650 - Loss: 1.253496 (Recon: 1.181609, Diff: 0.071886, KL: 0.000191)
2026-02-16 17:25:46,270 - INFO - Epoch 5/100 Batch 524/650 - Loss: 1.252188 (Recon: 1.185688, Diff: 0.066500, KL: 0.000287)
2026-02-16 17:25:47,438 - INFO - Epoch 5/100 Batch 525/650 - Loss: 1.256953 (Recon: 1.185100, Diff: 0.071852, KL: 0.000294)
2026-02-16 17:25:48,471 - INFO - Epoch 5/100 Batch 526/650 - Loss: 1.309935 (Recon: 1.185192, Diff: 0.124743, KL: 0.000499)
2026-02-16 17:25:52,241 - INFO - Epoch 5/100 Batch 527/650 - Loss: 1.255736 (Recon: 1.188178, Diff: 0.067556, KL: 0.002272)
2026-02-16 17:25:53,325 - INFO - Epoch 5/100 Batch 528/650 - Loss: 1.266782 (Recon: 1.186924, Diff: 0.079857, KL: 0.000165)
2026-02-16 17:25:54,617 - INFO - Epoch 5/100 Batch 529/650 - Loss: 1.305900 (Recon: 1.187136, Diff: 0.118763, KL: 0.000097)
2026-02-16 17:26:01,492 - INFO - Epoch 5/100 Batch 530/650 - Loss: 1.308753 (Recon: 1.189355, Diff: 0.119397, KL: 0.000262)
2026-02-16 17:26:02,620 - INFO - Epoch 5/100 Batch 531/650 - Loss: 1.329403 (Recon: 1.188304, Diff: 0.141099, KL: 0.000253)
2026-02-16 17:26:03,630 - INFO - Epoch 5/100 Batch 532/650 - Loss: 1.338278 (Recon: 1.179131, Diff: 0.159145, KL: 0.002548)
2026-02-16 17:26:04,740 - INFO - Epoch 5/100 Batch 533/650 - Loss: 1.323390 (Recon: 1.186151, Diff: 0.137240, KL: 0.000239)
2026-02-16 17:26:05,791 - INFO - Epoch 5/100 Batch 534/650 - Loss: 1.268771 (Recon: 1.188183, Diff: 0.080587, KL: 0.000457)
2026-02-16 17:26:07,858 - INFO - Epoch 5/100 Batch 535/650 - Loss: 1.345545 (Recon: 1.182508, Diff: 0.163037, KL: 0.000556)
2026-02-16 17:26:17,155 - INFO - Epoch 5/100 Batch 536/650 - Loss: 1.291259 (Recon: 1.189004, Diff: 0.102255, KL: 0.000169)
2026-02-16 17:26:18,208 - INFO - Epoch 5/100 Batch 537/650 - Loss: 1.256866 (Recon: 1.184143, Diff: 0.072722, KL: 0.000581)
2026-02-16 17:26:19,263 - INFO - Epoch 5/100 Batch 538/650 - Loss: 1.295226 (Recon: 1.187526, Diff: 0.107700, KL: 0.000104)
2026-02-16 17:26:24,294 - INFO - Epoch 5/100 Batch 539/650 - Loss: 1.296893 (Recon: 1.176446, Diff: 0.120446, KL: 0.001057)
2026-02-16 17:26:28,228 - INFO - Epoch 5/100 Batch 540/650 - Loss: 1.254105 (Recon: 1.181433, Diff: 0.072672, KL: 0.000732)
2026-02-16 17:26:29,504 - INFO - Epoch 5/100 Batch 541/650 - Loss: 1.307084 (Recon: 1.183147, Diff: 0.123936, KL: 0.000362)
2026-02-16 17:26:30,564 - INFO - Epoch 5/100 Batch 542/650 - Loss: 1.331591 (Recon: 1.183130, Diff: 0.148460, KL: 0.000159)
2026-02-16 17:26:32,546 - INFO - Epoch 5/100 Batch 543/650 - Loss: 1.265063 (Recon: 1.188233, Diff: 0.076829, KL: 0.000174)
2026-02-16 17:26:33,559 - INFO - Epoch 5/100 Batch 544/650 - Loss: 1.271424 (Recon: 1.188575, Diff: 0.082848, KL: 0.000141)
2026-02-16 17:26:35,350 - INFO - Epoch 5/100 Batch 545/650 - Loss: 1.274870 (Recon: 1.189168, Diff: 0.085701, KL: 0.000291)
2026-02-16 17:26:36,369 - INFO - Epoch 5/100 Batch 546/650 - Loss: 1.256114 (Recon: 1.184938, Diff: 0.071175, KL: 0.000293)
2026-02-16 17:26:37,366 - INFO - Epoch 5/100 Batch 547/650 - Loss: 1.270506 (Recon: 1.184822, Diff: 0.085684, KL: 0.000252)
2026-02-16 17:26:38,391 - INFO - Epoch 5/100 Batch 548/650 - Loss: 1.264625 (Recon: 1.185732, Diff: 0.078893, KL: 0.000402)
2026-02-16 17:26:39,396 - INFO - Epoch 5/100 Batch 549/650 - Loss: 1.280227 (Recon: 1.182920, Diff: 0.097307, KL: 0.000261)
2026-02-16 17:26:40,437 - INFO - Epoch 5/100 Batch 550/650 - Loss: 1.263144 (Recon: 1.186221, Diff: 0.076923, KL: 0.000219)
2026-02-16 17:26:44,215 - INFO - Epoch 5/100 Batch 551/650 - Loss: 1.331701 (Recon: 1.176302, Diff: 0.155399, KL: 0.000122)
2026-02-16 17:26:45,300 - INFO - Epoch 5/100 Batch 552/650 - Loss: 1.301069 (Recon: 1.180618, Diff: 0.120449, KL: 0.001479)
2026-02-16 17:26:46,380 - INFO - Epoch 5/100 Batch 553/650 - Loss: 1.223500 (Recon: 1.181683, Diff: 0.041817, KL: 0.000346)
2026-02-16 17:26:47,445 - INFO - Epoch 5/100 Batch 554/650 - Loss: 1.274799 (Recon: 1.185436, Diff: 0.089363, KL: 0.000300)
2026-02-16 17:26:48,524 - INFO - Epoch 5/100 Batch 555/650 - Loss: 1.339475 (Recon: 1.186549, Diff: 0.152925, KL: 0.000400)
2026-02-16 17:26:49,630 - INFO - Epoch 5/100 Batch 556/650 - Loss: 1.331427 (Recon: 1.187026, Diff: 0.144400, KL: 0.000584)
2026-02-16 17:26:50,736 - INFO - Epoch 5/100 Batch 557/650 - Loss: 1.292453 (Recon: 1.183004, Diff: 0.109449, KL: 0.000266)
2026-02-16 17:26:51,904 - INFO - Epoch 5/100 Batch 558/650 - Loss: 1.255406 (Recon: 1.183857, Diff: 0.071548, KL: 0.001202)
2026-02-16 17:26:52,937 - INFO - Epoch 5/100 Batch 559/650 - Loss: 1.299458 (Recon: 1.187094, Diff: 0.112363, KL: 0.000609)
2026-02-16 17:26:53,980 - INFO - Epoch 5/100 Batch 560/650 - Loss: 1.260285 (Recon: 1.176302, Diff: 0.083983, KL: 0.000470)
2026-02-16 17:26:55,031 - INFO - Epoch 5/100 Batch 561/650 - Loss: 1.344420 (Recon: 1.183496, Diff: 0.160923, KL: 0.000474)
2026-02-16 17:26:56,134 - INFO - Epoch 5/100 Batch 562/650 - Loss: 1.264439 (Recon: 1.180537, Diff: 0.083901, KL: 0.000460)
2026-02-16 17:26:57,218 - INFO - Epoch 5/100 Batch 563/650 - Loss: 1.323974 (Recon: 1.182748, Diff: 0.141226, KL: 0.000655)
2026-02-16 17:26:58,275 - INFO - Epoch 5/100 Batch 564/650 - Loss: 1.272533 (Recon: 1.187485, Diff: 0.085047, KL: 0.000428)
2026-02-16 17:26:59,366 - INFO - Epoch 5/100 Batch 565/650 - Loss: 1.417653 (Recon: 1.185745, Diff: 0.231908, KL: 0.000090)
2026-02-16 17:27:00,432 - INFO - Epoch 5/100 Batch 566/650 - Loss: 1.249934 (Recon: 1.188308, Diff: 0.061626, KL: 0.000307)
2026-02-16 17:27:01,481 - INFO - Epoch 5/100 Batch 567/650 - Loss: 1.300237 (Recon: 1.182430, Diff: 0.117807, KL: 0.000158)
2026-02-16 17:27:02,572 - INFO - Epoch 5/100 Batch 568/650 - Loss: 1.305457 (Recon: 1.183238, Diff: 0.122219, KL: 0.000200)
2026-02-16 17:27:03,654 - INFO - Epoch 5/100 Batch 569/650 - Loss: 1.317450 (Recon: 1.185709, Diff: 0.131740, KL: 0.000377)
2026-02-16 17:27:04,759 - INFO - Epoch 5/100 Batch 570/650 - Loss: 1.290359 (Recon: 1.183443, Diff: 0.106916, KL: 0.000240)
2026-02-16 17:27:05,778 - INFO - Epoch 5/100 Batch 571/650 - Loss: 1.262394 (Recon: 1.189214, Diff: 0.073180, KL: 0.000172)
2026-02-16 17:27:06,994 - INFO - Epoch 5/100 Batch 572/650 - Loss: 1.320040 (Recon: 1.177154, Diff: 0.142885, KL: 0.000614)
2026-02-16 17:27:09,455 - INFO - Epoch 5/100 Batch 573/650 - Loss: 1.304657 (Recon: 1.188668, Diff: 0.115988, KL: 0.000913)
2026-02-16 17:27:10,526 - INFO - Epoch 5/100 Batch 574/650 - Loss: 1.287782 (Recon: 1.182248, Diff: 0.105534, KL: 0.000216)
2026-02-16 17:27:11,562 - INFO - Epoch 5/100 Batch 575/650 - Loss: 1.229568 (Recon: 1.184601, Diff: 0.044967, KL: 0.001031)
2026-02-16 17:27:12,750 - INFO - Epoch 5/100 Batch 576/650 - Loss: 1.334905 (Recon: 1.181501, Diff: 0.153404, KL: 0.000305)
2026-02-16 17:27:13,840 - INFO - Epoch 5/100 Batch 577/650 - Loss: 1.257591 (Recon: 1.186095, Diff: 0.071495, KL: 0.000427)
2026-02-16 17:27:14,916 - INFO - Epoch 5/100 Batch 578/650 - Loss: 1.268744 (Recon: 1.183441, Diff: 0.085303, KL: 0.000342)
2026-02-16 17:27:15,951 - INFO - Epoch 5/100 Batch 579/650 - Loss: 1.263650 (Recon: 1.183615, Diff: 0.080035, KL: 0.000447)
2026-02-16 17:27:18,459 - INFO - Epoch 5/100 Batch 580/650 - Loss: 1.302922 (Recon: 1.180968, Diff: 0.121954, KL: 0.000181)
2026-02-16 17:27:19,527 - INFO - Epoch 5/100 Batch 581/650 - Loss: 1.279437 (Recon: 1.185256, Diff: 0.094181, KL: 0.000864)
2026-02-16 17:27:20,639 - INFO - Epoch 5/100 Batch 582/650 - Loss: 1.289218 (Recon: 1.178099, Diff: 0.111119, KL: 0.000232)
2026-02-16 17:27:21,669 - INFO - Epoch 5/100 Batch 583/650 - Loss: 1.282189 (Recon: 1.184848, Diff: 0.097340, KL: 0.000883)
2026-02-16 17:27:22,693 - INFO - Epoch 5/100 Batch 584/650 - Loss: 1.252591 (Recon: 1.180146, Diff: 0.072445, KL: 0.000440)
2026-02-16 17:27:23,786 - INFO - Epoch 5/100 Batch 585/650 - Loss: 1.275208 (Recon: 1.185584, Diff: 0.089623, KL: 0.000467)
2026-02-16 17:27:24,859 - INFO - Epoch 5/100 Batch 586/650 - Loss: 1.384928 (Recon: 1.184937, Diff: 0.199991, KL: 0.000571)
2026-02-16 17:27:25,896 - INFO - Epoch 5/100 Batch 587/650 - Loss: 1.350492 (Recon: 1.181294, Diff: 0.169197, KL: 0.000343)
2026-02-16 17:27:26,900 - INFO - Epoch 5/100 Batch 588/650 - Loss: 1.283994 (Recon: 1.184853, Diff: 0.099140, KL: 0.001177)
2026-02-16 17:27:27,978 - INFO - Epoch 5/100 Batch 589/650 - Loss: 1.288363 (Recon: 1.184532, Diff: 0.103830, KL: 0.000169)
2026-02-16 17:27:29,024 - INFO - Epoch 5/100 Batch 590/650 - Loss: 1.278500 (Recon: 1.182731, Diff: 0.095767, KL: 0.001909)
2026-02-16 17:27:30,053 - INFO - Epoch 5/100 Batch 591/650 - Loss: 1.320526 (Recon: 1.179944, Diff: 0.140582, KL: 0.000231)
2026-02-16 17:27:31,117 - INFO - Epoch 5/100 Batch 592/650 - Loss: 1.272332 (Recon: 1.181817, Diff: 0.090515, KL: 0.000935)
2026-02-16 17:27:32,232 - INFO - Epoch 5/100 Batch 593/650 - Loss: 1.338961 (Recon: 1.178118, Diff: 0.160841, KL: 0.002045)
2026-02-16 17:27:33,332 - INFO - Epoch 5/100 Batch 594/650 - Loss: 1.285493 (Recon: 1.185905, Diff: 0.099586, KL: 0.001092)
2026-02-16 17:27:34,343 - INFO - Epoch 5/100 Batch 595/650 - Loss: 1.311343 (Recon: 1.183428, Diff: 0.127915, KL: 0.000699)
2026-02-16 17:27:37,508 - INFO - Epoch 5/100 Batch 596/650 - Loss: 1.296221 (Recon: 1.174821, Diff: 0.121399, KL: 0.000660)
2026-02-16 17:27:38,565 - INFO - Epoch 5/100 Batch 597/650 - Loss: 1.243739 (Recon: 1.180834, Diff: 0.062904, KL: 0.000995)
2026-02-16 17:27:39,577 - INFO - Epoch 5/100 Batch 598/650 - Loss: 1.267858 (Recon: 1.187126, Diff: 0.080731, KL: 0.001260)
2026-02-16 17:27:40,634 - INFO - Epoch 5/100 Batch 599/650 - Loss: 1.342890 (Recon: 1.187694, Diff: 0.155196, KL: 0.000455)
2026-02-16 17:27:56,624 - INFO - Epoch 5/100 Batch 600/650 - Loss: 1.282178 (Recon: 1.172076, Diff: 0.110102, KL: 0.000310)
2026-02-16 17:27:58,607 - INFO - Epoch 5/100 Batch 601/650 - Loss: 1.358924 (Recon: 1.177504, Diff: 0.181419, KL: 0.000519)
2026-02-16 17:27:59,686 - INFO - Epoch 5/100 Batch 602/650 - Loss: 1.244390 (Recon: 1.186288, Diff: 0.058102, KL: 0.000534)
2026-02-16 17:28:00,744 - INFO - Epoch 5/100 Batch 603/650 - Loss: 1.294096 (Recon: 1.185789, Diff: 0.108307, KL: 0.000202)
2026-02-16 17:28:01,779 - INFO - Epoch 5/100 Batch 604/650 - Loss: 1.327176 (Recon: 1.184431, Diff: 0.142745, KL: 0.000424)
2026-02-16 17:28:03,163 - INFO - Epoch 5/100 Batch 605/650 - Loss: 1.279068 (Recon: 1.186750, Diff: 0.092318, KL: 0.000270)
2026-02-16 17:28:08,489 - INFO - Epoch 5/100 Batch 606/650 - Loss: 1.309622 (Recon: 1.174969, Diff: 0.134653, KL: 0.000208)
2026-02-16 17:28:09,553 - INFO - Epoch 5/100 Batch 607/650 - Loss: 1.301359 (Recon: 1.186631, Diff: 0.114727, KL: 0.000294)
2026-02-16 17:28:10,644 - INFO - Epoch 5/100 Batch 608/650 - Loss: 1.298607 (Recon: 1.179384, Diff: 0.119222, KL: 0.000371)
2026-02-16 17:28:12,242 - INFO - Epoch 5/100 Batch 609/650 - Loss: 1.372117 (Recon: 1.178133, Diff: 0.193984, KL: 0.000235)
2026-02-16 17:28:23,666 - INFO - Epoch 5/100 Batch 610/650 - Loss: 1.257969 (Recon: 1.186739, Diff: 0.071229, KL: 0.000247)
2026-02-16 17:28:26,748 - INFO - Epoch 5/100 Batch 611/650 - Loss: 1.253906 (Recon: 1.185356, Diff: 0.068550, KL: 0.000433)
2026-02-16 17:28:28,010 - INFO - Epoch 5/100 Batch 612/650 - Loss: 1.246681 (Recon: 1.183409, Diff: 0.063271, KL: 0.000462)
2026-02-16 17:28:29,340 - INFO - Epoch 5/100 Batch 613/650 - Loss: 1.333272 (Recon: 1.176190, Diff: 0.157083, KL: 0.000164)
2026-02-16 17:28:31,142 - INFO - Epoch 5/100 Batch 614/650 - Loss: 1.330525 (Recon: 1.176010, Diff: 0.154515, KL: 0.000291)
2026-02-16 17:28:32,235 - INFO - Epoch 5/100 Batch 615/650 - Loss: 1.288542 (Recon: 1.183408, Diff: 0.105134, KL: 0.000299)
2026-02-16 17:28:33,286 - INFO - Epoch 5/100 Batch 616/650 - Loss: 1.306742 (Recon: 1.174565, Diff: 0.132175, KL: 0.001238)
2026-02-16 17:28:35,436 - INFO - Epoch 5/100 Batch 617/650 - Loss: 1.284606 (Recon: 1.186743, Diff: 0.097862, KL: 0.000907)
2026-02-16 17:28:36,450 - INFO - Epoch 5/100 Batch 618/650 - Loss: 1.294293 (Recon: 1.185484, Diff: 0.108809, KL: 0.000348)
2026-02-16 17:28:37,428 - INFO - Epoch 5/100 Batch 619/650 - Loss: 1.326407 (Recon: 1.184558, Diff: 0.141849, KL: 0.000812)
2026-02-16 17:28:43,975 - INFO - Epoch 5/100 Batch 620/650 - Loss: 1.297145 (Recon: 1.173933, Diff: 0.123212, KL: 0.000225)
2026-02-16 17:28:44,976 - INFO - Epoch 5/100 Batch 621/650 - Loss: 1.345932 (Recon: 1.171586, Diff: 0.174345, KL: 0.000718)
2026-02-16 17:28:45,991 - INFO - Epoch 5/100 Batch 622/650 - Loss: 1.295638 (Recon: 1.181198, Diff: 0.114439, KL: 0.000250)
2026-02-16 17:28:46,981 - INFO - Epoch 5/100 Batch 623/650 - Loss: 1.279740 (Recon: 1.183372, Diff: 0.096368, KL: 0.000591)
2026-02-16 17:28:48,040 - INFO - Epoch 5/100 Batch 624/650 - Loss: 1.262207 (Recon: 1.181028, Diff: 0.081178, KL: 0.000755)
2026-02-16 17:28:49,571 - INFO - Epoch 5/100 Batch 625/650 - Loss: 1.279913 (Recon: 1.165922, Diff: 0.113990, KL: 0.000522)
2026-02-16 17:28:50,843 - INFO - Epoch 5/100 Batch 626/650 - Loss: 1.294601 (Recon: 1.180725, Diff: 0.113875, KL: 0.001571)
2026-02-16 17:28:51,940 - INFO - Epoch 5/100 Batch 627/650 - Loss: 1.229747 (Recon: 1.174694, Diff: 0.055052, KL: 0.000243)
2026-02-16 17:28:53,591 - INFO - Epoch 5/100 Batch 628/650 - Loss: 1.346124 (Recon: 1.178854, Diff: 0.167268, KL: 0.001375)
2026-02-16 17:28:57,307 - INFO - Epoch 5/100 Batch 629/650 - Loss: 1.282184 (Recon: 1.180433, Diff: 0.101750, KL: 0.000193)
2026-02-16 17:28:58,432 - INFO - Epoch 5/100 Batch 630/650 - Loss: 1.362257 (Recon: 1.179122, Diff: 0.183134, KL: 0.000916)
2026-02-16 17:29:00,020 - INFO - Epoch 5/100 Batch 631/650 - Loss: 1.357521 (Recon: 1.178338, Diff: 0.179182, KL: 0.000320)
2026-02-16 17:29:01,165 - INFO - Epoch 5/100 Batch 632/650 - Loss: 1.276984 (Recon: 1.183434, Diff: 0.093549, KL: 0.000611)
2026-02-16 17:29:03,600 - INFO - Epoch 5/100 Batch 633/650 - Loss: 1.257534 (Recon: 1.173551, Diff: 0.083983, KL: 0.000349)
2026-02-16 17:29:04,665 - INFO - Epoch 5/100 Batch 634/650 - Loss: 1.287770 (Recon: 1.181334, Diff: 0.106435, KL: 0.000928)
2026-02-16 17:29:05,765 - INFO - Epoch 5/100 Batch 635/650 - Loss: 1.323947 (Recon: 1.179126, Diff: 0.144820, KL: 0.001307)
2026-02-16 17:29:07,048 - INFO - Epoch 5/100 Batch 636/650 - Loss: 1.277743 (Recon: 1.177489, Diff: 0.100251, KL: 0.002855)
2026-02-16 17:29:10,197 - INFO - Epoch 5/100 Batch 637/650 - Loss: 1.306113 (Recon: 1.175853, Diff: 0.130258, KL: 0.001119)
2026-02-16 17:29:20,271 - INFO - Epoch 5/100 Batch 638/650 - Loss: 1.299658 (Recon: 1.170707, Diff: 0.128951, KL: 0.000310)
2026-02-16 17:29:28,983 - INFO - Epoch 5/100 Batch 639/650 - Loss: 1.344195 (Recon: 1.184343, Diff: 0.159852, KL: 0.000427)
2026-02-16 17:29:30,366 - INFO - Epoch 5/100 Batch 640/650 - Loss: 1.249591 (Recon: 1.185217, Diff: 0.064374, KL: 0.000194)
2026-02-16 17:29:31,489 - INFO - Epoch 5/100 Batch 641/650 - Loss: 1.326006 (Recon: 1.173040, Diff: 0.152966, KL: 0.000288)
2026-02-16 17:29:40,593 - INFO - Epoch 5/100 Batch 642/650 - Loss: 1.261316 (Recon: 1.183840, Diff: 0.077476, KL: 0.000381)
2026-02-16 17:29:49,144 - INFO - Epoch 5/100 Batch 643/650 - Loss: 1.280394 (Recon: 1.184726, Diff: 0.095668, KL: 0.000171)
2026-02-16 17:29:50,151 - INFO - Epoch 5/100 Batch 644/650 - Loss: 1.282538 (Recon: 1.182023, Diff: 0.100514, KL: 0.000125)
2026-02-16 17:29:51,136 - INFO - Epoch 5/100 Batch 645/650 - Loss: 1.256353 (Recon: 1.174768, Diff: 0.081585, KL: 0.000242)
2026-02-16 17:29:52,155 - INFO - Epoch 5/100 Batch 646/650 - Loss: 1.299895 (Recon: 1.179274, Diff: 0.120621, KL: 0.000173)
2026-02-16 17:29:53,141 - INFO - Epoch 5/100 Batch 647/650 - Loss: 1.284869 (Recon: 1.178891, Diff: 0.105979, KL: 0.000144)
2026-02-16 17:29:54,162 - INFO - Epoch 5/100 Batch 648/650 - Loss: 1.297003 (Recon: 1.178574, Diff: 0.118428, KL: 0.000256)
2026-02-16 17:29:55,187 - INFO - Epoch 5/100 Batch 649/650 - Loss: 1.252459 (Recon: 1.181407, Diff: 0.071050, KL: 0.001516)
2026-02-16 17:29:56,212 - INFO - Epoch 5/100 Batch 650/650 - Loss: 1.319544 (Recon: 1.180993, Diff: 0.138551, KL: 0.000377)
2026-02-16 17:29:56,325 - INFO - Epoch 5 Train Loss: 1.306685
2026-02-16 17:31:20,425 - INFO - Epoch 5 Val Loss: 1.260894 (Recon: 1.1831, Diff: 0.0778, KL: 0.0004)
2026-02-16 17:31:21,108 - INFO - Saved checkpoint to /data2/cmdir/home/ioit111/trung_ng/LDSeg-mod/training_logs/checkpoint_epoch_5.pth
2026-02-16 17:31:21,185 - INFO - New best model saved with val_loss: 1.260894
2026-02-16 17:31:24,989 - INFO - Epoch 6/100 Batch 1/650 - Loss: 1.239402 (Recon: 1.183800, Diff: 0.055602, KL: 0.000167)
2026-02-16 17:31:40,247 - INFO - Epoch 6/100 Batch 2/650 - Loss: 1.332906 (Recon: 1.177027, Diff: 0.155878, KL: 0.000233)
2026-02-16 17:31:41,287 - INFO - Epoch 6/100 Batch 3/650 - Loss: 1.285019 (Recon: 1.180930, Diff: 0.104089, KL: 0.000166)
2026-02-16 17:32:06,590 - INFO - Epoch 6/100 Batch 4/650 - Loss: 1.251457 (Recon: 1.183108, Diff: 0.068349, KL: 0.000439)
2026-02-16 17:32:42,034 - INFO - Epoch 6/100 Batch 5/650 - Loss: 1.266806 (Recon: 1.177117, Diff: 0.089688, KL: 0.000371)
2026-02-16 17:33:11,357 - INFO - Epoch 6/100 Batch 6/650 - Loss: 1.274405 (Recon: 1.182407, Diff: 0.091997, KL: 0.000350)
2026-02-16 17:33:13,264 - INFO - Epoch 6/100 Batch 7/650 - Loss: 1.302027 (Recon: 1.169425, Diff: 0.132602, KL: 0.000455)
2026-02-16 17:33:14,646 - INFO - Epoch 6/100 Batch 8/650 - Loss: 1.282862 (Recon: 1.184533, Diff: 0.098329, KL: 0.000119)
2026-02-16 17:33:15,753 - INFO - Epoch 6/100 Batch 9/650 - Loss: 1.225921 (Recon: 1.178544, Diff: 0.047376, KL: 0.000383)
2026-02-16 17:33:16,848 - INFO - Epoch 6/100 Batch 10/650 - Loss: 1.274986 (Recon: 1.176597, Diff: 0.098388, KL: 0.000245)
2026-02-16 17:33:18,872 - INFO - Epoch 6/100 Batch 11/650 - Loss: 1.273230 (Recon: 1.173725, Diff: 0.099504, KL: 0.000186)
2026-02-16 17:33:29,930 - INFO - Epoch 6/100 Batch 12/650 - Loss: 1.255250 (Recon: 1.182277, Diff: 0.072973, KL: 0.000457)
2026-02-16 17:33:31,055 - INFO - Epoch 6/100 Batch 13/650 - Loss: 1.257810 (Recon: 1.175670, Diff: 0.082140, KL: 0.000250)
2026-02-16 17:33:33,029 - INFO - Epoch 6/100 Batch 14/650 - Loss: 1.296448 (Recon: 1.173078, Diff: 0.123370, KL: 0.000262)
2026-02-16 17:33:34,172 - INFO - Epoch 6/100 Batch 15/650 - Loss: 1.261837 (Recon: 1.181022, Diff: 0.080814, KL: 0.000290)
2026-02-16 17:33:35,359 - INFO - Epoch 6/100 Batch 16/650 - Loss: 1.240195 (Recon: 1.182882, Diff: 0.057312, KL: 0.001330)
2026-02-16 17:33:36,450 - INFO - Epoch 6/100 Batch 17/650 - Loss: 1.269300 (Recon: 1.176830, Diff: 0.092470, KL: 0.000269)
2026-02-16 17:33:41,049 - INFO - Epoch 6/100 Batch 18/650 - Loss: 1.282799 (Recon: 1.179562, Diff: 0.103237, KL: 0.000223)
2026-02-16 17:33:42,449 - INFO - Epoch 6/100 Batch 19/650 - Loss: 1.271040 (Recon: 1.179103, Diff: 0.091937, KL: 0.000093)
2026-02-16 17:33:43,842 - INFO - Epoch 6/100 Batch 20/650 - Loss: 1.288467 (Recon: 1.177262, Diff: 0.111204, KL: 0.000680)
2026-02-16 17:33:45,141 - INFO - Epoch 6/100 Batch 21/650 - Loss: 1.256706 (Recon: 1.171723, Diff: 0.084983, KL: 0.000461)
2026-02-16 17:33:46,146 - INFO - Epoch 6/100 Batch 22/650 - Loss: 1.243119 (Recon: 1.175874, Diff: 0.067245, KL: 0.000182)
2026-02-16 17:33:47,551 - INFO - Epoch 6/100 Batch 23/650 - Loss: 1.308963 (Recon: 1.182221, Diff: 0.126742, KL: 0.000107)
2026-02-16 17:33:50,035 - INFO - Epoch 6/100 Batch 24/650 - Loss: 1.307345 (Recon: 1.184119, Diff: 0.123227, KL: 0.000089)
2026-02-16 17:33:51,037 - INFO - Epoch 6/100 Batch 25/650 - Loss: 1.291995 (Recon: 1.183863, Diff: 0.108132, KL: 0.000127)
2026-02-16 17:33:52,554 - INFO - Epoch 6/100 Batch 26/650 - Loss: 1.223004 (Recon: 1.182727, Diff: 0.040276, KL: 0.000203)
2026-02-16 17:33:53,838 - INFO - Epoch 6/100 Batch 27/650 - Loss: 1.340888 (Recon: 1.178385, Diff: 0.162502, KL: 0.000162)
2026-02-16 17:33:55,596 - INFO - Epoch 6/100 Batch 28/650 - Loss: 1.348248 (Recon: 1.183396, Diff: 0.164853, KL: 0.000159)
2026-02-16 17:33:56,672 - INFO - Epoch 6/100 Batch 29/650 - Loss: 1.258615 (Recon: 1.173326, Diff: 0.085288, KL: 0.000140)
2026-02-16 17:33:57,778 - INFO - Epoch 6/100 Batch 30/650 - Loss: 1.273340 (Recon: 1.182114, Diff: 0.091226, KL: 0.000306)
2026-02-16 17:33:58,879 - INFO - Epoch 6/100 Batch 31/650 - Loss: 1.231412 (Recon: 1.179129, Diff: 0.052283, KL: 0.000196)
2026-02-16 17:34:00,014 - INFO - Epoch 6/100 Batch 32/650 - Loss: 1.363798 (Recon: 1.177409, Diff: 0.186389, KL: 0.000125)
2026-02-16 17:34:11,135 - INFO - Epoch 6/100 Batch 33/650 - Loss: 1.264927 (Recon: 1.178728, Diff: 0.086199, KL: 0.000179)
2026-02-16 17:34:43,082 - INFO - Epoch 6/100 Batch 34/650 - Loss: 1.281871 (Recon: 1.183684, Diff: 0.098187, KL: 0.000156)
2026-02-16 17:34:46,411 - INFO - Epoch 6/100 Batch 35/650 - Loss: 1.247100 (Recon: 1.178504, Diff: 0.068595, KL: 0.000472)
2026-02-16 17:34:47,652 - INFO - Epoch 6/100 Batch 36/650 - Loss: 1.245982 (Recon: 1.180971, Diff: 0.065011, KL: 0.000110)
2026-02-16 17:34:48,783 - INFO - Epoch 6/100 Batch 37/650 - Loss: 1.416153 (Recon: 1.177734, Diff: 0.238418, KL: 0.000341)
2026-02-16 17:34:49,836 - INFO - Epoch 6/100 Batch 38/650 - Loss: 1.371481 (Recon: 1.175627, Diff: 0.195853, KL: 0.000228)
2026-02-16 17:34:51,166 - INFO - Epoch 6/100 Batch 39/650 - Loss: 1.301770 (Recon: 1.177961, Diff: 0.123809, KL: 0.000249)
2026-02-16 17:34:57,045 - INFO - Epoch 6/100 Batch 40/650 - Loss: 1.220309 (Recon: 1.178036, Diff: 0.042273, KL: 0.000710)
2026-02-16 17:34:58,223 - INFO - Epoch 6/100 Batch 41/650 - Loss: 1.232266 (Recon: 1.166731, Diff: 0.065534, KL: 0.000404)
2026-02-16 17:35:02,241 - INFO - Epoch 6/100 Batch 42/650 - Loss: 1.258089 (Recon: 1.178620, Diff: 0.079468, KL: 0.000118)
2026-02-16 17:35:03,314 - INFO - Epoch 6/100 Batch 43/650 - Loss: 1.306263 (Recon: 1.174172, Diff: 0.132090, KL: 0.000595)
2026-02-16 17:35:04,408 - INFO - Epoch 6/100 Batch 44/650 - Loss: 1.267408 (Recon: 1.177840, Diff: 0.089568, KL: 0.000339)
2026-02-16 17:35:07,836 - INFO - Epoch 6/100 Batch 45/650 - Loss: 1.372718 (Recon: 1.173823, Diff: 0.198893, KL: 0.001477)
2026-02-16 17:35:35,034 - INFO - Epoch 6/100 Batch 46/650 - Loss: 1.262661 (Recon: 1.180943, Diff: 0.081716, KL: 0.001805)
2026-02-16 17:36:10,568 - INFO - Epoch 6/100 Batch 47/650 - Loss: 1.295744 (Recon: 1.173787, Diff: 0.121957, KL: 0.000090)
2026-02-16 17:36:47,111 - INFO - Epoch 6/100 Batch 48/650 - Loss: 1.273527 (Recon: 1.179722, Diff: 0.093805, KL: 0.000190)
2026-02-16 17:37:00,221 - INFO - Epoch 6/100 Batch 49/650 - Loss: 1.315057 (Recon: 1.178423, Diff: 0.136633, KL: 0.000216)
2026-02-16 17:37:01,465 - INFO - Epoch 6/100 Batch 50/650 - Loss: 1.255655 (Recon: 1.180535, Diff: 0.075120, KL: 0.000091)
2026-02-16 17:37:08,997 - INFO - Epoch 6/100 Batch 51/650 - Loss: 1.327215 (Recon: 1.174014, Diff: 0.153200, KL: 0.000431)
2026-02-16 17:37:14,963 - INFO - Epoch 6/100 Batch 52/650 - Loss: 1.278772 (Recon: 1.173744, Diff: 0.105027, KL: 0.000318)
2026-02-16 17:37:21,179 - INFO - Epoch 6/100 Batch 53/650 - Loss: 1.269808 (Recon: 1.178535, Diff: 0.091273, KL: 0.000270)
2026-02-16 17:37:22,266 - INFO - Epoch 6/100 Batch 54/650 - Loss: 1.234143 (Recon: 1.176708, Diff: 0.057434, KL: 0.000472)
2026-02-16 17:37:23,402 - INFO - Epoch 6/100 Batch 55/650 - Loss: 1.283909 (Recon: 1.179458, Diff: 0.104451, KL: 0.000185)
2026-02-16 17:37:28,444 - INFO - Epoch 6/100 Batch 56/650 - Loss: 1.277606 (Recon: 1.179015, Diff: 0.098591, KL: 0.000297)
2026-02-16 17:37:34,184 - INFO - Epoch 6/100 Batch 57/650 - Loss: 1.311227 (Recon: 1.177500, Diff: 0.133727, KL: 0.000233)
2026-02-16 17:37:37,445 - INFO - Epoch 6/100 Batch 58/650 - Loss: 1.288888 (Recon: 1.170237, Diff: 0.118651, KL: 0.000260)
2026-02-16 17:37:38,574 - INFO - Epoch 6/100 Batch 59/650 - Loss: 1.302780 (Recon: 1.166534, Diff: 0.136246, KL: 0.000154)
2026-02-16 17:37:39,837 - INFO - Epoch 6/100 Batch 60/650 - Loss: 1.369907 (Recon: 1.171804, Diff: 0.198102, KL: 0.000425)
2026-02-16 17:37:41,295 - INFO - Epoch 6/100 Batch 61/650 - Loss: 1.360547 (Recon: 1.180397, Diff: 0.180149, KL: 0.000328)
2026-02-16 17:37:42,494 - INFO - Epoch 6/100 Batch 62/650 - Loss: 1.267491 (Recon: 1.172108, Diff: 0.095383, KL: 0.000186)
2026-02-16 17:37:43,968 - INFO - Epoch 6/100 Batch 63/650 - Loss: 1.230880 (Recon: 1.169738, Diff: 0.061141, KL: 0.000281)
2026-02-16 17:37:45,171 - INFO - Epoch 6/100 Batch 64/650 - Loss: 1.248519 (Recon: 1.182317, Diff: 0.066201, KL: 0.000225)
2026-02-16 17:37:46,510 - INFO - Epoch 6/100 Batch 65/650 - Loss: 1.316715 (Recon: 1.172357, Diff: 0.144358, KL: 0.000745)
2026-02-16 17:37:49,831 - INFO - Epoch 6/100 Batch 66/650 - Loss: 1.255184 (Recon: 1.172306, Diff: 0.082878, KL: 0.000592)
2026-02-16 17:37:50,873 - INFO - Epoch 6/100 Batch 67/650 - Loss: 1.307142 (Recon: 1.167342, Diff: 0.139800, KL: 0.000354)
2026-02-16 17:37:52,060 - INFO - Epoch 6/100 Batch 68/650 - Loss: 1.260609 (Recon: 1.178009, Diff: 0.082600, KL: 0.000607)
2026-02-16 17:37:55,905 - INFO - Epoch 6/100 Batch 69/650 - Loss: 1.308490 (Recon: 1.173774, Diff: 0.134716, KL: 0.000412)
2026-02-16 17:37:59,216 - INFO - Epoch 6/100 Batch 70/650 - Loss: 1.328559 (Recon: 1.176610, Diff: 0.151948, KL: 0.000415)
2026-02-16 17:38:11,773 - INFO - Epoch 6/100 Batch 71/650 - Loss: 1.312755 (Recon: 1.170234, Diff: 0.142521, KL: 0.000230)
2026-02-16 17:38:12,914 - INFO - Epoch 6/100 Batch 72/650 - Loss: 1.270525 (Recon: 1.177481, Diff: 0.093044, KL: 0.000710)
2026-02-16 17:38:14,008 - INFO - Epoch 6/100 Batch 73/650 - Loss: 1.257992 (Recon: 1.166123, Diff: 0.091869, KL: 0.000117)
2026-02-16 17:38:15,092 - INFO - Epoch 6/100 Batch 74/650 - Loss: 1.300515 (Recon: 1.177914, Diff: 0.122600, KL: 0.001356)
2026-02-16 17:38:19,232 - INFO - Epoch 6/100 Batch 75/650 - Loss: 1.258729 (Recon: 1.181433, Diff: 0.077296, KL: 0.000540)
2026-02-16 17:38:31,014 - INFO - Epoch 6/100 Batch 76/650 - Loss: 1.296894 (Recon: 1.177288, Diff: 0.119606, KL: 0.000772)
2026-02-16 17:38:36,613 - INFO - Epoch 6/100 Batch 77/650 - Loss: 1.310795 (Recon: 1.179746, Diff: 0.131048, KL: 0.000831)
2026-02-16 17:38:37,726 - INFO - Epoch 6/100 Batch 78/650 - Loss: 1.307839 (Recon: 1.180458, Diff: 0.127380, KL: 0.000933)
2026-02-16 17:38:38,834 - INFO - Epoch 6/100 Batch 79/650 - Loss: 1.250671 (Recon: 1.176532, Diff: 0.074136, KL: 0.002973)
2026-02-16 17:38:39,970 - INFO - Epoch 6/100 Batch 80/650 - Loss: 1.263437 (Recon: 1.180056, Diff: 0.083380, KL: 0.000627)
2026-02-16 17:38:41,042 - INFO - Epoch 6/100 Batch 81/650 - Loss: 1.277331 (Recon: 1.180440, Diff: 0.096890, KL: 0.001111)
2026-02-16 17:38:54,191 - INFO - Epoch 6/100 Batch 82/650 - Loss: 1.247761 (Recon: 1.177874, Diff: 0.069885, KL: 0.001321)
2026-02-16 17:38:55,306 - INFO - Epoch 6/100 Batch 83/650 - Loss: 1.289160 (Recon: 1.179413, Diff: 0.109747, KL: 0.000256)
2026-02-16 17:38:56,305 - INFO - Epoch 6/100 Batch 84/650 - Loss: 1.290068 (Recon: 1.181511, Diff: 0.108556, KL: 0.001405)
2026-02-16 17:38:58,839 - INFO - Epoch 6/100 Batch 85/650 - Loss: 1.237634 (Recon: 1.173510, Diff: 0.064124, KL: 0.000104)
2026-02-16 17:39:01,269 - INFO - Epoch 6/100 Batch 86/650 - Loss: 1.285769 (Recon: 1.169019, Diff: 0.116749, KL: 0.000978)
2026-02-16 17:39:02,334 - INFO - Epoch 6/100 Batch 87/650 - Loss: 1.275319 (Recon: 1.178196, Diff: 0.097121, KL: 0.000691)
2026-02-16 17:39:03,420 - INFO - Epoch 6/100 Batch 88/650 - Loss: 1.257051 (Recon: 1.179421, Diff: 0.077630, KL: 0.000482)
2026-02-16 17:39:04,553 - INFO - Epoch 6/100 Batch 89/650 - Loss: 1.260441 (Recon: 1.180498, Diff: 0.079941, KL: 0.002192)
2026-02-16 17:39:05,896 - INFO - Epoch 6/100 Batch 90/650 - Loss: 1.234172 (Recon: 1.168966, Diff: 0.065206, KL: 0.000118)
2026-02-16 17:39:07,169 - INFO - Epoch 6/100 Batch 91/650 - Loss: 1.244100 (Recon: 1.173332, Diff: 0.070766, KL: 0.002987)
2026-02-16 17:39:08,214 - INFO - Epoch 6/100 Batch 92/650 - Loss: 1.281483 (Recon: 1.178725, Diff: 0.102757, KL: 0.001018)
2026-02-16 17:39:09,299 - INFO - Epoch 6/100 Batch 93/650 - Loss: 1.234871 (Recon: 1.179739, Diff: 0.055132, KL: 0.000308)
2026-02-16 17:39:35,638 - INFO - Epoch 6/100 Batch 94/650 - Loss: 1.265961 (Recon: 1.166221, Diff: 0.099738, KL: 0.001351)
2026-02-16 17:39:48,292 - INFO - Epoch 6/100 Batch 95/650 - Loss: 1.257288 (Recon: 1.179219, Diff: 0.078069, KL: 0.000061)
2026-02-16 17:39:49,326 - INFO - Epoch 6/100 Batch 96/650 - Loss: 1.312880 (Recon: 1.172876, Diff: 0.140003, KL: 0.001210)
2026-02-16 17:39:50,622 - INFO - Epoch 6/100 Batch 97/650 - Loss: 1.277424 (Recon: 1.174644, Diff: 0.102779, KL: 0.000409)
2026-02-16 17:39:52,476 - INFO - Epoch 6/100 Batch 98/650 - Loss: 1.348853 (Recon: 1.177356, Diff: 0.171496, KL: 0.001150)
2026-02-16 17:39:53,526 - INFO - Epoch 6/100 Batch 99/650 - Loss: 1.228311 (Recon: 1.173763, Diff: 0.054546, KL: 0.002260)
2026-02-16 17:39:54,599 - INFO - Epoch 6/100 Batch 100/650 - Loss: 1.326281 (Recon: 1.171381, Diff: 0.154899, KL: 0.000857)
2026-02-16 17:39:55,617 - INFO - Epoch 6/100 Batch 101/650 - Loss: 1.265833 (Recon: 1.172166, Diff: 0.093664, KL: 0.002761)
2026-02-16 17:39:58,130 - INFO - Epoch 6/100 Batch 102/650 - Loss: 1.253451 (Recon: 1.177285, Diff: 0.076166, KL: 0.000416)
2026-02-16 17:39:59,213 - INFO - Epoch 6/100 Batch 103/650 - Loss: 1.271152 (Recon: 1.180694, Diff: 0.090454, KL: 0.003146)
2026-02-16 17:40:00,274 - INFO - Epoch 6/100 Batch 104/650 - Loss: 1.346773 (Recon: 1.173883, Diff: 0.172889, KL: 0.000684)
2026-02-16 17:40:01,599 - INFO - Epoch 6/100 Batch 105/650 - Loss: 1.323722 (Recon: 1.179067, Diff: 0.144654, KL: 0.001386)
2026-02-16 17:40:37,153 - INFO - Epoch 6/100 Batch 106/650 - Loss: 1.329244 (Recon: 1.172681, Diff: 0.156563, KL: 0.000717)
2026-02-16 17:40:50,018 - INFO - Epoch 6/100 Batch 107/650 - Loss: 1.260895 (Recon: 1.177176, Diff: 0.083719, KL: 0.000633)
2026-02-16 17:40:51,520 - INFO - Epoch 6/100 Batch 108/650 - Loss: 1.325817 (Recon: 1.176457, Diff: 0.149359, KL: 0.000439)
2026-02-16 17:40:52,690 - INFO - Epoch 6/100 Batch 109/650 - Loss: 1.286066 (Recon: 1.181148, Diff: 0.104917, KL: 0.000423)
2026-02-16 17:40:54,096 - INFO - Epoch 6/100 Batch 110/650 - Loss: 1.290083 (Recon: 1.181148, Diff: 0.108934, KL: 0.000582)
2026-02-16 17:40:55,128 - INFO - Epoch 6/100 Batch 111/650 - Loss: 1.230023 (Recon: 1.170789, Diff: 0.059233, KL: 0.000554)
2026-02-16 17:40:56,157 - INFO - Epoch 6/100 Batch 112/650 - Loss: 1.274908 (Recon: 1.169787, Diff: 0.105119, KL: 0.001326)
2026-02-16 17:40:57,191 - INFO - Epoch 6/100 Batch 113/650 - Loss: 1.212728 (Recon: 1.180537, Diff: 0.032191, KL: 0.000204)
2026-02-16 17:40:58,404 - INFO - Epoch 6/100 Batch 114/650 - Loss: 1.241445 (Recon: 1.172201, Diff: 0.069243, KL: 0.000960)
2026-02-16 17:40:59,429 - INFO - Epoch 6/100 Batch 115/650 - Loss: 1.266123 (Recon: 1.178580, Diff: 0.087543, KL: 0.000265)
2026-02-16 17:41:00,454 - INFO - Epoch 6/100 Batch 116/650 - Loss: 1.284970 (Recon: 1.171531, Diff: 0.113438, KL: 0.000500)
2026-02-16 17:41:01,498 - INFO - Epoch 6/100 Batch 117/650 - Loss: 1.261064 (Recon: 1.175905, Diff: 0.085159, KL: 0.000348)
2026-02-16 17:41:05,782 - INFO - Epoch 6/100 Batch 118/650 - Loss: 1.350484 (Recon: 1.178841, Diff: 0.171643, KL: 0.000205)
2026-02-16 17:41:06,864 - INFO - Epoch 6/100 Batch 119/650 - Loss: 1.248866 (Recon: 1.173130, Diff: 0.075736, KL: 0.000253)
2026-02-16 17:41:07,924 - INFO - Epoch 6/100 Batch 120/650 - Loss: 1.263126 (Recon: 1.178732, Diff: 0.084394, KL: 0.000230)
2026-02-16 17:41:09,035 - INFO - Epoch 6/100 Batch 121/650 - Loss: 1.256230 (Recon: 1.176978, Diff: 0.079252, KL: 0.000363)
2026-02-16 17:41:10,160 - INFO - Epoch 6/100 Batch 122/650 - Loss: 1.272487 (Recon: 1.176085, Diff: 0.096402, KL: 0.000170)
2026-02-16 17:41:11,420 - INFO - Epoch 6/100 Batch 123/650 - Loss: 1.257688 (Recon: 1.175317, Diff: 0.082370, KL: 0.000225)
2026-02-16 17:41:12,459 - INFO - Epoch 6/100 Batch 124/650 - Loss: 1.255765 (Recon: 1.172387, Diff: 0.083377, KL: 0.000573)
2026-02-16 17:41:23,116 - INFO - Epoch 6/100 Batch 125/650 - Loss: 1.278313 (Recon: 1.179167, Diff: 0.099145, KL: 0.000183)
2026-02-16 17:41:25,189 - INFO - Epoch 6/100 Batch 126/650 - Loss: 1.307515 (Recon: 1.176324, Diff: 0.131189, KL: 0.001107)
2026-02-16 17:41:26,278 - INFO - Epoch 6/100 Batch 127/650 - Loss: 1.246207 (Recon: 1.178978, Diff: 0.067229, KL: 0.000424)
2026-02-16 17:41:27,344 - INFO - Epoch 6/100 Batch 128/650 - Loss: 1.295714 (Recon: 1.175922, Diff: 0.119791, KL: 0.000330)
2026-02-16 17:41:28,427 - INFO - Epoch 6/100 Batch 129/650 - Loss: 1.262036 (Recon: 1.179567, Diff: 0.082468, KL: 0.000538)
2026-02-16 17:41:35,578 - INFO - Epoch 6/100 Batch 130/650 - Loss: 1.258619 (Recon: 1.171013, Diff: 0.087606, KL: 0.000333)
2026-02-16 17:41:38,650 - INFO - Epoch 6/100 Batch 131/650 - Loss: 1.274217 (Recon: 1.173220, Diff: 0.100997, KL: 0.000303)
2026-02-16 17:41:39,741 - INFO - Epoch 6/100 Batch 132/650 - Loss: 1.231656 (Recon: 1.172357, Diff: 0.059299, KL: 0.000396)
2026-02-16 17:41:40,887 - INFO - Epoch 6/100 Batch 133/650 - Loss: 1.289457 (Recon: 1.170199, Diff: 0.119257, KL: 0.000858)
2026-02-16 17:41:42,027 - INFO - Epoch 6/100 Batch 134/650 - Loss: 1.267146 (Recon: 1.172374, Diff: 0.094772, KL: 0.000274)
2026-02-16 17:41:43,208 - INFO - Epoch 6/100 Batch 135/650 - Loss: 1.329266 (Recon: 1.175799, Diff: 0.153467, KL: 0.000505)
2026-02-16 17:41:44,284 - INFO - Epoch 6/100 Batch 136/650 - Loss: 1.316383 (Recon: 1.168575, Diff: 0.147808, KL: 0.000617)
2026-02-16 17:41:47,172 - INFO - Epoch 6/100 Batch 137/650 - Loss: 1.240443 (Recon: 1.175943, Diff: 0.064499, KL: 0.000201)
2026-02-16 17:41:48,281 - INFO - Epoch 6/100 Batch 138/650 - Loss: 1.296269 (Recon: 1.172335, Diff: 0.123933, KL: 0.000212)
2026-02-16 17:41:49,662 - INFO - Epoch 6/100 Batch 139/650 - Loss: 1.257929 (Recon: 1.175842, Diff: 0.082086, KL: 0.000207)
2026-02-16 17:41:50,745 - INFO - Epoch 6/100 Batch 140/650 - Loss: 1.255629 (Recon: 1.176057, Diff: 0.079571, KL: 0.000454)
2026-02-16 17:41:51,859 - INFO - Epoch 6/100 Batch 141/650 - Loss: 1.267639 (Recon: 1.173080, Diff: 0.094559, KL: 0.000592)
2026-02-16 17:41:52,983 - INFO - Epoch 6/100 Batch 142/650 - Loss: 1.282276 (Recon: 1.169029, Diff: 0.113246, KL: 0.000165)
2026-02-16 17:41:54,495 - INFO - Epoch 6/100 Batch 143/650 - Loss: 1.235689 (Recon: 1.173108, Diff: 0.062581, KL: 0.000357)
2026-02-16 17:41:55,587 - INFO - Epoch 6/100 Batch 144/650 - Loss: 1.308915 (Recon: 1.178808, Diff: 0.130107, KL: 0.000391)
2026-02-16 17:41:56,652 - INFO - Epoch 6/100 Batch 145/650 - Loss: 1.282781 (Recon: 1.177922, Diff: 0.104859, KL: 0.000371)
2026-02-16 17:41:57,724 - INFO - Epoch 6/100 Batch 146/650 - Loss: 1.268303 (Recon: 1.172808, Diff: 0.095495, KL: 0.001060)
2026-02-16 17:41:58,745 - INFO - Epoch 6/100 Batch 147/650 - Loss: 1.301611 (Recon: 1.173224, Diff: 0.128387, KL: 0.000207)
2026-02-16 17:41:59,771 - INFO - Epoch 6/100 Batch 148/650 - Loss: 1.308627 (Recon: 1.176143, Diff: 0.132483, KL: 0.000896)
2026-02-16 17:42:00,810 - INFO - Epoch 6/100 Batch 149/650 - Loss: 1.329061 (Recon: 1.172837, Diff: 0.156223, KL: 0.000561)
2026-02-16 17:42:01,850 - INFO - Epoch 6/100 Batch 150/650 - Loss: 1.288431 (Recon: 1.170349, Diff: 0.118082, KL: 0.000223)
2026-02-16 17:42:02,910 - INFO - Epoch 6/100 Batch 151/650 - Loss: 1.280661 (Recon: 1.174417, Diff: 0.106244, KL: 0.000401)
2026-02-16 17:42:04,064 - INFO - Epoch 6/100 Batch 152/650 - Loss: 1.270148 (Recon: 1.165625, Diff: 0.104522, KL: 0.000247)
2026-02-16 17:42:05,341 - INFO - Epoch 6/100 Batch 153/650 - Loss: 1.330941 (Recon: 1.178740, Diff: 0.152201, KL: 0.000234)
2026-02-16 17:42:32,024 - INFO - Epoch 6/100 Batch 154/650 - Loss: 1.298888 (Recon: 1.173498, Diff: 0.125390, KL: 0.000259)
2026-02-16 17:42:59,792 - INFO - Epoch 6/100 Batch 155/650 - Loss: 1.272852 (Recon: 1.168913, Diff: 0.103939, KL: 0.000225)
2026-02-16 17:43:00,827 - INFO - Epoch 6/100 Batch 156/650 - Loss: 1.262658 (Recon: 1.176774, Diff: 0.085884, KL: 0.000254)
2026-02-16 17:43:01,928 - INFO - Epoch 6/100 Batch 157/650 - Loss: 1.234117 (Recon: 1.176569, Diff: 0.057548, KL: 0.000137)
2026-02-16 17:43:02,951 - INFO - Epoch 6/100 Batch 158/650 - Loss: 1.338060 (Recon: 1.173892, Diff: 0.164167, KL: 0.000301)
2026-02-16 17:43:04,031 - INFO - Epoch 6/100 Batch 159/650 - Loss: 1.325885 (Recon: 1.161861, Diff: 0.164023, KL: 0.000370)
2026-02-16 17:43:05,097 - INFO - Epoch 6/100 Batch 160/650 - Loss: 1.268742 (Recon: 1.174037, Diff: 0.094704, KL: 0.000562)
2026-02-16 17:43:06,126 - INFO - Epoch 6/100 Batch 161/650 - Loss: 1.272781 (Recon: 1.172244, Diff: 0.100536, KL: 0.000267)
2026-02-16 17:43:07,403 - INFO - Epoch 6/100 Batch 162/650 - Loss: 1.323121 (Recon: 1.170628, Diff: 0.152492, KL: 0.000315)
2026-02-16 17:43:08,528 - INFO - Epoch 6/100 Batch 163/650 - Loss: 1.286797 (Recon: 1.175879, Diff: 0.110918, KL: 0.000252)
2026-02-16 17:43:09,578 - INFO - Epoch 6/100 Batch 164/650 - Loss: 1.233982 (Recon: 1.167412, Diff: 0.066569, KL: 0.000211)
2026-02-16 17:43:10,683 - INFO - Epoch 6/100 Batch 165/650 - Loss: 1.347208 (Recon: 1.177316, Diff: 0.169890, KL: 0.001080)
2026-02-16 17:43:11,762 - INFO - Epoch 6/100 Batch 166/650 - Loss: 1.346807 (Recon: 1.172426, Diff: 0.174381, KL: 0.000913)
2026-02-16 17:43:12,830 - INFO - Epoch 6/100 Batch 167/650 - Loss: 1.314240 (Recon: 1.169666, Diff: 0.144574, KL: 0.000780)
2026-02-16 17:43:13,864 - INFO - Epoch 6/100 Batch 168/650 - Loss: 1.251457 (Recon: 1.173613, Diff: 0.077844, KL: 0.000291)
2026-02-16 17:43:14,902 - INFO - Epoch 6/100 Batch 169/650 - Loss: 1.337540 (Recon: 1.177657, Diff: 0.159882, KL: 0.001139)
2026-02-16 17:43:15,999 - INFO - Epoch 6/100 Batch 170/650 - Loss: 1.268339 (Recon: 1.173892, Diff: 0.094447, KL: 0.000433)
2026-02-16 17:43:17,053 - INFO - Epoch 6/100 Batch 171/650 - Loss: 1.225085 (Recon: 1.176095, Diff: 0.048990, KL: 0.000502)
2026-02-16 17:43:18,169 - INFO - Epoch 6/100 Batch 172/650 - Loss: 1.276299 (Recon: 1.163941, Diff: 0.112357, KL: 0.000861)
2026-02-16 17:43:19,202 - INFO - Epoch 6/100 Batch 173/650 - Loss: 1.298949 (Recon: 1.174186, Diff: 0.124763, KL: 0.000384)
2026-02-16 17:43:20,249 - INFO - Epoch 6/100 Batch 174/650 - Loss: 1.250996 (Recon: 1.171591, Diff: 0.079405, KL: 0.000626)
2026-02-16 17:43:21,307 - INFO - Epoch 6/100 Batch 175/650 - Loss: 1.312860 (Recon: 1.174361, Diff: 0.138498, KL: 0.000353)
2026-02-16 17:43:22,375 - INFO - Epoch 6/100 Batch 176/650 - Loss: 1.361482 (Recon: 1.174394, Diff: 0.187087, KL: 0.000453)
2026-02-16 17:43:33,842 - INFO - Epoch 6/100 Batch 177/650 - Loss: 1.244850 (Recon: 1.170105, Diff: 0.074745, KL: 0.000868)
2026-02-16 17:43:34,953 - INFO - Epoch 6/100 Batch 178/650 - Loss: 1.242216 (Recon: 1.174003, Diff: 0.068213, KL: 0.000159)
2026-02-16 17:43:36,005 - INFO - Epoch 6/100 Batch 179/650 - Loss: 1.292527 (Recon: 1.177505, Diff: 0.115021, KL: 0.000876)
2026-02-16 17:43:37,105 - INFO - Epoch 6/100 Batch 180/650 - Loss: 1.377513 (Recon: 1.170853, Diff: 0.206659, KL: 0.000359)
2026-02-16 17:43:38,893 - INFO - Epoch 6/100 Batch 181/650 - Loss: 1.402933 (Recon: 1.174448, Diff: 0.228484, KL: 0.000452)
2026-02-16 17:43:40,017 - INFO - Epoch 6/100 Batch 182/650 - Loss: 1.337893 (Recon: 1.176282, Diff: 0.161610, KL: 0.000359)
2026-02-16 17:43:41,113 - INFO - Epoch 6/100 Batch 183/650 - Loss: 1.274555 (Recon: 1.169169, Diff: 0.105385, KL: 0.000844)
2026-02-16 17:43:42,231 - INFO - Epoch 6/100 Batch 184/650 - Loss: 1.362801 (Recon: 1.174815, Diff: 0.187985, KL: 0.000564)
2026-02-16 17:43:43,282 - INFO - Epoch 6/100 Batch 185/650 - Loss: 1.270100 (Recon: 1.168656, Diff: 0.101444, KL: 0.000389)
2026-02-16 17:43:44,417 - INFO - Epoch 6/100 Batch 186/650 - Loss: 1.260546 (Recon: 1.173561, Diff: 0.086984, KL: 0.000311)
2026-02-16 17:43:45,534 - INFO - Epoch 6/100 Batch 187/650 - Loss: 1.247473 (Recon: 1.171563, Diff: 0.075909, KL: 0.000254)
2026-02-16 17:43:46,654 - INFO - Epoch 6/100 Batch 188/650 - Loss: 1.268944 (Recon: 1.174810, Diff: 0.094133, KL: 0.000745)
2026-02-16 17:43:47,714 - INFO - Epoch 6/100 Batch 189/650 - Loss: 1.247767 (Recon: 1.177313, Diff: 0.070454, KL: 0.000195)
2026-02-16 17:43:48,866 - INFO - Epoch 6/100 Batch 190/650 - Loss: 1.333812 (Recon: 1.173268, Diff: 0.160543, KL: 0.000708)
2026-02-16 17:43:49,937 - INFO - Epoch 6/100 Batch 191/650 - Loss: 1.296268 (Recon: 1.168504, Diff: 0.127764, KL: 0.000201)
2026-02-16 17:43:51,019 - INFO - Epoch 6/100 Batch 192/650 - Loss: 1.324793 (Recon: 1.175077, Diff: 0.149715, KL: 0.000681)
2026-02-16 17:43:53,792 - INFO - Epoch 6/100 Batch 193/650 - Loss: 1.260595 (Recon: 1.168357, Diff: 0.092237, KL: 0.000556)
2026-02-16 17:43:54,873 - INFO - Epoch 6/100 Batch 194/650 - Loss: 1.241445 (Recon: 1.164853, Diff: 0.076591, KL: 0.000580)
2026-02-16 17:43:56,074 - INFO - Epoch 6/100 Batch 195/650 - Loss: 1.312101 (Recon: 1.173607, Diff: 0.138493, KL: 0.000570)
2026-02-16 17:43:57,166 - INFO - Epoch 6/100 Batch 196/650 - Loss: 1.360301 (Recon: 1.169451, Diff: 0.190850, KL: 0.000449)
2026-02-16 17:43:58,137 - INFO - Epoch 6/100 Batch 197/650 - Loss: 1.296056 (Recon: 1.166042, Diff: 0.130012, KL: 0.001122)
2026-02-16 17:43:59,130 - INFO - Epoch 6/100 Batch 198/650 - Loss: 1.313243 (Recon: 1.172501, Diff: 0.140741, KL: 0.000870)
2026-02-16 17:44:00,165 - INFO - Epoch 6/100 Batch 199/650 - Loss: 1.297759 (Recon: 1.171501, Diff: 0.126257, KL: 0.000754)
2026-02-16 17:44:01,184 - INFO - Epoch 6/100 Batch 200/650 - Loss: 1.289040 (Recon: 1.166226, Diff: 0.122810, KL: 0.003858)
2026-02-16 17:44:02,190 - INFO - Epoch 6/100 Batch 201/650 - Loss: 1.277096 (Recon: 1.175473, Diff: 0.101621, KL: 0.001579)
2026-02-16 17:44:03,174 - INFO - Epoch 6/100 Batch 202/650 - Loss: 1.378929 (Recon: 1.172611, Diff: 0.206317, KL: 0.000544)
2026-02-16 17:44:04,199 - INFO - Epoch 6/100 Batch 203/650 - Loss: 1.283452 (Recon: 1.173615, Diff: 0.109835, KL: 0.002443)
2026-02-16 17:44:11,965 - INFO - Epoch 6/100 Batch 204/650 - Loss: 1.313455 (Recon: 1.172816, Diff: 0.140638, KL: 0.000761)
2026-02-16 17:44:13,130 - INFO - Epoch 6/100 Batch 205/650 - Loss: 1.322764 (Recon: 1.169056, Diff: 0.153705, KL: 0.002402)
2026-02-16 17:44:14,149 - INFO - Epoch 6/100 Batch 206/650 - Loss: 1.322050 (Recon: 1.170513, Diff: 0.151535, KL: 0.002505)
2026-02-16 17:44:15,230 - INFO - Epoch 6/100 Batch 207/650 - Loss: 1.269827 (Recon: 1.159579, Diff: 0.110248, KL: 0.000947)
2026-02-16 17:44:16,289 - INFO - Epoch 6/100 Batch 208/650 - Loss: 1.232969 (Recon: 1.165007, Diff: 0.067957, KL: 0.004200)
2026-02-16 17:44:17,472 - INFO - Epoch 6/100 Batch 209/650 - Loss: 1.307298 (Recon: 1.174035, Diff: 0.133263, KL: 0.000443)
2026-02-16 17:44:18,500 - INFO - Epoch 6/100 Batch 210/650 - Loss: 1.281649 (Recon: 1.165397, Diff: 0.116248, KL: 0.004442)
2026-02-16 17:44:19,566 - INFO - Epoch 6/100 Batch 211/650 - Loss: 1.244651 (Recon: 1.168888, Diff: 0.075762, KL: 0.001673)
2026-02-16 17:44:20,613 - INFO - Epoch 6/100 Batch 212/650 - Loss: 1.314620 (Recon: 1.172714, Diff: 0.141904, KL: 0.003492)
2026-02-16 17:44:21,636 - INFO - Epoch 6/100 Batch 213/650 - Loss: 1.383806 (Recon: 1.166138, Diff: 0.217665, KL: 0.003625)
2026-02-16 17:44:22,687 - INFO - Epoch 6/100 Batch 214/650 - Loss: 1.310931 (Recon: 1.169177, Diff: 0.141752, KL: 0.001982)
2026-02-16 17:44:23,793 - INFO - Epoch 6/100 Batch 215/650 - Loss: 1.244930 (Recon: 1.172931, Diff: 0.071994, KL: 0.004715)
2026-02-16 17:44:24,881 - INFO - Epoch 6/100 Batch 216/650 - Loss: 1.297654 (Recon: 1.166834, Diff: 0.130819, KL: 0.000714)
2026-02-16 17:44:25,902 - INFO - Epoch 6/100 Batch 217/650 - Loss: 1.266540 (Recon: 1.165259, Diff: 0.101273, KL: 0.007981)
2026-02-16 17:44:26,969 - INFO - Epoch 6/100 Batch 218/650 - Loss: 1.292681 (Recon: 1.168612, Diff: 0.124066, KL: 0.003025)
2026-02-16 17:44:28,164 - INFO - Epoch 6/100 Batch 219/650 - Loss: 1.289894 (Recon: 1.168011, Diff: 0.121879, KL: 0.003961)
2026-02-16 17:44:29,182 - INFO - Epoch 6/100 Batch 220/650 - Loss: 1.290706 (Recon: 1.164309, Diff: 0.126393, KL: 0.003237)
2026-02-16 17:44:30,220 - INFO - Epoch 6/100 Batch 221/650 - Loss: 1.258630 (Recon: 1.168918, Diff: 0.089710, KL: 0.002040)
2026-02-16 17:44:31,323 - INFO - Epoch 6/100 Batch 222/650 - Loss: 1.396369 (Recon: 1.173641, Diff: 0.222723, KL: 0.004757)
2026-02-16 17:44:32,503 - INFO - Epoch 6/100 Batch 223/650 - Loss: 1.269256 (Recon: 1.163785, Diff: 0.105469, KL: 0.001388)
2026-02-16 17:44:33,560 - INFO - Epoch 6/100 Batch 224/650 - Loss: 1.267654 (Recon: 1.172117, Diff: 0.095532, KL: 0.005280)
2026-02-16 17:44:34,586 - INFO - Epoch 6/100 Batch 225/650 - Loss: 1.284290 (Recon: 1.169800, Diff: 0.114489, KL: 0.000532)
2026-02-16 17:44:35,672 - INFO - Epoch 6/100 Batch 226/650 - Loss: 1.272537 (Recon: 1.168844, Diff: 0.103690, KL: 0.002661)
2026-02-16 17:44:36,749 - INFO - Epoch 6/100 Batch 227/650 - Loss: 1.283695 (Recon: 1.164772, Diff: 0.118922, KL: 0.000508)
2026-02-16 17:44:37,829 - INFO - Epoch 6/100 Batch 228/650 - Loss: 1.334494 (Recon: 1.168929, Diff: 0.165563, KL: 0.002041)
2026-02-16 17:44:38,860 - INFO - Epoch 6/100 Batch 229/650 - Loss: 1.306900 (Recon: 1.171111, Diff: 0.135788, KL: 0.000471)
2026-02-16 17:44:39,881 - INFO - Epoch 6/100 Batch 230/650 - Loss: 1.336121 (Recon: 1.169621, Diff: 0.166497, KL: 0.002418)
2026-02-16 17:44:40,981 - INFO - Epoch 6/100 Batch 231/650 - Loss: 1.310276 (Recon: 1.168106, Diff: 0.142170, KL: 0.000309)
2026-02-16 17:44:42,066 - INFO - Epoch 6/100 Batch 232/650 - Loss: 1.282788 (Recon: 1.162859, Diff: 0.119926, KL: 0.002571)
2026-02-16 17:44:43,146 - INFO - Epoch 6/100 Batch 233/650 - Loss: 1.241047 (Recon: 1.167202, Diff: 0.073844, KL: 0.000829)
2026-02-16 17:44:44,184 - INFO - Epoch 6/100 Batch 234/650 - Loss: 1.253391 (Recon: 1.172717, Diff: 0.080671, KL: 0.003608)
2026-02-16 17:44:45,263 - INFO - Epoch 6/100 Batch 235/650 - Loss: 1.314804 (Recon: 1.169603, Diff: 0.145201, KL: 0.000338)
2026-02-16 17:44:46,463 - INFO - Epoch 6/100 Batch 236/650 - Loss: 1.293894 (Recon: 1.162398, Diff: 0.131492, KL: 0.003418)
2026-02-16 17:44:52,697 - INFO - Epoch 6/100 Batch 237/650 - Loss: 1.343114 (Recon: 1.170210, Diff: 0.172903, KL: 0.000984)
2026-02-16 17:44:54,103 - INFO - Epoch 6/100 Batch 238/650 - Loss: 1.287284 (Recon: 1.165845, Diff: 0.121437, KL: 0.002218)
2026-02-16 17:44:55,234 - INFO - Epoch 6/100 Batch 239/650 - Loss: 1.249065 (Recon: 1.170700, Diff: 0.078364, KL: 0.000921)
2026-02-16 17:44:56,251 - INFO - Epoch 6/100 Batch 240/650 - Loss: 1.277858 (Recon: 1.162242, Diff: 0.115612, KL: 0.003736)
2026-02-16 17:44:57,319 - INFO - Epoch 6/100 Batch 241/650 - Loss: 1.262722 (Recon: 1.170595, Diff: 0.092126, KL: 0.000714)
2026-02-16 17:45:00,837 - INFO - Epoch 6/100 Batch 242/650 - Loss: 1.270725 (Recon: 1.163275, Diff: 0.107445, KL: 0.004173)
2026-02-16 17:45:01,851 - INFO - Epoch 6/100 Batch 243/650 - Loss: 1.305860 (Recon: 1.166010, Diff: 0.139847, KL: 0.002208)
2026-02-16 17:45:03,603 - INFO - Epoch 6/100 Batch 244/650 - Loss: 1.275572 (Recon: 1.159677, Diff: 0.115892, KL: 0.002800)
2026-02-16 17:45:04,581 - INFO - Epoch 6/100 Batch 245/650 - Loss: 1.339583 (Recon: 1.171054, Diff: 0.168527, KL: 0.002553)
2026-02-16 17:45:07,025 - INFO - Epoch 6/100 Batch 246/650 - Loss: 1.301314 (Recon: 1.166982, Diff: 0.134329, KL: 0.001847)
2026-02-16 17:45:08,054 - INFO - Epoch 6/100 Batch 247/650 - Loss: 1.274601 (Recon: 1.158236, Diff: 0.116361, KL: 0.003056)
2026-02-16 17:45:09,159 - INFO - Epoch 6/100 Batch 248/650 - Loss: 1.255532 (Recon: 1.170387, Diff: 0.085144, KL: 0.000325)
2026-02-16 17:45:10,205 - INFO - Epoch 6/100 Batch 249/650 - Loss: 1.304693 (Recon: 1.164247, Diff: 0.140444, KL: 0.001987)
2026-02-16 17:45:11,245 - INFO - Epoch 6/100 Batch 250/650 - Loss: 1.294130 (Recon: 1.168721, Diff: 0.125408, KL: 0.000646)
2026-02-16 17:45:12,270 - INFO - Epoch 6/100 Batch 251/650 - Loss: 1.286354 (Recon: 1.169886, Diff: 0.116464, KL: 0.003929)
2026-02-16 17:45:13,346 - INFO - Epoch 6/100 Batch 252/650 - Loss: 1.253812 (Recon: 1.174832, Diff: 0.078979, KL: 0.000232)
2026-02-16 17:45:14,433 - INFO - Epoch 6/100 Batch 253/650 - Loss: 1.297225 (Recon: 1.169390, Diff: 0.127832, KL: 0.002972)
2026-02-16 17:45:15,463 - INFO - Epoch 6/100 Batch 254/650 - Loss: 1.284909 (Recon: 1.166780, Diff: 0.118129, KL: 0.000327)
2026-02-16 17:45:16,482 - INFO - Epoch 6/100 Batch 255/650 - Loss: 1.252422 (Recon: 1.163214, Diff: 0.089205, KL: 0.002592)
2026-02-16 17:45:17,519 - INFO - Epoch 6/100 Batch 256/650 - Loss: 1.329259 (Recon: 1.165508, Diff: 0.163750, KL: 0.000783)
2026-02-16 17:45:18,555 - INFO - Epoch 6/100 Batch 257/650 - Loss: 1.248187 (Recon: 1.168786, Diff: 0.079400, KL: 0.001843)
2026-02-16 17:45:19,625 - INFO - Epoch 6/100 Batch 258/650 - Loss: 1.257553 (Recon: 1.172285, Diff: 0.085267, KL: 0.000928)
2026-02-16 17:45:20,697 - INFO - Epoch 6/100 Batch 259/650 - Loss: 1.268611 (Recon: 1.171906, Diff: 0.096704, KL: 0.000247)
2026-02-16 17:45:24,660 - INFO - Epoch 6/100 Batch 260/650 - Loss: 1.286682 (Recon: 1.170717, Diff: 0.115965, KL: 0.000260)
2026-02-16 17:45:25,814 - INFO - Epoch 6/100 Batch 261/650 - Loss: 1.242003 (Recon: 1.170355, Diff: 0.071648, KL: 0.000532)
2026-02-16 17:45:26,853 - INFO - Epoch 6/100 Batch 262/650 - Loss: 1.295416 (Recon: 1.172539, Diff: 0.122877, KL: 0.000215)
2026-02-16 17:45:27,961 - INFO - Epoch 6/100 Batch 263/650 - Loss: 1.232410 (Recon: 1.163728, Diff: 0.068682, KL: 0.000527)
2026-02-16 17:45:29,355 - INFO - Epoch 6/100 Batch 264/650 - Loss: 1.336342 (Recon: 1.164677, Diff: 0.171664, KL: 0.000512)
2026-02-16 17:45:30,462 - INFO - Epoch 6/100 Batch 265/650 - Loss: 1.307061 (Recon: 1.167176, Diff: 0.139885, KL: 0.000341)
2026-02-16 17:45:31,563 - INFO - Epoch 6/100 Batch 266/650 - Loss: 1.281265 (Recon: 1.165267, Diff: 0.115998, KL: 0.000328)
2026-02-16 17:45:32,659 - INFO - Epoch 6/100 Batch 267/650 - Loss: 1.273297 (Recon: 1.167177, Diff: 0.106120, KL: 0.000339)
2026-02-16 17:45:33,744 - INFO - Epoch 6/100 Batch 268/650 - Loss: 1.235980 (Recon: 1.171506, Diff: 0.064473, KL: 0.000854)
2026-02-16 17:45:34,941 - INFO - Epoch 6/100 Batch 269/650 - Loss: 1.272717 (Recon: 1.163753, Diff: 0.108957, KL: 0.007563)
2026-02-16 17:45:36,045 - INFO - Epoch 6/100 Batch 270/650 - Loss: 1.312010 (Recon: 1.171356, Diff: 0.140653, KL: 0.000918)
2026-02-16 17:45:37,109 - INFO - Epoch 6/100 Batch 271/650 - Loss: 1.334439 (Recon: 1.172595, Diff: 0.161844, KL: 0.000183)
2026-02-16 17:45:38,384 - INFO - Epoch 6/100 Batch 272/650 - Loss: 1.235171 (Recon: 1.169865, Diff: 0.065305, KL: 0.000549)
2026-02-16 17:45:39,437 - INFO - Epoch 6/100 Batch 273/650 - Loss: 1.261521 (Recon: 1.167150, Diff: 0.094371, KL: 0.000279)
2026-02-16 17:45:40,505 - INFO - Epoch 6/100 Batch 274/650 - Loss: 1.288399 (Recon: 1.168145, Diff: 0.120254, KL: 0.000345)
2026-02-16 17:45:41,576 - INFO - Epoch 6/100 Batch 275/650 - Loss: 1.313441 (Recon: 1.171790, Diff: 0.141651, KL: 0.000243)
2026-02-16 17:45:43,648 - INFO - Epoch 6/100 Batch 276/650 - Loss: 1.319403 (Recon: 1.159864, Diff: 0.159539, KL: 0.000207)
2026-02-16 17:45:45,384 - INFO - Epoch 6/100 Batch 277/650 - Loss: 1.235240 (Recon: 1.166852, Diff: 0.068388, KL: 0.000658)
2026-02-16 17:45:47,918 - INFO - Epoch 6/100 Batch 278/650 - Loss: 1.250581 (Recon: 1.166177, Diff: 0.084404, KL: 0.000454)
2026-02-16 17:45:49,982 - INFO - Epoch 6/100 Batch 279/650 - Loss: 1.364204 (Recon: 1.169731, Diff: 0.194473, KL: 0.000472)
2026-02-16 17:45:51,698 - INFO - Epoch 6/100 Batch 280/650 - Loss: 1.267166 (Recon: 1.160502, Diff: 0.106663, KL: 0.000195)
2026-02-16 17:45:52,760 - INFO - Epoch 6/100 Batch 281/650 - Loss: 1.323572 (Recon: 1.165373, Diff: 0.158199, KL: 0.000533)
2026-02-16 17:45:56,634 - INFO - Epoch 6/100 Batch 282/650 - Loss: 1.263736 (Recon: 1.166870, Diff: 0.096866, KL: 0.000286)
2026-02-16 17:45:59,562 - INFO - Epoch 6/100 Batch 283/650 - Loss: 1.382231 (Recon: 1.169090, Diff: 0.213140, KL: 0.000306)
2026-02-16 17:46:00,574 - INFO - Epoch 6/100 Batch 284/650 - Loss: 1.288294 (Recon: 1.169058, Diff: 0.119235, KL: 0.000214)
2026-02-16 17:46:01,579 - INFO - Epoch 6/100 Batch 285/650 - Loss: 1.274677 (Recon: 1.171206, Diff: 0.103470, KL: 0.000913)
2026-02-16 17:46:04,898 - INFO - Epoch 6/100 Batch 286/650 - Loss: 1.252828 (Recon: 1.167106, Diff: 0.085722, KL: 0.000444)
2026-02-16 17:46:05,901 - INFO - Epoch 6/100 Batch 287/650 - Loss: 1.284137 (Recon: 1.161205, Diff: 0.122930, KL: 0.001154)
2026-02-16 17:46:06,936 - INFO - Epoch 6/100 Batch 288/650 - Loss: 1.234331 (Recon: 1.168931, Diff: 0.065399, KL: 0.000787)
2026-02-16 17:46:07,936 - INFO - Epoch 6/100 Batch 289/650 - Loss: 1.315973 (Recon: 1.169805, Diff: 0.146167, KL: 0.000429)
2026-02-16 17:46:09,979 - INFO - Epoch 6/100 Batch 290/650 - Loss: 1.256046 (Recon: 1.166873, Diff: 0.089172, KL: 0.001035)
2026-02-16 17:46:11,003 - INFO - Epoch 6/100 Batch 291/650 - Loss: 1.223922 (Recon: 1.164196, Diff: 0.059726, KL: 0.000148)
2026-02-16 17:46:13,251 - INFO - Epoch 6/100 Batch 292/650 - Loss: 1.272166 (Recon: 1.163840, Diff: 0.108319, KL: 0.007391)
2026-02-16 17:46:14,310 - INFO - Epoch 6/100 Batch 293/650 - Loss: 1.260751 (Recon: 1.165440, Diff: 0.095310, KL: 0.001123)
2026-02-16 17:46:15,401 - INFO - Epoch 6/100 Batch 294/650 - Loss: 1.211920 (Recon: 1.164530, Diff: 0.047390, KL: 0.000326)
2026-02-16 17:46:16,466 - INFO - Epoch 6/100 Batch 295/650 - Loss: 1.336983 (Recon: 1.160790, Diff: 0.176193, KL: 0.000783)
2026-02-16 17:46:17,575 - INFO - Epoch 6/100 Batch 296/650 - Loss: 1.251266 (Recon: 1.159968, Diff: 0.091298, KL: 0.000298)
2026-02-16 17:46:18,640 - INFO - Epoch 6/100 Batch 297/650 - Loss: 1.303171 (Recon: 1.167498, Diff: 0.135673, KL: 0.000922)
2026-02-16 17:46:19,711 - INFO - Epoch 6/100 Batch 298/650 - Loss: 1.316802 (Recon: 1.169312, Diff: 0.147490, KL: 0.000181)
2026-02-16 17:46:20,783 - INFO - Epoch 6/100 Batch 299/650 - Loss: 1.283581 (Recon: 1.166256, Diff: 0.117324, KL: 0.000486)
2026-02-16 17:46:21,884 - INFO - Epoch 6/100 Batch 300/650 - Loss: 1.316215 (Recon: 1.155987, Diff: 0.160228, KL: 0.000236)
2026-02-16 17:46:22,949 - INFO - Epoch 6/100 Batch 301/650 - Loss: 1.253726 (Recon: 1.170950, Diff: 0.082776, KL: 0.000331)
2026-02-16 17:46:24,012 - INFO - Epoch 6/100 Batch 302/650 - Loss: 1.399245 (Recon: 1.169118, Diff: 0.230127, KL: 0.000247)
2026-02-16 17:46:25,053 - INFO - Epoch 6/100 Batch 303/650 - Loss: 1.268014 (Recon: 1.159375, Diff: 0.108639, KL: 0.000169)
2026-02-16 17:47:01,606 - INFO - Epoch 6/100 Batch 304/650 - Loss: 1.312393 (Recon: 1.168306, Diff: 0.144087, KL: 0.000201)
2026-02-16 17:47:02,645 - INFO - Epoch 6/100 Batch 305/650 - Loss: 1.280460 (Recon: 1.169684, Diff: 0.110776, KL: 0.000138)
2026-02-16 17:47:04,890 - INFO - Epoch 6/100 Batch 306/650 - Loss: 1.278309 (Recon: 1.168675, Diff: 0.109633, KL: 0.000157)
2026-02-16 17:47:05,908 - INFO - Epoch 6/100 Batch 307/650 - Loss: 1.302503 (Recon: 1.163623, Diff: 0.138880, KL: 0.000325)
2026-02-16 17:47:09,047 - INFO - Epoch 6/100 Batch 308/650 - Loss: 1.340763 (Recon: 1.166026, Diff: 0.174736, KL: 0.000217)
2026-02-16 17:47:10,130 - INFO - Epoch 6/100 Batch 309/650 - Loss: 1.272202 (Recon: 1.169085, Diff: 0.103116, KL: 0.000585)
2026-02-16 17:47:11,175 - INFO - Epoch 6/100 Batch 310/650 - Loss: 1.236586 (Recon: 1.168604, Diff: 0.067981, KL: 0.000464)
2026-02-16 17:47:12,218 - INFO - Epoch 6/100 Batch 311/650 - Loss: 1.242680 (Recon: 1.167187, Diff: 0.075493, KL: 0.000380)
2026-02-16 17:47:22,117 - INFO - Epoch 6/100 Batch 312/650 - Loss: 1.292071 (Recon: 1.169304, Diff: 0.122767, KL: 0.000241)
2026-02-16 17:47:23,339 - INFO - Epoch 6/100 Batch 313/650 - Loss: 1.260972 (Recon: 1.162850, Diff: 0.098122, KL: 0.000484)
2026-02-16 17:47:24,391 - INFO - Epoch 6/100 Batch 314/650 - Loss: 1.259331 (Recon: 1.169587, Diff: 0.089744, KL: 0.000104)
2026-02-16 17:47:25,470 - INFO - Epoch 6/100 Batch 315/650 - Loss: 1.256612 (Recon: 1.162791, Diff: 0.093820, KL: 0.000374)
2026-02-16 17:47:27,225 - INFO - Epoch 6/100 Batch 316/650 - Loss: 1.257366 (Recon: 1.171668, Diff: 0.085697, KL: 0.000111)
2026-02-16 17:47:28,247 - INFO - Epoch 6/100 Batch 317/650 - Loss: 1.238043 (Recon: 1.152832, Diff: 0.085211, KL: 0.000344)
2026-02-16 17:47:29,301 - INFO - Epoch 6/100 Batch 318/650 - Loss: 1.295330 (Recon: 1.165461, Diff: 0.129866, KL: 0.003131)
2026-02-16 17:47:30,365 - INFO - Epoch 6/100 Batch 319/650 - Loss: 1.255047 (Recon: 1.166705, Diff: 0.088342, KL: 0.000221)
2026-02-16 17:47:44,357 - INFO - Epoch 6/100 Batch 320/650 - Loss: 1.218523 (Recon: 1.162668, Diff: 0.055855, KL: 0.000172)
2026-02-16 17:47:45,415 - INFO - Epoch 6/100 Batch 321/650 - Loss: 1.272807 (Recon: 1.169344, Diff: 0.103464, KL: 0.000073)
2026-02-16 17:47:46,632 - INFO - Epoch 6/100 Batch 322/650 - Loss: 1.254166 (Recon: 1.163276, Diff: 0.090889, KL: 0.000219)
2026-02-16 17:47:47,993 - INFO - Epoch 6/100 Batch 323/650 - Loss: 1.303408 (Recon: 1.164806, Diff: 0.138601, KL: 0.000358)
2026-02-16 17:47:49,292 - INFO - Epoch 6/100 Batch 324/650 - Loss: 1.253383 (Recon: 1.167300, Diff: 0.086083, KL: 0.000308)
2026-02-16 17:47:50,394 - INFO - Epoch 6/100 Batch 325/650 - Loss: 1.296071 (Recon: 1.166802, Diff: 0.129269, KL: 0.000191)
2026-02-16 17:47:51,475 - INFO - Epoch 6/100 Batch 326/650 - Loss: 1.263045 (Recon: 1.163442, Diff: 0.099601, KL: 0.001199)
2026-02-16 17:47:52,586 - INFO - Epoch 6/100 Batch 327/650 - Loss: 1.300252 (Recon: 1.165773, Diff: 0.134479, KL: 0.000158)
2026-02-16 17:47:53,669 - INFO - Epoch 6/100 Batch 328/650 - Loss: 1.319287 (Recon: 1.165647, Diff: 0.153640, KL: 0.000357)
2026-02-16 17:47:54,748 - INFO - Epoch 6/100 Batch 329/650 - Loss: 1.282245 (Recon: 1.167002, Diff: 0.115243, KL: 0.000283)
2026-02-16 17:47:55,827 - INFO - Epoch 6/100 Batch 330/650 - Loss: 1.283210 (Recon: 1.169172, Diff: 0.114038, KL: 0.000118)
2026-02-16 17:47:56,870 - INFO - Epoch 6/100 Batch 331/650 - Loss: 1.271070 (Recon: 1.169487, Diff: 0.101581, KL: 0.000949)
2026-02-16 17:47:57,944 - INFO - Epoch 6/100 Batch 332/650 - Loss: 1.292119 (Recon: 1.163676, Diff: 0.128443, KL: 0.000242)
2026-02-16 17:47:59,002 - INFO - Epoch 6/100 Batch 333/650 - Loss: 1.353061 (Recon: 1.165416, Diff: 0.187645, KL: 0.000130)
2026-02-16 17:48:00,076 - INFO - Epoch 6/100 Batch 334/650 - Loss: 1.260152 (Recon: 1.163366, Diff: 0.096785, KL: 0.000187)
2026-02-16 17:48:01,119 - INFO - Epoch 6/100 Batch 335/650 - Loss: 1.344659 (Recon: 1.159528, Diff: 0.185130, KL: 0.000437)
2026-02-16 17:48:02,176 - INFO - Epoch 6/100 Batch 336/650 - Loss: 1.244884 (Recon: 1.165782, Diff: 0.079102, KL: 0.000163)
2026-02-16 17:48:03,202 - INFO - Epoch 6/100 Batch 337/650 - Loss: 1.306347 (Recon: 1.153059, Diff: 0.153287, KL: 0.000652)
2026-02-16 17:48:04,233 - INFO - Epoch 6/100 Batch 338/650 - Loss: 1.297332 (Recon: 1.163602, Diff: 0.133729, KL: 0.000316)
2026-02-16 17:48:05,456 - INFO - Epoch 6/100 Batch 339/650 - Loss: 1.246092 (Recon: 1.159127, Diff: 0.086965, KL: 0.000530)
2026-02-16 17:48:06,500 - INFO - Epoch 6/100 Batch 340/650 - Loss: 1.272737 (Recon: 1.162724, Diff: 0.110012, KL: 0.000289)
2026-02-16 17:48:07,507 - INFO - Epoch 6/100 Batch 341/650 - Loss: 1.243743 (Recon: 1.165327, Diff: 0.078416, KL: 0.000413)
2026-02-16 17:48:08,545 - INFO - Epoch 6/100 Batch 342/650 - Loss: 1.247933 (Recon: 1.166035, Diff: 0.081897, KL: 0.000274)
2026-02-16 17:48:15,378 - INFO - Epoch 6/100 Batch 343/650 - Loss: 1.269239 (Recon: 1.159306, Diff: 0.109932, KL: 0.000603)
2026-02-16 17:48:16,647 - INFO - Epoch 6/100 Batch 344/650 - Loss: 1.252638 (Recon: 1.167894, Diff: 0.084744, KL: 0.000383)
2026-02-16 17:48:19,973 - INFO - Epoch 6/100 Batch 345/650 - Loss: 1.259194 (Recon: 1.168628, Diff: 0.090566, KL: 0.000383)
2026-02-16 17:48:21,139 - INFO - Epoch 6/100 Batch 346/650 - Loss: 1.230884 (Recon: 1.168373, Diff: 0.062511, KL: 0.000243)
2026-02-16 17:48:22,220 - INFO - Epoch 6/100 Batch 347/650 - Loss: 1.237658 (Recon: 1.168186, Diff: 0.069471, KL: 0.000395)
2026-02-16 17:48:23,293 - INFO - Epoch 6/100 Batch 348/650 - Loss: 1.316716 (Recon: 1.161667, Diff: 0.155049, KL: 0.000824)
2026-02-16 17:48:24,308 - INFO - Epoch 6/100 Batch 349/650 - Loss: 1.267934 (Recon: 1.163393, Diff: 0.104541, KL: 0.000172)
2026-02-16 17:48:25,325 - INFO - Epoch 6/100 Batch 350/650 - Loss: 1.290226 (Recon: 1.169848, Diff: 0.120377, KL: 0.000835)
2026-02-16 17:48:26,332 - INFO - Epoch 6/100 Batch 351/650 - Loss: 1.281548 (Recon: 1.169121, Diff: 0.112427, KL: 0.000186)
2026-02-16 17:48:27,369 - INFO - Epoch 6/100 Batch 352/650 - Loss: 1.254625 (Recon: 1.166134, Diff: 0.088491, KL: 0.000164)
2026-02-16 17:48:28,430 - INFO - Epoch 6/100 Batch 353/650 - Loss: 1.248361 (Recon: 1.170211, Diff: 0.078150, KL: 0.000414)
2026-02-16 17:48:29,475 - INFO - Epoch 6/100 Batch 354/650 - Loss: 1.216883 (Recon: 1.162860, Diff: 0.054022, KL: 0.000964)
2026-02-16 17:48:30,514 - INFO - Epoch 6/100 Batch 355/650 - Loss: 1.277815 (Recon: 1.165117, Diff: 0.112697, KL: 0.000179)
2026-02-16 17:48:31,562 - INFO - Epoch 6/100 Batch 356/650 - Loss: 1.280239 (Recon: 1.166375, Diff: 0.113863, KL: 0.000922)
2026-02-16 17:48:32,610 - INFO - Epoch 6/100 Batch 357/650 - Loss: 1.237521 (Recon: 1.165289, Diff: 0.072232, KL: 0.000272)
2026-02-16 17:48:33,654 - INFO - Epoch 6/100 Batch 358/650 - Loss: 1.325481 (Recon: 1.166376, Diff: 0.159105, KL: 0.000536)
2026-02-16 17:48:34,661 - INFO - Epoch 6/100 Batch 359/650 - Loss: 1.247562 (Recon: 1.162167, Diff: 0.085395, KL: 0.000323)
2026-02-16 17:48:35,714 - INFO - Epoch 6/100 Batch 360/650 - Loss: 1.256730 (Recon: 1.164078, Diff: 0.092652, KL: 0.000611)
2026-02-16 17:48:36,809 - INFO - Epoch 6/100 Batch 361/650 - Loss: 1.210361 (Recon: 1.160736, Diff: 0.049625, KL: 0.000402)
2026-02-16 17:48:37,876 - INFO - Epoch 6/100 Batch 362/650 - Loss: 1.256551 (Recon: 1.167064, Diff: 0.089486, KL: 0.000614)
2026-02-16 17:48:38,928 - INFO - Epoch 6/100 Batch 363/650 - Loss: 1.289235 (Recon: 1.162563, Diff: 0.126671, KL: 0.000369)
2026-02-16 17:48:39,982 - INFO - Epoch 6/100 Batch 364/650 - Loss: 1.282103 (Recon: 1.165131, Diff: 0.116971, KL: 0.000480)
2026-02-16 17:48:41,267 - INFO - Epoch 6/100 Batch 365/650 - Loss: 1.254418 (Recon: 1.160263, Diff: 0.094155, KL: 0.000356)
2026-02-16 17:48:42,338 - INFO - Epoch 6/100 Batch 366/650 - Loss: 1.323814 (Recon: 1.163695, Diff: 0.160119, KL: 0.000212)
2026-02-16 17:48:43,410 - INFO - Epoch 6/100 Batch 367/650 - Loss: 1.272089 (Recon: 1.165239, Diff: 0.106849, KL: 0.000513)
2026-02-16 17:48:45,118 - INFO - Epoch 6/100 Batch 368/650 - Loss: 1.276810 (Recon: 1.162829, Diff: 0.113980, KL: 0.000159)
2026-02-16 17:48:46,175 - INFO - Epoch 6/100 Batch 369/650 - Loss: 1.275612 (Recon: 1.165035, Diff: 0.110577, KL: 0.000222)
2026-02-16 17:48:47,321 - INFO - Epoch 6/100 Batch 370/650 - Loss: 1.240780 (Recon: 1.164129, Diff: 0.076651, KL: 0.000250)
2026-02-16 17:48:48,369 - INFO - Epoch 6/100 Batch 371/650 - Loss: 1.250247 (Recon: 1.155386, Diff: 0.094861, KL: 0.000164)
2026-02-16 17:48:49,463 - INFO - Epoch 6/100 Batch 372/650 - Loss: 1.308063 (Recon: 1.162605, Diff: 0.145458, KL: 0.000543)
2026-02-16 17:48:50,553 - INFO - Epoch 6/100 Batch 373/650 - Loss: 1.301053 (Recon: 1.163458, Diff: 0.137596, KL: 0.000204)
2026-02-16 17:48:51,600 - INFO - Epoch 6/100 Batch 374/650 - Loss: 1.390758 (Recon: 1.163878, Diff: 0.226879, KL: 0.000971)
2026-02-16 17:48:52,647 - INFO - Epoch 6/100 Batch 375/650 - Loss: 1.257003 (Recon: 1.161977, Diff: 0.095025, KL: 0.000912)
2026-02-16 17:48:53,703 - INFO - Epoch 6/100 Batch 376/650 - Loss: 1.254102 (Recon: 1.153503, Diff: 0.100598, KL: 0.000232)
2026-02-16 17:48:54,757 - INFO - Epoch 6/100 Batch 377/650 - Loss: 1.269907 (Recon: 1.160019, Diff: 0.109887, KL: 0.000467)
2026-02-16 17:48:55,783 - INFO - Epoch 6/100 Batch 378/650 - Loss: 1.299666 (Recon: 1.162710, Diff: 0.136956, KL: 0.000192)
2026-02-16 17:48:56,814 - INFO - Epoch 6/100 Batch 379/650 - Loss: 1.277759 (Recon: 1.166079, Diff: 0.111680, KL: 0.000443)
2026-02-16 17:49:00,093 - INFO - Epoch 6/100 Batch 380/650 - Loss: 1.268144 (Recon: 1.152889, Diff: 0.115255, KL: 0.000170)
2026-02-16 17:49:01,159 - INFO - Epoch 6/100 Batch 381/650 - Loss: 1.282754 (Recon: 1.160520, Diff: 0.122234, KL: 0.000208)
2026-02-16 17:49:02,210 - INFO - Epoch 6/100 Batch 382/650 - Loss: 1.279665 (Recon: 1.164504, Diff: 0.115161, KL: 0.000157)
2026-02-16 17:49:03,250 - INFO - Epoch 6/100 Batch 383/650 - Loss: 1.291736 (Recon: 1.164147, Diff: 0.127589, KL: 0.000175)
2026-02-16 17:49:04,274 - INFO - Epoch 6/100 Batch 384/650 - Loss: 1.242798 (Recon: 1.154765, Diff: 0.088032, KL: 0.000233)
2026-02-16 17:49:05,284 - INFO - Epoch 6/100 Batch 385/650 - Loss: 1.229598 (Recon: 1.167585, Diff: 0.062013, KL: 0.000571)
2026-02-16 17:49:06,268 - INFO - Epoch 6/100 Batch 386/650 - Loss: 1.261844 (Recon: 1.164850, Diff: 0.096994, KL: 0.000240)
2026-02-16 17:49:08,736 - INFO - Epoch 6/100 Batch 387/650 - Loss: 1.256624 (Recon: 1.161361, Diff: 0.095263, KL: 0.000130)
2026-02-16 17:49:23,342 - INFO - Epoch 6/100 Batch 388/650 - Loss: 1.267443 (Recon: 1.156226, Diff: 0.111216, KL: 0.000101)
2026-02-16 17:49:49,788 - INFO - Epoch 6/100 Batch 389/650 - Loss: 1.287576 (Recon: 1.166332, Diff: 0.121244, KL: 0.000192)
2026-02-16 17:49:50,868 - INFO - Epoch 6/100 Batch 390/650 - Loss: 1.203455 (Recon: 1.164150, Diff: 0.039305, KL: 0.000285)
2026-02-16 17:49:51,910 - INFO - Epoch 6/100 Batch 391/650 - Loss: 1.227076 (Recon: 1.160273, Diff: 0.066802, KL: 0.000216)
2026-02-16 17:49:53,035 - INFO - Epoch 6/100 Batch 392/650 - Loss: 1.269115 (Recon: 1.158579, Diff: 0.110535, KL: 0.000434)
2026-02-16 17:49:54,070 - INFO - Epoch 6/100 Batch 393/650 - Loss: 1.241585 (Recon: 1.154005, Diff: 0.087579, KL: 0.000287)
2026-02-16 17:49:57,653 - INFO - Epoch 6/100 Batch 394/650 - Loss: 1.244904 (Recon: 1.166935, Diff: 0.077968, KL: 0.000095)
2026-02-16 17:49:58,740 - INFO - Epoch 6/100 Batch 395/650 - Loss: 1.248544 (Recon: 1.153368, Diff: 0.095175, KL: 0.000214)
2026-02-16 17:49:59,811 - INFO - Epoch 6/100 Batch 396/650 - Loss: 1.230746 (Recon: 1.160873, Diff: 0.069873, KL: 0.000173)
2026-02-16 17:50:00,982 - INFO - Epoch 6/100 Batch 397/650 - Loss: 1.238653 (Recon: 1.165066, Diff: 0.073587, KL: 0.000089)
2026-02-16 17:50:02,135 - INFO - Epoch 6/100 Batch 398/650 - Loss: 1.300150 (Recon: 1.162518, Diff: 0.137633, KL: 0.000117)
2026-02-16 17:50:03,172 - INFO - Epoch 6/100 Batch 399/650 - Loss: 1.257974 (Recon: 1.162699, Diff: 0.095274, KL: 0.000259)
2026-02-16 17:50:04,395 - INFO - Epoch 6/100 Batch 400/650 - Loss: 1.244520 (Recon: 1.160206, Diff: 0.084314, KL: 0.000157)
2026-02-16 17:50:07,835 - INFO - Epoch 6/100 Batch 401/650 - Loss: 1.227375 (Recon: 1.160110, Diff: 0.067265, KL: 0.000152)
2026-02-16 17:50:08,873 - INFO - Epoch 6/100 Batch 402/650 - Loss: 1.239586 (Recon: 1.163399, Diff: 0.076187, KL: 0.000096)
2026-02-16 17:50:09,894 - INFO - Epoch 6/100 Batch 403/650 - Loss: 1.383637 (Recon: 1.157844, Diff: 0.225793, KL: 0.000202)
2026-02-16 17:50:41,906 - INFO - Epoch 6/100 Batch 404/650 - Loss: 1.321294 (Recon: 1.163255, Diff: 0.158039, KL: 0.000376)
2026-02-16 17:51:17,000 - INFO - Epoch 6/100 Batch 405/650 - Loss: 1.295647 (Recon: 1.154951, Diff: 0.140696, KL: 0.000222)
2026-02-16 17:51:52,600 - INFO - Epoch 6/100 Batch 406/650 - Loss: 1.273580 (Recon: 1.165093, Diff: 0.108486, KL: 0.000595)
2026-02-16 17:52:28,794 - INFO - Epoch 6/100 Batch 407/650 - Loss: 1.267960 (Recon: 1.161928, Diff: 0.106031, KL: 0.000269)
2026-02-16 17:52:30,074 - INFO - Epoch 6/100 Batch 408/650 - Loss: 1.251311 (Recon: 1.166646, Diff: 0.084665, KL: 0.000236)
2026-02-16 17:52:31,175 - INFO - Epoch 6/100 Batch 409/650 - Loss: 1.228477 (Recon: 1.158065, Diff: 0.070411, KL: 0.000391)
2026-02-16 17:52:32,269 - INFO - Epoch 6/100 Batch 410/650 - Loss: 1.233642 (Recon: 1.160584, Diff: 0.073057, KL: 0.000946)
2026-02-16 17:52:33,332 - INFO - Epoch 6/100 Batch 411/650 - Loss: 1.253349 (Recon: 1.160515, Diff: 0.092834, KL: 0.000308)
2026-02-16 17:52:34,464 - INFO - Epoch 6/100 Batch 412/650 - Loss: 1.312722 (Recon: 1.160193, Diff: 0.152528, KL: 0.001330)
2026-02-16 17:52:35,575 - INFO - Epoch 6/100 Batch 413/650 - Loss: 1.248284 (Recon: 1.161528, Diff: 0.086756, KL: 0.000506)
2026-02-16 17:52:36,888 - INFO - Epoch 6/100 Batch 414/650 - Loss: 1.290155 (Recon: 1.163993, Diff: 0.126161, KL: 0.000933)
2026-02-16 17:52:37,935 - INFO - Epoch 6/100 Batch 415/650 - Loss: 1.253135 (Recon: 1.158536, Diff: 0.094598, KL: 0.000880)
2026-02-16 17:52:39,003 - INFO - Epoch 6/100 Batch 416/650 - Loss: 1.291242 (Recon: 1.162249, Diff: 0.128992, KL: 0.000665)
2026-02-16 17:52:40,048 - INFO - Epoch 6/100 Batch 417/650 - Loss: 1.257883 (Recon: 1.158351, Diff: 0.099531, KL: 0.001084)
2026-02-16 17:52:41,094 - INFO - Epoch 6/100 Batch 418/650 - Loss: 1.249158 (Recon: 1.164849, Diff: 0.084309, KL: 0.000527)
2026-02-16 17:52:42,152 - INFO - Epoch 6/100 Batch 419/650 - Loss: 1.264301 (Recon: 1.161769, Diff: 0.102531, KL: 0.001322)
2026-02-16 17:52:43,377 - INFO - Epoch 6/100 Batch 420/650 - Loss: 1.230561 (Recon: 1.164872, Diff: 0.065689, KL: 0.000216)
2026-02-16 17:52:44,474 - INFO - Epoch 6/100 Batch 421/650 - Loss: 1.250255 (Recon: 1.162781, Diff: 0.087473, KL: 0.000627)
2026-02-16 17:52:45,542 - INFO - Epoch 6/100 Batch 422/650 - Loss: 1.236877 (Recon: 1.151919, Diff: 0.084958, KL: 0.000208)
2026-02-16 17:52:46,574 - INFO - Epoch 6/100 Batch 423/650 - Loss: 1.254565 (Recon: 1.160802, Diff: 0.093763, KL: 0.000603)
2026-02-16 17:52:53,233 - INFO - Epoch 6/100 Batch 424/650 - Loss: 1.293397 (Recon: 1.163002, Diff: 0.130394, KL: 0.000551)
2026-02-16 17:52:54,555 - INFO - Epoch 6/100 Batch 425/650 - Loss: 1.265839 (Recon: 1.163898, Diff: 0.101941, KL: 0.000168)
2026-02-16 17:52:55,576 - INFO - Epoch 6/100 Batch 426/650 - Loss: 1.282147 (Recon: 1.163407, Diff: 0.118739, KL: 0.000186)
2026-02-16 17:52:56,594 - INFO - Epoch 6/100 Batch 427/650 - Loss: 1.244591 (Recon: 1.158820, Diff: 0.085770, KL: 0.000186)
2026-02-16 17:52:57,755 - INFO - Epoch 6/100 Batch 428/650 - Loss: 1.340721 (Recon: 1.155174, Diff: 0.185547, KL: 0.000153)
2026-02-16 17:52:58,796 - INFO - Epoch 6/100 Batch 429/650 - Loss: 1.240854 (Recon: 1.155894, Diff: 0.084959, KL: 0.000356)
2026-02-16 17:52:59,829 - INFO - Epoch 6/100 Batch 430/650 - Loss: 1.295448 (Recon: 1.156628, Diff: 0.138819, KL: 0.000456)
2026-02-16 17:53:00,887 - INFO - Epoch 6/100 Batch 431/650 - Loss: 1.320979 (Recon: 1.160112, Diff: 0.160867, KL: 0.000229)
2026-02-16 17:53:11,637 - INFO - Epoch 6/100 Batch 432/650 - Loss: 1.268160 (Recon: 1.165716, Diff: 0.102437, KL: 0.006865)
2026-02-16 17:53:12,644 - INFO - Epoch 6/100 Batch 433/650 - Loss: 1.376218 (Recon: 1.162282, Diff: 0.213935, KL: 0.000734)
2026-02-16 17:53:13,669 - INFO - Epoch 6/100 Batch 434/650 - Loss: 1.243080 (Recon: 1.161085, Diff: 0.081994, KL: 0.000397)
2026-02-16 17:53:14,704 - INFO - Epoch 6/100 Batch 435/650 - Loss: 1.308004 (Recon: 1.153944, Diff: 0.154059, KL: 0.000915)
2026-02-16 17:53:15,718 - INFO - Epoch 6/100 Batch 436/650 - Loss: 1.279020 (Recon: 1.155416, Diff: 0.123604, KL: 0.000290)
2026-02-16 17:53:16,703 - INFO - Epoch 6/100 Batch 437/650 - Loss: 1.271267 (Recon: 1.158033, Diff: 0.113233, KL: 0.001249)
2026-02-16 17:53:17,766 - INFO - Epoch 6/100 Batch 438/650 - Loss: 1.219001 (Recon: 1.162668, Diff: 0.056333, KL: 0.000139)
2026-02-16 17:53:18,761 - INFO - Epoch 6/100 Batch 439/650 - Loss: 1.236778 (Recon: 1.163597, Diff: 0.073179, KL: 0.001399)
2026-02-16 17:53:19,841 - INFO - Epoch 6/100 Batch 440/650 - Loss: 1.259052 (Recon: 1.151779, Diff: 0.107272, KL: 0.000582)
2026-02-16 17:53:24,033 - INFO - Epoch 6/100 Batch 441/650 - Loss: 1.241288 (Recon: 1.162284, Diff: 0.079004, KL: 0.000357)
2026-02-16 17:53:25,292 - INFO - Epoch 6/100 Batch 442/650 - Loss: 1.311551 (Recon: 1.164467, Diff: 0.147083, KL: 0.001081)
2026-02-16 17:53:28,989 - INFO - Epoch 6/100 Batch 443/650 - Loss: 1.200543 (Recon: 1.161262, Diff: 0.039280, KL: 0.000263)
2026-02-16 17:53:30,316 - INFO - Epoch 6/100 Batch 444/650 - Loss: 1.264184 (Recon: 1.164723, Diff: 0.099460, KL: 0.000704)
2026-02-16 17:53:31,462 - INFO - Epoch 6/100 Batch 445/650 - Loss: 1.281967 (Recon: 1.164900, Diff: 0.117067, KL: 0.000338)
2026-02-16 17:53:32,563 - INFO - Epoch 6/100 Batch 446/650 - Loss: 1.308836 (Recon: 1.161708, Diff: 0.147127, KL: 0.000682)
2026-02-16 17:53:33,920 - INFO - Epoch 6/100 Batch 447/650 - Loss: 1.244660 (Recon: 1.156889, Diff: 0.087771, KL: 0.000400)
2026-02-16 17:53:35,022 - INFO - Epoch 6/100 Batch 448/650 - Loss: 1.229183 (Recon: 1.154717, Diff: 0.074465, KL: 0.000800)
2026-02-16 17:53:36,443 - INFO - Epoch 6/100 Batch 449/650 - Loss: 1.261736 (Recon: 1.161772, Diff: 0.099963, KL: 0.001335)
2026-02-16 17:53:42,919 - INFO - Epoch 6/100 Batch 450/650 - Loss: 1.230501 (Recon: 1.161009, Diff: 0.069491, KL: 0.000182)
2026-02-16 17:53:44,074 - INFO - Epoch 6/100 Batch 451/650 - Loss: 1.256146 (Recon: 1.158570, Diff: 0.097575, KL: 0.001317)
2026-02-16 17:53:45,101 - INFO - Epoch 6/100 Batch 452/650 - Loss: 1.322190 (Recon: 1.161107, Diff: 0.161083, KL: 0.000173)
2026-02-16 17:53:46,132 - INFO - Epoch 6/100 Batch 453/650 - Loss: 1.307130 (Recon: 1.156983, Diff: 0.150145, KL: 0.001738)
2026-02-16 17:53:47,256 - INFO - Epoch 6/100 Batch 454/650 - Loss: 1.273721 (Recon: 1.156855, Diff: 0.116866, KL: 0.000187)
2026-02-16 17:54:12,857 - INFO - Epoch 6/100 Batch 455/650 - Loss: 1.270058 (Recon: 1.162062, Diff: 0.107995, KL: 0.001325)
2026-02-16 17:54:13,879 - INFO - Epoch 6/100 Batch 456/650 - Loss: 1.224916 (Recon: 1.157222, Diff: 0.067694, KL: 0.000273)
2026-02-16 17:54:15,210 - INFO - Epoch 6/100 Batch 457/650 - Loss: 1.231466 (Recon: 1.159978, Diff: 0.071486, KL: 0.001766)
2026-02-16 17:54:16,499 - INFO - Epoch 6/100 Batch 458/650 - Loss: 1.283948 (Recon: 1.162390, Diff: 0.121558, KL: 0.000257)
2026-02-16 17:54:17,754 - INFO - Epoch 6/100 Batch 459/650 - Loss: 1.269936 (Recon: 1.153241, Diff: 0.116693, KL: 0.001768)
2026-02-16 17:54:19,212 - INFO - Epoch 6/100 Batch 460/650 - Loss: 1.274041 (Recon: 1.160011, Diff: 0.114030, KL: 0.000223)
2026-02-16 17:54:20,281 - INFO - Epoch 6/100 Batch 461/650 - Loss: 1.293213 (Recon: 1.156567, Diff: 0.136645, KL: 0.001282)
2026-02-16 17:54:21,628 - INFO - Epoch 6/100 Batch 462/650 - Loss: 1.319771 (Recon: 1.161944, Diff: 0.157827, KL: 0.000626)
2026-02-16 17:54:22,687 - INFO - Epoch 6/100 Batch 463/650 - Loss: 1.227343 (Recon: 1.159715, Diff: 0.067627, KL: 0.000640)
2026-02-16 17:54:25,901 - INFO - Epoch 6/100 Batch 464/650 - Loss: 1.336843 (Recon: 1.156032, Diff: 0.180810, KL: 0.000664)
2026-02-16 17:54:27,016 - INFO - Epoch 6/100 Batch 465/650 - Loss: 1.224224 (Recon: 1.152854, Diff: 0.071370, KL: 0.000529)
2026-02-16 17:54:32,758 - INFO - Epoch 6/100 Batch 466/650 - Loss: 1.302879 (Recon: 1.159107, Diff: 0.143772, KL: 0.000251)
2026-02-16 17:54:43,769 - INFO - Epoch 6/100 Batch 467/650 - Loss: 1.305374 (Recon: 1.162150, Diff: 0.143223, KL: 0.001021)
2026-02-16 17:54:45,692 - INFO - Epoch 6/100 Batch 468/650 - Loss: 1.309767 (Recon: 1.163281, Diff: 0.146486, KL: 0.000140)
2026-02-16 17:54:46,823 - INFO - Epoch 6/100 Batch 469/650 - Loss: 1.215227 (Recon: 1.157807, Diff: 0.057420, KL: 0.000118)
2026-02-16 17:54:47,914 - INFO - Epoch 6/100 Batch 470/650 - Loss: 1.293271 (Recon: 1.159263, Diff: 0.134007, KL: 0.000814)
2026-02-16 17:54:49,138 - INFO - Epoch 6/100 Batch 471/650 - Loss: 1.277813 (Recon: 1.162262, Diff: 0.115551, KL: 0.000348)
2026-02-16 17:54:50,274 - INFO - Epoch 6/100 Batch 472/650 - Loss: 1.208482 (Recon: 1.161544, Diff: 0.046938, KL: 0.000273)
2026-02-16 17:54:51,394 - INFO - Epoch 6/100 Batch 473/650 - Loss: 1.243115 (Recon: 1.153279, Diff: 0.089836, KL: 0.000242)
2026-02-16 17:54:52,488 - INFO - Epoch 6/100 Batch 474/650 - Loss: 1.237398 (Recon: 1.159723, Diff: 0.077674, KL: 0.000564)
2026-02-16 17:54:53,945 - INFO - Epoch 6/100 Batch 475/650 - Loss: 1.286071 (Recon: 1.154048, Diff: 0.132023, KL: 0.000127)
2026-02-16 17:54:55,003 - INFO - Epoch 6/100 Batch 476/650 - Loss: 1.329822 (Recon: 1.162248, Diff: 0.167574, KL: 0.000244)
2026-02-16 17:54:57,629 - INFO - Epoch 6/100 Batch 477/650 - Loss: 1.239411 (Recon: 1.157358, Diff: 0.082053, KL: 0.000200)
2026-02-16 17:54:59,069 - INFO - Epoch 6/100 Batch 478/650 - Loss: 1.211632 (Recon: 1.162551, Diff: 0.049080, KL: 0.000150)
2026-02-16 17:55:00,629 - INFO - Epoch 6/100 Batch 479/650 - Loss: 1.242955 (Recon: 1.155660, Diff: 0.087295, KL: 0.000237)
2026-02-16 17:55:01,688 - INFO - Epoch 6/100 Batch 480/650 - Loss: 1.224489 (Recon: 1.163476, Diff: 0.061012, KL: 0.000099)
2026-02-16 17:55:03,578 - INFO - Epoch 6/100 Batch 481/650 - Loss: 1.258621 (Recon: 1.159656, Diff: 0.098966, KL: 0.000163)
2026-02-16 17:55:05,232 - INFO - Epoch 6/100 Batch 482/650 - Loss: 1.304450 (Recon: 1.152444, Diff: 0.152005, KL: 0.000158)
2026-02-16 17:55:06,777 - INFO - Epoch 6/100 Batch 483/650 - Loss: 1.306369 (Recon: 1.158823, Diff: 0.147542, KL: 0.004182)
2026-02-16 17:55:07,829 - INFO - Epoch 6/100 Batch 484/650 - Loss: 1.262349 (Recon: 1.151675, Diff: 0.110673, KL: 0.000567)
2026-02-16 17:55:08,957 - INFO - Epoch 6/100 Batch 485/650 - Loss: 1.265161 (Recon: 1.159079, Diff: 0.106082, KL: 0.000133)
2026-02-16 17:55:10,253 - INFO - Epoch 6/100 Batch 486/650 - Loss: 1.302470 (Recon: 1.157369, Diff: 0.145100, KL: 0.000741)
2026-02-16 17:55:12,070 - INFO - Epoch 6/100 Batch 487/650 - Loss: 1.302010 (Recon: 1.149698, Diff: 0.152311, KL: 0.000182)
2026-02-16 17:55:13,071 - INFO - Epoch 6/100 Batch 488/650 - Loss: 1.202937 (Recon: 1.151152, Diff: 0.051784, KL: 0.000992)
2026-02-16 17:55:14,070 - INFO - Epoch 6/100 Batch 489/650 - Loss: 1.242602 (Recon: 1.156275, Diff: 0.086327, KL: 0.000255)
2026-02-16 17:55:15,616 - INFO - Epoch 6/100 Batch 490/650 - Loss: 1.235845 (Recon: 1.155337, Diff: 0.080507, KL: 0.000570)
2026-02-16 17:55:16,611 - INFO - Epoch 6/100 Batch 491/650 - Loss: 1.299673 (Recon: 1.157629, Diff: 0.142044, KL: 0.000175)
2026-02-16 17:55:17,650 - INFO - Epoch 6/100 Batch 492/650 - Loss: 1.243099 (Recon: 1.156894, Diff: 0.086205, KL: 0.000469)
2026-02-16 17:55:18,640 - INFO - Epoch 6/100 Batch 493/650 - Loss: 1.235518 (Recon: 1.163564, Diff: 0.071953, KL: 0.000308)
2026-02-16 17:55:19,636 - INFO - Epoch 6/100 Batch 494/650 - Loss: 1.204230 (Recon: 1.152088, Diff: 0.052142, KL: 0.000392)
2026-02-16 17:55:20,648 - INFO - Epoch 6/100 Batch 495/650 - Loss: 1.267875 (Recon: 1.156726, Diff: 0.111148, KL: 0.000192)
2026-02-16 17:55:27,070 - INFO - Epoch 6/100 Batch 496/650 - Loss: 1.312821 (Recon: 1.159034, Diff: 0.153787, KL: 0.000217)
2026-02-16 17:55:28,090 - INFO - Epoch 6/100 Batch 497/650 - Loss: 1.288751 (Recon: 1.159576, Diff: 0.129174, KL: 0.000384)
2026-02-16 17:55:29,940 - INFO - Epoch 6/100 Batch 498/650 - Loss: 1.233336 (Recon: 1.155897, Diff: 0.077439, KL: 0.000173)
2026-02-16 17:55:31,031 - INFO - Epoch 6/100 Batch 499/650 - Loss: 1.243246 (Recon: 1.154597, Diff: 0.088649, KL: 0.000105)
2026-02-16 17:55:32,161 - INFO - Epoch 6/100 Batch 500/650 - Loss: 1.290572 (Recon: 1.148442, Diff: 0.142130, KL: 0.000588)
2026-02-16 17:55:33,196 - INFO - Epoch 6/100 Batch 501/650 - Loss: 1.303807 (Recon: 1.151821, Diff: 0.151986, KL: 0.000592)
2026-02-16 17:55:34,218 - INFO - Epoch 6/100 Batch 502/650 - Loss: 1.244522 (Recon: 1.155763, Diff: 0.088756, KL: 0.003026)
2026-02-16 17:55:35,313 - INFO - Epoch 6/100 Batch 503/650 - Loss: 1.272837 (Recon: 1.158532, Diff: 0.114304, KL: 0.000541)
2026-02-16 17:55:56,655 - INFO - Epoch 6/100 Batch 504/650 - Loss: 1.291783 (Recon: 1.153189, Diff: 0.138594, KL: 0.000178)
2026-02-16 17:55:57,858 - INFO - Epoch 6/100 Batch 505/650 - Loss: 1.267600 (Recon: 1.160290, Diff: 0.107309, KL: 0.000254)
2026-02-16 17:55:58,927 - INFO - Epoch 6/100 Batch 506/650 - Loss: 1.227737 (Recon: 1.155347, Diff: 0.072390, KL: 0.000201)
2026-02-16 17:56:00,033 - INFO - Epoch 6/100 Batch 507/650 - Loss: 1.220582 (Recon: 1.155758, Diff: 0.064824, KL: 0.000278)
2026-02-16 17:56:01,085 - INFO - Epoch 6/100 Batch 508/650 - Loss: 1.266976 (Recon: 1.151374, Diff: 0.115602, KL: 0.000347)
2026-02-16 17:56:02,161 - INFO - Epoch 6/100 Batch 509/650 - Loss: 1.237442 (Recon: 1.156978, Diff: 0.080463, KL: 0.000158)
2026-02-16 17:56:03,233 - INFO - Epoch 6/100 Batch 510/650 - Loss: 1.236184 (Recon: 1.156592, Diff: 0.079592, KL: 0.000473)
2026-02-16 17:56:04,366 - INFO - Epoch 6/100 Batch 511/650 - Loss: 1.306870 (Recon: 1.159686, Diff: 0.147183, KL: 0.000225)
2026-02-16 17:56:18,209 - INFO - Epoch 6/100 Batch 512/650 - Loss: 1.257876 (Recon: 1.155471, Diff: 0.102404, KL: 0.000329)
2026-02-16 17:56:19,206 - INFO - Epoch 6/100 Batch 513/650 - Loss: 1.299828 (Recon: 1.155338, Diff: 0.144490, KL: 0.000129)
2026-02-16 17:56:20,245 - INFO - Epoch 6/100 Batch 514/650 - Loss: 1.282854 (Recon: 1.152884, Diff: 0.129969, KL: 0.000292)
2026-02-16 17:56:21,263 - INFO - Epoch 6/100 Batch 515/650 - Loss: 1.279745 (Recon: 1.150558, Diff: 0.129187, KL: 0.000139)
2026-02-16 17:56:22,250 - INFO - Epoch 6/100 Batch 516/650 - Loss: 1.236358 (Recon: 1.160446, Diff: 0.075910, KL: 0.001687)
2026-02-16 17:56:23,299 - INFO - Epoch 6/100 Batch 517/650 - Loss: 1.286365 (Recon: 1.160431, Diff: 0.125933, KL: 0.000638)
2026-02-16 17:56:24,498 - INFO - Epoch 6/100 Batch 518/650 - Loss: 1.241482 (Recon: 1.155999, Diff: 0.085482, KL: 0.000260)
2026-02-16 17:56:25,622 - INFO - Epoch 6/100 Batch 519/650 - Loss: 1.261623 (Recon: 1.159291, Diff: 0.102331, KL: 0.000634)
2026-02-16 17:56:26,715 - INFO - Epoch 6/100 Batch 520/650 - Loss: 1.306397 (Recon: 1.158170, Diff: 0.148226, KL: 0.000149)
2026-02-16 17:56:27,764 - INFO - Epoch 6/100 Batch 521/650 - Loss: 1.305263 (Recon: 1.155127, Diff: 0.150134, KL: 0.001858)
2026-02-16 17:56:28,789 - INFO - Epoch 6/100 Batch 522/650 - Loss: 1.250744 (Recon: 1.158814, Diff: 0.091929, KL: 0.000321)
2026-02-16 17:56:29,933 - INFO - Epoch 6/100 Batch 523/650 - Loss: 1.243225 (Recon: 1.156710, Diff: 0.086514, KL: 0.000902)
2026-02-16 17:56:30,975 - INFO - Epoch 6/100 Batch 524/650 - Loss: 1.276639 (Recon: 1.161582, Diff: 0.115057, KL: 0.000467)
2026-02-16 17:56:32,041 - INFO - Epoch 6/100 Batch 525/650 - Loss: 1.282870 (Recon: 1.157658, Diff: 0.125211, KL: 0.000626)
2026-02-16 17:56:33,019 - INFO - Epoch 6/100 Batch 526/650 - Loss: 1.248128 (Recon: 1.160184, Diff: 0.087942, KL: 0.001059)
2026-02-16 17:56:34,121 - INFO - Epoch 6/100 Batch 527/650 - Loss: 1.268204 (Recon: 1.148388, Diff: 0.119816, KL: 0.000216)
2026-02-16 17:56:35,114 - INFO - Epoch 6/100 Batch 528/650 - Loss: 1.271407 (Recon: 1.156207, Diff: 0.115199, KL: 0.001081)
2026-02-16 17:57:01,239 - INFO - Epoch 6/100 Batch 529/650 - Loss: 1.248660 (Recon: 1.161943, Diff: 0.086716, KL: 0.000468)
2026-02-16 17:57:02,266 - INFO - Epoch 6/100 Batch 530/650 - Loss: 1.260382 (Recon: 1.161658, Diff: 0.098723, KL: 0.000363)
2026-02-16 17:57:03,399 - INFO - Epoch 6/100 Batch 531/650 - Loss: 1.287692 (Recon: 1.155181, Diff: 0.132511, KL: 0.000435)
2026-02-16 17:57:04,415 - INFO - Epoch 6/100 Batch 532/650 - Loss: 1.218094 (Recon: 1.161477, Diff: 0.056617, KL: 0.000251)
2026-02-16 17:57:05,489 - INFO - Epoch 6/100 Batch 533/650 - Loss: 1.287731 (Recon: 1.157930, Diff: 0.129799, KL: 0.002372)
2026-02-16 17:57:06,502 - INFO - Epoch 6/100 Batch 534/650 - Loss: 1.339465 (Recon: 1.160327, Diff: 0.179138, KL: 0.000205)
2026-02-16 17:57:07,621 - INFO - Epoch 6/100 Batch 535/650 - Loss: 1.280129 (Recon: 1.152685, Diff: 0.127444, KL: 0.000347)
2026-02-16 17:57:08,704 - INFO - Epoch 6/100 Batch 536/650 - Loss: 1.288629 (Recon: 1.156976, Diff: 0.131653, KL: 0.000201)
2026-02-16 17:57:09,760 - INFO - Epoch 6/100 Batch 537/650 - Loss: 1.286793 (Recon: 1.158892, Diff: 0.127901, KL: 0.000218)
2026-02-16 17:57:10,827 - INFO - Epoch 6/100 Batch 538/650 - Loss: 1.282574 (Recon: 1.150161, Diff: 0.132412, KL: 0.000392)
2026-02-16 17:57:12,192 - INFO - Epoch 6/100 Batch 539/650 - Loss: 1.208682 (Recon: 1.151242, Diff: 0.057440, KL: 0.000171)
2026-02-16 17:57:13,257 - INFO - Epoch 6/100 Batch 540/650 - Loss: 1.217028 (Recon: 1.157626, Diff: 0.059402, KL: 0.000412)
2026-02-16 17:57:14,355 - INFO - Epoch 6/100 Batch 541/650 - Loss: 1.291099 (Recon: 1.155366, Diff: 0.135733, KL: 0.000220)
2026-02-16 17:57:15,376 - INFO - Epoch 6/100 Batch 542/650 - Loss: 1.260449 (Recon: 1.159656, Diff: 0.100793, KL: 0.000456)
2026-02-16 17:57:16,431 - INFO - Epoch 6/100 Batch 543/650 - Loss: 1.336561 (Recon: 1.156592, Diff: 0.179969, KL: 0.000159)
2026-02-16 17:57:18,575 - INFO - Epoch 6/100 Batch 544/650 - Loss: 1.236771 (Recon: 1.156368, Diff: 0.080403, KL: 0.000314)
2026-02-16 17:57:19,584 - INFO - Epoch 6/100 Batch 545/650 - Loss: 1.224494 (Recon: 1.155393, Diff: 0.069101, KL: 0.000123)
2026-02-16 17:57:20,624 - INFO - Epoch 6/100 Batch 546/650 - Loss: 1.247931 (Recon: 1.145865, Diff: 0.102065, KL: 0.000966)
2026-02-16 17:57:21,646 - INFO - Epoch 6/100 Batch 547/650 - Loss: 1.241739 (Recon: 1.158726, Diff: 0.083012, KL: 0.000927)
2026-02-16 17:57:29,833 - INFO - Epoch 6/100 Batch 548/650 - Loss: 1.274691 (Recon: 1.157043, Diff: 0.117647, KL: 0.000176)
2026-02-16 17:58:05,463 - INFO - Epoch 6/100 Batch 549/650 - Loss: 1.234037 (Recon: 1.155416, Diff: 0.078619, KL: 0.001070)
2026-02-16 17:58:20,310 - INFO - Epoch 6/100 Batch 550/650 - Loss: 1.299559 (Recon: 1.156836, Diff: 0.142724, KL: 0.000266)
2026-02-16 17:58:21,391 - INFO - Epoch 6/100 Batch 551/650 - Loss: 1.212078 (Recon: 1.153516, Diff: 0.058561, KL: 0.000828)
2026-02-16 17:58:22,878 - INFO - Epoch 6/100 Batch 552/650 - Loss: 1.258662 (Recon: 1.157744, Diff: 0.100917, KL: 0.000227)
2026-02-16 17:58:24,212 - INFO - Epoch 6/100 Batch 553/650 - Loss: 1.287608 (Recon: 1.151639, Diff: 0.135968, KL: 0.000694)
2026-02-16 17:58:25,420 - INFO - Epoch 6/100 Batch 554/650 - Loss: 1.242501 (Recon: 1.156954, Diff: 0.085547, KL: 0.000384)
2026-02-16 17:58:26,493 - INFO - Epoch 6/100 Batch 555/650 - Loss: 1.216077 (Recon: 1.160049, Diff: 0.056028, KL: 0.000580)
2026-02-16 17:58:28,012 - INFO - Epoch 6/100 Batch 556/650 - Loss: 1.305425 (Recon: 1.159094, Diff: 0.146330, KL: 0.000833)
2026-02-16 17:58:37,407 - INFO - Epoch 6/100 Batch 557/650 - Loss: 1.206772 (Recon: 1.155889, Diff: 0.050883, KL: 0.000328)
2026-02-16 17:58:38,476 - INFO - Epoch 6/100 Batch 558/650 - Loss: 1.300151 (Recon: 1.150469, Diff: 0.149681, KL: 0.000685)
2026-02-16 17:58:39,560 - INFO - Epoch 6/100 Batch 559/650 - Loss: 1.252812 (Recon: 1.156615, Diff: 0.096195, KL: 0.001388)
2026-02-16 17:58:42,447 - INFO - Epoch 6/100 Batch 560/650 - Loss: 1.251112 (Recon: 1.144261, Diff: 0.106849, KL: 0.001429)
2026-02-16 17:58:57,202 - INFO - Epoch 6/100 Batch 561/650 - Loss: 1.294535 (Recon: 1.156089, Diff: 0.138446, KL: 0.000329)
2026-02-16 17:58:59,959 - INFO - Epoch 6/100 Batch 562/650 - Loss: 1.283217 (Recon: 1.160512, Diff: 0.122704, KL: 0.000727)
2026-02-16 17:59:01,007 - INFO - Epoch 6/100 Batch 563/650 - Loss: 1.326477 (Recon: 1.143255, Diff: 0.183222, KL: 0.000400)
2026-02-16 17:59:02,063 - INFO - Epoch 6/100 Batch 564/650 - Loss: 1.292919 (Recon: 1.157821, Diff: 0.135098, KL: 0.000465)
2026-02-16 17:59:03,118 - INFO - Epoch 6/100 Batch 565/650 - Loss: 1.272252 (Recon: 1.159836, Diff: 0.112415, KL: 0.000558)
2026-02-16 17:59:04,171 - INFO - Epoch 6/100 Batch 566/650 - Loss: 1.233434 (Recon: 1.147801, Diff: 0.085633, KL: 0.000078)
2026-02-16 17:59:05,206 - INFO - Epoch 6/100 Batch 567/650 - Loss: 1.299637 (Recon: 1.157600, Diff: 0.142037, KL: 0.000738)
2026-02-16 17:59:06,228 - INFO - Epoch 6/100 Batch 568/650 - Loss: 1.305086 (Recon: 1.154024, Diff: 0.151062, KL: 0.000480)
2026-02-16 17:59:09,915 - INFO - Epoch 6/100 Batch 569/650 - Loss: 1.279931 (Recon: 1.151117, Diff: 0.128813, KL: 0.000571)
2026-02-16 17:59:10,944 - INFO - Epoch 6/100 Batch 570/650 - Loss: 1.330385 (Recon: 1.156188, Diff: 0.174197, KL: 0.000318)
2026-02-16 17:59:11,993 - INFO - Epoch 6/100 Batch 571/650 - Loss: 1.260528 (Recon: 1.160327, Diff: 0.100201, KL: 0.000154)
2026-02-16 17:59:13,036 - INFO - Epoch 6/100 Batch 572/650 - Loss: 1.262271 (Recon: 1.157433, Diff: 0.104838, KL: 0.000098)
2026-02-16 17:59:14,086 - INFO - Epoch 6/100 Batch 573/650 - Loss: 1.201988 (Recon: 1.153746, Diff: 0.048242, KL: 0.000136)
2026-02-16 17:59:15,122 - INFO - Epoch 6/100 Batch 574/650 - Loss: 1.231512 (Recon: 1.155641, Diff: 0.075871, KL: 0.000231)
2026-02-16 17:59:16,180 - INFO - Epoch 6/100 Batch 575/650 - Loss: 1.253347 (Recon: 1.154444, Diff: 0.098903, KL: 0.000205)
2026-02-16 17:59:17,252 - INFO - Epoch 6/100 Batch 576/650 - Loss: 1.233895 (Recon: 1.159605, Diff: 0.074290, KL: 0.000382)
2026-02-16 17:59:18,340 - INFO - Epoch 6/100 Batch 577/650 - Loss: 1.289866 (Recon: 1.153002, Diff: 0.136864, KL: 0.000436)
2026-02-16 17:59:19,384 - INFO - Epoch 6/100 Batch 578/650 - Loss: 1.282080 (Recon: 1.148016, Diff: 0.134064, KL: 0.000227)
2026-02-16 17:59:20,384 - INFO - Epoch 6/100 Batch 579/650 - Loss: 1.295529 (Recon: 1.145146, Diff: 0.150382, KL: 0.000622)
2026-02-16 17:59:21,410 - INFO - Epoch 6/100 Batch 580/650 - Loss: 1.277793 (Recon: 1.156630, Diff: 0.121162, KL: 0.000883)
2026-02-16 17:59:22,469 - INFO - Epoch 6/100 Batch 581/650 - Loss: 1.222869 (Recon: 1.152876, Diff: 0.069993, KL: 0.000160)
2026-02-16 17:59:23,494 - INFO - Epoch 6/100 Batch 582/650 - Loss: 1.289107 (Recon: 1.155000, Diff: 0.134106, KL: 0.000738)
2026-02-16 17:59:24,498 - INFO - Epoch 6/100 Batch 583/650 - Loss: 1.338647 (Recon: 1.142139, Diff: 0.196508, KL: 0.000106)
2026-02-16 17:59:25,528 - INFO - Epoch 6/100 Batch 584/650 - Loss: 1.320986 (Recon: 1.156247, Diff: 0.164737, KL: 0.002002)
2026-02-16 17:59:26,565 - INFO - Epoch 6/100 Batch 585/650 - Loss: 1.222609 (Recon: 1.156435, Diff: 0.066174, KL: 0.000348)
2026-02-16 17:59:28,318 - INFO - Epoch 6/100 Batch 586/650 - Loss: 1.240606 (Recon: 1.148859, Diff: 0.091747, KL: 0.000413)
2026-02-16 17:59:29,486 - INFO - Epoch 6/100 Batch 587/650 - Loss: 1.275062 (Recon: 1.155249, Diff: 0.119812, KL: 0.000668)
2026-02-16 17:59:30,599 - INFO - Epoch 6/100 Batch 588/650 - Loss: 1.272026 (Recon: 1.155972, Diff: 0.116054, KL: 0.000165)
2026-02-16 17:59:31,683 - INFO - Epoch 6/100 Batch 589/650 - Loss: 1.234354 (Recon: 1.156677, Diff: 0.077677, KL: 0.000752)
2026-02-16 17:59:32,753 - INFO - Epoch 6/100 Batch 590/650 - Loss: 1.247022 (Recon: 1.157624, Diff: 0.089398, KL: 0.000184)
2026-02-16 17:59:33,812 - INFO - Epoch 6/100 Batch 591/650 - Loss: 1.227397 (Recon: 1.151165, Diff: 0.076232, KL: 0.000318)
2026-02-16 17:59:34,890 - INFO - Epoch 6/100 Batch 592/650 - Loss: 1.248546 (Recon: 1.156194, Diff: 0.092350, KL: 0.002313)
2026-02-16 17:59:35,981 - INFO - Epoch 6/100 Batch 593/650 - Loss: 1.246062 (Recon: 1.156093, Diff: 0.089969, KL: 0.000510)
2026-02-16 17:59:37,054 - INFO - Epoch 6/100 Batch 594/650 - Loss: 1.233404 (Recon: 1.150090, Diff: 0.083314, KL: 0.000286)
2026-02-16 17:59:38,213 - INFO - Epoch 6/100 Batch 595/650 - Loss: 1.185973 (Recon: 1.150378, Diff: 0.035595, KL: 0.000362)
2026-02-16 17:59:39,285 - INFO - Epoch 6/100 Batch 596/650 - Loss: 1.270996 (Recon: 1.158942, Diff: 0.112053, KL: 0.000480)
2026-02-16 17:59:40,389 - INFO - Epoch 6/100 Batch 597/650 - Loss: 1.263979 (Recon: 1.154406, Diff: 0.109572, KL: 0.001611)
2026-02-16 17:59:41,476 - INFO - Epoch 6/100 Batch 598/650 - Loss: 1.269725 (Recon: 1.157049, Diff: 0.112676, KL: 0.000108)
2026-02-16 17:59:42,611 - INFO - Epoch 6/100 Batch 599/650 - Loss: 1.248185 (Recon: 1.149667, Diff: 0.098518, KL: 0.000105)
2026-02-16 17:59:43,695 - INFO - Epoch 6/100 Batch 600/650 - Loss: 1.206479 (Recon: 1.159196, Diff: 0.047282, KL: 0.000228)
2026-02-16 17:59:44,765 - INFO - Epoch 6/100 Batch 601/650 - Loss: 1.268157 (Recon: 1.154778, Diff: 0.113379, KL: 0.000058)
2026-02-16 17:59:45,826 - INFO - Epoch 6/100 Batch 602/650 - Loss: 1.240039 (Recon: 1.156383, Diff: 0.083655, KL: 0.000190)
2026-02-16 17:59:46,975 - INFO - Epoch 6/100 Batch 603/650 - Loss: 1.216513 (Recon: 1.151104, Diff: 0.065409, KL: 0.000138)
2026-02-16 17:59:48,334 - INFO - Epoch 6/100 Batch 604/650 - Loss: 1.207481 (Recon: 1.148261, Diff: 0.059220, KL: 0.000144)
2026-02-16 17:59:49,336 - INFO - Epoch 6/100 Batch 605/650 - Loss: 1.274220 (Recon: 1.145309, Diff: 0.128911, KL: 0.000170)
2026-02-16 17:59:50,428 - INFO - Epoch 6/100 Batch 606/650 - Loss: 1.236849 (Recon: 1.152560, Diff: 0.084288, KL: 0.000079)
2026-02-16 17:59:51,496 - INFO - Epoch 6/100 Batch 607/650 - Loss: 1.195618 (Recon: 1.153246, Diff: 0.042372, KL: 0.000071)
2026-02-16 17:59:52,618 - INFO - Epoch 6/100 Batch 608/650 - Loss: 1.260294 (Recon: 1.155854, Diff: 0.104440, KL: 0.000109)
2026-02-16 17:59:53,666 - INFO - Epoch 6/100 Batch 609/650 - Loss: 1.272868 (Recon: 1.157548, Diff: 0.115319, KL: 0.000491)
2026-02-16 17:59:54,731 - INFO - Epoch 6/100 Batch 610/650 - Loss: 1.339319 (Recon: 1.152275, Diff: 0.187043, KL: 0.000545)
2026-02-16 17:59:55,802 - INFO - Epoch 6/100 Batch 611/650 - Loss: 1.258761 (Recon: 1.152417, Diff: 0.106343, KL: 0.000120)
2026-02-16 17:59:56,916 - INFO - Epoch 6/100 Batch 612/650 - Loss: 1.286590 (Recon: 1.153066, Diff: 0.133523, KL: 0.000942)
2026-02-16 17:59:57,945 - INFO - Epoch 6/100 Batch 613/650 - Loss: 1.246645 (Recon: 1.154586, Diff: 0.092057, KL: 0.001078)
2026-02-16 17:59:59,009 - INFO - Epoch 6/100 Batch 614/650 - Loss: 1.211188 (Recon: 1.151527, Diff: 0.059660, KL: 0.000701)
2026-02-16 18:00:00,123 - INFO - Epoch 6/100 Batch 615/650 - Loss: 1.209006 (Recon: 1.145796, Diff: 0.063210, KL: 0.000111)
2026-02-16 18:00:01,268 - INFO - Epoch 6/100 Batch 616/650 - Loss: 1.261945 (Recon: 1.153950, Diff: 0.107995, KL: 0.000117)
2026-02-16 18:00:02,325 - INFO - Epoch 6/100 Batch 617/650 - Loss: 1.281837 (Recon: 1.156915, Diff: 0.124921, KL: 0.000435)
2026-02-16 18:00:03,390 - INFO - Epoch 6/100 Batch 618/650 - Loss: 1.283319 (Recon: 1.154708, Diff: 0.128611, KL: 0.000295)
2026-02-16 18:00:04,516 - INFO - Epoch 6/100 Batch 619/650 - Loss: 1.314739 (Recon: 1.153749, Diff: 0.160990, KL: 0.000120)
2026-02-16 18:00:09,342 - INFO - Epoch 6/100 Batch 620/650 - Loss: 1.245776 (Recon: 1.151379, Diff: 0.094397, KL: 0.000237)
2026-02-16 18:00:10,401 - INFO - Epoch 6/100 Batch 621/650 - Loss: 1.289439 (Recon: 1.151655, Diff: 0.137784, KL: 0.000187)
2026-02-16 18:00:11,463 - INFO - Epoch 6/100 Batch 622/650 - Loss: 1.292858 (Recon: 1.147372, Diff: 0.145486, KL: 0.000136)
2026-02-16 18:00:12,583 - INFO - Epoch 6/100 Batch 623/650 - Loss: 1.269163 (Recon: 1.151667, Diff: 0.117496, KL: 0.000159)
2026-02-16 18:00:14,435 - INFO - Epoch 6/100 Batch 624/650 - Loss: 1.268087 (Recon: 1.142938, Diff: 0.125148, KL: 0.000081)
2026-02-16 18:00:15,505 - INFO - Epoch 6/100 Batch 625/650 - Loss: 1.216700 (Recon: 1.151837, Diff: 0.064862, KL: 0.000096)
2026-02-16 18:00:16,575 - INFO - Epoch 6/100 Batch 626/650 - Loss: 1.239925 (Recon: 1.149684, Diff: 0.090240, KL: 0.000091)
2026-02-16 18:00:20,248 - INFO - Epoch 6/100 Batch 627/650 - Loss: 1.267130 (Recon: 1.152792, Diff: 0.114337, KL: 0.000128)
2026-02-16 18:00:21,245 - INFO - Epoch 6/100 Batch 628/650 - Loss: 1.275010 (Recon: 1.159237, Diff: 0.115773, KL: 0.000263)
2026-02-16 18:00:22,214 - INFO - Epoch 6/100 Batch 629/650 - Loss: 1.268802 (Recon: 1.154154, Diff: 0.114648, KL: 0.000073)
2026-02-16 18:00:23,232 - INFO - Epoch 6/100 Batch 630/650 - Loss: 1.245822 (Recon: 1.156816, Diff: 0.089006, KL: 0.000071)
2026-02-16 18:00:24,285 - INFO - Epoch 6/100 Batch 631/650 - Loss: 1.259320 (Recon: 1.154435, Diff: 0.104885, KL: 0.000149)
2026-02-16 18:00:33,727 - INFO - Epoch 6/100 Batch 632/650 - Loss: 1.262560 (Recon: 1.153464, Diff: 0.109096, KL: 0.000214)
2026-02-16 18:01:00,266 - INFO - Epoch 6/100 Batch 633/650 - Loss: 1.219786 (Recon: 1.154510, Diff: 0.065276, KL: 0.000104)
2026-02-16 18:01:09,707 - INFO - Epoch 6/100 Batch 634/650 - Loss: 1.281404 (Recon: 1.155348, Diff: 0.126056, KL: 0.000116)
2026-02-16 18:01:10,804 - INFO - Epoch 6/100 Batch 635/650 - Loss: 1.268510 (Recon: 1.151032, Diff: 0.117477, KL: 0.000159)
2026-02-16 18:01:11,938 - INFO - Epoch 6/100 Batch 636/650 - Loss: 1.282832 (Recon: 1.142068, Diff: 0.140764, KL: 0.000198)
2026-02-16 18:01:13,020 - INFO - Epoch 6/100 Batch 637/650 - Loss: 1.255546 (Recon: 1.139484, Diff: 0.116062, KL: 0.000351)
2026-02-16 18:01:14,182 - INFO - Epoch 6/100 Batch 638/650 - Loss: 1.217818 (Recon: 1.153895, Diff: 0.063923, KL: 0.000287)
2026-02-16 18:01:17,557 - INFO - Epoch 6/100 Batch 639/650 - Loss: 1.260634 (Recon: 1.151811, Diff: 0.108823, KL: 0.000143)
2026-02-16 18:01:19,392 - INFO - Epoch 6/100 Batch 640/650 - Loss: 1.213066 (Recon: 1.150238, Diff: 0.062828, KL: 0.000157)
2026-02-16 18:01:20,440 - INFO - Epoch 6/100 Batch 641/650 - Loss: 1.238903 (Recon: 1.158146, Diff: 0.080756, KL: 0.001530)
2026-02-16 18:01:21,522 - INFO - Epoch 6/100 Batch 642/650 - Loss: 1.209844 (Recon: 1.154031, Diff: 0.055813, KL: 0.000305)
2026-02-16 18:01:22,513 - INFO - Epoch 6/100 Batch 643/650 - Loss: 1.198289 (Recon: 1.152147, Diff: 0.046142, KL: 0.000147)
2026-02-16 18:01:23,478 - INFO - Epoch 6/100 Batch 644/650 - Loss: 1.298331 (Recon: 1.147829, Diff: 0.150502, KL: 0.000425)
2026-02-16 18:01:24,516 - INFO - Epoch 6/100 Batch 645/650 - Loss: 1.218894 (Recon: 1.156289, Diff: 0.062605, KL: 0.000299)
2026-02-16 18:01:25,515 - INFO - Epoch 6/100 Batch 646/650 - Loss: 1.243532 (Recon: 1.155573, Diff: 0.087959, KL: 0.000110)
2026-02-16 18:01:26,868 - INFO - Epoch 6/100 Batch 647/650 - Loss: 1.239058 (Recon: 1.153028, Diff: 0.086030, KL: 0.000229)
2026-02-16 18:01:27,908 - INFO - Epoch 6/100 Batch 648/650 - Loss: 1.290836 (Recon: 1.148086, Diff: 0.142749, KL: 0.000266)
2026-02-16 18:01:28,976 - INFO - Epoch 6/100 Batch 649/650 - Loss: 1.212670 (Recon: 1.155471, Diff: 0.057198, KL: 0.000317)
2026-02-16 18:01:29,981 - INFO - Epoch 6/100 Batch 650/650 - Loss: 1.294504 (Recon: 1.153562, Diff: 0.140942, KL: 0.000093)
2026-02-16 18:01:30,107 - INFO - Epoch 6 Train Loss: 1.274816
2026-02-16 18:01:46,765 - INFO - Epoch 6 Val Loss: 1.235880 (Recon: 1.1549, Diff: 0.0810, KL: 0.0005)
2026-02-16 18:01:46,935 - INFO - New best model saved with val_loss: 1.235880
2026-02-16 18:01:49,995 - INFO - Epoch 7/100 Batch 1/650 - Loss: 1.262115 (Recon: 1.155387, Diff: 0.106727, KL: 0.000313)
2026-02-16 18:01:51,146 - INFO - Epoch 7/100 Batch 2/650 - Loss: 1.212828 (Recon: 1.144161, Diff: 0.068666, KL: 0.000121)
2026-02-16 18:01:52,219 - INFO - Epoch 7/100 Batch 3/650 - Loss: 1.234603 (Recon: 1.152542, Diff: 0.082060, KL: 0.000166)
2026-02-16 18:01:53,317 - INFO - Epoch 7/100 Batch 4/650 - Loss: 1.259617 (Recon: 1.153746, Diff: 0.105871, KL: 0.000098)
2026-02-16 18:01:54,382 - INFO - Epoch 7/100 Batch 5/650 - Loss: 1.211678 (Recon: 1.156410, Diff: 0.055268, KL: 0.000485)
2026-02-16 18:01:55,490 - INFO - Epoch 7/100 Batch 6/650 - Loss: 1.248980 (Recon: 1.149859, Diff: 0.099121, KL: 0.000108)
2026-02-16 18:01:56,568 - INFO - Epoch 7/100 Batch 7/650 - Loss: 1.250308 (Recon: 1.150535, Diff: 0.099773, KL: 0.000360)
2026-02-16 18:01:57,666 - INFO - Epoch 7/100 Batch 8/650 - Loss: 1.229317 (Recon: 1.153353, Diff: 0.075964, KL: 0.000172)
2026-02-16 18:01:58,695 - INFO - Epoch 7/100 Batch 9/650 - Loss: 1.293667 (Recon: 1.148875, Diff: 0.144791, KL: 0.000130)
2026-02-16 18:02:02,828 - INFO - Epoch 7/100 Batch 10/650 - Loss: 1.235317 (Recon: 1.152723, Diff: 0.082594, KL: 0.000101)
2026-02-16 18:02:03,880 - INFO - Epoch 7/100 Batch 11/650 - Loss: 1.219619 (Recon: 1.153174, Diff: 0.066444, KL: 0.000555)
2026-02-16 18:02:04,908 - INFO - Epoch 7/100 Batch 12/650 - Loss: 1.207090 (Recon: 1.145142, Diff: 0.061948, KL: 0.000171)
2026-02-16 18:02:05,951 - INFO - Epoch 7/100 Batch 13/650 - Loss: 1.224817 (Recon: 1.149055, Diff: 0.075762, KL: 0.000197)
2026-02-16 18:02:07,040 - INFO - Epoch 7/100 Batch 14/650 - Loss: 1.261319 (Recon: 1.150152, Diff: 0.111166, KL: 0.000557)
2026-02-16 18:02:08,134 - INFO - Epoch 7/100 Batch 15/650 - Loss: 1.250478 (Recon: 1.150062, Diff: 0.100416, KL: 0.000161)
2026-02-16 18:02:09,183 - INFO - Epoch 7/100 Batch 16/650 - Loss: 1.247399 (Recon: 1.149349, Diff: 0.098049, KL: 0.000382)
2026-02-16 18:02:10,269 - INFO - Epoch 7/100 Batch 17/650 - Loss: 1.282555 (Recon: 1.151310, Diff: 0.131244, KL: 0.000207)
2026-02-16 18:02:11,368 - INFO - Epoch 7/100 Batch 18/650 - Loss: 1.226020 (Recon: 1.143974, Diff: 0.082045, KL: 0.000322)
2026-02-16 18:02:12,394 - INFO - Epoch 7/100 Batch 19/650 - Loss: 1.248331 (Recon: 1.155207, Diff: 0.093123, KL: 0.000496)
2026-02-16 18:02:13,453 - INFO - Epoch 7/100 Batch 20/650 - Loss: 1.243552 (Recon: 1.143606, Diff: 0.099945, KL: 0.000191)
2026-02-16 18:02:14,502 - INFO - Epoch 7/100 Batch 21/650 - Loss: 1.239748 (Recon: 1.151155, Diff: 0.088593, KL: 0.000159)
2026-02-16 18:02:15,576 - INFO - Epoch 7/100 Batch 22/650 - Loss: 1.287066 (Recon: 1.146791, Diff: 0.140274, KL: 0.000317)
2026-02-16 18:02:16,635 - INFO - Epoch 7/100 Batch 23/650 - Loss: 1.270283 (Recon: 1.154081, Diff: 0.116201, KL: 0.000374)
2026-02-16 18:02:17,695 - INFO - Epoch 7/100 Batch 24/650 - Loss: 1.249776 (Recon: 1.142675, Diff: 0.107101, KL: 0.000123)
2026-02-16 18:02:18,742 - INFO - Epoch 7/100 Batch 25/650 - Loss: 1.219464 (Recon: 1.150472, Diff: 0.068992, KL: 0.000415)
2026-02-16 18:02:20,003 - INFO - Epoch 7/100 Batch 26/650 - Loss: 1.291080 (Recon: 1.151672, Diff: 0.139408, KL: 0.000487)
2026-02-16 18:02:21,050 - INFO - Epoch 7/100 Batch 27/650 - Loss: 1.241267 (Recon: 1.155590, Diff: 0.085677, KL: 0.000263)
2026-02-16 18:02:22,118 - INFO - Epoch 7/100 Batch 28/650 - Loss: 1.243381 (Recon: 1.146871, Diff: 0.096510, KL: 0.000322)
2026-02-16 18:02:23,489 - INFO - Epoch 7/100 Batch 29/650 - Loss: 1.281937 (Recon: 1.145501, Diff: 0.136436, KL: 0.000086)
2026-02-16 18:02:24,534 - INFO - Epoch 7/100 Batch 30/650 - Loss: 1.319491 (Recon: 1.151295, Diff: 0.168196, KL: 0.000170)
2026-02-16 18:02:25,533 - INFO - Epoch 7/100 Batch 31/650 - Loss: 1.269459 (Recon: 1.144111, Diff: 0.125348, KL: 0.000169)
2026-02-16 18:02:26,573 - INFO - Epoch 7/100 Batch 32/650 - Loss: 1.215595 (Recon: 1.154824, Diff: 0.060770, KL: 0.000171)
2026-02-16 18:02:27,607 - INFO - Epoch 7/100 Batch 33/650 - Loss: 1.270381 (Recon: 1.153599, Diff: 0.116782, KL: 0.000054)
2026-02-16 18:02:28,641 - INFO - Epoch 7/100 Batch 34/650 - Loss: 1.315843 (Recon: 1.149480, Diff: 0.166363, KL: 0.000171)
2026-02-16 18:02:29,699 - INFO - Epoch 7/100 Batch 35/650 - Loss: 1.324002 (Recon: 1.148948, Diff: 0.175053, KL: 0.000584)
2026-02-16 18:02:30,759 - INFO - Epoch 7/100 Batch 36/650 - Loss: 1.230031 (Recon: 1.145395, Diff: 0.084636, KL: 0.000223)
2026-02-16 18:02:33,890 - INFO - Epoch 7/100 Batch 37/650 - Loss: 1.259637 (Recon: 1.146557, Diff: 0.113080, KL: 0.000127)
2026-02-16 18:02:35,079 - INFO - Epoch 7/100 Batch 38/650 - Loss: 1.246256 (Recon: 1.149893, Diff: 0.096363, KL: 0.000182)
2026-02-16 18:02:36,118 - INFO - Epoch 7/100 Batch 39/650 - Loss: 1.205734 (Recon: 1.156518, Diff: 0.049216, KL: 0.000237)
2026-02-16 18:02:37,185 - INFO - Epoch 7/100 Batch 40/650 - Loss: 1.284943 (Recon: 1.151410, Diff: 0.133533, KL: 0.000115)
2026-02-16 18:02:38,250 - INFO - Epoch 7/100 Batch 41/650 - Loss: 1.209679 (Recon: 1.153980, Diff: 0.055699, KL: 0.000080)
2026-02-16 18:02:39,326 - INFO - Epoch 7/100 Batch 42/650 - Loss: 1.239691 (Recon: 1.149139, Diff: 0.090552, KL: 0.000142)
2026-02-16 18:02:40,355 - INFO - Epoch 7/100 Batch 43/650 - Loss: 1.274118 (Recon: 1.148802, Diff: 0.125315, KL: 0.000277)
2026-02-16 18:02:41,399 - INFO - Epoch 7/100 Batch 44/650 - Loss: 1.270010 (Recon: 1.145460, Diff: 0.124550, KL: 0.000271)
2026-02-16 18:02:42,446 - INFO - Epoch 7/100 Batch 45/650 - Loss: 1.258753 (Recon: 1.151420, Diff: 0.107332, KL: 0.000111)
2026-02-16 18:02:43,522 - INFO - Epoch 7/100 Batch 46/650 - Loss: 1.320827 (Recon: 1.141494, Diff: 0.179333, KL: 0.000173)
2026-02-16 18:02:44,589 - INFO - Epoch 7/100 Batch 47/650 - Loss: 1.280732 (Recon: 1.151129, Diff: 0.129603, KL: 0.000056)
2026-02-16 18:02:45,637 - INFO - Epoch 7/100 Batch 48/650 - Loss: 1.214935 (Recon: 1.149808, Diff: 0.065126, KL: 0.000094)
2026-02-16 18:02:46,713 - INFO - Epoch 7/100 Batch 49/650 - Loss: 1.270841 (Recon: 1.148058, Diff: 0.122783, KL: 0.000242)
2026-02-16 18:02:47,785 - INFO - Epoch 7/100 Batch 50/650 - Loss: 1.253687 (Recon: 1.151683, Diff: 0.102003, KL: 0.000867)
2026-02-16 18:02:48,844 - INFO - Epoch 7/100 Batch 51/650 - Loss: 1.231617 (Recon: 1.151386, Diff: 0.080231, KL: 0.000266)
2026-02-16 18:02:49,893 - INFO - Epoch 7/100 Batch 52/650 - Loss: 1.202051 (Recon: 1.144334, Diff: 0.057717, KL: 0.000089)
2026-02-16 18:02:50,956 - INFO - Epoch 7/100 Batch 53/650 - Loss: 1.273148 (Recon: 1.153072, Diff: 0.120076, KL: 0.000136)
2026-02-16 18:02:52,009 - INFO - Epoch 7/100 Batch 54/650 - Loss: 1.299726 (Recon: 1.152868, Diff: 0.146858, KL: 0.000101)
2026-02-16 18:02:53,103 - INFO - Epoch 7/100 Batch 55/650 - Loss: 1.286947 (Recon: 1.152261, Diff: 0.134686, KL: 0.000171)
2026-02-16 18:02:54,226 - INFO - Epoch 7/100 Batch 56/650 - Loss: 1.283524 (Recon: 1.154189, Diff: 0.129335, KL: 0.000354)
2026-02-16 18:02:55,337 - INFO - Epoch 7/100 Batch 57/650 - Loss: 1.191994 (Recon: 1.154872, Diff: 0.037122, KL: 0.000127)
2026-02-16 18:02:56,389 - INFO - Epoch 7/100 Batch 58/650 - Loss: 1.312973 (Recon: 1.146961, Diff: 0.166012, KL: 0.000165)
2026-02-16 18:02:57,411 - INFO - Epoch 7/100 Batch 59/650 - Loss: 1.240727 (Recon: 1.146742, Diff: 0.093985, KL: 0.000314)
2026-02-16 18:02:58,442 - INFO - Epoch 7/100 Batch 60/650 - Loss: 1.257435 (Recon: 1.150592, Diff: 0.106842, KL: 0.000052)
2026-02-16 18:02:59,537 - INFO - Epoch 7/100 Batch 61/650 - Loss: 1.229868 (Recon: 1.146137, Diff: 0.083730, KL: 0.000254)
2026-02-16 18:03:00,644 - INFO - Epoch 7/100 Batch 62/650 - Loss: 1.327355 (Recon: 1.144694, Diff: 0.182661, KL: 0.000107)
2026-02-16 18:03:01,691 - INFO - Epoch 7/100 Batch 63/650 - Loss: 1.214494 (Recon: 1.138193, Diff: 0.076301, KL: 0.000264)
2026-02-16 18:03:02,774 - INFO - Epoch 7/100 Batch 64/650 - Loss: 1.237039 (Recon: 1.147793, Diff: 0.089246, KL: 0.000430)
2026-02-16 18:03:04,175 - INFO - Epoch 7/100 Batch 65/650 - Loss: 1.211692 (Recon: 1.151213, Diff: 0.060478, KL: 0.000051)
2026-02-16 18:03:05,278 - INFO - Epoch 7/100 Batch 66/650 - Loss: 1.270085 (Recon: 1.144506, Diff: 0.125579, KL: 0.000449)
2026-02-16 18:03:06,375 - INFO - Epoch 7/100 Batch 67/650 - Loss: 1.274461 (Recon: 1.144664, Diff: 0.129797, KL: 0.000098)
2026-02-16 18:03:07,504 - INFO - Epoch 7/100 Batch 68/650 - Loss: 1.263562 (Recon: 1.152929, Diff: 0.110633, KL: 0.000511)
2026-02-16 18:03:08,611 - INFO - Epoch 7/100 Batch 69/650 - Loss: 1.249789 (Recon: 1.145550, Diff: 0.104239, KL: 0.000180)
2026-02-16 18:03:09,656 - INFO - Epoch 7/100 Batch 70/650 - Loss: 1.295533 (Recon: 1.146688, Diff: 0.148845, KL: 0.000389)
2026-02-16 18:03:10,701 - INFO - Epoch 7/100 Batch 71/650 - Loss: 1.273470 (Recon: 1.151598, Diff: 0.121871, KL: 0.000477)
2026-02-16 18:03:11,828 - INFO - Epoch 7/100 Batch 72/650 - Loss: 1.216797 (Recon: 1.145488, Diff: 0.071309, KL: 0.000310)
2026-02-16 18:03:12,925 - INFO - Epoch 7/100 Batch 73/650 - Loss: 1.215511 (Recon: 1.149886, Diff: 0.065624, KL: 0.000760)
2026-02-16 18:03:13,999 - INFO - Epoch 7/100 Batch 74/650 - Loss: 1.243848 (Recon: 1.149750, Diff: 0.094098, KL: 0.000086)
2026-02-16 18:03:15,059 - INFO - Epoch 7/100 Batch 75/650 - Loss: 1.228832 (Recon: 1.139735, Diff: 0.089095, KL: 0.002389)
2026-02-16 18:03:16,093 - INFO - Epoch 7/100 Batch 76/650 - Loss: 1.239370 (Recon: 1.155058, Diff: 0.084313, KL: 0.000113)
2026-02-16 18:03:17,410 - INFO - Epoch 7/100 Batch 77/650 - Loss: 1.259207 (Recon: 1.143612, Diff: 0.115595, KL: 0.000437)
2026-02-16 18:03:18,495 - INFO - Epoch 7/100 Batch 78/650 - Loss: 1.190678 (Recon: 1.143201, Diff: 0.047477, KL: 0.000439)
2026-02-16 18:03:19,550 - INFO - Epoch 7/100 Batch 79/650 - Loss: 1.263452 (Recon: 1.147060, Diff: 0.116392, KL: 0.000132)
2026-02-16 18:03:20,606 - INFO - Epoch 7/100 Batch 80/650 - Loss: 1.280173 (Recon: 1.147274, Diff: 0.132898, KL: 0.000252)
2026-02-16 18:03:23,755 - INFO - Epoch 7/100 Batch 81/650 - Loss: 1.217352 (Recon: 1.151892, Diff: 0.065460, KL: 0.000166)
2026-02-16 18:03:24,730 - INFO - Epoch 7/100 Batch 82/650 - Loss: 1.259599 (Recon: 1.150054, Diff: 0.109545, KL: 0.000051)
2026-02-16 18:03:27,829 - INFO - Epoch 7/100 Batch 83/650 - Loss: 1.228970 (Recon: 1.150293, Diff: 0.078677, KL: 0.000058)
2026-02-16 18:03:28,848 - INFO - Epoch 7/100 Batch 84/650 - Loss: 1.283388 (Recon: 1.151973, Diff: 0.131414, KL: 0.000159)
2026-02-16 18:03:30,003 - INFO - Epoch 7/100 Batch 85/650 - Loss: 1.266952 (Recon: 1.146519, Diff: 0.120433, KL: 0.000103)
2026-02-16 18:03:31,012 - INFO - Epoch 7/100 Batch 86/650 - Loss: 1.232172 (Recon: 1.152011, Diff: 0.080161, KL: 0.000061)
2026-02-16 18:03:32,022 - INFO - Epoch 7/100 Batch 87/650 - Loss: 1.244571 (Recon: 1.134097, Diff: 0.110474, KL: 0.000156)
2026-02-16 18:03:33,042 - INFO - Epoch 7/100 Batch 88/650 - Loss: 1.225161 (Recon: 1.145002, Diff: 0.080159, KL: 0.000269)
2026-02-16 18:03:34,074 - INFO - Epoch 7/100 Batch 89/650 - Loss: 1.301968 (Recon: 1.147420, Diff: 0.154548, KL: 0.000166)
2026-02-16 18:03:36,083 - INFO - Epoch 7/100 Batch 90/650 - Loss: 1.245280 (Recon: 1.148117, Diff: 0.097163, KL: 0.000250)
2026-02-16 18:03:37,439 - INFO - Epoch 7/100 Batch 91/650 - Loss: 1.285396 (Recon: 1.149468, Diff: 0.135928, KL: 0.000369)
2026-02-16 18:03:38,507 - INFO - Epoch 7/100 Batch 92/650 - Loss: 1.233042 (Recon: 1.148785, Diff: 0.084257, KL: 0.000060)
2026-02-16 18:03:39,580 - INFO - Epoch 7/100 Batch 93/650 - Loss: 1.263677 (Recon: 1.144483, Diff: 0.119194, KL: 0.000415)
2026-02-16 18:03:40,650 - INFO - Epoch 7/100 Batch 94/650 - Loss: 1.288753 (Recon: 1.141950, Diff: 0.146802, KL: 0.000135)
2026-02-16 18:03:41,934 - INFO - Epoch 7/100 Batch 95/650 - Loss: 1.264833 (Recon: 1.145993, Diff: 0.118839, KL: 0.000158)
2026-02-16 18:03:42,943 - INFO - Epoch 7/100 Batch 96/650 - Loss: 1.194228 (Recon: 1.152499, Diff: 0.041729, KL: 0.000128)
2026-02-16 18:03:44,030 - INFO - Epoch 7/100 Batch 97/650 - Loss: 1.231451 (Recon: 1.153561, Diff: 0.077890, KL: 0.000241)
2026-02-16 18:03:45,079 - INFO - Epoch 7/100 Batch 98/650 - Loss: 1.249622 (Recon: 1.149785, Diff: 0.099837, KL: 0.000210)
2026-02-16 18:03:46,228 - INFO - Epoch 7/100 Batch 99/650 - Loss: 1.223310 (Recon: 1.146508, Diff: 0.076802, KL: 0.000144)
2026-02-16 18:03:51,462 - INFO - Epoch 7/100 Batch 100/650 - Loss: 1.217672 (Recon: 1.151463, Diff: 0.066209, KL: 0.000162)
2026-02-16 18:03:52,591 - INFO - Epoch 7/100 Batch 101/650 - Loss: 1.212120 (Recon: 1.152792, Diff: 0.059328, KL: 0.000064)
2026-02-16 18:03:53,667 - INFO - Epoch 7/100 Batch 102/650 - Loss: 1.274315 (Recon: 1.144673, Diff: 0.129641, KL: 0.000099)
2026-02-16 18:03:54,978 - INFO - Epoch 7/100 Batch 103/650 - Loss: 1.197985 (Recon: 1.146924, Diff: 0.051061, KL: 0.000181)
2026-02-16 18:03:56,027 - INFO - Epoch 7/100 Batch 104/650 - Loss: 1.253227 (Recon: 1.148828, Diff: 0.104398, KL: 0.000109)
2026-02-16 18:03:57,342 - INFO - Epoch 7/100 Batch 105/650 - Loss: 1.386458 (Recon: 1.142601, Diff: 0.243856, KL: 0.000176)
2026-02-16 18:03:58,378 - INFO - Epoch 7/100 Batch 106/650 - Loss: 1.197922 (Recon: 1.146292, Diff: 0.051629, KL: 0.000300)
2026-02-16 18:03:59,756 - INFO - Epoch 7/100 Batch 107/650 - Loss: 1.217295 (Recon: 1.143722, Diff: 0.073572, KL: 0.000231)
2026-02-16 18:04:00,772 - INFO - Epoch 7/100 Batch 108/650 - Loss: 1.251422 (Recon: 1.145663, Diff: 0.105759, KL: 0.000171)
2026-02-16 18:04:02,315 - INFO - Epoch 7/100 Batch 109/650 - Loss: 1.218696 (Recon: 1.145812, Diff: 0.072884, KL: 0.000142)
2026-02-16 18:04:03,344 - INFO - Epoch 7/100 Batch 110/650 - Loss: 1.250291 (Recon: 1.149592, Diff: 0.100699, KL: 0.000288)
2026-02-16 18:04:04,485 - INFO - Epoch 7/100 Batch 111/650 - Loss: 1.264856 (Recon: 1.136726, Diff: 0.128131, KL: 0.000171)
2026-02-16 18:04:05,595 - INFO - Epoch 7/100 Batch 112/650 - Loss: 1.307965 (Recon: 1.134683, Diff: 0.173281, KL: 0.000192)
2026-02-16 18:04:06,709 - INFO - Epoch 7/100 Batch 113/650 - Loss: 1.282186 (Recon: 1.148404, Diff: 0.133781, KL: 0.000371)
2026-02-16 18:04:07,807 - INFO - Epoch 7/100 Batch 114/650 - Loss: 1.252258 (Recon: 1.147078, Diff: 0.105180, KL: 0.000234)
2026-02-16 18:04:08,922 - INFO - Epoch 7/100 Batch 115/650 - Loss: 1.238676 (Recon: 1.149491, Diff: 0.089185, KL: 0.000363)
2026-02-16 18:04:09,995 - INFO - Epoch 7/100 Batch 116/650 - Loss: 1.223363 (Recon: 1.145599, Diff: 0.077764, KL: 0.000216)
2026-02-16 18:04:11,077 - INFO - Epoch 7/100 Batch 117/650 - Loss: 1.235650 (Recon: 1.147541, Diff: 0.088109, KL: 0.000190)
2026-02-16 18:04:12,129 - INFO - Epoch 7/100 Batch 118/650 - Loss: 1.201991 (Recon: 1.145377, Diff: 0.056614, KL: 0.000187)
2026-02-16 18:04:13,310 - INFO - Epoch 7/100 Batch 119/650 - Loss: 1.258648 (Recon: 1.142868, Diff: 0.115780, KL: 0.000143)
2026-02-16 18:04:14,334 - INFO - Epoch 7/100 Batch 120/650 - Loss: 1.214739 (Recon: 1.152588, Diff: 0.062151, KL: 0.000266)
2026-02-16 18:04:17,046 - INFO - Epoch 7/100 Batch 121/650 - Loss: 1.215265 (Recon: 1.144949, Diff: 0.070315, KL: 0.000139)
2026-02-16 18:04:18,062 - INFO - Epoch 7/100 Batch 122/650 - Loss: 1.247408 (Recon: 1.148621, Diff: 0.098786, KL: 0.000142)
2026-02-16 18:04:19,143 - INFO - Epoch 7/100 Batch 123/650 - Loss: 1.311716 (Recon: 1.142788, Diff: 0.168928, KL: 0.000056)
2026-02-16 18:04:20,167 - INFO - Epoch 7/100 Batch 124/650 - Loss: 1.231401 (Recon: 1.148339, Diff: 0.083062, KL: 0.000230)
2026-02-16 18:04:25,866 - INFO - Epoch 7/100 Batch 125/650 - Loss: 1.196887 (Recon: 1.152927, Diff: 0.043960, KL: 0.000188)
2026-02-16 18:04:26,841 - INFO - Epoch 7/100 Batch 126/650 - Loss: 1.214615 (Recon: 1.143995, Diff: 0.070620, KL: 0.000382)
2026-02-16 18:04:27,839 - INFO - Epoch 7/100 Batch 127/650 - Loss: 1.277967 (Recon: 1.136941, Diff: 0.141025, KL: 0.000432)
2026-02-16 18:04:30,548 - INFO - Epoch 7/100 Batch 128/650 - Loss: 1.205632 (Recon: 1.146038, Diff: 0.059593, KL: 0.000957)
2026-02-16 18:04:31,528 - INFO - Epoch 7/100 Batch 129/650 - Loss: 1.226651 (Recon: 1.147500, Diff: 0.079149, KL: 0.001240)
2026-02-16 18:04:32,546 - INFO - Epoch 7/100 Batch 130/650 - Loss: 1.239325 (Recon: 1.149107, Diff: 0.090218, KL: 0.000190)
2026-02-16 18:04:33,574 - INFO - Epoch 7/100 Batch 131/650 - Loss: 1.251070 (Recon: 1.141333, Diff: 0.109735, KL: 0.001151)
2026-02-16 18:04:34,618 - INFO - Epoch 7/100 Batch 132/650 - Loss: 1.239070 (Recon: 1.153561, Diff: 0.085509, KL: 0.000146)
2026-02-16 18:04:35,678 - INFO - Epoch 7/100 Batch 133/650 - Loss: 1.224198 (Recon: 1.141118, Diff: 0.083079, KL: 0.000813)
2026-02-16 18:04:38,224 - INFO - Epoch 7/100 Batch 134/650 - Loss: 1.337545 (Recon: 1.146922, Diff: 0.190623, KL: 0.000466)
2026-02-16 18:04:39,254 - INFO - Epoch 7/100 Batch 135/650 - Loss: 1.235237 (Recon: 1.149593, Diff: 0.085644, KL: 0.000650)
2026-02-16 18:04:40,290 - INFO - Epoch 7/100 Batch 136/650 - Loss: 1.303842 (Recon: 1.145057, Diff: 0.158783, KL: 0.001863)
2026-02-16 18:04:41,358 - INFO - Epoch 7/100 Batch 137/650 - Loss: 1.245207 (Recon: 1.142675, Diff: 0.102532, KL: 0.000303)
2026-02-16 18:04:45,526 - INFO - Epoch 7/100 Batch 138/650 - Loss: 1.302152 (Recon: 1.146002, Diff: 0.156149, KL: 0.000535)
2026-02-16 18:04:46,544 - INFO - Epoch 7/100 Batch 139/650 - Loss: 1.282769 (Recon: 1.152367, Diff: 0.130402, KL: 0.000724)
2026-02-16 18:04:47,612 - INFO - Epoch 7/100 Batch 140/650 - Loss: 1.282563 (Recon: 1.145879, Diff: 0.136684, KL: 0.000073)
2026-02-16 18:04:48,678 - INFO - Epoch 7/100 Batch 141/650 - Loss: 1.312094 (Recon: 1.144644, Diff: 0.167449, KL: 0.000340)
2026-02-16 18:04:50,298 - INFO - Epoch 7/100 Batch 142/650 - Loss: 1.237280 (Recon: 1.148377, Diff: 0.088903, KL: 0.000222)
2026-02-16 18:04:51,326 - INFO - Epoch 7/100 Batch 143/650 - Loss: 1.237510 (Recon: 1.149063, Diff: 0.088447, KL: 0.000401)
2026-02-16 18:04:52,393 - INFO - Epoch 7/100 Batch 144/650 - Loss: 1.232938 (Recon: 1.145796, Diff: 0.087137, KL: 0.005126)
2026-02-16 18:04:53,520 - INFO - Epoch 7/100 Batch 145/650 - Loss: 1.342054 (Recon: 1.144742, Diff: 0.197311, KL: 0.001028)
2026-02-16 18:04:54,599 - INFO - Epoch 7/100 Batch 146/650 - Loss: 1.247143 (Recon: 1.145337, Diff: 0.101806, KL: 0.000180)
2026-02-16 18:04:55,596 - INFO - Epoch 7/100 Batch 147/650 - Loss: 1.287771 (Recon: 1.144577, Diff: 0.143194, KL: 0.000380)
2026-02-16 18:04:56,663 - INFO - Epoch 7/100 Batch 148/650 - Loss: 1.219680 (Recon: 1.139085, Diff: 0.080595, KL: 0.000165)
2026-02-16 18:04:57,947 - INFO - Epoch 7/100 Batch 149/650 - Loss: 1.223400 (Recon: 1.140435, Diff: 0.082965, KL: 0.000655)
2026-02-16 18:05:00,826 - INFO - Epoch 7/100 Batch 150/650 - Loss: 1.266606 (Recon: 1.149775, Diff: 0.116831, KL: 0.000296)
2026-02-16 18:05:01,888 - INFO - Epoch 7/100 Batch 151/650 - Loss: 1.222849 (Recon: 1.151163, Diff: 0.071685, KL: 0.000564)
2026-02-16 18:05:02,949 - INFO - Epoch 7/100 Batch 152/650 - Loss: 1.254205 (Recon: 1.141468, Diff: 0.112736, KL: 0.000589)
2026-02-16 18:05:04,072 - INFO - Epoch 7/100 Batch 153/650 - Loss: 1.233328 (Recon: 1.136547, Diff: 0.096781, KL: 0.000418)
2026-02-16 18:05:05,184 - INFO - Epoch 7/100 Batch 154/650 - Loss: 1.210972 (Recon: 1.138106, Diff: 0.072865, KL: 0.000442)
2026-02-16 18:05:06,284 - INFO - Epoch 7/100 Batch 155/650 - Loss: 1.175149 (Recon: 1.148694, Diff: 0.026455, KL: 0.000092)
2026-02-16 18:05:07,708 - INFO - Epoch 7/100 Batch 156/650 - Loss: 1.186790 (Recon: 1.140174, Diff: 0.046616, KL: 0.000220)
2026-02-16 18:05:11,015 - INFO - Epoch 7/100 Batch 157/650 - Loss: 1.213158 (Recon: 1.149768, Diff: 0.063389, KL: 0.000144)
2026-02-16 18:05:12,120 - INFO - Epoch 7/100 Batch 158/650 - Loss: 1.239243 (Recon: 1.147997, Diff: 0.091245, KL: 0.000126)
2026-02-16 18:05:13,190 - INFO - Epoch 7/100 Batch 159/650 - Loss: 1.301190 (Recon: 1.147256, Diff: 0.153934, KL: 0.000303)
2026-02-16 18:05:14,237 - INFO - Epoch 7/100 Batch 160/650 - Loss: 1.220511 (Recon: 1.144997, Diff: 0.075513, KL: 0.000265)
2026-02-16 18:05:15,404 - INFO - Epoch 7/100 Batch 161/650 - Loss: 1.217493 (Recon: 1.147220, Diff: 0.070273, KL: 0.000076)
2026-02-16 18:05:16,489 - INFO - Epoch 7/100 Batch 162/650 - Loss: 1.295083 (Recon: 1.146390, Diff: 0.148693, KL: 0.000195)
2026-02-16 18:05:17,546 - INFO - Epoch 7/100 Batch 163/650 - Loss: 1.272007 (Recon: 1.143747, Diff: 0.128259, KL: 0.000313)
2026-02-16 18:05:18,589 - INFO - Epoch 7/100 Batch 164/650 - Loss: 1.229132 (Recon: 1.134155, Diff: 0.094976, KL: 0.000323)
2026-02-16 18:05:19,678 - INFO - Epoch 7/100 Batch 165/650 - Loss: 1.255395 (Recon: 1.147479, Diff: 0.107916, KL: 0.000150)
2026-02-16 18:05:20,828 - INFO - Epoch 7/100 Batch 166/650 - Loss: 1.231563 (Recon: 1.141734, Diff: 0.089829, KL: 0.000171)
2026-02-16 18:05:21,874 - INFO - Epoch 7/100 Batch 167/650 - Loss: 1.237084 (Recon: 1.151399, Diff: 0.085685, KL: 0.000074)
2026-02-16 18:05:22,910 - INFO - Epoch 7/100 Batch 168/650 - Loss: 1.255465 (Recon: 1.142316, Diff: 0.113148, KL: 0.000136)
2026-02-16 18:05:24,034 - INFO - Epoch 7/100 Batch 169/650 - Loss: 1.220442 (Recon: 1.150171, Diff: 0.070270, KL: 0.000103)
2026-02-16 18:05:25,157 - INFO - Epoch 7/100 Batch 170/650 - Loss: 1.188606 (Recon: 1.148310, Diff: 0.040295, KL: 0.000248)
2026-02-16 18:05:26,258 - INFO - Epoch 7/100 Batch 171/650 - Loss: 1.220587 (Recon: 1.143453, Diff: 0.077134, KL: 0.000319)
2026-02-16 18:05:27,284 - INFO - Epoch 7/100 Batch 172/650 - Loss: 1.288897 (Recon: 1.140514, Diff: 0.148383, KL: 0.000090)
2026-02-16 18:05:28,272 - INFO - Epoch 7/100 Batch 173/650 - Loss: 1.245187 (Recon: 1.143023, Diff: 0.102163, KL: 0.000339)
2026-02-16 18:05:29,281 - INFO - Epoch 7/100 Batch 174/650 - Loss: 1.202304 (Recon: 1.139195, Diff: 0.063109, KL: 0.000121)
2026-02-16 18:05:30,278 - INFO - Epoch 7/100 Batch 175/650 - Loss: 1.235006 (Recon: 1.143573, Diff: 0.091430, KL: 0.002508)
2026-02-16 18:05:32,289 - INFO - Epoch 7/100 Batch 176/650 - Loss: 1.312611 (Recon: 1.144973, Diff: 0.167637, KL: 0.000174)
2026-02-16 18:05:33,348 - INFO - Epoch 7/100 Batch 177/650 - Loss: 1.203672 (Recon: 1.148057, Diff: 0.055615, KL: 0.000293)
2026-02-16 18:05:34,878 - INFO - Epoch 7/100 Batch 178/650 - Loss: 1.218859 (Recon: 1.145166, Diff: 0.073693, KL: 0.000092)
2026-02-16 18:05:35,963 - INFO - Epoch 7/100 Batch 179/650 - Loss: 1.255406 (Recon: 1.143240, Diff: 0.112165, KL: 0.000446)
2026-02-16 18:05:44,259 - INFO - Epoch 7/100 Batch 180/650 - Loss: 1.262528 (Recon: 1.143154, Diff: 0.119373, KL: 0.000439)
2026-02-16 18:06:07,815 - INFO - Epoch 7/100 Batch 181/650 - Loss: 1.218081 (Recon: 1.147369, Diff: 0.070712, KL: 0.000096)
2026-02-16 18:06:23,741 - INFO - Epoch 7/100 Batch 182/650 - Loss: 1.224369 (Recon: 1.144362, Diff: 0.080006, KL: 0.000465)
2026-02-16 18:06:24,868 - INFO - Epoch 7/100 Batch 183/650 - Loss: 1.262365 (Recon: 1.141402, Diff: 0.120963, KL: 0.000418)
2026-02-16 18:06:30,969 - INFO - Epoch 7/100 Batch 184/650 - Loss: 1.222265 (Recon: 1.146512, Diff: 0.075753, KL: 0.000351)
2026-02-16 18:06:31,958 - INFO - Epoch 7/100 Batch 185/650 - Loss: 1.221465 (Recon: 1.139235, Diff: 0.082229, KL: 0.001170)
2026-02-16 18:06:33,019 - INFO - Epoch 7/100 Batch 186/650 - Loss: 1.306589 (Recon: 1.137137, Diff: 0.169452, KL: 0.000257)
2026-02-16 18:06:34,073 - INFO - Epoch 7/100 Batch 187/650 - Loss: 1.258032 (Recon: 1.146530, Diff: 0.111500, KL: 0.001684)
2026-02-16 18:06:35,168 - INFO - Epoch 7/100 Batch 188/650 - Loss: 1.244597 (Recon: 1.142203, Diff: 0.102393, KL: 0.000613)
2026-02-16 18:06:36,236 - INFO - Epoch 7/100 Batch 189/650 - Loss: 1.290734 (Recon: 1.142826, Diff: 0.147907, KL: 0.000481)
2026-02-16 18:06:37,360 - INFO - Epoch 7/100 Batch 190/650 - Loss: 1.211412 (Recon: 1.150154, Diff: 0.061257, KL: 0.000784)
2026-02-16 18:06:38,377 - INFO - Epoch 7/100 Batch 191/650 - Loss: 1.179917 (Recon: 1.143165, Diff: 0.036752, KL: 0.000193)
2026-02-16 18:06:50,670 - INFO - Epoch 7/100 Batch 192/650 - Loss: 1.215718 (Recon: 1.148925, Diff: 0.066792, KL: 0.000797)
2026-02-16 18:06:51,724 - INFO - Epoch 7/100 Batch 193/650 - Loss: 1.281605 (Recon: 1.143352, Diff: 0.138253, KL: 0.000108)
2026-02-16 18:06:52,893 - INFO - Epoch 7/100 Batch 194/650 - Loss: 1.291686 (Recon: 1.143702, Diff: 0.147983, KL: 0.000794)
2026-02-16 18:06:53,915 - INFO - Epoch 7/100 Batch 195/650 - Loss: 1.283757 (Recon: 1.146782, Diff: 0.136975, KL: 0.000269)
2026-02-16 18:06:54,959 - INFO - Epoch 7/100 Batch 196/650 - Loss: 1.210439 (Recon: 1.141432, Diff: 0.069007, KL: 0.000705)
2026-02-16 18:06:56,179 - INFO - Epoch 7/100 Batch 197/650 - Loss: 1.265711 (Recon: 1.138006, Diff: 0.127705, KL: 0.000180)
2026-02-16 18:06:57,226 - INFO - Epoch 7/100 Batch 198/650 - Loss: 1.259409 (Recon: 1.146579, Diff: 0.112830, KL: 0.000255)
2026-02-16 18:06:58,281 - INFO - Epoch 7/100 Batch 199/650 - Loss: 1.299008 (Recon: 1.143950, Diff: 0.155058, KL: 0.000178)
2026-02-16 18:07:00,989 - INFO - Epoch 7/100 Batch 200/650 - Loss: 1.235510 (Recon: 1.145900, Diff: 0.089610, KL: 0.000303)
2026-02-16 18:07:02,166 - INFO - Epoch 7/100 Batch 201/650 - Loss: 1.210291 (Recon: 1.144944, Diff: 0.065346, KL: 0.000149)
2026-02-16 18:07:03,191 - INFO - Epoch 7/100 Batch 202/650 - Loss: 1.268476 (Recon: 1.149114, Diff: 0.119361, KL: 0.000181)
2026-02-16 18:07:04,226 - INFO - Epoch 7/100 Batch 203/650 - Loss: 1.267671 (Recon: 1.148914, Diff: 0.118757, KL: 0.000104)
2026-02-16 18:07:05,264 - INFO - Epoch 7/100 Batch 204/650 - Loss: 1.200516 (Recon: 1.148892, Diff: 0.051624, KL: 0.000069)
2026-02-16 18:07:06,334 - INFO - Epoch 7/100 Batch 205/650 - Loss: 1.223485 (Recon: 1.138537, Diff: 0.084948, KL: 0.000293)
2026-02-16 18:07:07,372 - INFO - Epoch 7/100 Batch 206/650 - Loss: 1.199494 (Recon: 1.142953, Diff: 0.056541, KL: 0.000106)
2026-02-16 18:07:08,377 - INFO - Epoch 7/100 Batch 207/650 - Loss: 1.268551 (Recon: 1.141628, Diff: 0.126923, KL: 0.000180)
2026-02-16 18:07:09,423 - INFO - Epoch 7/100 Batch 208/650 - Loss: 1.272326 (Recon: 1.144838, Diff: 0.127488, KL: 0.000416)
2026-02-16 18:07:10,473 - INFO - Epoch 7/100 Batch 209/650 - Loss: 1.204476 (Recon: 1.148933, Diff: 0.055542, KL: 0.000788)
2026-02-16 18:07:11,547 - INFO - Epoch 7/100 Batch 210/650 - Loss: 1.247455 (Recon: 1.150898, Diff: 0.096557, KL: 0.000262)
2026-02-16 18:07:12,623 - INFO - Epoch 7/100 Batch 211/650 - Loss: 1.212313 (Recon: 1.142784, Diff: 0.069528, KL: 0.000299)
2026-02-16 18:07:13,708 - INFO - Epoch 7/100 Batch 212/650 - Loss: 1.259931 (Recon: 1.141725, Diff: 0.118206, KL: 0.000177)
2026-02-16 18:07:14,751 - INFO - Epoch 7/100 Batch 213/650 - Loss: 1.222955 (Recon: 1.144604, Diff: 0.078351, KL: 0.000212)
2026-02-16 18:07:16,340 - INFO - Epoch 7/100 Batch 214/650 - Loss: 1.199707 (Recon: 1.138362, Diff: 0.061345, KL: 0.000132)
2026-02-16 18:07:17,373 - INFO - Epoch 7/100 Batch 215/650 - Loss: 1.210439 (Recon: 1.144076, Diff: 0.066362, KL: 0.000093)
2026-02-16 18:07:18,419 - INFO - Epoch 7/100 Batch 216/650 - Loss: 1.228219 (Recon: 1.143895, Diff: 0.084323, KL: 0.000182)
2026-02-16 18:07:20,360 - INFO - Epoch 7/100 Batch 217/650 - Loss: 1.230397 (Recon: 1.138226, Diff: 0.092171, KL: 0.000129)
2026-02-16 18:07:21,435 - INFO - Epoch 7/100 Batch 218/650 - Loss: 1.224017 (Recon: 1.143894, Diff: 0.080123, KL: 0.000147)
2026-02-16 18:07:22,522 - INFO - Epoch 7/100 Batch 219/650 - Loss: 1.234341 (Recon: 1.139374, Diff: 0.094967, KL: 0.000181)
2026-02-16 18:07:23,588 - INFO - Epoch 7/100 Batch 220/650 - Loss: 1.288684 (Recon: 1.143232, Diff: 0.145452, KL: 0.000255)
2026-02-16 18:07:24,638 - INFO - Epoch 7/100 Batch 221/650 - Loss: 1.244062 (Recon: 1.142699, Diff: 0.101363, KL: 0.000042)
2026-02-16 18:07:25,693 - INFO - Epoch 7/100 Batch 222/650 - Loss: 1.214593 (Recon: 1.141339, Diff: 0.073254, KL: 0.000115)
2026-02-16 18:07:26,757 - INFO - Epoch 7/100 Batch 223/650 - Loss: 1.310213 (Recon: 1.149704, Diff: 0.160510, KL: 0.000177)
2026-02-16 18:07:27,805 - INFO - Epoch 7/100 Batch 224/650 - Loss: 1.271609 (Recon: 1.137814, Diff: 0.133795, KL: 0.000145)
2026-02-16 18:07:28,847 - INFO - Epoch 7/100 Batch 225/650 - Loss: 1.179095 (Recon: 1.146823, Diff: 0.032271, KL: 0.000185)
2026-02-16 18:07:29,895 - INFO - Epoch 7/100 Batch 226/650 - Loss: 1.216789 (Recon: 1.141295, Diff: 0.075494, KL: 0.000235)
2026-02-16 18:07:30,887 - INFO - Epoch 7/100 Batch 227/650 - Loss: 1.253382 (Recon: 1.131750, Diff: 0.121632, KL: 0.000173)
2026-02-16 18:07:31,876 - INFO - Epoch 7/100 Batch 228/650 - Loss: 1.288169 (Recon: 1.139078, Diff: 0.149090, KL: 0.000544)
2026-02-16 18:07:32,868 - INFO - Epoch 7/100 Batch 229/650 - Loss: 1.217326 (Recon: 1.145242, Diff: 0.072083, KL: 0.000438)
2026-02-16 18:07:33,871 - INFO - Epoch 7/100 Batch 230/650 - Loss: 1.230343 (Recon: 1.140632, Diff: 0.089710, KL: 0.000426)
2026-02-16 18:07:34,875 - INFO - Epoch 7/100 Batch 231/650 - Loss: 1.260404 (Recon: 1.140705, Diff: 0.119698, KL: 0.000757)
2026-02-16 18:07:35,871 - INFO - Epoch 7/100 Batch 232/650 - Loss: 1.230181 (Recon: 1.147388, Diff: 0.082793, KL: 0.000127)
2026-02-16 18:07:57,177 - INFO - Epoch 7/100 Batch 233/650 - Loss: 1.249812 (Recon: 1.142979, Diff: 0.106833, KL: 0.000364)
2026-02-16 18:08:33,817 - INFO - Epoch 7/100 Batch 234/650 - Loss: 1.298523 (Recon: 1.143747, Diff: 0.154776, KL: 0.000430)
2026-02-16 18:08:58,195 - INFO - Epoch 7/100 Batch 235/650 - Loss: 1.213988 (Recon: 1.146373, Diff: 0.067614, KL: 0.000261)
2026-02-16 18:08:59,270 - INFO - Epoch 7/100 Batch 236/650 - Loss: 1.272877 (Recon: 1.137930, Diff: 0.134947, KL: 0.000192)
2026-02-16 18:09:00,333 - INFO - Epoch 7/100 Batch 237/650 - Loss: 1.210951 (Recon: 1.144401, Diff: 0.066550, KL: 0.000151)
2026-02-16 18:09:03,408 - INFO - Epoch 7/100 Batch 238/650 - Loss: 1.213766 (Recon: 1.147529, Diff: 0.066237, KL: 0.000053)
2026-02-16 18:09:04,458 - INFO - Epoch 7/100 Batch 239/650 - Loss: 1.204795 (Recon: 1.145392, Diff: 0.059403, KL: 0.000094)
2026-02-16 18:09:05,519 - INFO - Epoch 7/100 Batch 240/650 - Loss: 1.331379 (Recon: 1.142609, Diff: 0.188770, KL: 0.000256)
2026-02-16 18:09:06,583 - INFO - Epoch 7/100 Batch 241/650 - Loss: 1.207675 (Recon: 1.139508, Diff: 0.068167, KL: 0.000222)
2026-02-16 18:09:17,820 - INFO - Epoch 7/100 Batch 242/650 - Loss: 1.359106 (Recon: 1.135458, Diff: 0.223648, KL: 0.000294)
2026-02-16 18:09:18,877 - INFO - Epoch 7/100 Batch 243/650 - Loss: 1.181318 (Recon: 1.145351, Diff: 0.035968, KL: 0.000080)
2026-02-16 18:09:19,941 - INFO - Epoch 7/100 Batch 244/650 - Loss: 1.263990 (Recon: 1.142145, Diff: 0.121845, KL: 0.000357)
2026-02-16 18:09:20,981 - INFO - Epoch 7/100 Batch 245/650 - Loss: 1.269440 (Recon: 1.139777, Diff: 0.129663, KL: 0.000065)
2026-02-16 18:09:36,827 - INFO - Epoch 7/100 Batch 246/650 - Loss: 1.284484 (Recon: 1.146775, Diff: 0.137709, KL: 0.000262)
2026-02-16 18:09:37,847 - INFO - Epoch 7/100 Batch 247/650 - Loss: 1.301631 (Recon: 1.143226, Diff: 0.158404, KL: 0.000514)
2026-02-16 18:09:38,896 - INFO - Epoch 7/100 Batch 248/650 - Loss: 1.237988 (Recon: 1.145845, Diff: 0.092143, KL: 0.000083)
2026-02-16 18:09:39,932 - INFO - Epoch 7/100 Batch 249/650 - Loss: 1.197191 (Recon: 1.140269, Diff: 0.056922, KL: 0.000124)
2026-02-16 18:09:41,169 - INFO - Epoch 7/100 Batch 250/650 - Loss: 1.291278 (Recon: 1.141320, Diff: 0.149958, KL: 0.000195)
2026-02-16 18:09:42,587 - INFO - Epoch 7/100 Batch 251/650 - Loss: 1.273958 (Recon: 1.123594, Diff: 0.150362, KL: 0.002465)
2026-02-16 18:09:43,641 - INFO - Epoch 7/100 Batch 252/650 - Loss: 1.252306 (Recon: 1.145988, Diff: 0.106317, KL: 0.000855)
2026-02-16 18:09:44,732 - INFO - Epoch 7/100 Batch 253/650 - Loss: 1.218519 (Recon: 1.129045, Diff: 0.089473, KL: 0.000874)
2026-02-16 18:09:45,799 - INFO - Epoch 7/100 Batch 254/650 - Loss: 1.243355 (Recon: 1.142150, Diff: 0.101205, KL: 0.000274)
2026-02-16 18:09:46,889 - INFO - Epoch 7/100 Batch 255/650 - Loss: 1.210806 (Recon: 1.139279, Diff: 0.071527, KL: 0.000532)
2026-02-16 18:09:47,983 - INFO - Epoch 7/100 Batch 256/650 - Loss: 1.315321 (Recon: 1.140583, Diff: 0.174738, KL: 0.000159)
2026-02-16 18:09:49,042 - INFO - Epoch 7/100 Batch 257/650 - Loss: 1.263022 (Recon: 1.143670, Diff: 0.119351, KL: 0.000547)
2026-02-16 18:09:53,364 - INFO - Epoch 7/100 Batch 258/650 - Loss: 1.235002 (Recon: 1.142881, Diff: 0.092122, KL: 0.000087)
2026-02-16 18:09:54,433 - INFO - Epoch 7/100 Batch 259/650 - Loss: 1.337162 (Recon: 1.141856, Diff: 0.195304, KL: 0.000646)
2026-02-16 18:09:55,513 - INFO - Epoch 7/100 Batch 260/650 - Loss: 1.268642 (Recon: 1.142064, Diff: 0.126578, KL: 0.000244)
2026-02-16 18:09:56,589 - INFO - Epoch 7/100 Batch 261/650 - Loss: 1.268372 (Recon: 1.136569, Diff: 0.131803, KL: 0.000263)
2026-02-16 18:09:59,880 - INFO - Epoch 7/100 Batch 262/650 - Loss: 1.269553 (Recon: 1.131745, Diff: 0.137808, KL: 0.000083)
2026-02-16 18:10:01,062 - INFO - Epoch 7/100 Batch 263/650 - Loss: 1.188577 (Recon: 1.143228, Diff: 0.045349, KL: 0.000418)
2026-02-16 18:10:02,127 - INFO - Epoch 7/100 Batch 264/650 - Loss: 1.249446 (Recon: 1.142139, Diff: 0.107307, KL: 0.000134)
2026-02-16 18:10:03,201 - INFO - Epoch 7/100 Batch 265/650 - Loss: 1.260952 (Recon: 1.144899, Diff: 0.116052, KL: 0.000159)
2026-02-16 18:10:36,553 - INFO - Epoch 7/100 Batch 266/650 - Loss: 1.195380 (Recon: 1.134992, Diff: 0.060388, KL: 0.000125)
2026-02-16 18:10:52,396 - INFO - Epoch 7/100 Batch 267/650 - Loss: 1.241553 (Recon: 1.138977, Diff: 0.102576, KL: 0.000098)
2026-02-16 18:10:53,411 - INFO - Epoch 7/100 Batch 268/650 - Loss: 1.223550 (Recon: 1.134167, Diff: 0.089383, KL: 0.000139)
2026-02-16 18:10:54,432 - INFO - Epoch 7/100 Batch 269/650 - Loss: 1.213854 (Recon: 1.143327, Diff: 0.070527, KL: 0.000107)
2026-02-16 18:10:57,290 - INFO - Epoch 7/100 Batch 270/650 - Loss: 1.240795 (Recon: 1.143448, Diff: 0.097346, KL: 0.000108)
2026-02-16 18:10:58,359 - INFO - Epoch 7/100 Batch 271/650 - Loss: 1.295608 (Recon: 1.136938, Diff: 0.158669, KL: 0.000416)
2026-02-16 18:10:59,380 - INFO - Epoch 7/100 Batch 272/650 - Loss: 1.231918 (Recon: 1.142159, Diff: 0.089759, KL: 0.000412)
2026-02-16 18:11:00,401 - INFO - Epoch 7/100 Batch 273/650 - Loss: 1.211221 (Recon: 1.138801, Diff: 0.072419, KL: 0.000176)
2026-02-16 18:11:01,462 - INFO - Epoch 7/100 Batch 274/650 - Loss: 1.206331 (Recon: 1.144995, Diff: 0.061336, KL: 0.000485)
2026-02-16 18:11:02,478 - INFO - Epoch 7/100 Batch 275/650 - Loss: 1.237955 (Recon: 1.138708, Diff: 0.099247, KL: 0.000132)
2026-02-16 18:11:03,487 - INFO - Epoch 7/100 Batch 276/650 - Loss: 1.241302 (Recon: 1.132212, Diff: 0.109089, KL: 0.000326)
2026-02-16 18:11:04,511 - INFO - Epoch 7/100 Batch 277/650 - Loss: 1.240628 (Recon: 1.137645, Diff: 0.102983, KL: 0.000266)
2026-02-16 18:11:16,970 - INFO - Epoch 7/100 Batch 278/650 - Loss: 1.251453 (Recon: 1.138346, Diff: 0.113107, KL: 0.000261)
2026-02-16 18:11:17,976 - INFO - Epoch 7/100 Batch 279/650 - Loss: 1.319743 (Recon: 1.147076, Diff: 0.172666, KL: 0.000289)
2026-02-16 18:11:19,011 - INFO - Epoch 7/100 Batch 280/650 - Loss: 1.193310 (Recon: 1.143367, Diff: 0.049943, KL: 0.000134)
2026-02-16 18:11:20,034 - INFO - Epoch 7/100 Batch 281/650 - Loss: 1.204465 (Recon: 1.144581, Diff: 0.059884, KL: 0.000367)
2026-02-16 18:11:30,262 - INFO - Epoch 7/100 Batch 282/650 - Loss: 1.217626 (Recon: 1.131233, Diff: 0.086392, KL: 0.000108)
2026-02-16 18:11:31,343 - INFO - Epoch 7/100 Batch 283/650 - Loss: 1.212620 (Recon: 1.138005, Diff: 0.074614, KL: 0.000135)
2026-02-16 18:11:32,400 - INFO - Epoch 7/100 Batch 284/650 - Loss: 1.220900 (Recon: 1.139142, Diff: 0.081758, KL: 0.000183)
2026-02-16 18:11:38,871 - INFO - Epoch 7/100 Batch 285/650 - Loss: 1.251680 (Recon: 1.136535, Diff: 0.115145, KL: 0.000282)
2026-02-16 18:12:15,619 - INFO - Epoch 7/100 Batch 286/650 - Loss: 1.274452 (Recon: 1.131892, Diff: 0.142560, KL: 0.000444)
2026-02-16 18:12:53,496 - INFO - Epoch 7/100 Batch 287/650 - Loss: 1.224546 (Recon: 1.139557, Diff: 0.084989, KL: 0.000119)
2026-02-16 18:13:28,771 - INFO - Epoch 7/100 Batch 288/650 - Loss: 1.258959 (Recon: 1.138033, Diff: 0.120925, KL: 0.000553)
2026-02-16 18:14:04,099 - INFO - Epoch 7/100 Batch 289/650 - Loss: 1.314802 (Recon: 1.130235, Diff: 0.184567, KL: 0.000189)
2026-02-16 18:14:25,277 - INFO - Epoch 7/100 Batch 290/650 - Loss: 1.300769 (Recon: 1.136519, Diff: 0.164249, KL: 0.000792)
2026-02-16 18:14:26,312 - INFO - Epoch 7/100 Batch 291/650 - Loss: 1.226898 (Recon: 1.140080, Diff: 0.086817, KL: 0.001071)
2026-02-16 18:14:27,345 - INFO - Epoch 7/100 Batch 292/650 - Loss: 1.279594 (Recon: 1.131904, Diff: 0.147690, KL: 0.000334)
2026-02-16 18:14:28,397 - INFO - Epoch 7/100 Batch 293/650 - Loss: 1.257510 (Recon: 1.139562, Diff: 0.117947, KL: 0.000279)
2026-02-16 18:14:30,207 - INFO - Epoch 7/100 Batch 294/650 - Loss: 1.257462 (Recon: 1.145208, Diff: 0.112253, KL: 0.000572)
2026-02-16 18:14:31,239 - INFO - Epoch 7/100 Batch 295/650 - Loss: 1.199842 (Recon: 1.138750, Diff: 0.061092, KL: 0.000244)
2026-02-16 18:14:32,299 - INFO - Epoch 7/100 Batch 296/650 - Loss: 1.199980 (Recon: 1.141887, Diff: 0.058093, KL: 0.000094)
2026-02-16 18:14:33,369 - INFO - Epoch 7/100 Batch 297/650 - Loss: 1.246873 (Recon: 1.144279, Diff: 0.102594, KL: 0.000051)
2026-02-16 18:14:36,964 - INFO - Epoch 7/100 Batch 298/650 - Loss: 1.226974 (Recon: 1.133835, Diff: 0.093138, KL: 0.000288)
2026-02-16 18:14:38,036 - INFO - Epoch 7/100 Batch 299/650 - Loss: 1.276906 (Recon: 1.143473, Diff: 0.133432, KL: 0.000196)
2026-02-16 18:15:07,052 - INFO - Epoch 7/100 Batch 300/650 - Loss: 1.233159 (Recon: 1.145867, Diff: 0.087291, KL: 0.000340)
2026-02-16 18:15:08,124 - INFO - Epoch 7/100 Batch 301/650 - Loss: 1.254342 (Recon: 1.142182, Diff: 0.112160, KL: 0.000129)
2026-02-16 18:15:12,560 - INFO - Epoch 7/100 Batch 302/650 - Loss: 1.193222 (Recon: 1.144016, Diff: 0.049206, KL: 0.000214)
2026-02-16 18:15:13,604 - INFO - Epoch 7/100 Batch 303/650 - Loss: 1.283566 (Recon: 1.143047, Diff: 0.140519, KL: 0.000153)
2026-02-16 18:15:14,640 - INFO - Epoch 7/100 Batch 304/650 - Loss: 1.207852 (Recon: 1.142012, Diff: 0.065839, KL: 0.000129)
2026-02-16 18:15:15,725 - INFO - Epoch 7/100 Batch 305/650 - Loss: 1.235979 (Recon: 1.132832, Diff: 0.103147, KL: 0.000454)
2026-02-16 18:15:17,331 - INFO - Epoch 7/100 Batch 306/650 - Loss: 1.198745 (Recon: 1.137794, Diff: 0.060950, KL: 0.000299)
2026-02-16 18:15:18,374 - INFO - Epoch 7/100 Batch 307/650 - Loss: 1.244591 (Recon: 1.140506, Diff: 0.104085, KL: 0.000119)
2026-02-16 18:15:19,414 - INFO - Epoch 7/100 Batch 308/650 - Loss: 1.283807 (Recon: 1.133536, Diff: 0.150271, KL: 0.000120)
2026-02-16 18:15:20,526 - INFO - Epoch 7/100 Batch 309/650 - Loss: 1.252477 (Recon: 1.143133, Diff: 0.109343, KL: 0.000221)
2026-02-16 18:15:33,070 - INFO - Epoch 7/100 Batch 310/650 - Loss: 1.207202 (Recon: 1.145492, Diff: 0.061710, KL: 0.000088)
2026-02-16 18:15:34,119 - INFO - Epoch 7/100 Batch 311/650 - Loss: 1.225857 (Recon: 1.130670, Diff: 0.095187, KL: 0.000221)
2026-02-16 18:15:35,137 - INFO - Epoch 7/100 Batch 312/650 - Loss: 1.221262 (Recon: 1.129096, Diff: 0.092165, KL: 0.000332)
2026-02-16 18:15:38,984 - INFO - Epoch 7/100 Batch 313/650 - Loss: 1.186092 (Recon: 1.132128, Diff: 0.053964, KL: 0.000149)
2026-02-16 18:15:40,670 - INFO - Epoch 7/100 Batch 314/650 - Loss: 1.191232 (Recon: 1.139155, Diff: 0.052076, KL: 0.000427)
2026-02-16 18:15:41,665 - INFO - Epoch 7/100 Batch 315/650 - Loss: 1.272901 (Recon: 1.136657, Diff: 0.136244, KL: 0.000218)
2026-02-16 18:15:43,606 - INFO - Epoch 7/100 Batch 316/650 - Loss: 1.235301 (Recon: 1.140791, Diff: 0.094510, KL: 0.000156)
2026-02-16 18:15:44,670 - INFO - Epoch 7/100 Batch 317/650 - Loss: 1.249010 (Recon: 1.141376, Diff: 0.107635, KL: 0.000277)
2026-02-16 18:15:45,682 - INFO - Epoch 7/100 Batch 318/650 - Loss: 1.228612 (Recon: 1.137716, Diff: 0.090895, KL: 0.000127)
2026-02-16 18:15:46,703 - INFO - Epoch 7/100 Batch 319/650 - Loss: 1.181128 (Recon: 1.142347, Diff: 0.038780, KL: 0.000591)
2026-02-16 18:15:47,761 - INFO - Epoch 7/100 Batch 320/650 - Loss: 1.224037 (Recon: 1.139410, Diff: 0.084627, KL: 0.000193)
2026-02-16 18:15:48,797 - INFO - Epoch 7/100 Batch 321/650 - Loss: 1.227068 (Recon: 1.139081, Diff: 0.087986, KL: 0.000411)
2026-02-16 18:15:49,904 - INFO - Epoch 7/100 Batch 322/650 - Loss: 1.240615 (Recon: 1.139296, Diff: 0.101319, KL: 0.000712)
2026-02-16 18:15:51,944 - INFO - Epoch 7/100 Batch 323/650 - Loss: 1.211723 (Recon: 1.141095, Diff: 0.070628, KL: 0.000069)
2026-02-16 18:16:06,067 - INFO - Epoch 7/100 Batch 324/650 - Loss: 1.276285 (Recon: 1.130375, Diff: 0.145910, KL: 0.000611)
2026-02-16 18:16:11,269 - INFO - Epoch 7/100 Batch 325/650 - Loss: 1.277317 (Recon: 1.134874, Diff: 0.142443, KL: 0.000221)
2026-02-16 18:16:12,356 - INFO - Epoch 7/100 Batch 326/650 - Loss: 1.204269 (Recon: 1.145055, Diff: 0.059213, KL: 0.000824)
2026-02-16 18:16:13,412 - INFO - Epoch 7/100 Batch 327/650 - Loss: 1.228693 (Recon: 1.139408, Diff: 0.089285, KL: 0.000235)
2026-02-16 18:16:14,435 - INFO - Epoch 7/100 Batch 328/650 - Loss: 1.289422 (Recon: 1.142587, Diff: 0.146833, KL: 0.001124)
2026-02-16 18:16:15,493 - INFO - Epoch 7/100 Batch 329/650 - Loss: 1.224161 (Recon: 1.140206, Diff: 0.083953, KL: 0.000975)
2026-02-16 18:16:16,540 - INFO - Epoch 7/100 Batch 330/650 - Loss: 1.261103 (Recon: 1.143424, Diff: 0.117679, KL: 0.000154)
2026-02-16 18:16:32,866 - INFO - Epoch 7/100 Batch 331/650 - Loss: 1.216310 (Recon: 1.140027, Diff: 0.076282, KL: 0.000544)
2026-02-16 18:16:33,945 - INFO - Epoch 7/100 Batch 332/650 - Loss: 1.213101 (Recon: 1.143719, Diff: 0.069382, KL: 0.000258)
2026-02-16 18:16:34,992 - INFO - Epoch 7/100 Batch 333/650 - Loss: 1.216371 (Recon: 1.136667, Diff: 0.079704, KL: 0.000299)
2026-02-16 18:16:36,079 - INFO - Epoch 7/100 Batch 334/650 - Loss: 1.334417 (Recon: 1.143986, Diff: 0.190430, KL: 0.000378)
2026-02-16 18:16:37,127 - INFO - Epoch 7/100 Batch 335/650 - Loss: 1.193901 (Recon: 1.138790, Diff: 0.055110, KL: 0.000126)
2026-02-16 18:16:48,093 - INFO - Epoch 7/100 Batch 336/650 - Loss: 1.232697 (Recon: 1.136857, Diff: 0.095840, KL: 0.000276)
2026-02-16 18:16:49,157 - INFO - Epoch 7/100 Batch 337/650 - Loss: 1.288115 (Recon: 1.137244, Diff: 0.150871, KL: 0.000163)
2026-02-16 18:16:59,116 - INFO - Epoch 7/100 Batch 338/650 - Loss: 1.264457 (Recon: 1.112800, Diff: 0.151657, KL: 0.000185)
2026-02-16 18:17:03,324 - INFO - Epoch 7/100 Batch 339/650 - Loss: 1.209647 (Recon: 1.140536, Diff: 0.069110, KL: 0.000353)
2026-02-16 18:17:04,365 - INFO - Epoch 7/100 Batch 340/650 - Loss: 1.303287 (Recon: 1.138749, Diff: 0.164537, KL: 0.000460)
2026-02-16 18:17:05,426 - INFO - Epoch 7/100 Batch 341/650 - Loss: 1.266757 (Recon: 1.133894, Diff: 0.132862, KL: 0.000386)
2026-02-16 18:17:37,919 - INFO - Epoch 7/100 Batch 342/650 - Loss: 1.190201 (Recon: 1.140072, Diff: 0.050130, KL: 0.000176)
2026-02-16 18:17:53,099 - INFO - Epoch 7/100 Batch 343/650 - Loss: 1.225039 (Recon: 1.140260, Diff: 0.084780, KL: 0.000150)
2026-02-16 18:17:54,112 - INFO - Epoch 7/100 Batch 344/650 - Loss: 1.228684 (Recon: 1.144661, Diff: 0.084023, KL: 0.000170)
2026-02-16 18:18:05,366 - INFO - Epoch 7/100 Batch 345/650 - Loss: 1.164458 (Recon: 1.137010, Diff: 0.027449, KL: 0.000119)
2026-02-16 18:18:06,437 - INFO - Epoch 7/100 Batch 346/650 - Loss: 1.218986 (Recon: 1.129250, Diff: 0.089736, KL: 0.000165)
2026-02-16 18:18:11,939 - INFO - Epoch 7/100 Batch 347/650 - Loss: 1.198817 (Recon: 1.138055, Diff: 0.060762, KL: 0.000085)
2026-02-16 18:18:13,036 - INFO - Epoch 7/100 Batch 348/650 - Loss: 1.202298 (Recon: 1.133859, Diff: 0.068439, KL: 0.000215)
2026-02-16 18:18:14,130 - INFO - Epoch 7/100 Batch 349/650 - Loss: 1.248605 (Recon: 1.143063, Diff: 0.105542, KL: 0.000081)
2026-02-16 18:18:46,425 - INFO - Epoch 7/100 Batch 350/650 - Loss: 1.269225 (Recon: 1.136738, Diff: 0.132487, KL: 0.000211)
2026-02-16 18:19:25,560 - INFO - Epoch 7/100 Batch 351/650 - Loss: 1.247536 (Recon: 1.137926, Diff: 0.109610, KL: 0.000144)
2026-02-16 18:19:47,391 - INFO - Epoch 7/100 Batch 352/650 - Loss: 1.200233 (Recon: 1.134687, Diff: 0.065546, KL: 0.000099)
2026-02-16 18:19:48,439 - INFO - Epoch 7/100 Batch 353/650 - Loss: 1.254449 (Recon: 1.138318, Diff: 0.116131, KL: 0.000147)
2026-02-16 18:19:49,457 - INFO - Epoch 7/100 Batch 354/650 - Loss: 1.178410 (Recon: 1.138922, Diff: 0.039488, KL: 0.000304)
2026-02-16 18:19:50,517 - INFO - Epoch 7/100 Batch 355/650 - Loss: 1.202657 (Recon: 1.136168, Diff: 0.066488, KL: 0.000526)
2026-02-16 18:19:51,562 - INFO - Epoch 7/100 Batch 356/650 - Loss: 1.318002 (Recon: 1.134547, Diff: 0.183455, KL: 0.000194)
2026-02-16 18:19:52,632 - INFO - Epoch 7/100 Batch 357/650 - Loss: 1.238223 (Recon: 1.141048, Diff: 0.097174, KL: 0.000288)
2026-02-16 18:19:56,070 - INFO - Epoch 7/100 Batch 358/650 - Loss: 1.176038 (Recon: 1.143727, Diff: 0.032310, KL: 0.000130)
2026-02-16 18:20:27,238 - INFO - Epoch 7/100 Batch 359/650 - Loss: 1.240888 (Recon: 1.138883, Diff: 0.102005, KL: 0.000178)
2026-02-16 18:21:02,519 - INFO - Epoch 7/100 Batch 360/650 - Loss: 1.171006 (Recon: 1.137262, Diff: 0.033744, KL: 0.000208)
2026-02-16 18:21:32,638 - INFO - Epoch 7/100 Batch 361/650 - Loss: 1.189700 (Recon: 1.134989, Diff: 0.054711, KL: 0.000079)
2026-02-16 18:21:33,692 - INFO - Epoch 7/100 Batch 362/650 - Loss: 1.241577 (Recon: 1.135413, Diff: 0.106163, KL: 0.000123)
2026-02-16 18:21:34,785 - INFO - Epoch 7/100 Batch 363/650 - Loss: 1.207710 (Recon: 1.134298, Diff: 0.073412, KL: 0.000084)
2026-02-16 18:21:35,844 - INFO - Epoch 7/100 Batch 364/650 - Loss: 1.191691 (Recon: 1.136198, Diff: 0.055493, KL: 0.000077)
2026-02-16 18:21:36,969 - INFO - Epoch 7/100 Batch 365/650 - Loss: 1.253639 (Recon: 1.143671, Diff: 0.109968, KL: 0.000064)
2026-02-16 18:21:38,085 - INFO - Epoch 7/100 Batch 366/650 - Loss: 1.227744 (Recon: 1.134669, Diff: 0.093075, KL: 0.000093)
2026-02-16 18:21:56,513 - INFO - Epoch 7/100 Batch 367/650 - Loss: 1.186556 (Recon: 1.134617, Diff: 0.051940, KL: 0.000128)
2026-02-16 18:21:57,571 - INFO - Epoch 7/100 Batch 368/650 - Loss: 1.279673 (Recon: 1.136363, Diff: 0.143310, KL: 0.000295)
2026-02-16 18:22:01,324 - INFO - Epoch 7/100 Batch 369/650 - Loss: 1.260998 (Recon: 1.141418, Diff: 0.119579, KL: 0.000085)
2026-02-16 18:22:02,416 - INFO - Epoch 7/100 Batch 370/650 - Loss: 1.220735 (Recon: 1.135190, Diff: 0.085545, KL: 0.000338)
2026-02-16 18:22:14,863 - INFO - Epoch 7/100 Batch 371/650 - Loss: 1.234968 (Recon: 1.136323, Diff: 0.098644, KL: 0.000323)
2026-02-16 18:22:15,922 - INFO - Epoch 7/100 Batch 372/650 - Loss: 1.208979 (Recon: 1.137185, Diff: 0.071795, KL: 0.000097)
2026-02-16 18:22:17,231 - INFO - Epoch 7/100 Batch 373/650 - Loss: 1.242429 (Recon: 1.136311, Diff: 0.106118, KL: 0.000090)
2026-02-16 18:22:18,276 - INFO - Epoch 7/100 Batch 374/650 - Loss: 1.211049 (Recon: 1.140688, Diff: 0.070361, KL: 0.000198)
2026-02-16 18:22:19,327 - INFO - Epoch 7/100 Batch 375/650 - Loss: 1.227918 (Recon: 1.137181, Diff: 0.090737, KL: 0.000293)
2026-02-16 18:22:20,381 - INFO - Epoch 7/100 Batch 376/650 - Loss: 1.232513 (Recon: 1.137831, Diff: 0.094682, KL: 0.000069)
2026-02-16 18:22:33,621 - INFO - Epoch 7/100 Batch 377/650 - Loss: 1.187576 (Recon: 1.136563, Diff: 0.051013, KL: 0.000415)
2026-02-16 18:22:34,684 - INFO - Epoch 7/100 Batch 378/650 - Loss: 1.235906 (Recon: 1.139808, Diff: 0.096098, KL: 0.000516)
2026-02-16 18:22:59,762 - INFO - Epoch 7/100 Batch 379/650 - Loss: 1.198334 (Recon: 1.135763, Diff: 0.062570, KL: 0.000052)
2026-02-16 18:23:35,104 - INFO - Epoch 7/100 Batch 380/650 - Loss: 1.209769 (Recon: 1.137660, Diff: 0.072108, KL: 0.000357)
2026-02-16 18:23:53,093 - INFO - Epoch 7/100 Batch 381/650 - Loss: 1.209449 (Recon: 1.138891, Diff: 0.070559, KL: 0.000109)
2026-02-16 18:23:54,089 - INFO - Epoch 7/100 Batch 382/650 - Loss: 1.217101 (Recon: 1.139629, Diff: 0.077472, KL: 0.000252)
2026-02-16 18:24:06,054 - INFO - Epoch 7/100 Batch 383/650 - Loss: 1.241276 (Recon: 1.136625, Diff: 0.104651, KL: 0.000290)
2026-02-16 18:24:45,231 - INFO - Epoch 7/100 Batch 384/650 - Loss: 1.187031 (Recon: 1.138381, Diff: 0.048650, KL: 0.000147)
2026-02-16 18:25:24,502 - INFO - Epoch 7/100 Batch 385/650 - Loss: 1.195662 (Recon: 1.141769, Diff: 0.053893, KL: 0.000307)
2026-02-16 18:26:03,694 - INFO - Epoch 7/100 Batch 386/650 - Loss: 1.250676 (Recon: 1.130149, Diff: 0.120526, KL: 0.000213)
2026-02-16 18:26:42,970 - INFO - Epoch 7/100 Batch 387/650 - Loss: 1.265016 (Recon: 1.135491, Diff: 0.129524, KL: 0.000350)
2026-02-16 18:27:19,625 - INFO - Epoch 7/100 Batch 388/650 - Loss: 1.221724 (Recon: 1.135119, Diff: 0.086605, KL: 0.000173)
2026-02-16 18:27:55,151 - INFO - Epoch 7/100 Batch 389/650 - Loss: 1.239650 (Recon: 1.143151, Diff: 0.096499, KL: 0.000194)
2026-02-16 18:28:30,375 - INFO - Epoch 7/100 Batch 390/650 - Loss: 1.260570 (Recon: 1.136971, Diff: 0.123599, KL: 0.000302)
2026-02-16 18:29:05,893 - INFO - Epoch 7/100 Batch 391/650 - Loss: 1.236075 (Recon: 1.143336, Diff: 0.092739, KL: 0.000030)
2026-02-16 18:29:41,277 - INFO - Epoch 7/100 Batch 392/650 - Loss: 1.236712 (Recon: 1.133528, Diff: 0.103184, KL: 0.000435)
2026-02-16 18:29:55,480 - INFO - Epoch 7/100 Batch 393/650 - Loss: 1.226546 (Recon: 1.136255, Diff: 0.090291, KL: 0.000220)
2026-02-16 18:29:56,517 - INFO - Epoch 7/100 Batch 394/650 - Loss: 1.284689 (Recon: 1.136975, Diff: 0.147713, KL: 0.000240)
2026-02-16 18:30:12,216 - INFO - Epoch 7/100 Batch 395/650 - Loss: 1.189279 (Recon: 1.140277, Diff: 0.049002, KL: 0.000345)
2026-02-16 18:30:13,356 - INFO - Epoch 7/100 Batch 396/650 - Loss: 1.212220 (Recon: 1.129599, Diff: 0.082620, KL: 0.000124)
2026-02-16 18:30:14,400 - INFO - Epoch 7/100 Batch 397/650 - Loss: 1.188252 (Recon: 1.132469, Diff: 0.055782, KL: 0.000586)
2026-02-16 18:30:15,417 - INFO - Epoch 7/100 Batch 398/650 - Loss: 1.299325 (Recon: 1.134591, Diff: 0.164733, KL: 0.000179)
2026-02-16 18:30:16,466 - INFO - Epoch 7/100 Batch 399/650 - Loss: 1.193252 (Recon: 1.132137, Diff: 0.061114, KL: 0.000444)
2026-02-16 18:30:17,611 - INFO - Epoch 7/100 Batch 400/650 - Loss: 1.184494 (Recon: 1.135904, Diff: 0.048590, KL: 0.000705)
2026-02-16 18:30:18,741 - INFO - Epoch 7/100 Batch 401/650 - Loss: 1.249703 (Recon: 1.137529, Diff: 0.112174, KL: 0.000074)
2026-02-16 18:30:19,766 - INFO - Epoch 7/100 Batch 402/650 - Loss: 1.233430 (Recon: 1.131709, Diff: 0.101721, KL: 0.000512)
2026-02-16 18:30:20,811 - INFO - Epoch 7/100 Batch 403/650 - Loss: 1.260902 (Recon: 1.133510, Diff: 0.127391, KL: 0.000339)
2026-02-16 18:30:22,037 - INFO - Epoch 7/100 Batch 404/650 - Loss: 1.246531 (Recon: 1.140744, Diff: 0.105788, KL: 0.000264)
2026-02-16 18:30:23,093 - INFO - Epoch 7/100 Batch 405/650 - Loss: 1.205450 (Recon: 1.140800, Diff: 0.064650, KL: 0.000263)
2026-02-16 18:30:24,157 - INFO - Epoch 7/100 Batch 406/650 - Loss: 1.213483 (Recon: 1.128075, Diff: 0.085408, KL: 0.000102)
2026-02-16 18:30:56,049 - INFO - Epoch 7/100 Batch 407/650 - Loss: 1.210766 (Recon: 1.129391, Diff: 0.081374, KL: 0.000203)
2026-02-16 18:31:31,620 - INFO - Epoch 7/100 Batch 408/650 - Loss: 1.203167 (Recon: 1.138620, Diff: 0.064547, KL: 0.000091)
2026-02-16 18:32:07,318 - INFO - Epoch 7/100 Batch 409/650 - Loss: 1.260366 (Recon: 1.136535, Diff: 0.123828, KL: 0.002382)
2026-02-16 18:32:22,821 - INFO - Epoch 7/100 Batch 410/650 - Loss: 1.270371 (Recon: 1.136500, Diff: 0.133869, KL: 0.001299)
2026-02-16 18:32:23,828 - INFO - Epoch 7/100 Batch 411/650 - Loss: 1.205491 (Recon: 1.134580, Diff: 0.070911, KL: 0.000716)
2026-02-16 18:32:25,118 - INFO - Epoch 7/100 Batch 412/650 - Loss: 1.259891 (Recon: 1.139134, Diff: 0.120757, KL: 0.000248)
2026-02-16 18:32:26,373 - INFO - Epoch 7/100 Batch 413/650 - Loss: 1.236374 (Recon: 1.126213, Diff: 0.110160, KL: 0.000675)
2026-02-16 18:32:27,455 - INFO - Epoch 7/100 Batch 414/650 - Loss: 1.229352 (Recon: 1.135047, Diff: 0.094305, KL: 0.000076)
2026-02-16 18:32:28,495 - INFO - Epoch 7/100 Batch 415/650 - Loss: 1.228086 (Recon: 1.136094, Diff: 0.091992, KL: 0.000471)
2026-02-16 18:32:29,625 - INFO - Epoch 7/100 Batch 416/650 - Loss: 1.204568 (Recon: 1.138139, Diff: 0.066428, KL: 0.000184)
2026-02-16 18:32:33,718 - INFO - Epoch 7/100 Batch 417/650 - Loss: 1.264984 (Recon: 1.136943, Diff: 0.128041, KL: 0.000333)
2026-02-16 18:32:34,718 - INFO - Epoch 7/100 Batch 418/650 - Loss: 1.183444 (Recon: 1.133070, Diff: 0.050374, KL: 0.000295)
2026-02-16 18:32:35,771 - INFO - Epoch 7/100 Batch 419/650 - Loss: 1.192952 (Recon: 1.138169, Diff: 0.054782, KL: 0.000156)
2026-02-16 18:32:36,885 - INFO - Epoch 7/100 Batch 420/650 - Loss: 1.260117 (Recon: 1.134482, Diff: 0.125634, KL: 0.000409)
2026-02-16 18:32:37,965 - INFO - Epoch 7/100 Batch 421/650 - Loss: 1.214109 (Recon: 1.136123, Diff: 0.077986, KL: 0.000121)
2026-02-16 18:32:39,023 - INFO - Epoch 7/100 Batch 422/650 - Loss: 1.226907 (Recon: 1.135888, Diff: 0.091019, KL: 0.000231)
2026-02-16 18:32:40,085 - INFO - Epoch 7/100 Batch 423/650 - Loss: 1.180540 (Recon: 1.137211, Diff: 0.043328, KL: 0.000407)
2026-02-16 18:32:41,150 - INFO - Epoch 7/100 Batch 424/650 - Loss: 1.186387 (Recon: 1.139762, Diff: 0.046625, KL: 0.000086)
2026-02-16 18:32:42,212 - INFO - Epoch 7/100 Batch 425/650 - Loss: 1.215255 (Recon: 1.134247, Diff: 0.081007, KL: 0.000591)
2026-02-16 18:32:43,280 - INFO - Epoch 7/100 Batch 426/650 - Loss: 1.248566 (Recon: 1.137410, Diff: 0.111156, KL: 0.000423)
2026-02-16 18:32:44,323 - INFO - Epoch 7/100 Batch 427/650 - Loss: 1.275484 (Recon: 1.133210, Diff: 0.142275, KL: 0.000093)
2026-02-16 18:32:45,429 - INFO - Epoch 7/100 Batch 428/650 - Loss: 1.224808 (Recon: 1.131257, Diff: 0.093550, KL: 0.000154)
2026-02-16 18:32:46,480 - INFO - Epoch 7/100 Batch 429/650 - Loss: 1.176785 (Recon: 1.139259, Diff: 0.037526, KL: 0.000116)
2026-02-16 18:32:49,756 - INFO - Epoch 7/100 Batch 430/650 - Loss: 1.190362 (Recon: 1.137370, Diff: 0.052992, KL: 0.000267)
2026-02-16 18:32:50,795 - INFO - Epoch 7/100 Batch 431/650 - Loss: 1.205094 (Recon: 1.139139, Diff: 0.065954, KL: 0.000339)
2026-02-16 18:32:51,913 - INFO - Epoch 7/100 Batch 432/650 - Loss: 1.262261 (Recon: 1.137729, Diff: 0.124532, KL: 0.000049)
2026-02-16 18:33:24,288 - INFO - Epoch 7/100 Batch 433/650 - Loss: 1.222138 (Recon: 1.139117, Diff: 0.083020, KL: 0.000374)
2026-02-16 18:33:48,797 - INFO - Epoch 7/100 Batch 434/650 - Loss: 1.226494 (Recon: 1.140778, Diff: 0.085716, KL: 0.000195)
2026-02-16 18:33:50,900 - INFO - Epoch 7/100 Batch 435/650 - Loss: 1.240121 (Recon: 1.134213, Diff: 0.105905, KL: 0.002729)
2026-02-16 18:33:51,929 - INFO - Epoch 7/100 Batch 436/650 - Loss: 1.236705 (Recon: 1.130425, Diff: 0.106279, KL: 0.000990)
2026-02-16 18:33:53,090 - INFO - Epoch 7/100 Batch 437/650 - Loss: 1.242525 (Recon: 1.140659, Diff: 0.101865, KL: 0.000206)
2026-02-16 18:33:54,321 - INFO - Epoch 7/100 Batch 438/650 - Loss: 1.273087 (Recon: 1.140638, Diff: 0.132448, KL: 0.000244)
2026-02-16 18:33:55,376 - INFO - Epoch 7/100 Batch 439/650 - Loss: 1.219796 (Recon: 1.136648, Diff: 0.083148, KL: 0.000255)
2026-02-16 18:33:56,425 - INFO - Epoch 7/100 Batch 440/650 - Loss: 1.274209 (Recon: 1.138032, Diff: 0.136176, KL: 0.000315)
2026-02-16 18:34:00,123 - INFO - Epoch 7/100 Batch 441/650 - Loss: 1.232845 (Recon: 1.138579, Diff: 0.094266, KL: 0.000182)
2026-02-16 18:34:07,582 - INFO - Epoch 7/100 Batch 442/650 - Loss: 1.232750 (Recon: 1.137843, Diff: 0.094906, KL: 0.000237)
2026-02-16 18:34:08,907 - INFO - Epoch 7/100 Batch 443/650 - Loss: 1.181199 (Recon: 1.139459, Diff: 0.041740, KL: 0.000463)
2026-02-16 18:34:10,076 - INFO - Epoch 7/100 Batch 444/650 - Loss: 1.258489 (Recon: 1.131010, Diff: 0.127480, KL: 0.000107)
2026-02-16 18:34:11,164 - INFO - Epoch 7/100 Batch 445/650 - Loss: 1.186016 (Recon: 1.139288, Diff: 0.046727, KL: 0.000499)
2026-02-16 18:34:12,199 - INFO - Epoch 7/100 Batch 446/650 - Loss: 1.208535 (Recon: 1.134844, Diff: 0.073690, KL: 0.000192)
2026-02-16 18:34:13,223 - INFO - Epoch 7/100 Batch 447/650 - Loss: 1.194265 (Recon: 1.131428, Diff: 0.062836, KL: 0.000218)
2026-02-16 18:34:14,302 - INFO - Epoch 7/100 Batch 448/650 - Loss: 1.348424 (Recon: 1.134575, Diff: 0.213848, KL: 0.000339)
2026-02-16 18:34:15,375 - INFO - Epoch 7/100 Batch 449/650 - Loss: 1.227602 (Recon: 1.136869, Diff: 0.090733, KL: 0.000092)
2026-02-16 18:34:16,442 - INFO - Epoch 7/100 Batch 450/650 - Loss: 1.240581 (Recon: 1.140888, Diff: 0.099693, KL: 0.000048)
2026-02-16 18:34:17,551 - INFO - Epoch 7/100 Batch 451/650 - Loss: 1.218420 (Recon: 1.137358, Diff: 0.081063, KL: 0.000095)
2026-02-16 18:34:18,637 - INFO - Epoch 7/100 Batch 452/650 - Loss: 1.346211 (Recon: 1.134758, Diff: 0.211453, KL: 0.000068)
2026-02-16 18:34:19,743 - INFO - Epoch 7/100 Batch 453/650 - Loss: 1.198588 (Recon: 1.132609, Diff: 0.065978, KL: 0.000164)
2026-02-16 18:34:20,808 - INFO - Epoch 7/100 Batch 454/650 - Loss: 1.225343 (Recon: 1.136229, Diff: 0.089115, KL: 0.000069)
2026-02-16 18:34:21,913 - INFO - Epoch 7/100 Batch 455/650 - Loss: 1.216967 (Recon: 1.132643, Diff: 0.084325, KL: 0.000128)
2026-02-16 18:34:22,995 - INFO - Epoch 7/100 Batch 456/650 - Loss: 1.220424 (Recon: 1.131638, Diff: 0.088786, KL: 0.000062)
2026-02-16 18:34:24,101 - INFO - Epoch 7/100 Batch 457/650 - Loss: 1.243442 (Recon: 1.127874, Diff: 0.115567, KL: 0.000565)
2026-02-16 18:34:50,336 - INFO - Epoch 7/100 Batch 458/650 - Loss: 1.264240 (Recon: 1.135631, Diff: 0.128609, KL: 0.000293)
2026-02-16 18:35:10,016 - INFO - Epoch 7/100 Batch 459/650 - Loss: 1.245952 (Recon: 1.134099, Diff: 0.111853, KL: 0.000258)
2026-02-16 18:35:11,022 - INFO - Epoch 7/100 Batch 460/650 - Loss: 1.197971 (Recon: 1.135077, Diff: 0.062893, KL: 0.000100)
2026-02-16 18:35:28,705 - INFO - Epoch 7/100 Batch 461/650 - Loss: 1.229027 (Recon: 1.129044, Diff: 0.099982, KL: 0.000180)
2026-02-16 18:35:55,663 - INFO - Epoch 7/100 Batch 462/650 - Loss: 1.229213 (Recon: 1.126590, Diff: 0.102623, KL: 0.000860)
2026-02-16 18:35:56,915 - INFO - Epoch 7/100 Batch 463/650 - Loss: 1.239698 (Recon: 1.138535, Diff: 0.101161, KL: 0.000830)
2026-02-16 18:35:57,935 - INFO - Epoch 7/100 Batch 464/650 - Loss: 1.209824 (Recon: 1.141297, Diff: 0.068526, KL: 0.000778)
2026-02-16 18:35:59,006 - INFO - Epoch 7/100 Batch 465/650 - Loss: 1.274305 (Recon: 1.138944, Diff: 0.135361, KL: 0.000235)
2026-02-16 18:36:00,065 - INFO - Epoch 7/100 Batch 466/650 - Loss: 1.169895 (Recon: 1.136815, Diff: 0.033078, KL: 0.001054)
2026-02-16 18:36:01,191 - INFO - Epoch 7/100 Batch 467/650 - Loss: 1.234551 (Recon: 1.133391, Diff: 0.101160, KL: 0.000381)
2026-02-16 18:36:02,248 - INFO - Epoch 7/100 Batch 468/650 - Loss: 1.184364 (Recon: 1.134909, Diff: 0.049455, KL: 0.000532)
2026-02-16 18:36:03,286 - INFO - Epoch 7/100 Batch 469/650 - Loss: 1.231642 (Recon: 1.139249, Diff: 0.092392, KL: 0.000880)
2026-02-16 18:36:04,332 - INFO - Epoch 7/100 Batch 470/650 - Loss: 1.203886 (Recon: 1.139300, Diff: 0.064586, KL: 0.000078)
2026-02-16 18:36:06,625 - INFO - Epoch 7/100 Batch 471/650 - Loss: 1.220812 (Recon: 1.131042, Diff: 0.089770, KL: 0.000654)
2026-02-16 18:36:32,207 - INFO - Epoch 7/100 Batch 472/650 - Loss: 1.197096 (Recon: 1.131718, Diff: 0.065378, KL: 0.000675)
2026-02-16 18:36:33,973 - INFO - Epoch 7/100 Batch 473/650 - Loss: 1.191610 (Recon: 1.129001, Diff: 0.062608, KL: 0.000083)
2026-02-16 18:37:00,021 - INFO - Epoch 7/100 Batch 474/650 - Loss: 1.236344 (Recon: 1.127890, Diff: 0.108454, KL: 0.000522)
2026-02-16 18:37:37,945 - INFO - Epoch 7/100 Batch 475/650 - Loss: 1.252533 (Recon: 1.125532, Diff: 0.127001, KL: 0.000094)
2026-02-16 18:37:54,492 - INFO - Epoch 7/100 Batch 476/650 - Loss: 1.216895 (Recon: 1.138341, Diff: 0.078554, KL: 0.000281)
2026-02-16 18:37:55,505 - INFO - Epoch 7/100 Batch 477/650 - Loss: 1.266214 (Recon: 1.135492, Diff: 0.130722, KL: 0.000173)
2026-02-16 18:37:56,528 - INFO - Epoch 7/100 Batch 478/650 - Loss: 1.185091 (Recon: 1.132715, Diff: 0.052376, KL: 0.000170)
2026-02-16 18:37:57,584 - INFO - Epoch 7/100 Batch 479/650 - Loss: 1.206938 (Recon: 1.128236, Diff: 0.078702, KL: 0.000329)
2026-02-16 18:37:58,609 - INFO - Epoch 7/100 Batch 480/650 - Loss: 1.221415 (Recon: 1.139502, Diff: 0.081911, KL: 0.001411)
2026-02-16 18:37:59,630 - INFO - Epoch 7/100 Batch 481/650 - Loss: 1.254724 (Recon: 1.136891, Diff: 0.117832, KL: 0.000934)
2026-02-16 18:38:00,653 - INFO - Epoch 7/100 Batch 482/650 - Loss: 1.211518 (Recon: 1.131906, Diff: 0.079611, KL: 0.000193)
2026-02-16 18:38:02,163 - INFO - Epoch 7/100 Batch 483/650 - Loss: 1.266846 (Recon: 1.137853, Diff: 0.128992, KL: 0.000588)
2026-02-16 18:38:03,172 - INFO - Epoch 7/100 Batch 484/650 - Loss: 1.223018 (Recon: 1.131997, Diff: 0.091020, KL: 0.000354)
2026-02-16 18:38:04,225 - INFO - Epoch 7/100 Batch 485/650 - Loss: 1.192382 (Recon: 1.134475, Diff: 0.057907, KL: 0.000169)
2026-02-16 18:38:05,282 - INFO - Epoch 7/100 Batch 486/650 - Loss: 1.216815 (Recon: 1.134840, Diff: 0.081974, KL: 0.000333)
2026-02-16 18:38:06,319 - INFO - Epoch 7/100 Batch 487/650 - Loss: 1.186302 (Recon: 1.126130, Diff: 0.060172, KL: 0.000111)
2026-02-16 18:38:12,959 - INFO - Epoch 7/100 Batch 488/650 - Loss: 1.214733 (Recon: 1.136338, Diff: 0.078396, KL: 0.000400)
2026-02-16 18:38:13,962 - INFO - Epoch 7/100 Batch 489/650 - Loss: 1.260813 (Recon: 1.135894, Diff: 0.124919, KL: 0.000089)
2026-02-16 18:38:14,984 - INFO - Epoch 7/100 Batch 490/650 - Loss: 1.177961 (Recon: 1.138024, Diff: 0.039938, KL: 0.000245)
2026-02-16 18:38:15,952 - INFO - Epoch 7/100 Batch 491/650 - Loss: 1.194830 (Recon: 1.132142, Diff: 0.062688, KL: 0.000596)
2026-02-16 18:38:16,962 - INFO - Epoch 7/100 Batch 492/650 - Loss: 1.239381 (Recon: 1.134951, Diff: 0.104430, KL: 0.000128)
2026-02-16 18:38:18,021 - INFO - Epoch 7/100 Batch 493/650 - Loss: 1.201790 (Recon: 1.123768, Diff: 0.078022, KL: 0.000162)
2026-02-16 18:38:28,032 - INFO - Epoch 7/100 Batch 494/650 - Loss: 1.206581 (Recon: 1.138295, Diff: 0.068286, KL: 0.000173)
2026-02-16 18:38:29,072 - INFO - Epoch 7/100 Batch 495/650 - Loss: 1.185264 (Recon: 1.135043, Diff: 0.050222, KL: 0.000137)
2026-02-16 18:38:30,140 - INFO - Epoch 7/100 Batch 496/650 - Loss: 1.225904 (Recon: 1.128497, Diff: 0.097407, KL: 0.000111)
2026-02-16 18:38:31,201 - INFO - Epoch 7/100 Batch 497/650 - Loss: 1.200700 (Recon: 1.128903, Diff: 0.071796, KL: 0.000232)
2026-02-16 18:38:32,253 - INFO - Epoch 7/100 Batch 498/650 - Loss: 1.371994 (Recon: 1.117875, Diff: 0.254119, KL: 0.000210)
2026-02-16 18:38:33,300 - INFO - Epoch 7/100 Batch 499/650 - Loss: 1.251215 (Recon: 1.130418, Diff: 0.120797, KL: 0.000157)
2026-02-16 18:38:34,332 - INFO - Epoch 7/100 Batch 500/650 - Loss: 1.247309 (Recon: 1.139433, Diff: 0.107876, KL: 0.000257)
2026-02-16 18:38:35,346 - INFO - Epoch 7/100 Batch 501/650 - Loss: 1.210836 (Recon: 1.137027, Diff: 0.073809, KL: 0.000095)
2026-02-16 18:38:36,378 - INFO - Epoch 7/100 Batch 502/650 - Loss: 1.210700 (Recon: 1.137998, Diff: 0.072702, KL: 0.000146)
2026-02-16 18:38:37,377 - INFO - Epoch 7/100 Batch 503/650 - Loss: 1.192474 (Recon: 1.126119, Diff: 0.066355, KL: 0.000150)
2026-02-16 18:38:38,850 - INFO - Epoch 7/100 Batch 504/650 - Loss: 1.209282 (Recon: 1.126543, Diff: 0.082739, KL: 0.000148)
2026-02-16 18:39:11,235 - INFO - Epoch 7/100 Batch 505/650 - Loss: 1.201906 (Recon: 1.129170, Diff: 0.072736, KL: 0.000241)
2026-02-16 18:39:40,197 - INFO - Epoch 7/100 Batch 506/650 - Loss: 1.214160 (Recon: 1.133367, Diff: 0.080793, KL: 0.000145)
2026-02-16 18:39:41,251 - INFO - Epoch 7/100 Batch 507/650 - Loss: 1.239911 (Recon: 1.134891, Diff: 0.105020, KL: 0.000083)
2026-02-16 18:39:42,366 - INFO - Epoch 7/100 Batch 508/650 - Loss: 1.232787 (Recon: 1.130049, Diff: 0.102738, KL: 0.000143)
2026-02-16 18:39:43,481 - INFO - Epoch 7/100 Batch 509/650 - Loss: 1.229075 (Recon: 1.129562, Diff: 0.099513, KL: 0.000172)
2026-02-16 18:40:09,324 - INFO - Epoch 7/100 Batch 510/650 - Loss: 1.268377 (Recon: 1.134849, Diff: 0.133528, KL: 0.000059)
2026-02-16 18:40:44,707 - INFO - Epoch 7/100 Batch 511/650 - Loss: 1.252955 (Recon: 1.130203, Diff: 0.122752, KL: 0.000120)
2026-02-16 18:40:57,953 - INFO - Epoch 7/100 Batch 512/650 - Loss: 1.218278 (Recon: 1.136272, Diff: 0.082006, KL: 0.000077)
2026-02-16 18:40:59,170 - INFO - Epoch 7/100 Batch 513/650 - Loss: 1.257037 (Recon: 1.137167, Diff: 0.119870, KL: 0.000097)
2026-02-16 18:41:00,190 - INFO - Epoch 7/100 Batch 514/650 - Loss: 1.199984 (Recon: 1.132279, Diff: 0.067705, KL: 0.000078)
2026-02-16 18:41:01,271 - INFO - Epoch 7/100 Batch 515/650 - Loss: 1.252668 (Recon: 1.136587, Diff: 0.116078, KL: 0.002845)
2026-02-16 18:41:02,455 - INFO - Epoch 7/100 Batch 516/650 - Loss: 1.224694 (Recon: 1.125508, Diff: 0.099185, KL: 0.000218)
2026-02-16 18:41:03,500 - INFO - Epoch 7/100 Batch 517/650 - Loss: 1.204845 (Recon: 1.137411, Diff: 0.067433, KL: 0.000345)
2026-02-16 18:41:04,606 - INFO - Epoch 7/100 Batch 518/650 - Loss: 1.207455 (Recon: 1.134399, Diff: 0.073056, KL: 0.000174)
2026-02-16 18:41:05,634 - INFO - Epoch 7/100 Batch 519/650 - Loss: 1.239950 (Recon: 1.133828, Diff: 0.106122, KL: 0.000342)
2026-02-16 18:41:06,703 - INFO - Epoch 7/100 Batch 520/650 - Loss: 1.255165 (Recon: 1.135091, Diff: 0.120073, KL: 0.000136)
2026-02-16 18:41:07,733 - INFO - Epoch 7/100 Batch 521/650 - Loss: 1.231811 (Recon: 1.127653, Diff: 0.104157, KL: 0.000624)
2026-02-16 18:41:17,487 - INFO - Epoch 7/100 Batch 522/650 - Loss: 1.199809 (Recon: 1.128827, Diff: 0.070981, KL: 0.000594)
2026-02-16 18:41:18,504 - INFO - Epoch 7/100 Batch 523/650 - Loss: 1.276310 (Recon: 1.134996, Diff: 0.141314, KL: 0.000078)
2026-02-16 18:41:19,526 - INFO - Epoch 7/100 Batch 524/650 - Loss: 1.204178 (Recon: 1.135797, Diff: 0.068381, KL: 0.000388)
2026-02-16 18:41:27,205 - INFO - Epoch 7/100 Batch 525/650 - Loss: 1.214488 (Recon: 1.129819, Diff: 0.084668, KL: 0.000459)
2026-02-16 18:41:28,278 - INFO - Epoch 7/100 Batch 526/650 - Loss: 1.208817 (Recon: 1.136280, Diff: 0.072538, KL: 0.000298)
2026-02-16 18:41:29,304 - INFO - Epoch 7/100 Batch 527/650 - Loss: 1.191760 (Recon: 1.135314, Diff: 0.056445, KL: 0.000907)
2026-02-16 18:41:30,605 - INFO - Epoch 7/100 Batch 528/650 - Loss: 1.231213 (Recon: 1.130803, Diff: 0.100410, KL: 0.000252)
2026-02-16 18:42:02,935 - INFO - Epoch 7/100 Batch 529/650 - Loss: 1.162186 (Recon: 1.123626, Diff: 0.038560, KL: 0.000789)
2026-02-16 18:42:19,303 - INFO - Epoch 7/100 Batch 530/650 - Loss: 1.226280 (Recon: 1.133037, Diff: 0.093243, KL: 0.000813)
2026-02-16 18:42:20,478 - INFO - Epoch 7/100 Batch 531/650 - Loss: 1.274459 (Recon: 1.134981, Diff: 0.139476, KL: 0.001929)
2026-02-16 18:42:21,480 - INFO - Epoch 7/100 Batch 532/650 - Loss: 1.199546 (Recon: 1.134022, Diff: 0.065522, KL: 0.002015)
2026-02-16 18:42:22,533 - INFO - Epoch 7/100 Batch 533/650 - Loss: 1.245403 (Recon: 1.127271, Diff: 0.118131, KL: 0.000668)
2026-02-16 18:42:23,531 - INFO - Epoch 7/100 Batch 534/650 - Loss: 1.287303 (Recon: 1.129872, Diff: 0.157429, KL: 0.001903)
2026-02-16 18:42:24,524 - INFO - Epoch 7/100 Batch 535/650 - Loss: 1.188845 (Recon: 1.125921, Diff: 0.062923, KL: 0.000909)
2026-02-16 18:42:26,087 - INFO - Epoch 7/100 Batch 536/650 - Loss: 1.237909 (Recon: 1.134043, Diff: 0.103865, KL: 0.000785)
2026-02-16 18:42:27,230 - INFO - Epoch 7/100 Batch 537/650 - Loss: 1.234496 (Recon: 1.136728, Diff: 0.097767, KL: 0.001057)
2026-02-16 18:42:40,162 - INFO - Epoch 7/100 Batch 538/650 - Loss: 1.191315 (Recon: 1.133035, Diff: 0.058280, KL: 0.000131)
2026-02-16 18:42:41,192 - INFO - Epoch 7/100 Batch 539/650 - Loss: 1.186083 (Recon: 1.135937, Diff: 0.050146, KL: 0.000752)
2026-02-16 18:42:42,254 - INFO - Epoch 7/100 Batch 540/650 - Loss: 1.209190 (Recon: 1.133030, Diff: 0.076159, KL: 0.000538)
2026-02-16 18:42:43,327 - INFO - Epoch 7/100 Batch 541/650 - Loss: 1.233724 (Recon: 1.132588, Diff: 0.101135, KL: 0.000798)
2026-02-16 18:42:44,344 - INFO - Epoch 7/100 Batch 542/650 - Loss: 1.307143 (Recon: 1.123874, Diff: 0.183267, KL: 0.001998)
2026-02-16 18:43:09,517 - INFO - Epoch 7/100 Batch 543/650 - Loss: 1.203952 (Recon: 1.132257, Diff: 0.071694, KL: 0.000938)
2026-02-16 18:43:44,745 - INFO - Epoch 7/100 Batch 544/650 - Loss: 1.303731 (Recon: 1.131118, Diff: 0.172613, KL: 0.000867)
2026-02-16 18:43:45,771 - INFO - Epoch 7/100 Batch 545/650 - Loss: 1.254261 (Recon: 1.135068, Diff: 0.119191, KL: 0.001801)
2026-02-16 18:43:46,794 - INFO - Epoch 7/100 Batch 546/650 - Loss: 1.229867 (Recon: 1.130289, Diff: 0.099578, KL: 0.000458)
2026-02-16 18:43:49,540 - INFO - Epoch 7/100 Batch 547/650 - Loss: 1.197415 (Recon: 1.129469, Diff: 0.067945, KL: 0.000803)
2026-02-16 18:43:50,558 - INFO - Epoch 7/100 Batch 548/650 - Loss: 1.292966 (Recon: 1.121904, Diff: 0.171061, KL: 0.000818)
2026-02-16 18:43:51,590 - INFO - Epoch 7/100 Batch 549/650 - Loss: 1.202426 (Recon: 1.133093, Diff: 0.069333, KL: 0.000448)
2026-02-16 18:43:52,605 - INFO - Epoch 7/100 Batch 550/650 - Loss: 1.183786 (Recon: 1.133646, Diff: 0.050138, KL: 0.001546)
2026-02-16 18:43:53,933 - INFO - Epoch 7/100 Batch 551/650 - Loss: 1.225621 (Recon: 1.132018, Diff: 0.093603, KL: 0.000149)
2026-02-16 18:43:54,978 - INFO - Epoch 7/100 Batch 552/650 - Loss: 1.325973 (Recon: 1.135428, Diff: 0.190544, KL: 0.000896)
2026-02-16 18:44:04,597 - INFO - Epoch 7/100 Batch 553/650 - Loss: 1.211024 (Recon: 1.129853, Diff: 0.081170, KL: 0.000530)
2026-02-16 18:44:05,648 - INFO - Epoch 7/100 Batch 554/650 - Loss: 1.226225 (Recon: 1.118983, Diff: 0.107241, KL: 0.000459)
2026-02-16 18:44:06,687 - INFO - Epoch 7/100 Batch 555/650 - Loss: 1.214683 (Recon: 1.134877, Diff: 0.079804, KL: 0.001479)
2026-02-16 18:44:07,700 - INFO - Epoch 7/100 Batch 556/650 - Loss: 1.215399 (Recon: 1.127975, Diff: 0.087424, KL: 0.000794)
2026-02-16 18:44:08,728 - INFO - Epoch 7/100 Batch 557/650 - Loss: 1.180732 (Recon: 1.124478, Diff: 0.056254, KL: 0.000192)
2026-02-16 18:44:09,801 - INFO - Epoch 7/100 Batch 558/650 - Loss: 1.259344 (Recon: 1.134092, Diff: 0.125251, KL: 0.000636)
2026-02-16 18:44:10,851 - INFO - Epoch 7/100 Batch 559/650 - Loss: 1.195011 (Recon: 1.128470, Diff: 0.066540, KL: 0.000343)
2026-02-16 18:44:23,065 - INFO - Epoch 7/100 Batch 560/650 - Loss: 1.250120 (Recon: 1.133565, Diff: 0.116555, KL: 0.000265)
2026-02-16 18:44:29,367 - INFO - Epoch 7/100 Batch 561/650 - Loss: 1.218930 (Recon: 1.130259, Diff: 0.088670, KL: 0.000605)
2026-02-16 18:45:06,238 - INFO - Epoch 7/100 Batch 562/650 - Loss: 1.198939 (Recon: 1.128938, Diff: 0.070001, KL: 0.000384)
2026-02-16 18:45:30,100 - INFO - Epoch 7/100 Batch 563/650 - Loss: 1.315283 (Recon: 1.128275, Diff: 0.187007, KL: 0.001099)
2026-02-16 18:45:31,143 - INFO - Epoch 7/100 Batch 564/650 - Loss: 1.237712 (Recon: 1.132798, Diff: 0.104914, KL: 0.000175)
2026-02-16 18:45:32,190 - INFO - Epoch 7/100 Batch 565/650 - Loss: 1.249075 (Recon: 1.125880, Diff: 0.123194, KL: 0.001128)
2026-02-16 18:45:33,592 - INFO - Epoch 7/100 Batch 566/650 - Loss: 1.231515 (Recon: 1.130414, Diff: 0.101100, KL: 0.001148)
2026-02-16 18:45:34,644 - INFO - Epoch 7/100 Batch 567/650 - Loss: 1.160886 (Recon: 1.133559, Diff: 0.027326, KL: 0.000143)
2026-02-16 18:45:35,678 - INFO - Epoch 7/100 Batch 568/650 - Loss: 1.222930 (Recon: 1.124107, Diff: 0.098823, KL: 0.000349)
2026-02-16 18:45:51,543 - INFO - Epoch 7/100 Batch 569/650 - Loss: 1.215131 (Recon: 1.136565, Diff: 0.078566, KL: 0.000145)
2026-02-16 18:45:52,600 - INFO - Epoch 7/100 Batch 570/650 - Loss: 1.192816 (Recon: 1.118684, Diff: 0.074132, KL: 0.000551)
2026-02-16 18:45:53,665 - INFO - Epoch 7/100 Batch 571/650 - Loss: 1.185645 (Recon: 1.127868, Diff: 0.057777, KL: 0.000090)
2026-02-16 18:45:54,677 - INFO - Epoch 7/100 Batch 572/650 - Loss: 1.220123 (Recon: 1.133700, Diff: 0.086423, KL: 0.000573)
2026-02-16 18:45:55,722 - INFO - Epoch 7/100 Batch 573/650 - Loss: 1.188884 (Recon: 1.132152, Diff: 0.056731, KL: 0.000394)
2026-02-16 18:45:57,153 - INFO - Epoch 7/100 Batch 574/650 - Loss: 1.245326 (Recon: 1.125416, Diff: 0.119909, KL: 0.000291)
2026-02-16 18:46:12,558 - INFO - Epoch 7/100 Batch 575/650 - Loss: 1.267338 (Recon: 1.133088, Diff: 0.134250, KL: 0.000175)
2026-02-16 18:46:13,602 - INFO - Epoch 7/100 Batch 576/650 - Loss: 1.199792 (Recon: 1.134962, Diff: 0.064830, KL: 0.000068)
2026-02-16 18:46:17,016 - INFO - Epoch 7/100 Batch 577/650 - Loss: 1.175923 (Recon: 1.127365, Diff: 0.048557, KL: 0.000178)
2026-02-16 18:46:23,300 - INFO - Epoch 7/100 Batch 578/650 - Loss: 1.221587 (Recon: 1.133084, Diff: 0.088503, KL: 0.000149)
2026-02-16 18:46:24,379 - INFO - Epoch 7/100 Batch 579/650 - Loss: 1.258627 (Recon: 1.127056, Diff: 0.131571, KL: 0.000173)
2026-02-16 18:46:35,822 - INFO - Epoch 7/100 Batch 580/650 - Loss: 1.209491 (Recon: 1.127183, Diff: 0.082309, KL: 0.000277)
2026-02-16 18:46:36,938 - INFO - Epoch 7/100 Batch 581/650 - Loss: 1.226280 (Recon: 1.134979, Diff: 0.091300, KL: 0.000160)
2026-02-16 18:46:37,990 - INFO - Epoch 7/100 Batch 582/650 - Loss: 1.184155 (Recon: 1.128506, Diff: 0.055648, KL: 0.000181)
2026-02-16 18:46:39,056 - INFO - Epoch 7/100 Batch 583/650 - Loss: 1.213526 (Recon: 1.123088, Diff: 0.090438, KL: 0.000177)
2026-02-16 18:46:40,083 - INFO - Epoch 7/100 Batch 584/650 - Loss: 1.220032 (Recon: 1.129044, Diff: 0.090988, KL: 0.000246)
2026-02-16 18:46:41,126 - INFO - Epoch 7/100 Batch 585/650 - Loss: 1.221527 (Recon: 1.132931, Diff: 0.088595, KL: 0.000146)
2026-02-16 18:46:42,185 - INFO - Epoch 7/100 Batch 586/650 - Loss: 1.297802 (Recon: 1.122664, Diff: 0.175137, KL: 0.000339)
2026-02-16 18:47:14,641 - INFO - Epoch 7/100 Batch 587/650 - Loss: 1.208744 (Recon: 1.124302, Diff: 0.084442, KL: 0.000340)
2026-02-16 18:47:29,895 - INFO - Epoch 7/100 Batch 588/650 - Loss: 1.202942 (Recon: 1.117611, Diff: 0.085330, KL: 0.000227)
2026-02-16 18:47:30,906 - INFO - Epoch 7/100 Batch 589/650 - Loss: 1.225340 (Recon: 1.121796, Diff: 0.103544, KL: 0.000362)
2026-02-16 18:47:33,903 - INFO - Epoch 7/100 Batch 590/650 - Loss: 1.197547 (Recon: 1.136965, Diff: 0.060582, KL: 0.000145)
2026-02-16 18:47:35,225 - INFO - Epoch 7/100 Batch 591/650 - Loss: 1.229507 (Recon: 1.131899, Diff: 0.097608, KL: 0.000388)
2026-02-16 18:47:43,458 - INFO - Epoch 7/100 Batch 592/650 - Loss: 1.239632 (Recon: 1.121298, Diff: 0.118334, KL: 0.000164)
2026-02-16 18:47:44,507 - INFO - Epoch 7/100 Batch 593/650 - Loss: 1.203620 (Recon: 1.129641, Diff: 0.073978, KL: 0.000636)
2026-02-16 18:47:45,586 - INFO - Epoch 7/100 Batch 594/650 - Loss: 1.223227 (Recon: 1.128854, Diff: 0.094373, KL: 0.000109)
2026-02-16 18:47:46,631 - INFO - Epoch 7/100 Batch 595/650 - Loss: 1.259882 (Recon: 1.121129, Diff: 0.138753, KL: 0.000248)
2026-02-16 18:47:53,760 - INFO - Epoch 7/100 Batch 596/650 - Loss: 1.267772 (Recon: 1.113759, Diff: 0.154012, KL: 0.000338)
2026-02-16 18:47:54,797 - INFO - Epoch 7/100 Batch 597/650 - Loss: 1.235147 (Recon: 1.128462, Diff: 0.106685, KL: 0.000183)
2026-02-16 18:47:55,860 - INFO - Epoch 7/100 Batch 598/650 - Loss: 1.177806 (Recon: 1.129438, Diff: 0.048368, KL: 0.000203)
2026-02-16 18:47:56,932 - INFO - Epoch 7/100 Batch 599/650 - Loss: 1.238288 (Recon: 1.131512, Diff: 0.106776, KL: 0.000189)
2026-02-16 18:47:58,000 - INFO - Epoch 7/100 Batch 600/650 - Loss: 1.278211 (Recon: 1.131786, Diff: 0.146424, KL: 0.000701)
2026-02-16 18:47:59,004 - INFO - Epoch 7/100 Batch 601/650 - Loss: 1.213210 (Recon: 1.131757, Diff: 0.081452, KL: 0.001402)
2026-02-16 18:48:00,101 - INFO - Epoch 7/100 Batch 602/650 - Loss: 1.246946 (Recon: 1.128447, Diff: 0.118500, KL: 0.000261)
2026-02-16 18:48:01,129 - INFO - Epoch 7/100 Batch 603/650 - Loss: 1.204823 (Recon: 1.130724, Diff: 0.074098, KL: 0.000482)
2026-02-16 18:48:02,200 - INFO - Epoch 7/100 Batch 604/650 - Loss: 1.182250 (Recon: 1.130313, Diff: 0.051937, KL: 0.000075)
2026-02-16 18:48:03,301 - INFO - Epoch 7/100 Batch 605/650 - Loss: 1.269163 (Recon: 1.126189, Diff: 0.142974, KL: 0.000499)
2026-02-16 18:48:04,320 - INFO - Epoch 7/100 Batch 606/650 - Loss: 1.249801 (Recon: 1.132026, Diff: 0.117774, KL: 0.000440)
2026-02-16 18:48:05,313 - INFO - Epoch 7/100 Batch 607/650 - Loss: 1.236960 (Recon: 1.128739, Diff: 0.108221, KL: 0.000128)
2026-02-16 18:48:40,571 - INFO - Epoch 7/100 Batch 608/650 - Loss: 1.229274 (Recon: 1.123758, Diff: 0.105515, KL: 0.000882)
2026-02-16 18:48:56,473 - INFO - Epoch 7/100 Batch 609/650 - Loss: 1.280935 (Recon: 1.129189, Diff: 0.151745, KL: 0.000704)
2026-02-16 18:48:57,523 - INFO - Epoch 7/100 Batch 610/650 - Loss: 1.180040 (Recon: 1.130979, Diff: 0.049060, KL: 0.000156)
2026-02-16 18:49:23,531 - INFO - Epoch 7/100 Batch 611/650 - Loss: 1.207945 (Recon: 1.130433, Diff: 0.077511, KL: 0.001195)
2026-02-16 18:49:50,943 - INFO - Epoch 7/100 Batch 612/650 - Loss: 1.206156 (Recon: 1.134562, Diff: 0.071593, KL: 0.000623)
2026-02-16 18:49:51,969 - INFO - Epoch 7/100 Batch 613/650 - Loss: 1.234469 (Recon: 1.133368, Diff: 0.101100, KL: 0.000351)
2026-02-16 18:49:53,054 - INFO - Epoch 7/100 Batch 614/650 - Loss: 1.215985 (Recon: 1.129165, Diff: 0.086819, KL: 0.001450)
2026-02-16 18:50:07,261 - INFO - Epoch 7/100 Batch 615/650 - Loss: 1.212979 (Recon: 1.127941, Diff: 0.085037, KL: 0.000210)
2026-02-16 18:50:22,498 - INFO - Epoch 7/100 Batch 616/650 - Loss: 1.181276 (Recon: 1.128211, Diff: 0.053064, KL: 0.000561)
2026-02-16 18:50:23,550 - INFO - Epoch 7/100 Batch 617/650 - Loss: 1.211447 (Recon: 1.128393, Diff: 0.083053, KL: 0.000899)
2026-02-16 18:50:24,599 - INFO - Epoch 7/100 Batch 618/650 - Loss: 1.197022 (Recon: 1.126255, Diff: 0.070767, KL: 0.000134)
2026-02-16 18:50:25,627 - INFO - Epoch 7/100 Batch 619/650 - Loss: 1.190345 (Recon: 1.130856, Diff: 0.059488, KL: 0.000681)
2026-02-16 18:50:32,487 - INFO - Epoch 7/100 Batch 620/650 - Loss: 1.196244 (Recon: 1.124674, Diff: 0.071569, KL: 0.000728)
2026-02-16 18:50:33,574 - INFO - Epoch 7/100 Batch 621/650 - Loss: 1.272105 (Recon: 1.125235, Diff: 0.146869, KL: 0.000123)
2026-02-16 18:50:34,645 - INFO - Epoch 7/100 Batch 622/650 - Loss: 1.199781 (Recon: 1.123250, Diff: 0.076531, KL: 0.000729)
2026-02-16 18:50:36,357 - INFO - Epoch 7/100 Batch 623/650 - Loss: 1.258425 (Recon: 1.126118, Diff: 0.132307, KL: 0.000535)
2026-02-16 18:50:37,418 - INFO - Epoch 7/100 Batch 624/650 - Loss: 1.262017 (Recon: 1.126323, Diff: 0.135694, KL: 0.000301)
2026-02-16 18:50:38,519 - INFO - Epoch 7/100 Batch 625/650 - Loss: 1.184560 (Recon: 1.131372, Diff: 0.053187, KL: 0.000779)
2026-02-16 18:50:39,561 - INFO - Epoch 7/100 Batch 626/650 - Loss: 1.229525 (Recon: 1.131805, Diff: 0.097720, KL: 0.000115)
2026-02-16 18:50:40,594 - INFO - Epoch 7/100 Batch 627/650 - Loss: 1.211917 (Recon: 1.130853, Diff: 0.081064, KL: 0.000355)
2026-02-16 18:51:14,258 - INFO - Epoch 7/100 Batch 628/650 - Loss: 1.203041 (Recon: 1.133624, Diff: 0.069416, KL: 0.000428)
2026-02-16 18:51:31,792 - INFO - Epoch 7/100 Batch 629/650 - Loss: 1.205150 (Recon: 1.113818, Diff: 0.091332, KL: 0.000321)
2026-02-16 18:51:32,815 - INFO - Epoch 7/100 Batch 630/650 - Loss: 1.202242 (Recon: 1.130263, Diff: 0.071979, KL: 0.000223)
2026-02-16 18:51:33,863 - INFO - Epoch 7/100 Batch 631/650 - Loss: 1.278823 (Recon: 1.122130, Diff: 0.156692, KL: 0.000307)
2026-02-16 18:51:34,911 - INFO - Epoch 7/100 Batch 632/650 - Loss: 1.207102 (Recon: 1.134022, Diff: 0.073079, KL: 0.000186)
2026-02-16 18:51:41,011 - INFO - Epoch 7/100 Batch 633/650 - Loss: 1.229713 (Recon: 1.127431, Diff: 0.102283, KL: 0.000160)
2026-02-16 18:52:05,267 - INFO - Epoch 7/100 Batch 634/650 - Loss: 1.220992 (Recon: 1.121843, Diff: 0.099148, KL: 0.000149)
2026-02-16 18:52:06,295 - INFO - Epoch 7/100 Batch 635/650 - Loss: 1.176969 (Recon: 1.133053, Diff: 0.043917, KL: 0.000141)
2026-02-16 18:52:07,328 - INFO - Epoch 7/100 Batch 636/650 - Loss: 1.212701 (Recon: 1.123044, Diff: 0.089656, KL: 0.000135)
2026-02-16 18:52:39,973 - INFO - Epoch 7/100 Batch 637/650 - Loss: 1.211540 (Recon: 1.130504, Diff: 0.081035, KL: 0.000131)
2026-02-16 18:53:16,083 - INFO - Epoch 7/100 Batch 638/650 - Loss: 1.201328 (Recon: 1.130604, Diff: 0.070724, KL: 0.000097)
2026-02-16 18:53:35,037 - INFO - Epoch 7/100 Batch 639/650 - Loss: 1.186374 (Recon: 1.123312, Diff: 0.063062, KL: 0.000125)
2026-02-16 18:53:36,030 - INFO - Epoch 7/100 Batch 640/650 - Loss: 1.236958 (Recon: 1.122845, Diff: 0.114112, KL: 0.000089)
2026-02-16 18:53:38,738 - INFO - Epoch 7/100 Batch 641/650 - Loss: 1.199665 (Recon: 1.126789, Diff: 0.072876, KL: 0.000176)
2026-02-16 18:53:39,728 - INFO - Epoch 7/100 Batch 642/650 - Loss: 1.215776 (Recon: 1.128815, Diff: 0.086961, KL: 0.000102)
2026-02-16 18:53:40,734 - INFO - Epoch 7/100 Batch 643/650 - Loss: 1.290670 (Recon: 1.129599, Diff: 0.161071, KL: 0.000224)
2026-02-16 18:53:41,742 - INFO - Epoch 7/100 Batch 644/650 - Loss: 1.181713 (Recon: 1.131474, Diff: 0.050239, KL: 0.000278)
2026-02-16 18:53:42,738 - INFO - Epoch 7/100 Batch 645/650 - Loss: 1.207833 (Recon: 1.128360, Diff: 0.079473, KL: 0.000069)
2026-02-16 18:53:43,749 - INFO - Epoch 7/100 Batch 646/650 - Loss: 1.221131 (Recon: 1.126449, Diff: 0.094682, KL: 0.000218)
2026-02-16 18:53:44,767 - INFO - Epoch 7/100 Batch 647/650 - Loss: 1.242013 (Recon: 1.132048, Diff: 0.109965, KL: 0.000111)
2026-02-16 18:53:45,780 - INFO - Epoch 7/100 Batch 648/650 - Loss: 1.296474 (Recon: 1.129509, Diff: 0.166965, KL: 0.000356)
2026-02-16 18:53:46,783 - INFO - Epoch 7/100 Batch 649/650 - Loss: 1.237998 (Recon: 1.131841, Diff: 0.106156, KL: 0.000356)
2026-02-16 18:53:47,788 - INFO - Epoch 7/100 Batch 650/650 - Loss: 1.215515 (Recon: 1.128897, Diff: 0.086617, KL: 0.001277)
2026-02-16 18:53:47,907 - INFO - Epoch 7 Train Loss: 1.236543
2026-02-16 18:55:37,407 - INFO - Epoch 7 Val Loss: 1.211343 (Recon: 1.1289, Diff: 0.0824, KL: 0.0009)
2026-02-16 18:55:38,156 - INFO - New best model saved with val_loss: 1.211343
2026-02-16 18:56:28,678 - INFO - Epoch 8/100 Batch 1/650 - Loss: 1.288710 (Recon: 1.123407, Diff: 0.165302, KL: 0.001714)
2026-02-16 18:57:07,895 - INFO - Epoch 8/100 Batch 2/650 - Loss: 1.213663 (Recon: 1.125964, Diff: 0.087699, KL: 0.000504)
2026-02-16 18:57:46,371 - INFO - Epoch 8/100 Batch 3/650 - Loss: 1.250440 (Recon: 1.128856, Diff: 0.121583, KL: 0.000476)
2026-02-16 18:58:22,931 - INFO - Epoch 8/100 Batch 4/650 - Loss: 1.258867 (Recon: 1.122372, Diff: 0.136494, KL: 0.000857)
2026-02-16 18:58:52,153 - INFO - Epoch 8/100 Batch 5/650 - Loss: 1.189368 (Recon: 1.127955, Diff: 0.061413, KL: 0.000104)
2026-02-16 18:58:53,272 - INFO - Epoch 8/100 Batch 6/650 - Loss: 1.222446 (Recon: 1.124053, Diff: 0.098393, KL: 0.001346)
2026-02-16 18:59:05,657 - INFO - Epoch 8/100 Batch 7/650 - Loss: 1.267133 (Recon: 1.126240, Diff: 0.140892, KL: 0.000541)
2026-02-16 18:59:38,803 - INFO - Epoch 8/100 Batch 8/650 - Loss: 1.248584 (Recon: 1.134151, Diff: 0.114432, KL: 0.000731)
2026-02-16 18:59:54,803 - INFO - Epoch 8/100 Batch 9/650 - Loss: 1.238698 (Recon: 1.126372, Diff: 0.112325, KL: 0.001308)
2026-02-16 19:00:01,797 - INFO - Epoch 8/100 Batch 10/650 - Loss: 1.259601 (Recon: 1.130395, Diff: 0.129205, KL: 0.000184)
2026-02-16 19:00:02,806 - INFO - Epoch 8/100 Batch 11/650 - Loss: 1.275054 (Recon: 1.125576, Diff: 0.149476, KL: 0.001976)
2026-02-16 19:00:04,243 - INFO - Epoch 8/100 Batch 12/650 - Loss: 1.190247 (Recon: 1.118348, Diff: 0.071898, KL: 0.000579)
2026-02-16 19:00:05,326 - INFO - Epoch 8/100 Batch 13/650 - Loss: 1.307369 (Recon: 1.122518, Diff: 0.184850, KL: 0.000840)
2026-02-16 19:00:06,396 - INFO - Epoch 8/100 Batch 14/650 - Loss: 1.189379 (Recon: 1.124307, Diff: 0.065071, KL: 0.001321)
2026-02-16 19:00:15,035 - INFO - Epoch 8/100 Batch 15/650 - Loss: 1.208380 (Recon: 1.125012, Diff: 0.083368, KL: 0.000138)
2026-02-16 19:00:16,048 - INFO - Epoch 8/100 Batch 16/650 - Loss: 1.207980 (Recon: 1.126493, Diff: 0.081486, KL: 0.001339)
2026-02-16 19:00:24,888 - INFO - Epoch 8/100 Batch 17/650 - Loss: 1.185386 (Recon: 1.117824, Diff: 0.067560, KL: 0.001807)
2026-02-16 19:01:00,267 - INFO - Epoch 8/100 Batch 18/650 - Loss: 1.234689 (Recon: 1.129515, Diff: 0.105174, KL: 0.000126)
2026-02-16 19:01:15,421 - INFO - Epoch 8/100 Batch 19/650 - Loss: 1.191031 (Recon: 1.128479, Diff: 0.062552, KL: 0.000413)
2026-02-16 19:01:16,494 - INFO - Epoch 8/100 Batch 20/650 - Loss: 1.232973 (Recon: 1.126796, Diff: 0.106177, KL: 0.000409)
2026-02-16 19:01:17,757 - INFO - Epoch 8/100 Batch 21/650 - Loss: 1.192720 (Recon: 1.123899, Diff: 0.068821, KL: 0.000150)
2026-02-16 19:01:19,214 - INFO - Epoch 8/100 Batch 22/650 - Loss: 1.188017 (Recon: 1.131312, Diff: 0.056704, KL: 0.000269)
2026-02-16 19:01:20,254 - INFO - Epoch 8/100 Batch 23/650 - Loss: 1.228461 (Recon: 1.121123, Diff: 0.107338, KL: 0.000211)
2026-02-16 19:01:21,350 - INFO - Epoch 8/100 Batch 24/650 - Loss: 1.260968 (Recon: 1.122870, Diff: 0.138098, KL: 0.000090)
2026-02-16 19:01:22,386 - INFO - Epoch 8/100 Batch 25/650 - Loss: 1.226163 (Recon: 1.130674, Diff: 0.095488, KL: 0.000230)
2026-02-16 19:01:23,412 - INFO - Epoch 8/100 Batch 26/650 - Loss: 1.213820 (Recon: 1.124121, Diff: 0.089699, KL: 0.000278)
2026-02-16 19:01:37,791 - INFO - Epoch 8/100 Batch 27/650 - Loss: 1.189310 (Recon: 1.127013, Diff: 0.062297, KL: 0.000242)
2026-02-16 19:01:38,855 - INFO - Epoch 8/100 Batch 28/650 - Loss: 1.227834 (Recon: 1.132088, Diff: 0.095746, KL: 0.000497)
2026-02-16 19:01:42,094 - INFO - Epoch 8/100 Batch 29/650 - Loss: 1.180935 (Recon: 1.124340, Diff: 0.056594, KL: 0.000250)
2026-02-16 19:02:16,053 - INFO - Epoch 8/100 Batch 30/650 - Loss: 1.232503 (Recon: 1.127199, Diff: 0.105303, KL: 0.000263)
2026-02-16 19:02:51,564 - INFO - Epoch 8/100 Batch 31/650 - Loss: 1.230541 (Recon: 1.124308, Diff: 0.106233, KL: 0.000272)
2026-02-16 19:03:20,484 - INFO - Epoch 8/100 Batch 32/650 - Loss: 1.293869 (Recon: 1.131393, Diff: 0.162475, KL: 0.000145)
2026-02-16 19:03:21,482 - INFO - Epoch 8/100 Batch 33/650 - Loss: 1.217161 (Recon: 1.116448, Diff: 0.100713, KL: 0.000252)
2026-02-16 19:03:53,681 - INFO - Epoch 8/100 Batch 34/650 - Loss: 1.288233 (Recon: 1.123614, Diff: 0.164619, KL: 0.000155)
2026-02-16 19:03:54,660 - INFO - Epoch 8/100 Batch 35/650 - Loss: 1.218536 (Recon: 1.122092, Diff: 0.096444, KL: 0.000234)
2026-02-16 19:03:55,673 - INFO - Epoch 8/100 Batch 36/650 - Loss: 1.259725 (Recon: 1.126464, Diff: 0.133261, KL: 0.000147)
2026-02-16 19:03:56,722 - INFO - Epoch 8/100 Batch 37/650 - Loss: 1.259682 (Recon: 1.129816, Diff: 0.129866, KL: 0.000305)
2026-02-16 19:03:57,726 - INFO - Epoch 8/100 Batch 38/650 - Loss: 1.235642 (Recon: 1.120781, Diff: 0.114861, KL: 0.000312)
2026-02-16 19:03:58,742 - INFO - Epoch 8/100 Batch 39/650 - Loss: 1.293815 (Recon: 1.122742, Diff: 0.171073, KL: 0.000224)
2026-02-16 19:03:59,726 - INFO - Epoch 8/100 Batch 40/650 - Loss: 1.187563 (Recon: 1.125853, Diff: 0.061709, KL: 0.000541)
2026-02-16 19:04:25,720 - INFO - Epoch 8/100 Batch 41/650 - Loss: 1.169657 (Recon: 1.128043, Diff: 0.041613, KL: 0.000088)
2026-02-16 19:04:54,796 - INFO - Epoch 8/100 Batch 42/650 - Loss: 1.195264 (Recon: 1.126223, Diff: 0.069041, KL: 0.000722)
2026-02-16 19:04:55,777 - INFO - Epoch 8/100 Batch 43/650 - Loss: 1.186167 (Recon: 1.109063, Diff: 0.077104, KL: 0.000255)
2026-02-16 19:05:05,418 - INFO - Epoch 8/100 Batch 44/650 - Loss: 1.201664 (Recon: 1.124384, Diff: 0.077279, KL: 0.000889)
2026-02-16 19:05:06,483 - INFO - Epoch 8/100 Batch 45/650 - Loss: 1.215976 (Recon: 1.124007, Diff: 0.091967, KL: 0.001496)
2026-02-16 19:05:13,088 - INFO - Epoch 8/100 Batch 46/650 - Loss: 1.284968 (Recon: 1.123103, Diff: 0.161863, KL: 0.002566)
2026-02-16 19:05:14,153 - INFO - Epoch 8/100 Batch 47/650 - Loss: 1.227649 (Recon: 1.123664, Diff: 0.103982, KL: 0.002905)
2026-02-16 19:05:15,208 - INFO - Epoch 8/100 Batch 48/650 - Loss: 1.182660 (Recon: 1.122627, Diff: 0.060030, KL: 0.003068)
2026-02-16 19:05:41,567 - INFO - Epoch 8/100 Batch 49/650 - Loss: 1.177164 (Recon: 1.120402, Diff: 0.056762, KL: 0.000409)
2026-02-16 19:05:56,105 - INFO - Epoch 8/100 Batch 50/650 - Loss: 1.203646 (Recon: 1.127556, Diff: 0.076087, KL: 0.003392)
2026-02-16 19:05:57,098 - INFO - Epoch 8/100 Batch 51/650 - Loss: 1.244510 (Recon: 1.120573, Diff: 0.123936, KL: 0.000729)
2026-02-16 19:05:58,108 - INFO - Epoch 8/100 Batch 52/650 - Loss: 1.192572 (Recon: 1.118486, Diff: 0.074084, KL: 0.001363)
2026-02-16 19:05:59,132 - INFO - Epoch 8/100 Batch 53/650 - Loss: 1.274012 (Recon: 1.125195, Diff: 0.148816, KL: 0.001487)
2026-02-16 19:06:00,113 - INFO - Epoch 8/100 Batch 54/650 - Loss: 1.213609 (Recon: 1.124504, Diff: 0.089105, KL: 0.000263)
2026-02-16 19:06:01,715 - INFO - Epoch 8/100 Batch 55/650 - Loss: 1.194145 (Recon: 1.127050, Diff: 0.067093, KL: 0.001722)
2026-02-16 19:06:02,733 - INFO - Epoch 8/100 Batch 56/650 - Loss: 1.179003 (Recon: 1.130484, Diff: 0.048519, KL: 0.000496)
2026-02-16 19:06:04,038 - INFO - Epoch 8/100 Batch 57/650 - Loss: 1.177844 (Recon: 1.117288, Diff: 0.060555, KL: 0.001064)
2026-02-16 19:06:37,904 - INFO - Epoch 8/100 Batch 58/650 - Loss: 1.243221 (Recon: 1.119863, Diff: 0.123358, KL: 0.000909)
2026-02-16 19:06:53,855 - INFO - Epoch 8/100 Batch 59/650 - Loss: 1.235503 (Recon: 1.122498, Diff: 0.113005, KL: 0.000304)
2026-02-16 19:06:54,850 - INFO - Epoch 8/100 Batch 60/650 - Loss: 1.202369 (Recon: 1.119917, Diff: 0.082451, KL: 0.001211)
2026-02-16 19:06:55,868 - INFO - Epoch 8/100 Batch 61/650 - Loss: 1.195250 (Recon: 1.125410, Diff: 0.069840, KL: 0.000109)
2026-02-16 19:06:56,882 - INFO - Epoch 8/100 Batch 62/650 - Loss: 1.200527 (Recon: 1.131199, Diff: 0.069327, KL: 0.000916)
2026-02-16 19:06:57,911 - INFO - Epoch 8/100 Batch 63/650 - Loss: 1.210545 (Recon: 1.120760, Diff: 0.089785, KL: 0.000594)
2026-02-16 19:06:58,926 - INFO - Epoch 8/100 Batch 64/650 - Loss: 1.258637 (Recon: 1.126962, Diff: 0.131675, KL: 0.000376)
2026-02-16 19:06:59,970 - INFO - Epoch 8/100 Batch 65/650 - Loss: 1.208227 (Recon: 1.112811, Diff: 0.095415, KL: 0.001514)
2026-02-16 19:07:00,997 - INFO - Epoch 8/100 Batch 66/650 - Loss: 1.187033 (Recon: 1.125567, Diff: 0.061465, KL: 0.000162)
2026-02-16 19:07:02,032 - INFO - Epoch 8/100 Batch 67/650 - Loss: 1.220764 (Recon: 1.124749, Diff: 0.096014, KL: 0.001048)
2026-02-16 19:07:39,668 - INFO - Epoch 8/100 Batch 68/650 - Loss: 1.181984 (Recon: 1.128459, Diff: 0.053524, KL: 0.000634)
2026-02-16 19:07:53,726 - INFO - Epoch 8/100 Batch 69/650 - Loss: 1.182089 (Recon: 1.128193, Diff: 0.053895, KL: 0.000197)
2026-02-16 19:08:20,265 - INFO - Epoch 8/100 Batch 70/650 - Loss: 1.232538 (Recon: 1.125088, Diff: 0.107449, KL: 0.000576)
2026-02-16 19:08:55,646 - INFO - Epoch 8/100 Batch 71/650 - Loss: 1.163130 (Recon: 1.112885, Diff: 0.050245, KL: 0.000151)
2026-02-16 19:09:09,619 - INFO - Epoch 8/100 Batch 72/650 - Loss: 1.170111 (Recon: 1.117646, Diff: 0.052465, KL: 0.000310)
2026-02-16 19:09:10,642 - INFO - Epoch 8/100 Batch 73/650 - Loss: 1.228528 (Recon: 1.122211, Diff: 0.106317, KL: 0.000355)
2026-02-16 19:09:37,194 - INFO - Epoch 8/100 Batch 74/650 - Loss: 1.187351 (Recon: 1.124632, Diff: 0.062719, KL: 0.000514)
2026-02-16 19:10:05,914 - INFO - Epoch 8/100 Batch 75/650 - Loss: 1.186277 (Recon: 1.126438, Diff: 0.059840, KL: 0.000144)
2026-02-16 19:10:13,585 - INFO - Epoch 8/100 Batch 76/650 - Loss: 1.179295 (Recon: 1.126327, Diff: 0.052967, KL: 0.000297)
2026-02-16 19:10:14,598 - INFO - Epoch 8/100 Batch 77/650 - Loss: 1.196442 (Recon: 1.125729, Diff: 0.070712, KL: 0.000483)
2026-02-16 19:10:15,625 - INFO - Epoch 8/100 Batch 78/650 - Loss: 1.231173 (Recon: 1.125219, Diff: 0.105954, KL: 0.000158)
2026-02-16 19:10:16,632 - INFO - Epoch 8/100 Batch 79/650 - Loss: 1.177215 (Recon: 1.130533, Diff: 0.046681, KL: 0.000406)
2026-02-16 19:10:17,633 - INFO - Epoch 8/100 Batch 80/650 - Loss: 1.214813 (Recon: 1.128576, Diff: 0.086237, KL: 0.000133)
2026-02-16 19:10:18,671 - INFO - Epoch 8/100 Batch 81/650 - Loss: 1.211389 (Recon: 1.127942, Diff: 0.083447, KL: 0.000585)
2026-02-16 19:10:19,706 - INFO - Epoch 8/100 Batch 82/650 - Loss: 1.248224 (Recon: 1.127627, Diff: 0.120597, KL: 0.000762)
2026-02-16 19:10:20,727 - INFO - Epoch 8/100 Batch 83/650 - Loss: 1.231192 (Recon: 1.122701, Diff: 0.108491, KL: 0.000338)
2026-02-16 19:10:21,787 - INFO - Epoch 8/100 Batch 84/650 - Loss: 1.206597 (Recon: 1.120592, Diff: 0.086005, KL: 0.000063)
2026-02-16 19:10:55,872 - INFO - Epoch 8/100 Batch 85/650 - Loss: 1.202005 (Recon: 1.116604, Diff: 0.085401, KL: 0.000084)
2026-02-16 19:11:26,070 - INFO - Epoch 8/100 Batch 86/650 - Loss: 1.296484 (Recon: 1.122481, Diff: 0.174003, KL: 0.000114)
2026-02-16 19:11:27,111 - INFO - Epoch 8/100 Batch 87/650 - Loss: 1.179290 (Recon: 1.129687, Diff: 0.049603, KL: 0.000132)
2026-02-16 19:11:31,157 - INFO - Epoch 8/100 Batch 88/650 - Loss: 1.207656 (Recon: 1.126828, Diff: 0.080827, KL: 0.000125)
2026-02-16 19:11:32,211 - INFO - Epoch 8/100 Batch 89/650 - Loss: 1.210100 (Recon: 1.122747, Diff: 0.087352, KL: 0.000213)
2026-02-16 19:11:33,252 - INFO - Epoch 8/100 Batch 90/650 - Loss: 1.232339 (Recon: 1.128088, Diff: 0.104251, KL: 0.000251)
2026-02-16 19:11:34,311 - INFO - Epoch 8/100 Batch 91/650 - Loss: 1.222012 (Recon: 1.124579, Diff: 0.097432, KL: 0.000090)
2026-02-16 19:11:35,379 - INFO - Epoch 8/100 Batch 92/650 - Loss: 1.192916 (Recon: 1.124755, Diff: 0.068160, KL: 0.000181)
2026-02-16 19:11:43,027 - INFO - Epoch 8/100 Batch 93/650 - Loss: 1.199674 (Recon: 1.122140, Diff: 0.077533, KL: 0.000172)
2026-02-16 19:11:44,038 - INFO - Epoch 8/100 Batch 94/650 - Loss: 1.225842 (Recon: 1.117790, Diff: 0.108052, KL: 0.000916)
2026-02-16 19:11:45,085 - INFO - Epoch 8/100 Batch 95/650 - Loss: 1.219087 (Recon: 1.126482, Diff: 0.092604, KL: 0.000071)
2026-02-16 19:11:50,904 - INFO - Epoch 8/100 Batch 96/650 - Loss: 1.263202 (Recon: 1.119319, Diff: 0.143883, KL: 0.000193)
2026-02-16 19:12:08,071 - INFO - Epoch 8/100 Batch 97/650 - Loss: 1.217564 (Recon: 1.124954, Diff: 0.092610, KL: 0.000200)
2026-02-16 19:12:09,124 - INFO - Epoch 8/100 Batch 98/650 - Loss: 1.207684 (Recon: 1.120085, Diff: 0.087599, KL: 0.000086)
2026-02-16 19:12:10,259 - INFO - Epoch 8/100 Batch 99/650 - Loss: 1.232462 (Recon: 1.124238, Diff: 0.108224, KL: 0.000174)
2026-02-16 19:12:11,349 - INFO - Epoch 8/100 Batch 100/650 - Loss: 1.196964 (Recon: 1.122296, Diff: 0.074667, KL: 0.000103)
2026-02-16 19:12:12,423 - INFO - Epoch 8/100 Batch 101/650 - Loss: 1.243634 (Recon: 1.125494, Diff: 0.118140, KL: 0.000199)
2026-02-16 19:12:13,512 - INFO - Epoch 8/100 Batch 102/650 - Loss: 1.175716 (Recon: 1.115911, Diff: 0.059805, KL: 0.000254)
2026-02-16 19:12:14,609 - INFO - Epoch 8/100 Batch 103/650 - Loss: 1.222956 (Recon: 1.127119, Diff: 0.095836, KL: 0.000197)
2026-02-16 19:12:21,134 - INFO - Epoch 8/100 Batch 104/650 - Loss: 1.194656 (Recon: 1.121876, Diff: 0.072779, KL: 0.000300)
2026-02-16 19:12:50,089 - INFO - Epoch 8/100 Batch 105/650 - Loss: 1.229345 (Recon: 1.126695, Diff: 0.102650, KL: 0.000103)
2026-02-16 19:13:02,404 - INFO - Epoch 8/100 Batch 106/650 - Loss: 1.272059 (Recon: 1.120291, Diff: 0.151767, KL: 0.000165)
2026-02-16 19:13:10,091 - INFO - Epoch 8/100 Batch 107/650 - Loss: 1.270300 (Recon: 1.125299, Diff: 0.145001, KL: 0.000322)
2026-02-16 19:13:25,450 - INFO - Epoch 8/100 Batch 108/650 - Loss: 1.234058 (Recon: 1.118117, Diff: 0.115940, KL: 0.000113)
2026-02-16 19:13:26,514 - INFO - Epoch 8/100 Batch 109/650 - Loss: 1.244291 (Recon: 1.122405, Diff: 0.121886, KL: 0.000444)
2026-02-16 19:13:27,551 - INFO - Epoch 8/100 Batch 110/650 - Loss: 1.243892 (Recon: 1.123207, Diff: 0.120684, KL: 0.000518)
2026-02-16 19:13:28,597 - INFO - Epoch 8/100 Batch 111/650 - Loss: 1.227532 (Recon: 1.127470, Diff: 0.100062, KL: 0.000117)
2026-02-16 19:14:03,991 - INFO - Epoch 8/100 Batch 112/650 - Loss: 1.255134 (Recon: 1.120479, Diff: 0.134655, KL: 0.000139)
2026-02-16 19:14:42,953 - INFO - Epoch 8/100 Batch 113/650 - Loss: 1.178262 (Recon: 1.115696, Diff: 0.062565, KL: 0.000282)
2026-02-16 19:15:09,018 - INFO - Epoch 8/100 Batch 114/650 - Loss: 1.231711 (Recon: 1.111773, Diff: 0.119937, KL: 0.000281)
2026-02-16 19:15:09,996 - INFO - Epoch 8/100 Batch 115/650 - Loss: 1.195621 (Recon: 1.129201, Diff: 0.066420, KL: 0.000202)
2026-02-16 19:15:11,011 - INFO - Epoch 8/100 Batch 116/650 - Loss: 1.212326 (Recon: 1.125455, Diff: 0.086870, KL: 0.000196)
2026-02-16 19:15:12,050 - INFO - Epoch 8/100 Batch 117/650 - Loss: 1.232618 (Recon: 1.122959, Diff: 0.109659, KL: 0.000164)
2026-02-16 19:15:13,762 - INFO - Epoch 8/100 Batch 118/650 - Loss: 1.197246 (Recon: 1.128092, Diff: 0.069154, KL: 0.000241)
2026-02-16 19:15:48,820 - INFO - Epoch 8/100 Batch 119/650 - Loss: 1.246693 (Recon: 1.125926, Diff: 0.120768, KL: 0.000162)
2026-02-16 19:16:24,251 - INFO - Epoch 8/100 Batch 120/650 - Loss: 1.218762 (Recon: 1.119400, Diff: 0.099362, KL: 0.000238)
2026-02-16 19:16:59,679 - INFO - Epoch 8/100 Batch 121/650 - Loss: 1.213251 (Recon: 1.118586, Diff: 0.094665, KL: 0.000106)
2026-02-16 19:17:14,675 - INFO - Epoch 8/100 Batch 122/650 - Loss: 1.295379 (Recon: 1.122958, Diff: 0.172420, KL: 0.000712)
2026-02-16 19:17:30,358 - INFO - Epoch 8/100 Batch 123/650 - Loss: 1.287461 (Recon: 1.124534, Diff: 0.162927, KL: 0.000499)
2026-02-16 19:17:31,392 - INFO - Epoch 8/100 Batch 124/650 - Loss: 1.200050 (Recon: 1.118696, Diff: 0.081354, KL: 0.000152)
2026-02-16 19:17:57,621 - INFO - Epoch 8/100 Batch 125/650 - Loss: 1.237731 (Recon: 1.124632, Diff: 0.113099, KL: 0.000293)
2026-02-16 19:18:33,007 - INFO - Epoch 8/100 Batch 126/650 - Loss: 1.172528 (Recon: 1.119144, Diff: 0.053384, KL: 0.000246)
2026-02-16 19:19:08,483 - INFO - Epoch 8/100 Batch 127/650 - Loss: 1.228719 (Recon: 1.125692, Diff: 0.103027, KL: 0.000496)
2026-02-16 19:19:43,912 - INFO - Epoch 8/100 Batch 128/650 - Loss: 1.258323 (Recon: 1.117287, Diff: 0.141036, KL: 0.000189)
2026-02-16 19:20:09,222 - INFO - Epoch 8/100 Batch 129/650 - Loss: 1.284230 (Recon: 1.126701, Diff: 0.157527, KL: 0.001561)
2026-02-16 19:20:10,296 - INFO - Epoch 8/100 Batch 130/650 - Loss: 1.202192 (Recon: 1.120367, Diff: 0.081823, KL: 0.001197)
2026-02-16 19:20:22,682 - INFO - Epoch 8/100 Batch 131/650 - Loss: 1.212113 (Recon: 1.119715, Diff: 0.092398, KL: 0.000099)
2026-02-16 19:20:24,689 - INFO - Epoch 8/100 Batch 132/650 - Loss: 1.226307 (Recon: 1.113851, Diff: 0.112454, KL: 0.001213)
2026-02-16 19:20:26,136 - INFO - Epoch 8/100 Batch 133/650 - Loss: 1.263307 (Recon: 1.121578, Diff: 0.141729, KL: 0.000351)
2026-02-16 19:20:42,265 - INFO - Epoch 8/100 Batch 134/650 - Loss: 1.167320 (Recon: 1.129127, Diff: 0.038192, KL: 0.000482)
2026-02-16 19:20:48,273 - INFO - Epoch 8/100 Batch 135/650 - Loss: 1.177000 (Recon: 1.123550, Diff: 0.053448, KL: 0.002677)
2026-02-16 19:20:58,495 - INFO - Epoch 8/100 Batch 136/650 - Loss: 1.266902 (Recon: 1.129350, Diff: 0.137552, KL: 0.001130)
2026-02-16 19:21:31,779 - INFO - Epoch 8/100 Batch 137/650 - Loss: 1.246755 (Recon: 1.117929, Diff: 0.128826, KL: 0.000395)
2026-02-16 19:22:07,711 - INFO - Epoch 8/100 Batch 138/650 - Loss: 1.189496 (Recon: 1.126909, Diff: 0.062585, KL: 0.001817)
2026-02-16 19:22:46,797 - INFO - Epoch 8/100 Batch 139/650 - Loss: 1.205940 (Recon: 1.126760, Diff: 0.079179, KL: 0.000196)
2026-02-16 19:23:18,694 - INFO - Epoch 8/100 Batch 140/650 - Loss: 1.206237 (Recon: 1.123127, Diff: 0.083109, KL: 0.001080)
2026-02-16 19:23:19,683 - INFO - Epoch 8/100 Batch 141/650 - Loss: 1.186963 (Recon: 1.123118, Diff: 0.063844, KL: 0.000742)
2026-02-16 19:23:21,569 - INFO - Epoch 8/100 Batch 142/650 - Loss: 1.229153 (Recon: 1.119451, Diff: 0.109702, KL: 0.000498)
2026-02-16 19:23:22,588 - INFO - Epoch 8/100 Batch 143/650 - Loss: 1.244341 (Recon: 1.116656, Diff: 0.127684, KL: 0.000838)
2026-02-16 19:23:23,576 - INFO - Epoch 8/100 Batch 144/650 - Loss: 1.174892 (Recon: 1.125064, Diff: 0.049827, KL: 0.000164)
2026-02-16 19:23:24,570 - INFO - Epoch 8/100 Batch 145/650 - Loss: 1.231483 (Recon: 1.115763, Diff: 0.115720, KL: 0.000971)
2026-02-16 19:23:26,782 - INFO - Epoch 8/100 Batch 146/650 - Loss: 1.235700 (Recon: 1.122161, Diff: 0.113538, KL: 0.000590)
2026-02-16 19:23:27,776 - INFO - Epoch 8/100 Batch 147/650 - Loss: 1.291194 (Recon: 1.120957, Diff: 0.170236, KL: 0.000672)
2026-02-16 19:23:28,806 - INFO - Epoch 8/100 Batch 148/650 - Loss: 1.284993 (Recon: 1.118433, Diff: 0.166558, KL: 0.001641)
2026-02-16 19:23:31,685 - INFO - Epoch 8/100 Batch 149/650 - Loss: 1.239049 (Recon: 1.121305, Diff: 0.117743, KL: 0.001145)
2026-02-16 19:23:45,286 - INFO - Epoch 8/100 Batch 150/650 - Loss: 1.234149 (Recon: 1.121210, Diff: 0.112938, KL: 0.000378)
2026-02-16 19:24:11,683 - INFO - Epoch 8/100 Batch 151/650 - Loss: 1.175648 (Recon: 1.113002, Diff: 0.062646, KL: 0.000979)
2026-02-16 19:24:24,593 - INFO - Epoch 8/100 Batch 152/650 - Loss: 1.229508 (Recon: 1.124688, Diff: 0.104820, KL: 0.000211)
2026-02-16 19:24:25,566 - INFO - Epoch 8/100 Batch 153/650 - Loss: 1.209640 (Recon: 1.125635, Diff: 0.084005, KL: 0.000362)
2026-02-16 19:24:58,656 - INFO - Epoch 8/100 Batch 154/650 - Loss: 1.183178 (Recon: 1.124243, Diff: 0.058935, KL: 0.000284)
2026-02-16 19:25:16,150 - INFO - Epoch 8/100 Batch 155/650 - Loss: 1.263203 (Recon: 1.123460, Diff: 0.139743, KL: 0.000209)
2026-02-16 19:25:17,199 - INFO - Epoch 8/100 Batch 156/650 - Loss: 1.201712 (Recon: 1.112938, Diff: 0.088772, KL: 0.001725)
2026-02-16 19:25:18,280 - INFO - Epoch 8/100 Batch 157/650 - Loss: 1.229554 (Recon: 1.127660, Diff: 0.101893, KL: 0.000970)
2026-02-16 19:25:20,200 - INFO - Epoch 8/100 Batch 158/650 - Loss: 1.235183 (Recon: 1.124223, Diff: 0.110961, KL: 0.000184)
2026-02-16 19:25:29,085 - INFO - Epoch 8/100 Batch 159/650 - Loss: 1.206120 (Recon: 1.118399, Diff: 0.087721, KL: 0.000326)
2026-02-16 19:25:30,085 - INFO - Epoch 8/100 Batch 160/650 - Loss: 1.219019 (Recon: 1.118598, Diff: 0.100421, KL: 0.000130)
2026-02-16 19:25:31,206 - INFO - Epoch 8/100 Batch 161/650 - Loss: 1.219640 (Recon: 1.119366, Diff: 0.100274, KL: 0.000265)
2026-02-16 19:25:57,392 - INFO - Epoch 8/100 Batch 162/650 - Loss: 1.244776 (Recon: 1.117845, Diff: 0.126931, KL: 0.000368)
2026-02-16 19:26:24,048 - INFO - Epoch 8/100 Batch 163/650 - Loss: 1.192811 (Recon: 1.119593, Diff: 0.073219, KL: 0.000081)
2026-02-16 19:26:33,329 - INFO - Epoch 8/100 Batch 164/650 - Loss: 1.211652 (Recon: 1.120020, Diff: 0.091631, KL: 0.000238)
2026-02-16 19:27:01,106 - INFO - Epoch 8/100 Batch 165/650 - Loss: 1.209317 (Recon: 1.124294, Diff: 0.085023, KL: 0.000138)
2026-02-16 19:27:02,162 - INFO - Epoch 8/100 Batch 166/650 - Loss: 1.170137 (Recon: 1.118372, Diff: 0.051764, KL: 0.000112)
2026-02-16 19:27:16,103 - INFO - Epoch 8/100 Batch 167/650 - Loss: 1.180807 (Recon: 1.124832, Diff: 0.055975, KL: 0.000196)
2026-02-16 19:27:17,163 - INFO - Epoch 8/100 Batch 168/650 - Loss: 1.257917 (Recon: 1.122651, Diff: 0.135266, KL: 0.000112)
2026-02-16 19:27:18,231 - INFO - Epoch 8/100 Batch 169/650 - Loss: 1.200103 (Recon: 1.120054, Diff: 0.080048, KL: 0.000220)
2026-02-16 19:27:34,446 - INFO - Epoch 8/100 Batch 170/650 - Loss: 1.204964 (Recon: 1.122317, Diff: 0.082647, KL: 0.000123)
2026-02-16 19:27:42,389 - INFO - Epoch 8/100 Batch 171/650 - Loss: 1.256766 (Recon: 1.121661, Diff: 0.135106, KL: 0.000099)
2026-02-16 19:27:43,414 - INFO - Epoch 8/100 Batch 172/650 - Loss: 1.210830 (Recon: 1.123697, Diff: 0.087133, KL: 0.000326)
2026-02-16 19:27:44,457 - INFO - Epoch 8/100 Batch 173/650 - Loss: 1.217446 (Recon: 1.127828, Diff: 0.089618, KL: 0.000393)
2026-02-16 19:27:45,501 - INFO - Epoch 8/100 Batch 174/650 - Loss: 1.209724 (Recon: 1.112376, Diff: 0.097348, KL: 0.000164)
2026-02-16 19:27:46,797 - INFO - Epoch 8/100 Batch 175/650 - Loss: 1.241707 (Recon: 1.114929, Diff: 0.126777, KL: 0.000451)
2026-02-16 19:28:22,128 - INFO - Epoch 8/100 Batch 176/650 - Loss: 1.272643 (Recon: 1.121840, Diff: 0.150803, KL: 0.000091)
2026-02-16 19:28:47,582 - INFO - Epoch 8/100 Batch 177/650 - Loss: 1.281572 (Recon: 1.114471, Diff: 0.167100, KL: 0.000394)
2026-02-16 19:28:59,948 - INFO - Epoch 8/100 Batch 178/650 - Loss: 1.196075 (Recon: 1.123316, Diff: 0.072759, KL: 0.000173)
2026-02-16 19:29:09,854 - INFO - Epoch 8/100 Batch 179/650 - Loss: 1.187536 (Recon: 1.121824, Diff: 0.065711, KL: 0.000341)
2026-02-16 19:29:10,901 - INFO - Epoch 8/100 Batch 180/650 - Loss: 1.195995 (Recon: 1.117636, Diff: 0.078359, KL: 0.000746)
2026-02-16 19:29:19,593 - INFO - Epoch 8/100 Batch 181/650 - Loss: 1.191640 (Recon: 1.122581, Diff: 0.069059, KL: 0.000046)
2026-02-16 19:29:20,645 - INFO - Epoch 8/100 Batch 182/650 - Loss: 1.255468 (Recon: 1.116030, Diff: 0.139437, KL: 0.001316)
2026-02-16 19:29:21,741 - INFO - Epoch 8/100 Batch 183/650 - Loss: 1.248453 (Recon: 1.118194, Diff: 0.130257, KL: 0.001077)
2026-02-16 19:29:25,506 - INFO - Epoch 8/100 Batch 184/650 - Loss: 1.277118 (Recon: 1.121213, Diff: 0.155905, KL: 0.000357)
2026-02-16 19:29:26,527 - INFO - Epoch 8/100 Batch 185/650 - Loss: 1.208564 (Recon: 1.125406, Diff: 0.083156, KL: 0.001926)
2026-02-16 19:29:27,537 - INFO - Epoch 8/100 Batch 186/650 - Loss: 1.178268 (Recon: 1.114208, Diff: 0.064060, KL: 0.000355)
2026-02-16 19:29:28,563 - INFO - Epoch 8/100 Batch 187/650 - Loss: 1.195735 (Recon: 1.115889, Diff: 0.079844, KL: 0.001421)
2026-02-16 19:29:29,607 - INFO - Epoch 8/100 Batch 188/650 - Loss: 1.233992 (Recon: 1.115853, Diff: 0.118138, KL: 0.001809)
2026-02-16 19:29:30,648 - INFO - Epoch 8/100 Batch 189/650 - Loss: 1.267717 (Recon: 1.118262, Diff: 0.149455, KL: 0.000079)
2026-02-16 19:29:31,681 - INFO - Epoch 8/100 Batch 190/650 - Loss: 1.233323 (Recon: 1.120641, Diff: 0.112680, KL: 0.000842)
2026-02-16 19:29:32,737 - INFO - Epoch 8/100 Batch 191/650 - Loss: 1.197064 (Recon: 1.119222, Diff: 0.077842, KL: 0.000211)
2026-02-16 19:29:33,817 - INFO - Epoch 8/100 Batch 192/650 - Loss: 1.241383 (Recon: 1.119699, Diff: 0.121684, KL: 0.000424)
2026-02-16 19:29:37,842 - INFO - Epoch 8/100 Batch 193/650 - Loss: 1.229881 (Recon: 1.117996, Diff: 0.111885, KL: 0.000580)
2026-02-16 19:29:39,060 - INFO - Epoch 8/100 Batch 194/650 - Loss: 1.217370 (Recon: 1.121835, Diff: 0.095535, KL: 0.000143)
2026-02-16 19:29:40,169 - INFO - Epoch 8/100 Batch 195/650 - Loss: 1.203737 (Recon: 1.122543, Diff: 0.081194, KL: 0.000147)
2026-02-16 19:29:49,764 - INFO - Epoch 8/100 Batch 196/650 - Loss: 1.181690 (Recon: 1.118733, Diff: 0.062956, KL: 0.000289)
2026-02-16 19:29:50,864 - INFO - Epoch 8/100 Batch 197/650 - Loss: 1.198240 (Recon: 1.125070, Diff: 0.073170, KL: 0.000100)
2026-02-16 19:29:51,989 - INFO - Epoch 8/100 Batch 198/650 - Loss: 1.234314 (Recon: 1.123020, Diff: 0.111293, KL: 0.000716)
2026-02-16 19:30:06,759 - INFO - Epoch 8/100 Batch 199/650 - Loss: 1.192601 (Recon: 1.123135, Diff: 0.069466, KL: 0.000386)
2026-02-16 19:30:08,284 - INFO - Epoch 8/100 Batch 200/650 - Loss: 1.190517 (Recon: 1.113530, Diff: 0.076987, KL: 0.000424)
2026-02-16 19:30:09,355 - INFO - Epoch 8/100 Batch 201/650 - Loss: 1.226202 (Recon: 1.126433, Diff: 0.099767, KL: 0.000691)
2026-02-16 19:30:10,406 - INFO - Epoch 8/100 Batch 202/650 - Loss: 1.197472 (Recon: 1.122944, Diff: 0.074528, KL: 0.000173)
2026-02-16 19:30:11,480 - INFO - Epoch 8/100 Batch 203/650 - Loss: 1.204322 (Recon: 1.116019, Diff: 0.088302, KL: 0.000802)
2026-02-16 19:30:13,112 - INFO - Epoch 8/100 Batch 204/650 - Loss: 1.203519 (Recon: 1.122164, Diff: 0.081354, KL: 0.000359)
2026-02-16 19:30:14,159 - INFO - Epoch 8/100 Batch 205/650 - Loss: 1.187560 (Recon: 1.120631, Diff: 0.066929, KL: 0.000243)
2026-02-16 19:30:15,196 - INFO - Epoch 8/100 Batch 206/650 - Loss: 1.149636 (Recon: 1.122478, Diff: 0.027158, KL: 0.000173)
2026-02-16 19:30:27,333 - INFO - Epoch 8/100 Batch 207/650 - Loss: 1.178456 (Recon: 1.124900, Diff: 0.053557, KL: 0.000129)
2026-02-16 19:30:28,376 - INFO - Epoch 8/100 Batch 208/650 - Loss: 1.214001 (Recon: 1.119550, Diff: 0.094451, KL: 0.000163)
2026-02-16 19:30:29,381 - INFO - Epoch 8/100 Batch 209/650 - Loss: 1.168323 (Recon: 1.111701, Diff: 0.056622, KL: 0.000177)
2026-02-16 19:30:30,416 - INFO - Epoch 8/100 Batch 210/650 - Loss: 1.254071 (Recon: 1.117498, Diff: 0.136572, KL: 0.000198)
2026-02-16 19:30:34,379 - INFO - Epoch 8/100 Batch 211/650 - Loss: 1.224819 (Recon: 1.113118, Diff: 0.111701, KL: 0.000168)
2026-02-16 19:30:35,394 - INFO - Epoch 8/100 Batch 212/650 - Loss: 1.204374 (Recon: 1.123077, Diff: 0.081298, KL: 0.000115)
2026-02-16 19:30:36,423 - INFO - Epoch 8/100 Batch 213/650 - Loss: 1.243893 (Recon: 1.113240, Diff: 0.130653, KL: 0.000421)
2026-02-16 19:30:37,464 - INFO - Epoch 8/100 Batch 214/650 - Loss: 1.235045 (Recon: 1.119962, Diff: 0.115083, KL: 0.000075)
2026-02-16 19:30:38,465 - INFO - Epoch 8/100 Batch 215/650 - Loss: 1.164308 (Recon: 1.113685, Diff: 0.050623, KL: 0.000139)
2026-02-16 19:31:00,790 - INFO - Epoch 8/100 Batch 216/650 - Loss: 1.279982 (Recon: 1.112886, Diff: 0.167096, KL: 0.000096)
2026-02-16 19:31:30,046 - INFO - Epoch 8/100 Batch 217/650 - Loss: 1.196397 (Recon: 1.123105, Diff: 0.073292, KL: 0.000188)
2026-02-16 19:31:31,063 - INFO - Epoch 8/100 Batch 218/650 - Loss: 1.272878 (Recon: 1.121151, Diff: 0.151727, KL: 0.000141)
2026-02-16 19:31:32,092 - INFO - Epoch 8/100 Batch 219/650 - Loss: 1.199455 (Recon: 1.116872, Diff: 0.082584, KL: 0.000145)
2026-02-16 19:31:33,138 - INFO - Epoch 8/100 Batch 220/650 - Loss: 1.148027 (Recon: 1.119460, Diff: 0.028567, KL: 0.000161)
2026-02-16 19:31:34,208 - INFO - Epoch 8/100 Batch 221/650 - Loss: 1.238970 (Recon: 1.109785, Diff: 0.129185, KL: 0.000196)
2026-02-16 19:31:35,233 - INFO - Epoch 8/100 Batch 222/650 - Loss: 1.230404 (Recon: 1.116145, Diff: 0.114258, KL: 0.000217)
2026-02-16 19:31:36,325 - INFO - Epoch 8/100 Batch 223/650 - Loss: 1.244187 (Recon: 1.122831, Diff: 0.121357, KL: 0.000113)
2026-02-16 19:31:37,358 - INFO - Epoch 8/100 Batch 224/650 - Loss: 1.243987 (Recon: 1.117497, Diff: 0.126490, KL: 0.000289)
2026-02-16 19:31:38,392 - INFO - Epoch 8/100 Batch 225/650 - Loss: 1.239732 (Recon: 1.110040, Diff: 0.129692, KL: 0.000065)
2026-02-16 19:31:41,781 - INFO - Epoch 8/100 Batch 226/650 - Loss: 1.163044 (Recon: 1.107149, Diff: 0.055895, KL: 0.000224)
2026-02-16 19:31:42,926 - INFO - Epoch 8/100 Batch 227/650 - Loss: 1.172944 (Recon: 1.125403, Diff: 0.047541, KL: 0.000125)
2026-02-16 19:31:43,956 - INFO - Epoch 8/100 Batch 228/650 - Loss: 1.227613 (Recon: 1.113396, Diff: 0.114216, KL: 0.000360)
2026-02-16 19:31:45,149 - INFO - Epoch 8/100 Batch 229/650 - Loss: 1.220946 (Recon: 1.105832, Diff: 0.115113, KL: 0.000516)
2026-02-16 19:31:46,237 - INFO - Epoch 8/100 Batch 230/650 - Loss: 1.189226 (Recon: 1.119792, Diff: 0.069434, KL: 0.000059)
2026-02-16 19:31:47,343 - INFO - Epoch 8/100 Batch 231/650 - Loss: 1.156264 (Recon: 1.121188, Diff: 0.035075, KL: 0.000398)
2026-02-16 19:31:55,027 - INFO - Epoch 8/100 Batch 232/650 - Loss: 1.175699 (Recon: 1.121545, Diff: 0.054154, KL: 0.000081)
2026-02-16 19:31:56,163 - INFO - Epoch 8/100 Batch 233/650 - Loss: 1.229992 (Recon: 1.122960, Diff: 0.107032, KL: 0.000455)
2026-02-16 19:31:57,268 - INFO - Epoch 8/100 Batch 234/650 - Loss: 1.185160 (Recon: 1.124657, Diff: 0.060502, KL: 0.000338)
2026-02-16 19:31:58,807 - INFO - Epoch 8/100 Batch 235/650 - Loss: 1.202963 (Recon: 1.116805, Diff: 0.086158, KL: 0.000125)
2026-02-16 19:31:59,957 - INFO - Epoch 8/100 Batch 236/650 - Loss: 1.221722 (Recon: 1.120886, Diff: 0.100836, KL: 0.000492)
2026-02-16 19:32:13,030 - INFO - Epoch 8/100 Batch 237/650 - Loss: 1.184963 (Recon: 1.118191, Diff: 0.066772, KL: 0.000122)
2026-02-16 19:32:14,095 - INFO - Epoch 8/100 Batch 238/650 - Loss: 1.199347 (Recon: 1.121327, Diff: 0.078020, KL: 0.000369)
2026-02-16 19:32:15,195 - INFO - Epoch 8/100 Batch 239/650 - Loss: 1.168105 (Recon: 1.111709, Diff: 0.056396, KL: 0.000076)
2026-02-16 19:32:16,281 - INFO - Epoch 8/100 Batch 240/650 - Loss: 1.164032 (Recon: 1.115259, Diff: 0.048773, KL: 0.000230)
2026-02-16 19:32:17,364 - INFO - Epoch 8/100 Batch 241/650 - Loss: 1.231898 (Recon: 1.120817, Diff: 0.111081, KL: 0.000132)
2026-02-16 19:32:18,436 - INFO - Epoch 8/100 Batch 242/650 - Loss: 1.169337 (Recon: 1.109170, Diff: 0.060167, KL: 0.000189)
2026-02-16 19:32:19,582 - INFO - Epoch 8/100 Batch 243/650 - Loss: 1.208465 (Recon: 1.120298, Diff: 0.088167, KL: 0.000161)
2026-02-16 19:32:20,710 - INFO - Epoch 8/100 Batch 244/650 - Loss: 1.236076 (Recon: 1.116455, Diff: 0.119621, KL: 0.000134)
2026-02-16 19:32:21,825 - INFO - Epoch 8/100 Batch 245/650 - Loss: 1.234898 (Recon: 1.107990, Diff: 0.126908, KL: 0.000434)
2026-02-16 19:32:22,851 - INFO - Epoch 8/100 Batch 246/650 - Loss: 1.243313 (Recon: 1.122845, Diff: 0.120468, KL: 0.000304)
2026-02-16 19:32:24,895 - INFO - Epoch 8/100 Batch 247/650 - Loss: 1.183171 (Recon: 1.119844, Diff: 0.063327, KL: 0.000089)
2026-02-16 19:32:26,004 - INFO - Epoch 8/100 Batch 248/650 - Loss: 1.174994 (Recon: 1.124349, Diff: 0.050646, KL: 0.000094)
2026-02-16 19:32:30,063 - INFO - Epoch 8/100 Batch 249/650 - Loss: 1.250477 (Recon: 1.121061, Diff: 0.129416, KL: 0.000156)
2026-02-16 19:32:31,075 - INFO - Epoch 8/100 Batch 250/650 - Loss: 1.181835 (Recon: 1.118246, Diff: 0.063589, KL: 0.000182)
2026-02-16 19:32:32,085 - INFO - Epoch 8/100 Batch 251/650 - Loss: 1.168074 (Recon: 1.117848, Diff: 0.050225, KL: 0.000278)
2026-02-16 19:32:33,105 - INFO - Epoch 8/100 Batch 252/650 - Loss: 1.158617 (Recon: 1.121487, Diff: 0.037130, KL: 0.000269)
2026-02-16 19:32:34,131 - INFO - Epoch 8/100 Batch 253/650 - Loss: 1.251110 (Recon: 1.119830, Diff: 0.131279, KL: 0.000378)
2026-02-16 19:32:35,139 - INFO - Epoch 8/100 Batch 254/650 - Loss: 1.203897 (Recon: 1.118399, Diff: 0.085498, KL: 0.000203)
2026-02-16 19:32:36,169 - INFO - Epoch 8/100 Batch 255/650 - Loss: 1.186014 (Recon: 1.122392, Diff: 0.063622, KL: 0.000156)
2026-02-16 19:32:37,197 - INFO - Epoch 8/100 Batch 256/650 - Loss: 1.234755 (Recon: 1.119384, Diff: 0.115371, KL: 0.000200)
2026-02-16 19:32:38,665 - INFO - Epoch 8/100 Batch 257/650 - Loss: 1.205713 (Recon: 1.113548, Diff: 0.092165, KL: 0.000454)
2026-02-16 19:32:39,802 - INFO - Epoch 8/100 Batch 258/650 - Loss: 1.172192 (Recon: 1.118436, Diff: 0.053755, KL: 0.000136)
2026-02-16 19:32:45,340 - INFO - Epoch 8/100 Batch 259/650 - Loss: 1.248612 (Recon: 1.120239, Diff: 0.128372, KL: 0.000148)
2026-02-16 19:32:46,455 - INFO - Epoch 8/100 Batch 260/650 - Loss: 1.268077 (Recon: 1.109509, Diff: 0.158568, KL: 0.000474)
2026-02-16 19:32:47,524 - INFO - Epoch 8/100 Batch 261/650 - Loss: 1.190212 (Recon: 1.117831, Diff: 0.072380, KL: 0.000219)
2026-02-16 19:32:49,634 - INFO - Epoch 8/100 Batch 262/650 - Loss: 1.224795 (Recon: 1.123464, Diff: 0.101330, KL: 0.000519)
2026-02-16 19:32:50,716 - INFO - Epoch 8/100 Batch 263/650 - Loss: 1.261425 (Recon: 1.119439, Diff: 0.141986, KL: 0.000316)
2026-02-16 19:32:51,867 - INFO - Epoch 8/100 Batch 264/650 - Loss: 1.239454 (Recon: 1.115129, Diff: 0.124324, KL: 0.000404)
2026-02-16 19:32:53,001 - INFO - Epoch 8/100 Batch 265/650 - Loss: 1.224830 (Recon: 1.118660, Diff: 0.106169, KL: 0.000618)
2026-02-16 19:32:54,117 - INFO - Epoch 8/100 Batch 266/650 - Loss: 1.236080 (Recon: 1.111115, Diff: 0.124964, KL: 0.000082)
2026-02-16 19:32:55,228 - INFO - Epoch 8/100 Batch 267/650 - Loss: 1.161396 (Recon: 1.120965, Diff: 0.040431, KL: 0.000362)
2026-02-16 19:33:03,755 - INFO - Epoch 8/100 Batch 268/650 - Loss: 1.195810 (Recon: 1.122332, Diff: 0.073479, KL: 0.000155)
2026-02-16 19:33:04,808 - INFO - Epoch 8/100 Batch 269/650 - Loss: 1.226014 (Recon: 1.116087, Diff: 0.109927, KL: 0.000221)
2026-02-16 19:33:13,423 - INFO - Epoch 8/100 Batch 270/650 - Loss: 1.195925 (Recon: 1.115166, Diff: 0.080759, KL: 0.000601)
2026-02-16 19:33:16,468 - INFO - Epoch 8/100 Batch 271/650 - Loss: 1.183575 (Recon: 1.122226, Diff: 0.061348, KL: 0.000577)
2026-02-16 19:33:17,564 - INFO - Epoch 8/100 Batch 272/650 - Loss: 1.209180 (Recon: 1.120000, Diff: 0.089180, KL: 0.000146)
2026-02-16 19:33:18,609 - INFO - Epoch 8/100 Batch 273/650 - Loss: 1.240959 (Recon: 1.113374, Diff: 0.127584, KL: 0.000155)
2026-02-16 19:33:33,353 - INFO - Epoch 8/100 Batch 274/650 - Loss: 1.241014 (Recon: 1.115682, Diff: 0.125330, KL: 0.001127)
2026-02-16 19:33:34,525 - INFO - Epoch 8/100 Batch 275/650 - Loss: 1.184994 (Recon: 1.118351, Diff: 0.066643, KL: 0.000215)
2026-02-16 19:33:35,635 - INFO - Epoch 8/100 Batch 276/650 - Loss: 1.222922 (Recon: 1.118114, Diff: 0.104809, KL: 0.000089)
2026-02-16 19:33:36,725 - INFO - Epoch 8/100 Batch 277/650 - Loss: 1.169119 (Recon: 1.112333, Diff: 0.056786, KL: 0.000101)
2026-02-16 19:33:40,698 - INFO - Epoch 8/100 Batch 278/650 - Loss: 1.227455 (Recon: 1.114431, Diff: 0.113024, KL: 0.000113)
2026-02-16 19:33:41,814 - INFO - Epoch 8/100 Batch 279/650 - Loss: 1.254370 (Recon: 1.114536, Diff: 0.139834, KL: 0.000250)
2026-02-16 19:33:42,943 - INFO - Epoch 8/100 Batch 280/650 - Loss: 1.189841 (Recon: 1.116297, Diff: 0.073545, KL: 0.000288)
2026-02-16 19:33:44,003 - INFO - Epoch 8/100 Batch 281/650 - Loss: 1.285648 (Recon: 1.115239, Diff: 0.170408, KL: 0.000135)
2026-02-16 19:33:45,114 - INFO - Epoch 8/100 Batch 282/650 - Loss: 1.234344 (Recon: 1.121256, Diff: 0.113087, KL: 0.000379)
2026-02-16 19:33:46,205 - INFO - Epoch 8/100 Batch 283/650 - Loss: 1.216333 (Recon: 1.115886, Diff: 0.100446, KL: 0.000961)
2026-02-16 19:33:47,304 - INFO - Epoch 8/100 Batch 284/650 - Loss: 1.204786 (Recon: 1.122675, Diff: 0.082110, KL: 0.000564)
2026-02-16 19:33:48,411 - INFO - Epoch 8/100 Batch 285/650 - Loss: 1.263544 (Recon: 1.115189, Diff: 0.148355, KL: 0.000175)
2026-02-16 19:33:49,500 - INFO - Epoch 8/100 Batch 286/650 - Loss: 1.172409 (Recon: 1.119210, Diff: 0.053198, KL: 0.000522)
2026-02-16 19:33:50,570 - INFO - Epoch 8/100 Batch 287/650 - Loss: 1.269660 (Recon: 1.113885, Diff: 0.155775, KL: 0.000299)
2026-02-16 19:33:51,718 - INFO - Epoch 8/100 Batch 288/650 - Loss: 1.256296 (Recon: 1.115756, Diff: 0.140539, KL: 0.000807)
2026-02-16 19:33:52,791 - INFO - Epoch 8/100 Batch 289/650 - Loss: 1.176071 (Recon: 1.110883, Diff: 0.065187, KL: 0.000331)
2026-02-16 19:33:56,156 - INFO - Epoch 8/100 Batch 290/650 - Loss: 1.197267 (Recon: 1.116462, Diff: 0.080805, KL: 0.000512)
2026-02-16 19:33:57,215 - INFO - Epoch 8/100 Batch 291/650 - Loss: 1.210610 (Recon: 1.121398, Diff: 0.089211, KL: 0.000573)
2026-02-16 19:33:58,329 - INFO - Epoch 8/100 Batch 292/650 - Loss: 1.200705 (Recon: 1.118015, Diff: 0.082691, KL: 0.000245)
2026-02-16 19:33:59,375 - INFO - Epoch 8/100 Batch 293/650 - Loss: 1.194772 (Recon: 1.117750, Diff: 0.077021, KL: 0.000798)
2026-02-16 19:34:00,444 - INFO - Epoch 8/100 Batch 294/650 - Loss: 1.198560 (Recon: 1.112599, Diff: 0.085961, KL: 0.000068)
2026-02-16 19:34:01,535 - INFO - Epoch 8/100 Batch 295/650 - Loss: 1.195915 (Recon: 1.121775, Diff: 0.074139, KL: 0.000975)
2026-02-16 19:34:02,648 - INFO - Epoch 8/100 Batch 296/650 - Loss: 1.201063 (Recon: 1.114453, Diff: 0.086610, KL: 0.000208)
2026-02-16 19:34:03,705 - INFO - Epoch 8/100 Batch 297/650 - Loss: 1.176867 (Recon: 1.117949, Diff: 0.058916, KL: 0.001805)
2026-02-16 19:34:04,826 - INFO - Epoch 8/100 Batch 298/650 - Loss: 1.268813 (Recon: 1.114528, Diff: 0.154285, KL: 0.000207)
2026-02-16 19:34:05,938 - INFO - Epoch 8/100 Batch 299/650 - Loss: 1.250434 (Recon: 1.118790, Diff: 0.131644, KL: 0.000163)
2026-02-16 19:34:07,104 - INFO - Epoch 8/100 Batch 300/650 - Loss: 1.231845 (Recon: 1.122273, Diff: 0.109572, KL: 0.000178)
2026-02-16 19:34:08,181 - INFO - Epoch 8/100 Batch 301/650 - Loss: 1.212230 (Recon: 1.117157, Diff: 0.095073, KL: 0.000120)
2026-02-16 19:34:09,304 - INFO - Epoch 8/100 Batch 302/650 - Loss: 1.242262 (Recon: 1.119392, Diff: 0.122870, KL: 0.000147)
2026-02-16 19:34:10,434 - INFO - Epoch 8/100 Batch 303/650 - Loss: 1.170490 (Recon: 1.114457, Diff: 0.056033, KL: 0.000082)
2026-02-16 19:34:11,572 - INFO - Epoch 8/100 Batch 304/650 - Loss: 1.186513 (Recon: 1.119824, Diff: 0.066689, KL: 0.000264)
2026-02-16 19:34:46,264 - INFO - Epoch 8/100 Batch 305/650 - Loss: 1.221783 (Recon: 1.119379, Diff: 0.102404, KL: 0.000265)
2026-02-16 19:35:25,458 - INFO - Epoch 8/100 Batch 306/650 - Loss: 1.219028 (Recon: 1.122303, Diff: 0.096725, KL: 0.000048)
2026-02-16 19:36:01,680 - INFO - Epoch 8/100 Batch 307/650 - Loss: 1.172087 (Recon: 1.116127, Diff: 0.055960, KL: 0.000062)
2026-02-16 19:36:31,987 - INFO - Epoch 8/100 Batch 308/650 - Loss: 1.227194 (Recon: 1.110120, Diff: 0.117074, KL: 0.000253)
2026-02-16 19:36:33,014 - INFO - Epoch 8/100 Batch 309/650 - Loss: 1.165649 (Recon: 1.117803, Diff: 0.047846, KL: 0.000263)
2026-02-16 19:36:34,134 - INFO - Epoch 8/100 Batch 310/650 - Loss: 1.237906 (Recon: 1.113988, Diff: 0.123918, KL: 0.000093)
2026-02-16 19:36:35,290 - INFO - Epoch 8/100 Batch 311/650 - Loss: 1.162076 (Recon: 1.114832, Diff: 0.047244, KL: 0.000116)
2026-02-16 19:36:36,335 - INFO - Epoch 8/100 Batch 312/650 - Loss: 1.207009 (Recon: 1.109123, Diff: 0.097886, KL: 0.000208)
2026-02-16 19:36:37,352 - INFO - Epoch 8/100 Batch 313/650 - Loss: 1.198061 (Recon: 1.110280, Diff: 0.087781, KL: 0.000177)
2026-02-16 19:36:38,380 - INFO - Epoch 8/100 Batch 314/650 - Loss: 1.183474 (Recon: 1.116565, Diff: 0.066909, KL: 0.000071)
2026-02-16 19:36:39,415 - INFO - Epoch 8/100 Batch 315/650 - Loss: 1.224635 (Recon: 1.118192, Diff: 0.106442, KL: 0.000199)
2026-02-16 19:36:40,432 - INFO - Epoch 8/100 Batch 316/650 - Loss: 1.183979 (Recon: 1.113843, Diff: 0.070136, KL: 0.000223)
2026-02-16 19:36:41,486 - INFO - Epoch 8/100 Batch 317/650 - Loss: 1.299739 (Recon: 1.116827, Diff: 0.182913, KL: 0.000132)
2026-02-16 19:36:42,510 - INFO - Epoch 8/100 Batch 318/650 - Loss: 1.203058 (Recon: 1.108247, Diff: 0.094811, KL: 0.000453)
2026-02-16 19:36:43,533 - INFO - Epoch 8/100 Batch 319/650 - Loss: 1.236241 (Recon: 1.109625, Diff: 0.126616, KL: 0.000141)
2026-02-16 19:36:45,684 - INFO - Epoch 8/100 Batch 320/650 - Loss: 1.297985 (Recon: 1.108547, Diff: 0.189437, KL: 0.000228)
2026-02-16 19:36:46,909 - INFO - Epoch 8/100 Batch 321/650 - Loss: 1.167940 (Recon: 1.116013, Diff: 0.051927, KL: 0.000059)
2026-02-16 19:36:47,977 - INFO - Epoch 8/100 Batch 322/650 - Loss: 1.196016 (Recon: 1.115657, Diff: 0.080358, KL: 0.000213)
2026-02-16 19:37:23,141 - INFO - Epoch 8/100 Batch 323/650 - Loss: 1.285856 (Recon: 1.113094, Diff: 0.172762, KL: 0.000196)
2026-02-16 19:37:37,129 - INFO - Epoch 8/100 Batch 324/650 - Loss: 1.214467 (Recon: 1.115737, Diff: 0.098729, KL: 0.000109)
2026-02-16 19:37:38,336 - INFO - Epoch 8/100 Batch 325/650 - Loss: 1.192987 (Recon: 1.117024, Diff: 0.075963, KL: 0.000091)
2026-02-16 19:37:39,758 - INFO - Epoch 8/100 Batch 326/650 - Loss: 1.165221 (Recon: 1.116805, Diff: 0.048417, KL: 0.000177)
2026-02-16 19:37:40,879 - INFO - Epoch 8/100 Batch 327/650 - Loss: 1.191530 (Recon: 1.112922, Diff: 0.078607, KL: 0.000538)
2026-02-16 19:37:42,163 - INFO - Epoch 8/100 Batch 328/650 - Loss: 1.159675 (Recon: 1.119331, Diff: 0.040344, KL: 0.000278)
2026-02-16 19:37:43,287 - INFO - Epoch 8/100 Batch 329/650 - Loss: 1.276000 (Recon: 1.120518, Diff: 0.155482, KL: 0.000200)
2026-02-16 19:37:44,297 - INFO - Epoch 8/100 Batch 330/650 - Loss: 1.207534 (Recon: 1.113613, Diff: 0.093921, KL: 0.000196)
2026-02-16 19:37:45,311 - INFO - Epoch 8/100 Batch 331/650 - Loss: 1.222401 (Recon: 1.119442, Diff: 0.102959, KL: 0.000363)
2026-02-16 19:37:46,649 - INFO - Epoch 8/100 Batch 332/650 - Loss: 1.164724 (Recon: 1.111349, Diff: 0.053375, KL: 0.000149)
2026-02-16 19:37:48,143 - INFO - Epoch 8/100 Batch 333/650 - Loss: 1.156573 (Recon: 1.112001, Diff: 0.044572, KL: 0.000159)
2026-02-16 19:37:49,265 - INFO - Epoch 8/100 Batch 334/650 - Loss: 1.189980 (Recon: 1.116671, Diff: 0.073309, KL: 0.000171)
2026-02-16 19:37:55,932 - INFO - Epoch 8/100 Batch 335/650 - Loss: 1.165632 (Recon: 1.115850, Diff: 0.049782, KL: 0.000090)
2026-02-16 19:37:57,077 - INFO - Epoch 8/100 Batch 336/650 - Loss: 1.289755 (Recon: 1.116828, Diff: 0.172926, KL: 0.000638)
2026-02-16 19:37:58,195 - INFO - Epoch 8/100 Batch 337/650 - Loss: 1.216158 (Recon: 1.106768, Diff: 0.109389, KL: 0.000721)
2026-02-16 19:37:59,291 - INFO - Epoch 8/100 Batch 338/650 - Loss: 1.213103 (Recon: 1.117005, Diff: 0.096098, KL: 0.000180)
2026-02-16 19:38:33,531 - INFO - Epoch 8/100 Batch 339/650 - Loss: 1.236630 (Recon: 1.117532, Diff: 0.119097, KL: 0.000530)
2026-02-16 19:39:08,543 - INFO - Epoch 8/100 Batch 340/650 - Loss: 1.213586 (Recon: 1.115199, Diff: 0.098387, KL: 0.000123)
2026-02-16 19:39:39,767 - INFO - Epoch 8/100 Batch 341/650 - Loss: 1.192865 (Recon: 1.111479, Diff: 0.081385, KL: 0.000264)
2026-02-16 19:40:19,062 - INFO - Epoch 8/100 Batch 342/650 - Loss: 1.196241 (Recon: 1.115350, Diff: 0.080891, KL: 0.000223)
2026-02-16 19:40:58,261 - INFO - Epoch 8/100 Batch 343/650 - Loss: 1.180932 (Recon: 1.115261, Diff: 0.065671, KL: 0.000240)
2026-02-16 19:41:35,116 - INFO - Epoch 8/100 Batch 344/650 - Loss: 1.240788 (Recon: 1.113092, Diff: 0.127696, KL: 0.000174)
2026-02-16 19:42:10,787 - INFO - Epoch 8/100 Batch 345/650 - Loss: 1.201210 (Recon: 1.106568, Diff: 0.094642, KL: 0.000131)
2026-02-16 19:42:46,279 - INFO - Epoch 8/100 Batch 346/650 - Loss: 1.227231 (Recon: 1.117787, Diff: 0.109443, KL: 0.000209)
2026-02-16 19:43:22,406 - INFO - Epoch 8/100 Batch 347/650 - Loss: 1.166246 (Recon: 1.116673, Diff: 0.049573, KL: 0.000141)
2026-02-16 19:44:01,556 - INFO - Epoch 8/100 Batch 348/650 - Loss: 1.188766 (Recon: 1.112723, Diff: 0.076042, KL: 0.000184)
2026-02-16 19:44:40,879 - INFO - Epoch 8/100 Batch 349/650 - Loss: 1.175681 (Recon: 1.117656, Diff: 0.058024, KL: 0.000340)
2026-02-16 19:45:20,160 - INFO - Epoch 8/100 Batch 350/650 - Loss: 1.201514 (Recon: 1.114208, Diff: 0.087305, KL: 0.000150)
2026-02-16 19:45:39,177 - INFO - Epoch 8/100 Batch 351/650 - Loss: 1.221395 (Recon: 1.114897, Diff: 0.106497, KL: 0.000265)
2026-02-16 19:45:40,282 - INFO - Epoch 8/100 Batch 352/650 - Loss: 1.157305 (Recon: 1.116560, Diff: 0.040744, KL: 0.000422)
2026-02-16 19:45:41,353 - INFO - Epoch 8/100 Batch 353/650 - Loss: 1.237794 (Recon: 1.110208, Diff: 0.127586, KL: 0.000380)
2026-02-16 19:45:48,925 - INFO - Epoch 8/100 Batch 354/650 - Loss: 1.222069 (Recon: 1.115566, Diff: 0.106503, KL: 0.000231)
2026-02-16 19:45:49,939 - INFO - Epoch 8/100 Batch 355/650 - Loss: 1.204254 (Recon: 1.118371, Diff: 0.085883, KL: 0.000224)
2026-02-16 19:45:50,941 - INFO - Epoch 8/100 Batch 356/650 - Loss: 1.242440 (Recon: 1.116177, Diff: 0.126263, KL: 0.000085)
2026-02-16 19:45:52,050 - INFO - Epoch 8/100 Batch 357/650 - Loss: 1.168294 (Recon: 1.113197, Diff: 0.055096, KL: 0.000552)
2026-02-16 19:45:53,041 - INFO - Epoch 8/100 Batch 358/650 - Loss: 1.292193 (Recon: 1.112403, Diff: 0.179790, KL: 0.000343)
2026-02-16 19:45:54,164 - INFO - Epoch 8/100 Batch 359/650 - Loss: 1.175190 (Recon: 1.111553, Diff: 0.063637, KL: 0.000340)
2026-02-16 19:45:55,183 - INFO - Epoch 8/100 Batch 360/650 - Loss: 1.286804 (Recon: 1.102597, Diff: 0.184207, KL: 0.000480)
2026-02-16 19:45:56,181 - INFO - Epoch 8/100 Batch 361/650 - Loss: 1.199419 (Recon: 1.112325, Diff: 0.087094, KL: 0.000142)
2026-02-16 19:45:57,206 - INFO - Epoch 8/100 Batch 362/650 - Loss: 1.231392 (Recon: 1.109830, Diff: 0.121562, KL: 0.000165)
2026-02-16 19:46:01,332 - INFO - Epoch 8/100 Batch 363/650 - Loss: 1.156883 (Recon: 1.112197, Diff: 0.044686, KL: 0.000139)
2026-02-16 19:46:02,534 - INFO - Epoch 8/100 Batch 364/650 - Loss: 1.196116 (Recon: 1.111128, Diff: 0.084988, KL: 0.000233)
2026-02-16 19:46:03,557 - INFO - Epoch 8/100 Batch 365/650 - Loss: 1.188099 (Recon: 1.113165, Diff: 0.074935, KL: 0.000079)
2026-02-16 19:46:04,584 - INFO - Epoch 8/100 Batch 366/650 - Loss: 1.240077 (Recon: 1.115702, Diff: 0.124375, KL: 0.000185)
2026-02-16 19:46:05,644 - INFO - Epoch 8/100 Batch 367/650 - Loss: 1.195096 (Recon: 1.111788, Diff: 0.083308, KL: 0.000341)
2026-02-16 19:46:06,706 - INFO - Epoch 8/100 Batch 368/650 - Loss: 1.252078 (Recon: 1.117930, Diff: 0.134148, KL: 0.000167)
2026-02-16 19:46:07,718 - INFO - Epoch 8/100 Batch 369/650 - Loss: 1.193446 (Recon: 1.118414, Diff: 0.075032, KL: 0.000237)
2026-02-16 19:46:08,731 - INFO - Epoch 8/100 Batch 370/650 - Loss: 1.242121 (Recon: 1.116936, Diff: 0.125185, KL: 0.000090)
2026-02-16 19:46:09,779 - INFO - Epoch 8/100 Batch 371/650 - Loss: 1.287684 (Recon: 1.114213, Diff: 0.173471, KL: 0.000146)
2026-02-16 19:46:10,906 - INFO - Epoch 8/100 Batch 372/650 - Loss: 1.167840 (Recon: 1.114571, Diff: 0.053269, KL: 0.000108)
2026-02-16 19:46:11,915 - INFO - Epoch 8/100 Batch 373/650 - Loss: 1.182647 (Recon: 1.109837, Diff: 0.072810, KL: 0.000137)
2026-02-16 19:46:12,961 - INFO - Epoch 8/100 Batch 374/650 - Loss: 1.302704 (Recon: 1.113642, Diff: 0.189061, KL: 0.000210)
2026-02-16 19:46:13,983 - INFO - Epoch 8/100 Batch 375/650 - Loss: 1.203949 (Recon: 1.113567, Diff: 0.090382, KL: 0.000045)
2026-02-16 19:46:15,088 - INFO - Epoch 8/100 Batch 376/650 - Loss: 1.238516 (Recon: 1.110248, Diff: 0.128268, KL: 0.000152)
2026-02-16 19:46:16,106 - INFO - Epoch 8/100 Batch 377/650 - Loss: 1.176236 (Recon: 1.116124, Diff: 0.060112, KL: 0.000208)
2026-02-16 19:46:17,127 - INFO - Epoch 8/100 Batch 378/650 - Loss: 1.186782 (Recon: 1.113106, Diff: 0.073677, KL: 0.000099)
2026-02-16 19:46:18,169 - INFO - Epoch 8/100 Batch 379/650 - Loss: 1.275306 (Recon: 1.116887, Diff: 0.158419, KL: 0.000528)
2026-02-16 19:46:19,280 - INFO - Epoch 8/100 Batch 380/650 - Loss: 1.190319 (Recon: 1.115799, Diff: 0.074520, KL: 0.000227)
2026-02-16 19:46:20,302 - INFO - Epoch 8/100 Batch 381/650 - Loss: 1.163685 (Recon: 1.113533, Diff: 0.050151, KL: 0.000420)
2026-02-16 19:46:21,309 - INFO - Epoch 8/100 Batch 382/650 - Loss: 1.218191 (Recon: 1.112790, Diff: 0.105400, KL: 0.000972)
2026-02-16 19:46:22,347 - INFO - Epoch 8/100 Batch 383/650 - Loss: 1.215180 (Recon: 1.105148, Diff: 0.110032, KL: 0.000152)
2026-02-16 19:46:23,453 - INFO - Epoch 8/100 Batch 384/650 - Loss: 1.168633 (Recon: 1.106268, Diff: 0.062365, KL: 0.000726)
2026-02-16 19:46:24,459 - INFO - Epoch 8/100 Batch 385/650 - Loss: 1.221807 (Recon: 1.111154, Diff: 0.110652, KL: 0.000739)
2026-02-16 19:46:25,484 - INFO - Epoch 8/100 Batch 386/650 - Loss: 1.231109 (Recon: 1.112880, Diff: 0.118229, KL: 0.000123)
2026-02-16 19:46:26,532 - INFO - Epoch 8/100 Batch 387/650 - Loss: 1.184606 (Recon: 1.117420, Diff: 0.067185, KL: 0.000568)
2026-02-16 19:46:28,082 - INFO - Epoch 8/100 Batch 388/650 - Loss: 1.204161 (Recon: 1.115430, Diff: 0.088731, KL: 0.000388)
2026-02-16 19:46:29,112 - INFO - Epoch 8/100 Batch 389/650 - Loss: 1.223350 (Recon: 1.114578, Diff: 0.108772, KL: 0.000155)
2026-02-16 19:46:30,185 - INFO - Epoch 8/100 Batch 390/650 - Loss: 1.241063 (Recon: 1.115404, Diff: 0.125659, KL: 0.000168)
2026-02-16 19:46:31,214 - INFO - Epoch 8/100 Batch 391/650 - Loss: 1.214510 (Recon: 1.117841, Diff: 0.096670, KL: 0.000124)
2026-02-16 19:46:34,528 - INFO - Epoch 8/100 Batch 392/650 - Loss: 1.192678 (Recon: 1.111182, Diff: 0.081495, KL: 0.000494)
2026-02-16 19:46:35,582 - INFO - Epoch 8/100 Batch 393/650 - Loss: 1.241649 (Recon: 1.106116, Diff: 0.135533, KL: 0.000105)
2026-02-16 19:46:48,969 - INFO - Epoch 8/100 Batch 394/650 - Loss: 1.195608 (Recon: 1.109168, Diff: 0.086440, KL: 0.000710)
2026-02-16 19:46:49,965 - INFO - Epoch 8/100 Batch 395/650 - Loss: 1.197462 (Recon: 1.115842, Diff: 0.081620, KL: 0.000619)
2026-02-16 19:46:50,975 - INFO - Epoch 8/100 Batch 396/650 - Loss: 1.175677 (Recon: 1.110077, Diff: 0.065600, KL: 0.000132)
2026-02-16 19:46:52,011 - INFO - Epoch 8/100 Batch 397/650 - Loss: 1.184547 (Recon: 1.112965, Diff: 0.071581, KL: 0.000708)
2026-02-16 19:46:53,044 - INFO - Epoch 8/100 Batch 398/650 - Loss: 1.174990 (Recon: 1.115726, Diff: 0.059263, KL: 0.000149)
2026-02-16 19:46:54,050 - INFO - Epoch 8/100 Batch 399/650 - Loss: 1.223896 (Recon: 1.110548, Diff: 0.113348, KL: 0.000226)
2026-02-16 19:46:55,070 - INFO - Epoch 8/100 Batch 400/650 - Loss: 1.186172 (Recon: 1.110564, Diff: 0.075607, KL: 0.000258)
2026-02-16 19:46:56,105 - INFO - Epoch 8/100 Batch 401/650 - Loss: 1.196363 (Recon: 1.118908, Diff: 0.077455, KL: 0.000235)
2026-02-16 19:46:57,138 - INFO - Epoch 8/100 Batch 402/650 - Loss: 1.207605 (Recon: 1.109356, Diff: 0.098248, KL: 0.000669)
2026-02-16 19:47:13,651 - INFO - Epoch 8/100 Batch 403/650 - Loss: 1.225145 (Recon: 1.114755, Diff: 0.110390, KL: 0.000080)
2026-02-16 19:47:15,044 - INFO - Epoch 8/100 Batch 404/650 - Loss: 1.155776 (Recon: 1.112226, Diff: 0.043549, KL: 0.000932)
2026-02-16 19:47:16,127 - INFO - Epoch 8/100 Batch 405/650 - Loss: 1.257330 (Recon: 1.111917, Diff: 0.145413, KL: 0.000353)
2026-02-16 19:47:19,938 - INFO - Epoch 8/100 Batch 406/650 - Loss: 1.205339 (Recon: 1.108690, Diff: 0.096648, KL: 0.000302)
2026-02-16 19:47:25,146 - INFO - Epoch 8/100 Batch 407/650 - Loss: 1.180059 (Recon: 1.112157, Diff: 0.067902, KL: 0.000442)
2026-02-16 19:47:35,402 - INFO - Epoch 8/100 Batch 408/650 - Loss: 1.217242 (Recon: 1.109609, Diff: 0.107633, KL: 0.000286)
2026-02-16 19:47:36,512 - INFO - Epoch 8/100 Batch 409/650 - Loss: 1.192253 (Recon: 1.114003, Diff: 0.078250, KL: 0.000564)
2026-02-16 19:47:37,731 - INFO - Epoch 8/100 Batch 410/650 - Loss: 1.185412 (Recon: 1.113533, Diff: 0.071878, KL: 0.000090)
2026-02-16 19:47:38,765 - INFO - Epoch 8/100 Batch 411/650 - Loss: 1.228717 (Recon: 1.108625, Diff: 0.120091, KL: 0.000435)
2026-02-16 19:47:39,995 - INFO - Epoch 8/100 Batch 412/650 - Loss: 1.184839 (Recon: 1.112867, Diff: 0.071971, KL: 0.000605)
2026-02-16 19:47:41,087 - INFO - Epoch 8/100 Batch 413/650 - Loss: 1.188758 (Recon: 1.108729, Diff: 0.080029, KL: 0.000118)
2026-02-16 19:47:42,164 - INFO - Epoch 8/100 Batch 414/650 - Loss: 1.207621 (Recon: 1.105802, Diff: 0.101818, KL: 0.001056)
2026-02-16 19:47:43,233 - INFO - Epoch 8/100 Batch 415/650 - Loss: 1.170809 (Recon: 1.111451, Diff: 0.059357, KL: 0.000679)
2026-02-16 19:47:44,343 - INFO - Epoch 8/100 Batch 416/650 - Loss: 1.164117 (Recon: 1.106652, Diff: 0.057465, KL: 0.000083)
2026-02-16 19:47:45,406 - INFO - Epoch 8/100 Batch 417/650 - Loss: 1.240787 (Recon: 1.117576, Diff: 0.123211, KL: 0.000488)
2026-02-16 19:47:48,379 - INFO - Epoch 8/100 Batch 418/650 - Loss: 1.233003 (Recon: 1.106616, Diff: 0.126387, KL: 0.000164)
2026-02-16 19:47:49,454 - INFO - Epoch 8/100 Batch 419/650 - Loss: 1.149841 (Recon: 1.111696, Diff: 0.038145, KL: 0.000384)
2026-02-16 19:47:50,620 - INFO - Epoch 8/100 Batch 420/650 - Loss: 1.225207 (Recon: 1.114411, Diff: 0.110796, KL: 0.000278)
2026-02-16 19:47:51,623 - INFO - Epoch 8/100 Batch 421/650 - Loss: 1.217801 (Recon: 1.112735, Diff: 0.105066, KL: 0.000062)
2026-02-16 19:47:52,585 - INFO - Epoch 8/100 Batch 422/650 - Loss: 1.225474 (Recon: 1.099174, Diff: 0.126300, KL: 0.000213)
2026-02-16 19:47:53,580 - INFO - Epoch 8/100 Batch 423/650 - Loss: 1.175027 (Recon: 1.110555, Diff: 0.064472, KL: 0.000222)
2026-02-16 19:47:54,558 - INFO - Epoch 8/100 Batch 424/650 - Loss: 1.161255 (Recon: 1.119367, Diff: 0.041888, KL: 0.000093)
2026-02-16 19:47:55,543 - INFO - Epoch 8/100 Batch 425/650 - Loss: 1.193489 (Recon: 1.114303, Diff: 0.079186, KL: 0.000064)
2026-02-16 19:47:57,230 - INFO - Epoch 8/100 Batch 426/650 - Loss: 1.234528 (Recon: 1.107957, Diff: 0.126571, KL: 0.000241)
2026-02-16 19:47:59,639 - INFO - Epoch 8/100 Batch 427/650 - Loss: 1.161096 (Recon: 1.113621, Diff: 0.047474, KL: 0.000091)
2026-02-16 19:48:00,711 - INFO - Epoch 8/100 Batch 428/650 - Loss: 1.250766 (Recon: 1.108802, Diff: 0.141964, KL: 0.000172)
2026-02-16 19:48:04,377 - INFO - Epoch 8/100 Batch 429/650 - Loss: 1.166896 (Recon: 1.113950, Diff: 0.052945, KL: 0.000167)
2026-02-16 19:48:05,448 - INFO - Epoch 8/100 Batch 430/650 - Loss: 1.203818 (Recon: 1.103736, Diff: 0.100082, KL: 0.000111)
2026-02-16 19:48:20,474 - INFO - Epoch 8/100 Batch 431/650 - Loss: 1.194002 (Recon: 1.115144, Diff: 0.078857, KL: 0.000280)
2026-02-16 19:48:21,570 - INFO - Epoch 8/100 Batch 432/650 - Loss: 1.228485 (Recon: 1.113008, Diff: 0.115477, KL: 0.000111)
2026-02-16 19:48:22,722 - INFO - Epoch 8/100 Batch 433/650 - Loss: 1.223436 (Recon: 1.110315, Diff: 0.113120, KL: 0.000228)
2026-02-16 19:48:23,817 - INFO - Epoch 8/100 Batch 434/650 - Loss: 1.190961 (Recon: 1.117947, Diff: 0.073014, KL: 0.000783)
2026-02-16 19:48:24,925 - INFO - Epoch 8/100 Batch 435/650 - Loss: 1.198376 (Recon: 1.108069, Diff: 0.090307, KL: 0.000206)
2026-02-16 19:48:25,970 - INFO - Epoch 8/100 Batch 436/650 - Loss: 1.235350 (Recon: 1.102965, Diff: 0.132384, KL: 0.000897)
2026-02-16 19:48:33,541 - INFO - Epoch 8/100 Batch 437/650 - Loss: 1.212266 (Recon: 1.096316, Diff: 0.115950, KL: 0.000411)
2026-02-16 19:48:37,806 - INFO - Epoch 8/100 Batch 438/650 - Loss: 1.247950 (Recon: 1.114094, Diff: 0.133855, KL: 0.000317)
2026-02-16 19:48:38,914 - INFO - Epoch 8/100 Batch 439/650 - Loss: 1.266570 (Recon: 1.112666, Diff: 0.153903, KL: 0.000169)
2026-02-16 19:48:39,970 - INFO - Epoch 8/100 Batch 440/650 - Loss: 1.232362 (Recon: 1.105229, Diff: 0.127133, KL: 0.000108)
2026-02-16 19:48:41,104 - INFO - Epoch 8/100 Batch 441/650 - Loss: 1.174553 (Recon: 1.101687, Diff: 0.072866, KL: 0.000108)
2026-02-16 19:48:42,199 - INFO - Epoch 8/100 Batch 442/650 - Loss: 1.173718 (Recon: 1.111845, Diff: 0.061872, KL: 0.000213)
2026-02-16 19:48:43,268 - INFO - Epoch 8/100 Batch 443/650 - Loss: 1.157449 (Recon: 1.114501, Diff: 0.042948, KL: 0.000125)
2026-02-16 19:48:44,379 - INFO - Epoch 8/100 Batch 444/650 - Loss: 1.150448 (Recon: 1.108869, Diff: 0.041579, KL: 0.000133)
2026-02-16 19:48:45,443 - INFO - Epoch 8/100 Batch 445/650 - Loss: 1.227109 (Recon: 1.113292, Diff: 0.113817, KL: 0.000122)
2026-02-16 19:48:55,822 - INFO - Epoch 8/100 Batch 446/650 - Loss: 1.290284 (Recon: 1.103966, Diff: 0.186319, KL: 0.000213)
2026-02-16 19:49:04,747 - INFO - Epoch 8/100 Batch 447/650 - Loss: 1.185782 (Recon: 1.105990, Diff: 0.079792, KL: 0.000196)
2026-02-16 19:49:40,134 - INFO - Epoch 8/100 Batch 448/650 - Loss: 1.231761 (Recon: 1.113126, Diff: 0.118635, KL: 0.000115)
2026-02-16 19:50:18,170 - INFO - Epoch 8/100 Batch 449/650 - Loss: 1.149209 (Recon: 1.113796, Diff: 0.035413, KL: 0.000054)
2026-02-16 19:50:53,466 - INFO - Epoch 8/100 Batch 450/650 - Loss: 1.195985 (Recon: 1.106598, Diff: 0.089387, KL: 0.000107)
2026-02-16 19:51:15,504 - INFO - Epoch 8/100 Batch 451/650 - Loss: 1.255545 (Recon: 1.109547, Diff: 0.145999, KL: 0.000069)
2026-02-16 19:51:16,550 - INFO - Epoch 8/100 Batch 452/650 - Loss: 1.203363 (Recon: 1.116534, Diff: 0.086830, KL: 0.000057)
2026-02-16 19:51:18,120 - INFO - Epoch 8/100 Batch 453/650 - Loss: 1.190459 (Recon: 1.111600, Diff: 0.078859, KL: 0.000083)
2026-02-16 19:51:19,209 - INFO - Epoch 8/100 Batch 454/650 - Loss: 1.234546 (Recon: 1.113009, Diff: 0.121537, KL: 0.000074)
2026-02-16 19:51:22,474 - INFO - Epoch 8/100 Batch 455/650 - Loss: 1.227278 (Recon: 1.114352, Diff: 0.112926, KL: 0.000165)
2026-02-16 19:51:23,540 - INFO - Epoch 8/100 Batch 456/650 - Loss: 1.172222 (Recon: 1.116424, Diff: 0.055797, KL: 0.000169)
2026-02-16 19:51:28,745 - INFO - Epoch 8/100 Batch 457/650 - Loss: 1.166595 (Recon: 1.117000, Diff: 0.049595, KL: 0.000094)
2026-02-16 19:51:29,829 - INFO - Epoch 8/100 Batch 458/650 - Loss: 1.230642 (Recon: 1.101625, Diff: 0.129017, KL: 0.000123)
2026-02-16 19:51:30,930 - INFO - Epoch 8/100 Batch 459/650 - Loss: 1.195375 (Recon: 1.112910, Diff: 0.082465, KL: 0.000194)
2026-02-16 19:51:32,044 - INFO - Epoch 8/100 Batch 460/650 - Loss: 1.199166 (Recon: 1.099503, Diff: 0.099663, KL: 0.000114)
2026-02-16 19:51:33,158 - INFO - Epoch 8/100 Batch 461/650 - Loss: 1.145183 (Recon: 1.102388, Diff: 0.042795, KL: 0.000113)
2026-02-16 19:51:34,262 - INFO - Epoch 8/100 Batch 462/650 - Loss: 1.196411 (Recon: 1.112080, Diff: 0.084331, KL: 0.000177)
2026-02-16 19:51:38,158 - INFO - Epoch 8/100 Batch 463/650 - Loss: 1.206994 (Recon: 1.110988, Diff: 0.096006, KL: 0.000101)
2026-02-16 19:51:39,216 - INFO - Epoch 8/100 Batch 464/650 - Loss: 1.190132 (Recon: 1.113636, Diff: 0.076496, KL: 0.000107)
2026-02-16 19:51:45,597 - INFO - Epoch 8/100 Batch 465/650 - Loss: 1.227494 (Recon: 1.112857, Diff: 0.114636, KL: 0.000113)
2026-02-16 19:51:46,640 - INFO - Epoch 8/100 Batch 466/650 - Loss: 1.186625 (Recon: 1.105341, Diff: 0.081284, KL: 0.000093)
2026-02-16 19:51:47,740 - INFO - Epoch 8/100 Batch 467/650 - Loss: 1.249091 (Recon: 1.114298, Diff: 0.134793, KL: 0.000148)
2026-02-16 19:51:48,788 - INFO - Epoch 8/100 Batch 468/650 - Loss: 1.241545 (Recon: 1.109011, Diff: 0.132534, KL: 0.000081)
2026-02-16 19:51:53,249 - INFO - Epoch 8/100 Batch 469/650 - Loss: 1.206481 (Recon: 1.109858, Diff: 0.096623, KL: 0.000230)
2026-02-16 19:51:54,293 - INFO - Epoch 8/100 Batch 470/650 - Loss: 1.199714 (Recon: 1.103988, Diff: 0.095725, KL: 0.000185)
2026-02-16 19:51:56,457 - INFO - Epoch 8/100 Batch 471/650 - Loss: 1.188044 (Recon: 1.108728, Diff: 0.079316, KL: 0.000035)
2026-02-16 19:51:57,554 - INFO - Epoch 8/100 Batch 472/650 - Loss: 1.180148 (Recon: 1.116005, Diff: 0.064144, KL: 0.000092)
2026-02-16 19:51:58,992 - INFO - Epoch 8/100 Batch 473/650 - Loss: 1.286730 (Recon: 1.110914, Diff: 0.175816, KL: 0.000068)
2026-02-16 19:52:00,093 - INFO - Epoch 8/100 Batch 474/650 - Loss: 1.163419 (Recon: 1.115836, Diff: 0.047582, KL: 0.000190)
2026-02-16 19:52:26,788 - INFO - Epoch 8/100 Batch 475/650 - Loss: 1.172639 (Recon: 1.113237, Diff: 0.059402, KL: 0.000258)
2026-02-16 19:53:02,279 - INFO - Epoch 8/100 Batch 476/650 - Loss: 1.213766 (Recon: 1.104942, Diff: 0.108824, KL: 0.000070)
2026-02-16 19:53:18,789 - INFO - Epoch 8/100 Batch 477/650 - Loss: 1.190746 (Recon: 1.115727, Diff: 0.075019, KL: 0.000306)
2026-02-16 19:53:19,853 - INFO - Epoch 8/100 Batch 478/650 - Loss: 1.237214 (Recon: 1.114141, Diff: 0.123073, KL: 0.000204)
2026-02-16 19:53:21,633 - INFO - Epoch 8/100 Batch 479/650 - Loss: 1.166464 (Recon: 1.111317, Diff: 0.055147, KL: 0.000145)
2026-02-16 19:53:22,717 - INFO - Epoch 8/100 Batch 480/650 - Loss: 1.191068 (Recon: 1.113425, Diff: 0.077642, KL: 0.000507)
2026-02-16 19:53:35,564 - INFO - Epoch 8/100 Batch 481/650 - Loss: 1.212025 (Recon: 1.098319, Diff: 0.113705, KL: 0.000231)
2026-02-16 19:53:36,655 - INFO - Epoch 8/100 Batch 482/650 - Loss: 1.192904 (Recon: 1.104664, Diff: 0.088240, KL: 0.000054)
2026-02-16 19:53:37,812 - INFO - Epoch 8/100 Batch 483/650 - Loss: 1.170325 (Recon: 1.115334, Diff: 0.054991, KL: 0.000161)
2026-02-16 19:53:38,881 - INFO - Epoch 8/100 Batch 484/650 - Loss: 1.228681 (Recon: 1.105139, Diff: 0.123542, KL: 0.000136)
2026-02-16 19:53:40,219 - INFO - Epoch 8/100 Batch 485/650 - Loss: 1.168070 (Recon: 1.114295, Diff: 0.053774, KL: 0.000107)
2026-02-16 19:53:41,267 - INFO - Epoch 8/100 Batch 486/650 - Loss: 1.250549 (Recon: 1.110138, Diff: 0.140411, KL: 0.000061)
2026-02-16 19:53:42,372 - INFO - Epoch 8/100 Batch 487/650 - Loss: 1.169889 (Recon: 1.102340, Diff: 0.067548, KL: 0.000305)
2026-02-16 19:53:44,422 - INFO - Epoch 8/100 Batch 488/650 - Loss: 1.191830 (Recon: 1.109737, Diff: 0.082092, KL: 0.000343)
2026-02-16 19:53:55,192 - INFO - Epoch 8/100 Batch 489/650 - Loss: 1.200399 (Recon: 1.107250, Diff: 0.093149, KL: 0.000310)
2026-02-16 19:53:56,226 - INFO - Epoch 8/100 Batch 490/650 - Loss: 1.192945 (Recon: 1.114395, Diff: 0.078549, KL: 0.000395)
2026-02-16 19:54:02,335 - INFO - Epoch 8/100 Batch 491/650 - Loss: 1.180561 (Recon: 1.107246, Diff: 0.073314, KL: 0.000121)
2026-02-16 19:54:03,395 - INFO - Epoch 8/100 Batch 492/650 - Loss: 1.187177 (Recon: 1.107994, Diff: 0.079183, KL: 0.000136)
2026-02-16 19:54:04,447 - INFO - Epoch 8/100 Batch 493/650 - Loss: 1.186176 (Recon: 1.111242, Diff: 0.074934, KL: 0.000124)
2026-02-16 19:54:05,478 - INFO - Epoch 8/100 Batch 494/650 - Loss: 1.176068 (Recon: 1.105547, Diff: 0.070521, KL: 0.000096)
2026-02-16 19:54:15,414 - INFO - Epoch 8/100 Batch 495/650 - Loss: 1.215826 (Recon: 1.111922, Diff: 0.103904, KL: 0.000105)
2026-02-16 19:54:16,487 - INFO - Epoch 8/100 Batch 496/650 - Loss: 1.192417 (Recon: 1.115307, Diff: 0.077110, KL: 0.000145)
2026-02-16 19:54:24,899 - INFO - Epoch 8/100 Batch 497/650 - Loss: 1.263441 (Recon: 1.112978, Diff: 0.150463, KL: 0.000285)
2026-02-16 19:54:29,944 - INFO - Epoch 8/100 Batch 498/650 - Loss: 1.205631 (Recon: 1.100730, Diff: 0.104901, KL: 0.000285)
2026-02-16 19:54:31,004 - INFO - Epoch 8/100 Batch 499/650 - Loss: 1.201064 (Recon: 1.105465, Diff: 0.095599, KL: 0.000182)
2026-02-16 19:54:32,064 - INFO - Epoch 8/100 Batch 500/650 - Loss: 1.173566 (Recon: 1.114505, Diff: 0.059062, KL: 0.000136)
2026-02-16 19:54:44,900 - INFO - Epoch 8/100 Batch 501/650 - Loss: 1.187900 (Recon: 1.115721, Diff: 0.072178, KL: 0.000198)
2026-02-16 19:54:53,394 - INFO - Epoch 8/100 Batch 502/650 - Loss: 1.168374 (Recon: 1.110436, Diff: 0.057938, KL: 0.000070)
2026-02-16 19:54:54,453 - INFO - Epoch 8/100 Batch 503/650 - Loss: 1.161560 (Recon: 1.097876, Diff: 0.063684, KL: 0.000118)
2026-02-16 19:54:55,530 - INFO - Epoch 8/100 Batch 504/650 - Loss: 1.260259 (Recon: 1.105313, Diff: 0.154946, KL: 0.000277)
2026-02-16 19:54:56,650 - INFO - Epoch 8/100 Batch 505/650 - Loss: 1.148448 (Recon: 1.111839, Diff: 0.036609, KL: 0.000294)
2026-02-16 19:55:30,133 - INFO - Epoch 8/100 Batch 506/650 - Loss: 1.219452 (Recon: 1.112446, Diff: 0.107006, KL: 0.000121)
2026-02-16 19:56:05,331 - INFO - Epoch 8/100 Batch 507/650 - Loss: 1.239950 (Recon: 1.106815, Diff: 0.133134, KL: 0.000877)
2026-02-16 19:56:22,459 - INFO - Epoch 8/100 Batch 508/650 - Loss: 1.185222 (Recon: 1.104125, Diff: 0.081097, KL: 0.000599)
2026-02-16 19:56:33,668 - INFO - Epoch 8/100 Batch 509/650 - Loss: 1.209161 (Recon: 1.114857, Diff: 0.094304, KL: 0.000234)
2026-02-16 19:56:34,755 - INFO - Epoch 8/100 Batch 510/650 - Loss: 1.181034 (Recon: 1.111308, Diff: 0.069726, KL: 0.000306)
2026-02-16 19:56:35,801 - INFO - Epoch 8/100 Batch 511/650 - Loss: 1.235564 (Recon: 1.104758, Diff: 0.130807, KL: 0.000099)
2026-02-16 19:56:36,851 - INFO - Epoch 8/100 Batch 512/650 - Loss: 1.220236 (Recon: 1.106013, Diff: 0.114222, KL: 0.000222)
2026-02-16 19:56:37,873 - INFO - Epoch 8/100 Batch 513/650 - Loss: 1.217109 (Recon: 1.102904, Diff: 0.114205, KL: 0.000172)
2026-02-16 19:56:38,954 - INFO - Epoch 8/100 Batch 514/650 - Loss: 1.194925 (Recon: 1.100398, Diff: 0.094527, KL: 0.000383)
2026-02-16 19:56:42,156 - INFO - Epoch 8/100 Batch 515/650 - Loss: 1.174308 (Recon: 1.114805, Diff: 0.059502, KL: 0.000700)
2026-02-16 19:56:43,188 - INFO - Epoch 8/100 Batch 516/650 - Loss: 1.196282 (Recon: 1.111202, Diff: 0.085080, KL: 0.000114)
2026-02-16 19:56:44,870 - INFO - Epoch 8/100 Batch 517/650 - Loss: 1.187636 (Recon: 1.111706, Diff: 0.075929, KL: 0.000237)
2026-02-16 19:56:45,920 - INFO - Epoch 8/100 Batch 518/650 - Loss: 1.219270 (Recon: 1.111185, Diff: 0.108085, KL: 0.000221)
2026-02-16 19:56:47,282 - INFO - Epoch 8/100 Batch 519/650 - Loss: 1.193149 (Recon: 1.111832, Diff: 0.081317, KL: 0.000130)
2026-02-16 19:56:49,624 - INFO - Epoch 8/100 Batch 520/650 - Loss: 1.192389 (Recon: 1.103065, Diff: 0.089324, KL: 0.000089)
2026-02-16 19:56:50,712 - INFO - Epoch 8/100 Batch 521/650 - Loss: 1.251756 (Recon: 1.105588, Diff: 0.146168, KL: 0.000068)
2026-02-16 19:56:51,762 - INFO - Epoch 8/100 Batch 522/650 - Loss: 1.266334 (Recon: 1.113788, Diff: 0.152546, KL: 0.000123)
2026-02-16 19:56:53,128 - INFO - Epoch 8/100 Batch 523/650 - Loss: 1.222563 (Recon: 1.114654, Diff: 0.107909, KL: 0.000128)
2026-02-16 19:56:54,137 - INFO - Epoch 8/100 Batch 524/650 - Loss: 1.189739 (Recon: 1.107126, Diff: 0.082613, KL: 0.000407)
2026-02-16 19:56:55,237 - INFO - Epoch 8/100 Batch 525/650 - Loss: 1.192960 (Recon: 1.109621, Diff: 0.083338, KL: 0.000371)
2026-02-16 19:56:56,243 - INFO - Epoch 8/100 Batch 526/650 - Loss: 1.186526 (Recon: 1.102470, Diff: 0.084056, KL: 0.000068)
2026-02-16 19:56:57,335 - INFO - Epoch 8/100 Batch 527/650 - Loss: 1.254101 (Recon: 1.100509, Diff: 0.153591, KL: 0.000301)
2026-02-16 19:56:58,349 - INFO - Epoch 8/100 Batch 528/650 - Loss: 1.243550 (Recon: 1.113803, Diff: 0.129746, KL: 0.000152)
2026-02-16 19:56:59,400 - INFO - Epoch 8/100 Batch 529/650 - Loss: 1.215952 (Recon: 1.112296, Diff: 0.103656, KL: 0.000077)
2026-02-16 19:57:00,412 - INFO - Epoch 8/100 Batch 530/650 - Loss: 1.214058 (Recon: 1.108135, Diff: 0.105922, KL: 0.000231)
2026-02-16 19:57:02,214 - INFO - Epoch 8/100 Batch 531/650 - Loss: 1.186814 (Recon: 1.105436, Diff: 0.081378, KL: 0.000126)
2026-02-16 19:57:03,280 - INFO - Epoch 8/100 Batch 532/650 - Loss: 1.152672 (Recon: 1.103812, Diff: 0.048860, KL: 0.000065)
2026-02-16 19:57:04,338 - INFO - Epoch 8/100 Batch 533/650 - Loss: 1.216882 (Recon: 1.105142, Diff: 0.111740, KL: 0.000228)
2026-02-16 19:57:05,360 - INFO - Epoch 8/100 Batch 534/650 - Loss: 1.161509 (Recon: 1.104301, Diff: 0.057207, KL: 0.000221)
2026-02-16 19:57:06,437 - INFO - Epoch 8/100 Batch 535/650 - Loss: 1.240645 (Recon: 1.108510, Diff: 0.132135, KL: 0.000056)
2026-02-16 19:57:07,448 - INFO - Epoch 8/100 Batch 536/650 - Loss: 1.219898 (Recon: 1.108399, Diff: 0.111498, KL: 0.000187)
2026-02-16 19:57:09,023 - INFO - Epoch 8/100 Batch 537/650 - Loss: 1.229515 (Recon: 1.095775, Diff: 0.133740, KL: 0.000072)
2026-02-16 19:57:10,226 - INFO - Epoch 8/100 Batch 538/650 - Loss: 1.274135 (Recon: 1.105381, Diff: 0.168753, KL: 0.000548)
2026-02-16 19:57:21,929 - INFO - Epoch 8/100 Batch 539/650 - Loss: 1.281762 (Recon: 1.109538, Diff: 0.172224, KL: 0.000359)
2026-02-16 19:57:22,967 - INFO - Epoch 8/100 Batch 540/650 - Loss: 1.196454 (Recon: 1.108517, Diff: 0.087937, KL: 0.000151)
2026-02-16 19:57:24,062 - INFO - Epoch 8/100 Batch 541/650 - Loss: 1.171324 (Recon: 1.110205, Diff: 0.061119, KL: 0.000748)
2026-02-16 19:57:25,144 - INFO - Epoch 8/100 Batch 542/650 - Loss: 1.204340 (Recon: 1.098691, Diff: 0.105649, KL: 0.000507)
2026-02-16 19:57:29,183 - INFO - Epoch 8/100 Batch 543/650 - Loss: 1.185898 (Recon: 1.100138, Diff: 0.085760, KL: 0.000141)
2026-02-16 19:57:59,060 - INFO - Epoch 8/100 Batch 544/650 - Loss: 1.172453 (Recon: 1.108110, Diff: 0.064342, KL: 0.000803)
2026-02-16 19:58:00,089 - INFO - Epoch 8/100 Batch 545/650 - Loss: 1.167987 (Recon: 1.106944, Diff: 0.061041, KL: 0.001762)
2026-02-16 19:58:01,119 - INFO - Epoch 8/100 Batch 546/650 - Loss: 1.253344 (Recon: 1.109670, Diff: 0.143674, KL: 0.000078)
2026-02-16 19:58:02,246 - INFO - Epoch 8/100 Batch 547/650 - Loss: 1.213574 (Recon: 1.109897, Diff: 0.103677, KL: 0.000370)
2026-02-16 19:58:07,516 - INFO - Epoch 8/100 Batch 548/650 - Loss: 1.231213 (Recon: 1.112929, Diff: 0.118284, KL: 0.000208)
2026-02-16 19:58:08,500 - INFO - Epoch 8/100 Batch 549/650 - Loss: 1.195157 (Recon: 1.113840, Diff: 0.081317, KL: 0.000122)
2026-02-16 19:58:09,524 - INFO - Epoch 8/100 Batch 550/650 - Loss: 1.186576 (Recon: 1.108380, Diff: 0.078196, KL: 0.000170)
2026-02-16 19:58:10,535 - INFO - Epoch 8/100 Batch 551/650 - Loss: 1.198724 (Recon: 1.109856, Diff: 0.088868, KL: 0.000064)
2026-02-16 19:58:11,583 - INFO - Epoch 8/100 Batch 552/650 - Loss: 1.263399 (Recon: 1.104889, Diff: 0.158510, KL: 0.000302)
2026-02-16 19:58:12,622 - INFO - Epoch 8/100 Batch 553/650 - Loss: 1.177166 (Recon: 1.101895, Diff: 0.075271, KL: 0.000376)
2026-02-16 19:58:13,645 - INFO - Epoch 8/100 Batch 554/650 - Loss: 1.208924 (Recon: 1.109854, Diff: 0.099070, KL: 0.000154)
2026-02-16 19:58:17,409 - INFO - Epoch 8/100 Batch 555/650 - Loss: 1.218002 (Recon: 1.107215, Diff: 0.110787, KL: 0.000297)
2026-02-16 19:58:27,443 - INFO - Epoch 8/100 Batch 556/650 - Loss: 1.215123 (Recon: 1.101823, Diff: 0.113299, KL: 0.000680)
2026-02-16 19:58:41,251 - INFO - Epoch 8/100 Batch 557/650 - Loss: 1.241502 (Recon: 1.101490, Diff: 0.140012, KL: 0.000156)
2026-02-16 19:58:42,296 - INFO - Epoch 8/100 Batch 558/650 - Loss: 1.180826 (Recon: 1.107986, Diff: 0.072839, KL: 0.000194)
2026-02-16 19:58:43,326 - INFO - Epoch 8/100 Batch 559/650 - Loss: 1.239549 (Recon: 1.103799, Diff: 0.135749, KL: 0.000256)
2026-02-16 19:58:44,383 - INFO - Epoch 8/100 Batch 560/650 - Loss: 1.201331 (Recon: 1.109389, Diff: 0.091942, KL: 0.000068)
2026-02-16 19:58:45,465 - INFO - Epoch 8/100 Batch 561/650 - Loss: 1.169978 (Recon: 1.108295, Diff: 0.061683, KL: 0.000172)
2026-02-16 19:58:46,536 - INFO - Epoch 8/100 Batch 562/650 - Loss: 1.210520 (Recon: 1.108297, Diff: 0.102223, KL: 0.000181)
2026-02-16 19:58:47,862 - INFO - Epoch 8/100 Batch 563/650 - Loss: 1.214302 (Recon: 1.109333, Diff: 0.104969, KL: 0.000363)
2026-02-16 19:58:48,942 - INFO - Epoch 8/100 Batch 564/650 - Loss: 1.195741 (Recon: 1.103748, Diff: 0.091992, KL: 0.000784)
2026-02-16 19:58:50,007 - INFO - Epoch 8/100 Batch 565/650 - Loss: 1.215858 (Recon: 1.111270, Diff: 0.104587, KL: 0.000053)
2026-02-16 19:58:51,093 - INFO - Epoch 8/100 Batch 566/650 - Loss: 1.144535 (Recon: 1.111846, Diff: 0.032688, KL: 0.000574)
2026-02-16 19:58:56,993 - INFO - Epoch 8/100 Batch 567/650 - Loss: 1.210435 (Recon: 1.110000, Diff: 0.100434, KL: 0.000257)
2026-02-16 19:58:58,122 - INFO - Epoch 8/100 Batch 568/650 - Loss: 1.219925 (Recon: 1.106535, Diff: 0.113390, KL: 0.000249)
2026-02-16 19:58:59,204 - INFO - Epoch 8/100 Batch 569/650 - Loss: 1.254848 (Recon: 1.107513, Diff: 0.147334, KL: 0.000568)
2026-02-16 19:59:00,278 - INFO - Epoch 8/100 Batch 570/650 - Loss: 1.176136 (Recon: 1.112678, Diff: 0.063458, KL: 0.000168)
2026-02-16 19:59:01,345 - INFO - Epoch 8/100 Batch 571/650 - Loss: 1.141500 (Recon: 1.112097, Diff: 0.029403, KL: 0.000095)
2026-02-16 19:59:02,400 - INFO - Epoch 8/100 Batch 572/650 - Loss: 1.220266 (Recon: 1.111346, Diff: 0.108921, KL: 0.000192)
2026-02-16 19:59:03,468 - INFO - Epoch 8/100 Batch 573/650 - Loss: 1.211727 (Recon: 1.101700, Diff: 0.110026, KL: 0.000066)
2026-02-16 19:59:04,482 - INFO - Epoch 8/100 Batch 574/650 - Loss: 1.167796 (Recon: 1.107321, Diff: 0.060475, KL: 0.000140)
2026-02-16 19:59:05,564 - INFO - Epoch 8/100 Batch 575/650 - Loss: 1.165237 (Recon: 1.102994, Diff: 0.062242, KL: 0.000221)
2026-02-16 19:59:06,597 - INFO - Epoch 8/100 Batch 576/650 - Loss: 1.209364 (Recon: 1.111238, Diff: 0.098126, KL: 0.000080)
2026-02-16 19:59:07,635 - INFO - Epoch 8/100 Batch 577/650 - Loss: 1.205965 (Recon: 1.106209, Diff: 0.099756, KL: 0.000066)
2026-02-16 19:59:08,694 - INFO - Epoch 8/100 Batch 578/650 - Loss: 1.212572 (Recon: 1.104186, Diff: 0.108385, KL: 0.000138)
2026-02-16 19:59:15,885 - INFO - Epoch 8/100 Batch 579/650 - Loss: 1.189322 (Recon: 1.105136, Diff: 0.084186, KL: 0.000129)
2026-02-16 19:59:33,345 - INFO - Epoch 8/100 Batch 580/650 - Loss: 1.253095 (Recon: 1.106982, Diff: 0.146113, KL: 0.000045)
2026-02-16 19:59:34,424 - INFO - Epoch 8/100 Batch 581/650 - Loss: 1.184271 (Recon: 1.109911, Diff: 0.074359, KL: 0.000187)
2026-02-16 20:00:11,610 - INFO - Epoch 8/100 Batch 582/650 - Loss: 1.225999 (Recon: 1.107248, Diff: 0.118751, KL: 0.000181)
2026-02-16 20:00:50,829 - INFO - Epoch 8/100 Batch 583/650 - Loss: 1.190002 (Recon: 1.107087, Diff: 0.082915, KL: 0.000074)
2026-02-16 20:01:29,968 - INFO - Epoch 8/100 Batch 584/650 - Loss: 1.186205 (Recon: 1.109505, Diff: 0.076700, KL: 0.000406)
2026-02-16 20:02:09,211 - INFO - Epoch 8/100 Batch 585/650 - Loss: 1.207611 (Recon: 1.101656, Diff: 0.105955, KL: 0.000302)
2026-02-16 20:02:47,358 - INFO - Epoch 8/100 Batch 586/650 - Loss: 1.220980 (Recon: 1.112236, Diff: 0.108743, KL: 0.000087)
2026-02-16 20:03:19,670 - INFO - Epoch 8/100 Batch 587/650 - Loss: 1.242369 (Recon: 1.112984, Diff: 0.129384, KL: 0.000048)
2026-02-16 20:03:20,735 - INFO - Epoch 8/100 Batch 588/650 - Loss: 1.195715 (Recon: 1.111875, Diff: 0.083839, KL: 0.000104)
2026-02-16 20:03:41,909 - INFO - Epoch 8/100 Batch 589/650 - Loss: 1.181275 (Recon: 1.107925, Diff: 0.073349, KL: 0.000052)
2026-02-16 20:03:57,997 - INFO - Epoch 8/100 Batch 590/650 - Loss: 1.183724 (Recon: 1.107725, Diff: 0.075999, KL: 0.000077)
2026-02-16 20:03:59,159 - INFO - Epoch 8/100 Batch 591/650 - Loss: 1.184504 (Recon: 1.112055, Diff: 0.072449, KL: 0.000053)
2026-02-16 20:04:00,304 - INFO - Epoch 8/100 Batch 592/650 - Loss: 1.182347 (Recon: 1.097168, Diff: 0.085179, KL: 0.000149)
2026-02-16 20:04:01,311 - INFO - Epoch 8/100 Batch 593/650 - Loss: 1.183207 (Recon: 1.108171, Diff: 0.075036, KL: 0.000194)
2026-02-16 20:04:02,334 - INFO - Epoch 8/100 Batch 594/650 - Loss: 1.239366 (Recon: 1.107746, Diff: 0.131620, KL: 0.000124)
2026-02-16 20:04:37,916 - INFO - Epoch 8/100 Batch 595/650 - Loss: 1.159110 (Recon: 1.108647, Diff: 0.050463, KL: 0.000335)
2026-02-16 20:05:13,434 - INFO - Epoch 8/100 Batch 596/650 - Loss: 1.192922 (Recon: 1.106407, Diff: 0.086514, KL: 0.000194)
2026-02-16 20:05:26,816 - INFO - Epoch 8/100 Batch 597/650 - Loss: 1.208172 (Recon: 1.103898, Diff: 0.104274, KL: 0.000178)
2026-02-16 20:05:27,871 - INFO - Epoch 8/100 Batch 598/650 - Loss: 1.183032 (Recon: 1.105795, Diff: 0.077237, KL: 0.000485)
2026-02-16 20:05:34,296 - INFO - Epoch 8/100 Batch 599/650 - Loss: 1.171464 (Recon: 1.098545, Diff: 0.072919, KL: 0.000279)
2026-02-16 20:05:35,551 - INFO - Epoch 8/100 Batch 600/650 - Loss: 1.180010 (Recon: 1.112292, Diff: 0.067718, KL: 0.000109)
2026-02-16 20:05:36,669 - INFO - Epoch 8/100 Batch 601/650 - Loss: 1.214505 (Recon: 1.100779, Diff: 0.113726, KL: 0.000120)
2026-02-16 20:05:37,843 - INFO - Epoch 8/100 Batch 602/650 - Loss: 1.176309 (Recon: 1.108839, Diff: 0.067470, KL: 0.000121)
2026-02-16 20:05:58,270 - INFO - Epoch 8/100 Batch 603/650 - Loss: 1.197659 (Recon: 1.107202, Diff: 0.090457, KL: 0.000078)
2026-02-16 20:06:01,569 - INFO - Epoch 8/100 Batch 604/650 - Loss: 1.192987 (Recon: 1.107837, Diff: 0.085149, KL: 0.000145)
2026-02-16 20:06:15,337 - INFO - Epoch 8/100 Batch 605/650 - Loss: 1.226603 (Recon: 1.104159, Diff: 0.122444, KL: 0.000116)
2026-02-16 20:06:16,390 - INFO - Epoch 8/100 Batch 606/650 - Loss: 1.144376 (Recon: 1.108058, Diff: 0.036317, KL: 0.000120)
2026-02-16 20:06:17,460 - INFO - Epoch 8/100 Batch 607/650 - Loss: 1.155104 (Recon: 1.111161, Diff: 0.043942, KL: 0.000224)
2026-02-16 20:06:18,479 - INFO - Epoch 8/100 Batch 608/650 - Loss: 1.248800 (Recon: 1.109467, Diff: 0.139333, KL: 0.000241)
2026-02-16 20:06:19,475 - INFO - Epoch 8/100 Batch 609/650 - Loss: 1.166962 (Recon: 1.106732, Diff: 0.060229, KL: 0.000066)
2026-02-16 20:06:20,445 - INFO - Epoch 8/100 Batch 610/650 - Loss: 1.258768 (Recon: 1.095546, Diff: 0.163222, KL: 0.000267)
2026-02-16 20:06:21,486 - INFO - Epoch 8/100 Batch 611/650 - Loss: 1.199546 (Recon: 1.095203, Diff: 0.104343, KL: 0.000217)
2026-02-16 20:06:22,482 - INFO - Epoch 8/100 Batch 612/650 - Loss: 1.207398 (Recon: 1.109124, Diff: 0.098274, KL: 0.000084)
2026-02-16 20:06:23,609 - INFO - Epoch 8/100 Batch 613/650 - Loss: 1.227966 (Recon: 1.108574, Diff: 0.119392, KL: 0.000186)
2026-02-16 20:06:24,585 - INFO - Epoch 8/100 Batch 614/650 - Loss: 1.207640 (Recon: 1.110410, Diff: 0.097229, KL: 0.000252)
2026-02-16 20:06:25,602 - INFO - Epoch 8/100 Batch 615/650 - Loss: 1.179390 (Recon: 1.110138, Diff: 0.069252, KL: 0.000047)
2026-02-16 20:06:32,712 - INFO - Epoch 8/100 Batch 616/650 - Loss: 1.159112 (Recon: 1.103834, Diff: 0.055279, KL: 0.000089)
2026-02-16 20:06:33,721 - INFO - Epoch 8/100 Batch 617/650 - Loss: 1.164508 (Recon: 1.112542, Diff: 0.051966, KL: 0.000056)
2026-02-16 20:06:34,737 - INFO - Epoch 8/100 Batch 618/650 - Loss: 1.217184 (Recon: 1.102884, Diff: 0.114299, KL: 0.000182)
2026-02-16 20:06:47,544 - INFO - Epoch 8/100 Batch 619/650 - Loss: 1.204184 (Recon: 1.101936, Diff: 0.102248, KL: 0.000154)
2026-02-16 20:07:19,760 - INFO - Epoch 8/100 Batch 620/650 - Loss: 1.164912 (Recon: 1.109157, Diff: 0.055755, KL: 0.000627)
2026-02-16 20:07:57,466 - INFO - Epoch 8/100 Batch 621/650 - Loss: 1.183587 (Recon: 1.108248, Diff: 0.075339, KL: 0.000282)
2026-02-16 20:08:17,129 - INFO - Epoch 8/100 Batch 622/650 - Loss: 1.196560 (Recon: 1.105187, Diff: 0.091373, KL: 0.000409)
2026-02-16 20:08:18,217 - INFO - Epoch 8/100 Batch 623/650 - Loss: 1.212275 (Recon: 1.109068, Diff: 0.103207, KL: 0.000149)
2026-02-16 20:08:19,268 - INFO - Epoch 8/100 Batch 624/650 - Loss: 1.182772 (Recon: 1.111428, Diff: 0.071344, KL: 0.000264)
2026-02-16 20:08:20,831 - INFO - Epoch 8/100 Batch 625/650 - Loss: 1.249857 (Recon: 1.105258, Diff: 0.144598, KL: 0.000473)
2026-02-16 20:08:21,837 - INFO - Epoch 8/100 Batch 626/650 - Loss: 1.167966 (Recon: 1.106896, Diff: 0.061070, KL: 0.000123)
2026-02-16 20:08:22,838 - INFO - Epoch 8/100 Batch 627/650 - Loss: 1.190977 (Recon: 1.110715, Diff: 0.080261, KL: 0.000213)
2026-02-16 20:08:23,854 - INFO - Epoch 8/100 Batch 628/650 - Loss: 1.211053 (Recon: 1.108500, Diff: 0.102553, KL: 0.000152)
2026-02-16 20:08:27,812 - INFO - Epoch 8/100 Batch 629/650 - Loss: 1.164293 (Recon: 1.107268, Diff: 0.057025, KL: 0.000153)
2026-02-16 20:08:31,947 - INFO - Epoch 8/100 Batch 630/650 - Loss: 1.156276 (Recon: 1.105352, Diff: 0.050923, KL: 0.000536)
2026-02-16 20:08:32,978 - INFO - Epoch 8/100 Batch 631/650 - Loss: 1.174828 (Recon: 1.108275, Diff: 0.066553, KL: 0.000160)
2026-02-16 20:08:34,023 - INFO - Epoch 8/100 Batch 632/650 - Loss: 1.191117 (Recon: 1.106054, Diff: 0.085063, KL: 0.000218)
2026-02-16 20:09:06,674 - INFO - Epoch 8/100 Batch 633/650 - Loss: 1.213323 (Recon: 1.108297, Diff: 0.105025, KL: 0.000541)
2026-02-16 20:09:19,484 - INFO - Epoch 8/100 Batch 634/650 - Loss: 1.159813 (Recon: 1.102937, Diff: 0.056876, KL: 0.000082)
2026-02-16 20:09:20,554 - INFO - Epoch 8/100 Batch 635/650 - Loss: 1.165912 (Recon: 1.105161, Diff: 0.060751, KL: 0.000271)
2026-02-16 20:09:21,567 - INFO - Epoch 8/100 Batch 636/650 - Loss: 1.161364 (Recon: 1.103052, Diff: 0.058311, KL: 0.000356)
2026-02-16 20:09:22,990 - INFO - Epoch 8/100 Batch 637/650 - Loss: 1.183652 (Recon: 1.107962, Diff: 0.075690, KL: 0.000044)
2026-02-16 20:09:24,031 - INFO - Epoch 8/100 Batch 638/650 - Loss: 1.221465 (Recon: 1.105133, Diff: 0.116332, KL: 0.000235)
2026-02-16 20:09:25,032 - INFO - Epoch 8/100 Batch 639/650 - Loss: 1.170173 (Recon: 1.111624, Diff: 0.058550, KL: 0.000091)
2026-02-16 20:09:26,095 - INFO - Epoch 8/100 Batch 640/650 - Loss: 1.206427 (Recon: 1.105742, Diff: 0.100685, KL: 0.000552)
2026-02-16 20:09:27,128 - INFO - Epoch 8/100 Batch 641/650 - Loss: 1.215536 (Recon: 1.102255, Diff: 0.113280, KL: 0.000551)
2026-02-16 20:09:28,188 - INFO - Epoch 8/100 Batch 642/650 - Loss: 1.195130 (Recon: 1.107066, Diff: 0.088064, KL: 0.000126)
2026-02-16 20:09:29,190 - INFO - Epoch 8/100 Batch 643/650 - Loss: 1.233154 (Recon: 1.097155, Diff: 0.135999, KL: 0.000436)
2026-02-16 20:09:32,973 - INFO - Epoch 8/100 Batch 644/650 - Loss: 1.210094 (Recon: 1.106161, Diff: 0.103933, KL: 0.000352)
2026-02-16 20:09:35,506 - INFO - Epoch 8/100 Batch 645/650 - Loss: 1.196396 (Recon: 1.109501, Diff: 0.086895, KL: 0.000077)
2026-02-16 20:09:36,510 - INFO - Epoch 8/100 Batch 646/650 - Loss: 1.221929 (Recon: 1.109061, Diff: 0.112867, KL: 0.000294)
2026-02-16 20:09:37,484 - INFO - Epoch 8/100 Batch 647/650 - Loss: 1.185038 (Recon: 1.101613, Diff: 0.083425, KL: 0.000356)
2026-02-16 20:09:38,485 - INFO - Epoch 8/100 Batch 648/650 - Loss: 1.176815 (Recon: 1.106156, Diff: 0.070659, KL: 0.000037)
2026-02-16 20:09:39,450 - INFO - Epoch 8/100 Batch 649/650 - Loss: 1.162104 (Recon: 1.099165, Diff: 0.062939, KL: 0.000367)
2026-02-16 20:09:40,457 - INFO - Epoch 8/100 Batch 650/650 - Loss: 1.218325 (Recon: 1.108068, Diff: 0.110256, KL: 0.000174)
2026-02-16 20:09:40,587 - INFO - Epoch 8 Train Loss: 1.210141
2026-02-16 20:10:02,640 - INFO - Epoch 8 Val Loss: 1.183603 (Recon: 1.1081, Diff: 0.0755, KL: 0.0003)
2026-02-16 20:38:08,661 - INFO - Epoch 8 Metrics: GED=1.8866, MaxDice=0.0172, CI=0.0234, Sensitivity=0.5234, Agreement=0.9407
2026-02-16 20:38:09,244 - INFO - New best model saved with val_loss: 1.183603
2026-02-16 20:38:12,052 - INFO - Epoch 9/100 Batch 1/650 - Loss: 1.156494 (Recon: 1.106320, Diff: 0.050173, KL: 0.000146)
2026-02-16 20:38:13,219 - INFO - Epoch 9/100 Batch 2/650 - Loss: 1.188194 (Recon: 1.105167, Diff: 0.083026, KL: 0.000275)
2026-02-16 20:38:14,579 - INFO - Epoch 9/100 Batch 3/650 - Loss: 1.224381 (Recon: 1.103244, Diff: 0.121137, KL: 0.000104)
2026-02-16 20:38:15,639 - INFO - Epoch 9/100 Batch 4/650 - Loss: 1.179489 (Recon: 1.102505, Diff: 0.076984, KL: 0.000192)
2026-02-16 20:38:16,712 - INFO - Epoch 9/100 Batch 5/650 - Loss: 1.251720 (Recon: 1.107490, Diff: 0.144230, KL: 0.000170)
2026-02-16 20:38:17,870 - INFO - Epoch 9/100 Batch 6/650 - Loss: 1.163965 (Recon: 1.109276, Diff: 0.054690, KL: 0.000187)
2026-02-16 20:38:18,992 - INFO - Epoch 9/100 Batch 7/650 - Loss: 1.198334 (Recon: 1.106827, Diff: 0.091507, KL: 0.000316)
2026-02-16 20:38:20,127 - INFO - Epoch 9/100 Batch 8/650 - Loss: 1.173214 (Recon: 1.105106, Diff: 0.068108, KL: 0.000079)
2026-02-16 20:38:21,194 - INFO - Epoch 9/100 Batch 9/650 - Loss: 1.234410 (Recon: 1.108734, Diff: 0.125675, KL: 0.000168)
2026-02-16 20:38:22,334 - INFO - Epoch 9/100 Batch 10/650 - Loss: 1.227759 (Recon: 1.095393, Diff: 0.132366, KL: 0.000121)
2026-02-16 20:38:23,452 - INFO - Epoch 9/100 Batch 11/650 - Loss: 1.157831 (Recon: 1.103581, Diff: 0.054251, KL: 0.000176)
2026-02-16 20:38:24,572 - INFO - Epoch 9/100 Batch 12/650 - Loss: 1.263688 (Recon: 1.093703, Diff: 0.169985, KL: 0.000240)
2026-02-16 20:38:25,625 - INFO - Epoch 9/100 Batch 13/650 - Loss: 1.206125 (Recon: 1.106244, Diff: 0.099881, KL: 0.000109)
2026-02-16 20:38:26,750 - INFO - Epoch 9/100 Batch 14/650 - Loss: 1.167456 (Recon: 1.101817, Diff: 0.065639, KL: 0.000096)
2026-02-16 20:38:27,897 - INFO - Epoch 9/100 Batch 15/650 - Loss: 1.187161 (Recon: 1.106396, Diff: 0.080765, KL: 0.000179)
2026-02-16 20:38:28,978 - INFO - Epoch 9/100 Batch 16/650 - Loss: 1.173467 (Recon: 1.104540, Diff: 0.068926, KL: 0.000505)
2026-02-16 20:38:30,025 - INFO - Epoch 9/100 Batch 17/650 - Loss: 1.273993 (Recon: 1.103400, Diff: 0.170593, KL: 0.000221)
2026-02-16 20:38:31,127 - INFO - Epoch 9/100 Batch 18/650 - Loss: 1.222161 (Recon: 1.104210, Diff: 0.117951, KL: 0.000611)
2026-02-16 20:38:32,231 - INFO - Epoch 9/100 Batch 19/650 - Loss: 1.208621 (Recon: 1.103931, Diff: 0.104690, KL: 0.000276)
2026-02-16 20:38:33,293 - INFO - Epoch 9/100 Batch 20/650 - Loss: 1.194665 (Recon: 1.105583, Diff: 0.089081, KL: 0.000408)
2026-02-16 20:38:34,344 - INFO - Epoch 9/100 Batch 21/650 - Loss: 1.208913 (Recon: 1.097014, Diff: 0.111898, KL: 0.000847)
2026-02-16 20:38:35,472 - INFO - Epoch 9/100 Batch 22/650 - Loss: 1.173307 (Recon: 1.104631, Diff: 0.068676, KL: 0.000185)
2026-02-16 20:38:36,583 - INFO - Epoch 9/100 Batch 23/650 - Loss: 1.175907 (Recon: 1.107740, Diff: 0.068167, KL: 0.000205)
2026-02-16 20:38:37,629 - INFO - Epoch 9/100 Batch 24/650 - Loss: 1.165701 (Recon: 1.101081, Diff: 0.064620, KL: 0.000114)
2026-02-16 20:38:38,649 - INFO - Epoch 9/100 Batch 25/650 - Loss: 1.237317 (Recon: 1.101026, Diff: 0.136291, KL: 0.000165)
2026-02-16 20:38:39,752 - INFO - Epoch 9/100 Batch 26/650 - Loss: 1.191395 (Recon: 1.100871, Diff: 0.090524, KL: 0.000401)
2026-02-16 20:38:40,859 - INFO - Epoch 9/100 Batch 27/650 - Loss: 1.209632 (Recon: 1.101401, Diff: 0.108231, KL: 0.000372)
2026-02-16 20:38:41,945 - INFO - Epoch 9/100 Batch 28/650 - Loss: 1.212559 (Recon: 1.107433, Diff: 0.105126, KL: 0.000071)
2026-02-16 20:38:43,014 - INFO - Epoch 9/100 Batch 29/650 - Loss: 1.194967 (Recon: 1.103998, Diff: 0.090969, KL: 0.000308)
2026-02-16 20:38:44,127 - INFO - Epoch 9/100 Batch 30/650 - Loss: 1.146034 (Recon: 1.101995, Diff: 0.044039, KL: 0.000175)
2026-02-16 20:38:45,257 - INFO - Epoch 9/100 Batch 31/650 - Loss: 1.278183 (Recon: 1.104218, Diff: 0.173965, KL: 0.000298)
2026-02-16 20:38:46,332 - INFO - Epoch 9/100 Batch 32/650 - Loss: 1.195519 (Recon: 1.098920, Diff: 0.096598, KL: 0.000627)
2026-02-16 20:38:47,390 - INFO - Epoch 9/100 Batch 33/650 - Loss: 1.187488 (Recon: 1.103274, Diff: 0.084213, KL: 0.000208)
2026-02-16 20:38:48,515 - INFO - Epoch 9/100 Batch 34/650 - Loss: 1.241253 (Recon: 1.103387, Diff: 0.137866, KL: 0.000276)
2026-02-16 20:38:49,637 - INFO - Epoch 9/100 Batch 35/650 - Loss: 1.166454 (Recon: 1.103425, Diff: 0.063029, KL: 0.001063)
2026-02-16 20:38:50,675 - INFO - Epoch 9/100 Batch 36/650 - Loss: 1.152426 (Recon: 1.112043, Diff: 0.040382, KL: 0.000942)
2026-02-16 20:38:51,763 - INFO - Epoch 9/100 Batch 37/650 - Loss: 1.192591 (Recon: 1.105539, Diff: 0.087051, KL: 0.000061)
2026-02-16 20:38:52,846 - INFO - Epoch 9/100 Batch 38/650 - Loss: 1.169755 (Recon: 1.103492, Diff: 0.066262, KL: 0.000455)
2026-02-16 20:38:54,001 - INFO - Epoch 9/100 Batch 39/650 - Loss: 1.173419 (Recon: 1.096832, Diff: 0.076587, KL: 0.000430)
2026-02-16 20:38:55,066 - INFO - Epoch 9/100 Batch 40/650 - Loss: 1.236585 (Recon: 1.097842, Diff: 0.138742, KL: 0.000239)
2026-02-16 20:38:56,104 - INFO - Epoch 9/100 Batch 41/650 - Loss: 1.169235 (Recon: 1.098524, Diff: 0.070711, KL: 0.000389)
2026-02-16 20:38:57,246 - INFO - Epoch 9/100 Batch 42/650 - Loss: 1.172902 (Recon: 1.103989, Diff: 0.068913, KL: 0.000192)
2026-02-16 20:38:58,427 - INFO - Epoch 9/100 Batch 43/650 - Loss: 1.220979 (Recon: 1.096965, Diff: 0.124013, KL: 0.000234)
2026-02-16 20:38:59,562 - INFO - Epoch 9/100 Batch 44/650 - Loss: 1.178432 (Recon: 1.088672, Diff: 0.089760, KL: 0.000439)
2026-02-16 20:39:00,607 - INFO - Epoch 9/100 Batch 45/650 - Loss: 1.182322 (Recon: 1.099639, Diff: 0.082682, KL: 0.000288)
2026-02-16 20:39:01,768 - INFO - Epoch 9/100 Batch 46/650 - Loss: 1.229707 (Recon: 1.106508, Diff: 0.123200, KL: 0.000059)
2026-02-16 20:39:03,044 - INFO - Epoch 9/100 Batch 47/650 - Loss: 1.191240 (Recon: 1.099331, Diff: 0.091908, KL: 0.000164)
2026-02-16 20:39:04,101 - INFO - Epoch 9/100 Batch 48/650 - Loss: 1.142898 (Recon: 1.098035, Diff: 0.044863, KL: 0.000077)
2026-02-16 20:39:05,156 - INFO - Epoch 9/100 Batch 49/650 - Loss: 1.167811 (Recon: 1.100526, Diff: 0.067285, KL: 0.000125)
2026-02-16 20:39:06,291 - INFO - Epoch 9/100 Batch 50/650 - Loss: 1.180041 (Recon: 1.103515, Diff: 0.076526, KL: 0.000078)
2026-02-16 20:39:07,441 - INFO - Epoch 9/100 Batch 51/650 - Loss: 1.236225 (Recon: 1.103545, Diff: 0.132679, KL: 0.000183)
2026-02-16 20:39:08,540 - INFO - Epoch 9/100 Batch 52/650 - Loss: 1.188962 (Recon: 1.097614, Diff: 0.091348, KL: 0.000240)
2026-02-16 20:39:09,621 - INFO - Epoch 9/100 Batch 53/650 - Loss: 1.171267 (Recon: 1.093109, Diff: 0.078158, KL: 0.000161)
2026-02-16 20:39:10,836 - INFO - Epoch 9/100 Batch 54/650 - Loss: 1.217643 (Recon: 1.088566, Diff: 0.129077, KL: 0.000392)
2026-02-16 20:39:12,031 - INFO - Epoch 9/100 Batch 55/650 - Loss: 1.136203 (Recon: 1.102423, Diff: 0.033779, KL: 0.000142)
2026-02-16 20:39:13,163 - INFO - Epoch 9/100 Batch 56/650 - Loss: 1.178796 (Recon: 1.107184, Diff: 0.071612, KL: 0.000174)
2026-02-16 20:39:14,287 - INFO - Epoch 9/100 Batch 57/650 - Loss: 1.175570 (Recon: 1.104694, Diff: 0.070876, KL: 0.000295)
2026-02-16 20:39:15,476 - INFO - Epoch 9/100 Batch 58/650 - Loss: 1.191292 (Recon: 1.093343, Diff: 0.097948, KL: 0.000280)
2026-02-16 20:39:16,612 - INFO - Epoch 9/100 Batch 59/650 - Loss: 1.229530 (Recon: 1.103940, Diff: 0.125590, KL: 0.000127)
2026-02-16 20:39:17,724 - INFO - Epoch 9/100 Batch 60/650 - Loss: 1.196827 (Recon: 1.104989, Diff: 0.091837, KL: 0.000238)
2026-02-16 20:39:18,787 - INFO - Epoch 9/100 Batch 61/650 - Loss: 1.223585 (Recon: 1.096755, Diff: 0.126830, KL: 0.000188)
2026-02-16 20:39:19,918 - INFO - Epoch 9/100 Batch 62/650 - Loss: 1.170284 (Recon: 1.105677, Diff: 0.064607, KL: 0.000381)
2026-02-16 20:39:21,056 - INFO - Epoch 9/100 Batch 63/650 - Loss: 1.203651 (Recon: 1.108239, Diff: 0.095411, KL: 0.000583)
2026-02-16 20:39:22,149 - INFO - Epoch 9/100 Batch 64/650 - Loss: 1.195259 (Recon: 1.107631, Diff: 0.087627, KL: 0.000115)
2026-02-16 20:39:23,192 - INFO - Epoch 9/100 Batch 65/650 - Loss: 1.165716 (Recon: 1.104530, Diff: 0.061186, KL: 0.000419)
2026-02-16 20:39:24,508 - INFO - Epoch 9/100 Batch 66/650 - Loss: 1.180800 (Recon: 1.105369, Diff: 0.075430, KL: 0.000494)
2026-02-16 20:39:25,617 - INFO - Epoch 9/100 Batch 67/650 - Loss: 1.172555 (Recon: 1.097601, Diff: 0.074953, KL: 0.000067)
2026-02-16 20:39:26,658 - INFO - Epoch 9/100 Batch 68/650 - Loss: 1.190900 (Recon: 1.094958, Diff: 0.095941, KL: 0.000568)
2026-02-16 20:39:27,687 - INFO - Epoch 9/100 Batch 69/650 - Loss: 1.186814 (Recon: 1.103461, Diff: 0.083352, KL: 0.000894)
2026-02-16 20:39:28,772 - INFO - Epoch 9/100 Batch 70/650 - Loss: 1.241190 (Recon: 1.101528, Diff: 0.139661, KL: 0.000141)
2026-02-16 20:39:29,794 - INFO - Epoch 9/100 Batch 71/650 - Loss: 1.202991 (Recon: 1.100293, Diff: 0.102698, KL: 0.000491)
2026-02-16 20:39:31,052 - INFO - Epoch 9/100 Batch 72/650 - Loss: 1.150635 (Recon: 1.107935, Diff: 0.042699, KL: 0.000562)
2026-02-16 20:39:32,109 - INFO - Epoch 9/100 Batch 73/650 - Loss: 1.150665 (Recon: 1.103071, Diff: 0.047594, KL: 0.000097)
2026-02-16 20:39:44,021 - INFO - Epoch 9/100 Batch 74/650 - Loss: 1.182559 (Recon: 1.098251, Diff: 0.084308, KL: 0.000628)
2026-02-16 20:39:45,071 - INFO - Epoch 9/100 Batch 75/650 - Loss: 1.194960 (Recon: 1.094498, Diff: 0.100462, KL: 0.000575)
2026-02-16 20:39:46,148 - INFO - Epoch 9/100 Batch 76/650 - Loss: 1.204418 (Recon: 1.102351, Diff: 0.102067, KL: 0.000098)
2026-02-16 20:39:47,231 - INFO - Epoch 9/100 Batch 77/650 - Loss: 1.182656 (Recon: 1.103216, Diff: 0.079440, KL: 0.000647)
2026-02-16 20:39:48,290 - INFO - Epoch 9/100 Batch 78/650 - Loss: 1.182304 (Recon: 1.103387, Diff: 0.078916, KL: 0.000339)
2026-02-16 20:39:52,495 - INFO - Epoch 9/100 Batch 79/650 - Loss: 1.227816 (Recon: 1.094567, Diff: 0.133248, KL: 0.000315)
2026-02-16 20:39:53,552 - INFO - Epoch 9/100 Batch 80/650 - Loss: 1.218758 (Recon: 1.094894, Diff: 0.123863, KL: 0.000931)
2026-02-16 20:39:54,735 - INFO - Epoch 9/100 Batch 81/650 - Loss: 1.199662 (Recon: 1.103524, Diff: 0.096138, KL: 0.000485)
2026-02-16 20:39:55,838 - INFO - Epoch 9/100 Batch 82/650 - Loss: 1.164081 (Recon: 1.101892, Diff: 0.062188, KL: 0.000127)
2026-02-16 20:39:56,921 - INFO - Epoch 9/100 Batch 83/650 - Loss: 1.157795 (Recon: 1.103597, Diff: 0.054198, KL: 0.000448)
2026-02-16 20:39:57,990 - INFO - Epoch 9/100 Batch 84/650 - Loss: 1.229491 (Recon: 1.107422, Diff: 0.122068, KL: 0.000255)
2026-02-16 20:39:59,063 - INFO - Epoch 9/100 Batch 85/650 - Loss: 1.167743 (Recon: 1.101773, Diff: 0.065969, KL: 0.000061)
2026-02-16 20:40:00,150 - INFO - Epoch 9/100 Batch 86/650 - Loss: 1.205515 (Recon: 1.104621, Diff: 0.100894, KL: 0.000135)
2026-02-16 20:40:01,217 - INFO - Epoch 9/100 Batch 87/650 - Loss: 1.143602 (Recon: 1.096142, Diff: 0.047460, KL: 0.000069)
2026-02-16 20:40:02,300 - INFO - Epoch 9/100 Batch 88/650 - Loss: 1.188171 (Recon: 1.106362, Diff: 0.081809, KL: 0.000066)
2026-02-16 20:40:03,401 - INFO - Epoch 9/100 Batch 89/650 - Loss: 1.222693 (Recon: 1.093727, Diff: 0.128966, KL: 0.000051)
2026-02-16 20:40:04,469 - INFO - Epoch 9/100 Batch 90/650 - Loss: 1.178212 (Recon: 1.102044, Diff: 0.076168, KL: 0.000054)
2026-02-16 20:40:06,987 - INFO - Epoch 9/100 Batch 91/650 - Loss: 1.246571 (Recon: 1.105276, Diff: 0.141293, KL: 0.001569)
2026-02-16 20:40:08,042 - INFO - Epoch 9/100 Batch 92/650 - Loss: 1.182526 (Recon: 1.100800, Diff: 0.081725, KL: 0.001012)
2026-02-16 20:40:09,072 - INFO - Epoch 9/100 Batch 93/650 - Loss: 1.171521 (Recon: 1.093212, Diff: 0.078308, KL: 0.000914)
2026-02-16 20:40:10,115 - INFO - Epoch 9/100 Batch 94/650 - Loss: 1.237206 (Recon: 1.091386, Diff: 0.145820, KL: 0.000104)
2026-02-16 20:40:11,222 - INFO - Epoch 9/100 Batch 95/650 - Loss: 1.246737 (Recon: 1.103213, Diff: 0.143524, KL: 0.000513)
2026-02-16 20:40:12,308 - INFO - Epoch 9/100 Batch 96/650 - Loss: 1.187201 (Recon: 1.104909, Diff: 0.082292, KL: 0.000438)
2026-02-16 20:40:13,379 - INFO - Epoch 9/100 Batch 97/650 - Loss: 1.193019 (Recon: 1.103901, Diff: 0.089118, KL: 0.000121)
2026-02-16 20:40:15,396 - INFO - Epoch 9/100 Batch 98/650 - Loss: 1.159926 (Recon: 1.097797, Diff: 0.062129, KL: 0.000342)
2026-02-16 20:40:18,227 - INFO - Epoch 9/100 Batch 99/650 - Loss: 1.179224 (Recon: 1.107993, Diff: 0.071231, KL: 0.000056)
2026-02-16 20:40:19,362 - INFO - Epoch 9/100 Batch 100/650 - Loss: 1.221529 (Recon: 1.107236, Diff: 0.114292, KL: 0.000608)
2026-02-16 20:40:20,440 - INFO - Epoch 9/100 Batch 101/650 - Loss: 1.161822 (Recon: 1.095489, Diff: 0.066332, KL: 0.000589)
2026-02-16 20:40:21,492 - INFO - Epoch 9/100 Batch 102/650 - Loss: 1.171802 (Recon: 1.105814, Diff: 0.065987, KL: 0.000099)
2026-02-16 20:40:22,539 - INFO - Epoch 9/100 Batch 103/650 - Loss: 1.172895 (Recon: 1.096710, Diff: 0.076184, KL: 0.001112)
2026-02-16 20:40:23,629 - INFO - Epoch 9/100 Batch 104/650 - Loss: 1.149432 (Recon: 1.097410, Diff: 0.052021, KL: 0.000532)
2026-02-16 20:40:24,698 - INFO - Epoch 9/100 Batch 105/650 - Loss: 1.200967 (Recon: 1.102920, Diff: 0.098047, KL: 0.000186)
2026-02-16 20:40:25,775 - INFO - Epoch 9/100 Batch 106/650 - Loss: 1.166705 (Recon: 1.104774, Diff: 0.061931, KL: 0.000441)
2026-02-16 20:40:26,897 - INFO - Epoch 9/100 Batch 107/650 - Loss: 1.206441 (Recon: 1.096037, Diff: 0.110404, KL: 0.000201)
2026-02-16 20:40:27,973 - INFO - Epoch 9/100 Batch 108/650 - Loss: 1.170217 (Recon: 1.107873, Diff: 0.062344, KL: 0.000675)
2026-02-16 20:40:29,056 - INFO - Epoch 9/100 Batch 109/650 - Loss: 1.188084 (Recon: 1.105398, Diff: 0.082685, KL: 0.000281)
2026-02-16 20:40:30,111 - INFO - Epoch 9/100 Batch 110/650 - Loss: 1.223180 (Recon: 1.098614, Diff: 0.124565, KL: 0.000207)
2026-02-16 20:40:31,184 - INFO - Epoch 9/100 Batch 111/650 - Loss: 1.197012 (Recon: 1.103381, Diff: 0.093631, KL: 0.000544)
2026-02-16 20:40:32,250 - INFO - Epoch 9/100 Batch 112/650 - Loss: 1.190948 (Recon: 1.100982, Diff: 0.089966, KL: 0.000144)
2026-02-16 20:40:33,313 - INFO - Epoch 9/100 Batch 113/650 - Loss: 1.251720 (Recon: 1.093898, Diff: 0.157822, KL: 0.000681)
2026-02-16 20:40:34,397 - INFO - Epoch 9/100 Batch 114/650 - Loss: 1.171087 (Recon: 1.101583, Diff: 0.069504, KL: 0.000795)
2026-02-16 20:40:35,475 - INFO - Epoch 9/100 Batch 115/650 - Loss: 1.202020 (Recon: 1.098566, Diff: 0.103454, KL: 0.000040)
2026-02-16 20:40:36,599 - INFO - Epoch 9/100 Batch 116/650 - Loss: 1.215341 (Recon: 1.101920, Diff: 0.113420, KL: 0.000558)
2026-02-16 20:40:37,634 - INFO - Epoch 9/100 Batch 117/650 - Loss: 1.159067 (Recon: 1.100948, Diff: 0.058118, KL: 0.000358)
2026-02-16 20:40:38,667 - INFO - Epoch 9/100 Batch 118/650 - Loss: 1.128487 (Recon: 1.104213, Diff: 0.024274, KL: 0.000145)
2026-02-16 20:40:39,712 - INFO - Epoch 9/100 Batch 119/650 - Loss: 1.140226 (Recon: 1.103371, Diff: 0.036855, KL: 0.000382)
2026-02-16 20:40:40,779 - INFO - Epoch 9/100 Batch 120/650 - Loss: 1.149181 (Recon: 1.098820, Diff: 0.050361, KL: 0.000075)
2026-02-16 20:40:41,794 - INFO - Epoch 9/100 Batch 121/650 - Loss: 1.266068 (Recon: 1.100188, Diff: 0.165879, KL: 0.000538)
2026-02-16 20:40:42,858 - INFO - Epoch 9/100 Batch 122/650 - Loss: 1.158345 (Recon: 1.102091, Diff: 0.056254, KL: 0.000287)
2026-02-16 20:40:43,894 - INFO - Epoch 9/100 Batch 123/650 - Loss: 1.133391 (Recon: 1.101669, Diff: 0.031722, KL: 0.000133)
2026-02-16 20:40:44,972 - INFO - Epoch 9/100 Batch 124/650 - Loss: 1.194595 (Recon: 1.101350, Diff: 0.093245, KL: 0.000560)
2026-02-16 20:40:46,046 - INFO - Epoch 9/100 Batch 125/650 - Loss: 1.177276 (Recon: 1.098231, Diff: 0.079045, KL: 0.000367)
2026-02-16 20:40:47,125 - INFO - Epoch 9/100 Batch 126/650 - Loss: 1.189555 (Recon: 1.104224, Diff: 0.085331, KL: 0.000361)
2026-02-16 20:40:48,214 - INFO - Epoch 9/100 Batch 127/650 - Loss: 1.132571 (Recon: 1.101077, Diff: 0.031494, KL: 0.000393)
2026-02-16 20:40:49,271 - INFO - Epoch 9/100 Batch 128/650 - Loss: 1.166595 (Recon: 1.105198, Diff: 0.061397, KL: 0.000105)
2026-02-16 20:40:50,298 - INFO - Epoch 9/100 Batch 129/650 - Loss: 1.170783 (Recon: 1.098670, Diff: 0.072113, KL: 0.000602)
2026-02-16 20:40:51,371 - INFO - Epoch 9/100 Batch 130/650 - Loss: 1.176686 (Recon: 1.103146, Diff: 0.073540, KL: 0.000435)
2026-02-16 20:40:52,484 - INFO - Epoch 9/100 Batch 131/650 - Loss: 1.231290 (Recon: 1.103781, Diff: 0.127509, KL: 0.000211)
2026-02-16 20:40:53,567 - INFO - Epoch 9/100 Batch 132/650 - Loss: 1.208738 (Recon: 1.103285, Diff: 0.105453, KL: 0.000991)
2026-02-16 20:40:54,632 - INFO - Epoch 9/100 Batch 133/650 - Loss: 1.174785 (Recon: 1.096461, Diff: 0.078324, KL: 0.000394)
2026-02-16 20:40:55,658 - INFO - Epoch 9/100 Batch 134/650 - Loss: 1.187014 (Recon: 1.103530, Diff: 0.083484, KL: 0.000277)
2026-02-16 20:40:56,714 - INFO - Epoch 9/100 Batch 135/650 - Loss: 1.197407 (Recon: 1.098029, Diff: 0.099378, KL: 0.000768)
2026-02-16 20:40:57,794 - INFO - Epoch 9/100 Batch 136/650 - Loss: 1.176263 (Recon: 1.101826, Diff: 0.074436, KL: 0.000159)
2026-02-16 20:40:58,830 - INFO - Epoch 9/100 Batch 137/650 - Loss: 1.184232 (Recon: 1.091993, Diff: 0.092239, KL: 0.000264)
2026-02-16 20:40:59,881 - INFO - Epoch 9/100 Batch 138/650 - Loss: 1.145304 (Recon: 1.099015, Diff: 0.046288, KL: 0.000328)
2026-02-16 20:41:00,990 - INFO - Epoch 9/100 Batch 139/650 - Loss: 1.127194 (Recon: 1.094555, Diff: 0.032638, KL: 0.000105)
2026-02-16 20:41:02,023 - INFO - Epoch 9/100 Batch 140/650 - Loss: 1.139506 (Recon: 1.108554, Diff: 0.030951, KL: 0.000565)
2026-02-16 20:41:03,093 - INFO - Epoch 9/100 Batch 141/650 - Loss: 1.207930 (Recon: 1.099426, Diff: 0.108504, KL: 0.000295)
2026-02-16 20:41:04,156 - INFO - Epoch 9/100 Batch 142/650 - Loss: 1.169261 (Recon: 1.101332, Diff: 0.067929, KL: 0.000275)
2026-02-16 20:41:05,244 - INFO - Epoch 9/100 Batch 143/650 - Loss: 1.183027 (Recon: 1.097457, Diff: 0.085569, KL: 0.000780)
2026-02-16 20:41:06,260 - INFO - Epoch 9/100 Batch 144/650 - Loss: 1.158249 (Recon: 1.092438, Diff: 0.065811, KL: 0.000080)
2026-02-16 20:41:10,018 - INFO - Epoch 9/100 Batch 145/650 - Loss: 1.204364 (Recon: 1.106358, Diff: 0.098006, KL: 0.000682)
2026-02-16 20:41:11,109 - INFO - Epoch 9/100 Batch 146/650 - Loss: 1.144755 (Recon: 1.106628, Diff: 0.038127, KL: 0.000543)
2026-02-16 20:41:12,144 - INFO - Epoch 9/100 Batch 147/650 - Loss: 1.182470 (Recon: 1.103263, Diff: 0.079207, KL: 0.000342)
2026-02-16 20:41:13,173 - INFO - Epoch 9/100 Batch 148/650 - Loss: 1.178314 (Recon: 1.094583, Diff: 0.083730, KL: 0.001375)
2026-02-16 20:41:14,186 - INFO - Epoch 9/100 Batch 149/650 - Loss: 1.196535 (Recon: 1.100971, Diff: 0.095564, KL: 0.000399)
2026-02-16 20:41:15,205 - INFO - Epoch 9/100 Batch 150/650 - Loss: 1.167827 (Recon: 1.097759, Diff: 0.070069, KL: 0.000417)
2026-02-16 20:41:16,281 - INFO - Epoch 9/100 Batch 151/650 - Loss: 1.166196 (Recon: 1.100882, Diff: 0.065313, KL: 0.000596)
2026-02-16 20:41:17,717 - INFO - Epoch 9/100 Batch 152/650 - Loss: 1.147794 (Recon: 1.100465, Diff: 0.047329, KL: 0.000075)
2026-02-16 20:41:18,842 - INFO - Epoch 9/100 Batch 153/650 - Loss: 1.174776 (Recon: 1.101320, Diff: 0.073455, KL: 0.000626)
2026-02-16 20:41:19,891 - INFO - Epoch 9/100 Batch 154/650 - Loss: 1.164722 (Recon: 1.107416, Diff: 0.057305, KL: 0.000753)
2026-02-16 20:41:20,980 - INFO - Epoch 9/100 Batch 155/650 - Loss: 1.176118 (Recon: 1.103526, Diff: 0.072591, KL: 0.000183)
2026-02-16 20:41:22,078 - INFO - Epoch 9/100 Batch 156/650 - Loss: 1.229050 (Recon: 1.097661, Diff: 0.131388, KL: 0.000327)
2026-02-16 20:41:23,304 - INFO - Epoch 9/100 Batch 157/650 - Loss: 1.129215 (Recon: 1.094378, Diff: 0.034836, KL: 0.000898)
2026-02-16 20:41:24,411 - INFO - Epoch 9/100 Batch 158/650 - Loss: 1.189295 (Recon: 1.103526, Diff: 0.085770, KL: 0.000280)
2026-02-16 20:41:25,513 - INFO - Epoch 9/100 Batch 159/650 - Loss: 1.191372 (Recon: 1.098104, Diff: 0.093268, KL: 0.000173)
2026-02-16 20:41:26,630 - INFO - Epoch 9/100 Batch 160/650 - Loss: 1.168012 (Recon: 1.097836, Diff: 0.070176, KL: 0.000234)
2026-02-16 20:41:27,771 - INFO - Epoch 9/100 Batch 161/650 - Loss: 1.163054 (Recon: 1.101415, Diff: 0.061638, KL: 0.000438)
2026-02-16 20:41:28,839 - INFO - Epoch 9/100 Batch 162/650 - Loss: 1.154407 (Recon: 1.105908, Diff: 0.048499, KL: 0.000186)
2026-02-16 20:41:30,002 - INFO - Epoch 9/100 Batch 163/650 - Loss: 1.144996 (Recon: 1.093487, Diff: 0.051509, KL: 0.000143)
2026-02-16 20:41:31,105 - INFO - Epoch 9/100 Batch 164/650 - Loss: 1.211577 (Recon: 1.102962, Diff: 0.108615, KL: 0.000362)
2026-02-16 20:41:32,233 - INFO - Epoch 9/100 Batch 165/650 - Loss: 1.164844 (Recon: 1.102050, Diff: 0.062794, KL: 0.000209)
2026-02-16 20:41:33,283 - INFO - Epoch 9/100 Batch 166/650 - Loss: 1.191290 (Recon: 1.102330, Diff: 0.088960, KL: 0.000248)
2026-02-16 20:41:34,407 - INFO - Epoch 9/100 Batch 167/650 - Loss: 1.181027 (Recon: 1.101134, Diff: 0.079892, KL: 0.000391)
2026-02-16 20:41:35,574 - INFO - Epoch 9/100 Batch 168/650 - Loss: 1.149562 (Recon: 1.102710, Diff: 0.046853, KL: 0.000076)
2026-02-16 20:41:36,693 - INFO - Epoch 9/100 Batch 169/650 - Loss: 1.190237 (Recon: 1.097895, Diff: 0.092342, KL: 0.000354)
2026-02-16 20:41:37,789 - INFO - Epoch 9/100 Batch 170/650 - Loss: 1.309615 (Recon: 1.101470, Diff: 0.208146, KL: 0.000095)
2026-02-16 20:41:38,886 - INFO - Epoch 9/100 Batch 171/650 - Loss: 1.187302 (Recon: 1.092268, Diff: 0.095034, KL: 0.000307)
2026-02-16 20:41:40,022 - INFO - Epoch 9/100 Batch 172/650 - Loss: 1.176982 (Recon: 1.100391, Diff: 0.076592, KL: 0.000132)
2026-02-16 20:41:41,168 - INFO - Epoch 9/100 Batch 173/650 - Loss: 1.226050 (Recon: 1.102647, Diff: 0.123402, KL: 0.000375)
2026-02-16 20:41:42,245 - INFO - Epoch 9/100 Batch 174/650 - Loss: 1.196972 (Recon: 1.105602, Diff: 0.091370, KL: 0.000234)
2026-02-16 20:41:43,377 - INFO - Epoch 9/100 Batch 175/650 - Loss: 1.173567 (Recon: 1.092726, Diff: 0.080841, KL: 0.000197)
2026-02-16 20:41:44,586 - INFO - Epoch 9/100 Batch 176/650 - Loss: 1.250096 (Recon: 1.100259, Diff: 0.149837, KL: 0.000217)
2026-02-16 20:41:45,667 - INFO - Epoch 9/100 Batch 177/650 - Loss: 1.192108 (Recon: 1.091529, Diff: 0.100579, KL: 0.000206)
2026-02-16 20:41:46,785 - INFO - Epoch 9/100 Batch 178/650 - Loss: 1.172418 (Recon: 1.099575, Diff: 0.072842, KL: 0.000147)
2026-02-16 20:41:47,891 - INFO - Epoch 9/100 Batch 179/650 - Loss: 1.161695 (Recon: 1.092604, Diff: 0.069090, KL: 0.000447)
2026-02-16 20:41:48,996 - INFO - Epoch 9/100 Batch 180/650 - Loss: 1.227051 (Recon: 1.102007, Diff: 0.125044, KL: 0.000105)
2026-02-16 20:41:50,228 - INFO - Epoch 9/100 Batch 181/650 - Loss: 1.152043 (Recon: 1.094127, Diff: 0.057916, KL: 0.000520)
2026-02-16 20:41:51,304 - INFO - Epoch 9/100 Batch 182/650 - Loss: 1.213889 (Recon: 1.096042, Diff: 0.117847, KL: 0.000594)
2026-02-16 20:41:52,411 - INFO - Epoch 9/100 Batch 183/650 - Loss: 1.163313 (Recon: 1.095465, Diff: 0.067847, KL: 0.000132)
2026-02-16 20:41:53,491 - INFO - Epoch 9/100 Batch 184/650 - Loss: 1.167495 (Recon: 1.095450, Diff: 0.072044, KL: 0.000808)
2026-02-16 20:41:54,597 - INFO - Epoch 9/100 Batch 185/650 - Loss: 1.154826 (Recon: 1.099244, Diff: 0.055582, KL: 0.000623)
2026-02-16 20:41:55,678 - INFO - Epoch 9/100 Batch 186/650 - Loss: 1.199551 (Recon: 1.096944, Diff: 0.102608, KL: 0.000055)
2026-02-16 20:41:56,781 - INFO - Epoch 9/100 Batch 187/650 - Loss: 1.181168 (Recon: 1.097270, Diff: 0.083897, KL: 0.000706)
2026-02-16 20:41:57,876 - INFO - Epoch 9/100 Batch 188/650 - Loss: 1.154770 (Recon: 1.106502, Diff: 0.048268, KL: 0.000392)
2026-02-16 20:41:59,015 - INFO - Epoch 9/100 Batch 189/650 - Loss: 1.203405 (Recon: 1.100516, Diff: 0.102889, KL: 0.000208)
2026-02-16 20:42:00,123 - INFO - Epoch 9/100 Batch 190/650 - Loss: 1.239881 (Recon: 1.092910, Diff: 0.146970, KL: 0.000407)
2026-02-16 20:42:01,253 - INFO - Epoch 9/100 Batch 191/650 - Loss: 1.176117 (Recon: 1.094202, Diff: 0.081915, KL: 0.000242)
2026-02-16 20:42:02,365 - INFO - Epoch 9/100 Batch 192/650 - Loss: 1.224507 (Recon: 1.098874, Diff: 0.125633, KL: 0.000825)
2026-02-16 20:42:03,506 - INFO - Epoch 9/100 Batch 193/650 - Loss: 1.165763 (Recon: 1.105542, Diff: 0.060220, KL: 0.000697)
2026-02-16 20:42:04,596 - INFO - Epoch 9/100 Batch 194/650 - Loss: 1.189813 (Recon: 1.104374, Diff: 0.085438, KL: 0.000290)
2026-02-16 20:42:05,722 - INFO - Epoch 9/100 Batch 195/650 - Loss: 1.129754 (Recon: 1.105976, Diff: 0.023778, KL: 0.000415)
2026-02-16 20:42:06,823 - INFO - Epoch 9/100 Batch 196/650 - Loss: 1.158037 (Recon: 1.101301, Diff: 0.056735, KL: 0.000764)
2026-02-16 20:42:07,840 - INFO - Epoch 9/100 Batch 197/650 - Loss: 1.185854 (Recon: 1.097878, Diff: 0.087976, KL: 0.000197)
2026-02-16 20:42:08,838 - INFO - Epoch 9/100 Batch 198/650 - Loss: 1.176188 (Recon: 1.097826, Diff: 0.078361, KL: 0.000308)
2026-02-16 20:42:09,854 - INFO - Epoch 9/100 Batch 199/650 - Loss: 1.157797 (Recon: 1.104440, Diff: 0.053357, KL: 0.000387)
2026-02-16 20:42:13,348 - INFO - Epoch 9/100 Batch 200/650 - Loss: 1.165238 (Recon: 1.091201, Diff: 0.074037, KL: 0.000079)
2026-02-16 20:42:14,429 - INFO - Epoch 9/100 Batch 201/650 - Loss: 1.155081 (Recon: 1.101416, Diff: 0.053665, KL: 0.000221)
2026-02-16 20:42:15,504 - INFO - Epoch 9/100 Batch 202/650 - Loss: 1.184334 (Recon: 1.101657, Diff: 0.082677, KL: 0.000232)
2026-02-16 20:42:16,535 - INFO - Epoch 9/100 Batch 203/650 - Loss: 1.191786 (Recon: 1.098788, Diff: 0.092998, KL: 0.000389)
2026-02-16 20:42:17,555 - INFO - Epoch 9/100 Batch 204/650 - Loss: 1.137789 (Recon: 1.105418, Diff: 0.032371, KL: 0.000266)
2026-02-16 20:42:22,936 - INFO - Epoch 9/100 Batch 205/650 - Loss: 1.253570 (Recon: 1.103513, Diff: 0.150057, KL: 0.000125)
2026-02-16 20:42:24,026 - INFO - Epoch 9/100 Batch 206/650 - Loss: 1.144549 (Recon: 1.103209, Diff: 0.041339, KL: 0.000497)
2026-02-16 20:42:25,269 - INFO - Epoch 9/100 Batch 207/650 - Loss: 1.149266 (Recon: 1.101188, Diff: 0.048078, KL: 0.000183)
2026-02-16 20:42:26,357 - INFO - Epoch 9/100 Batch 208/650 - Loss: 1.173921 (Recon: 1.099004, Diff: 0.074917, KL: 0.000139)
2026-02-16 20:42:27,480 - INFO - Epoch 9/100 Batch 209/650 - Loss: 1.227014 (Recon: 1.101008, Diff: 0.126004, KL: 0.000911)
2026-02-16 20:42:28,600 - INFO - Epoch 9/100 Batch 210/650 - Loss: 1.179755 (Recon: 1.102036, Diff: 0.077718, KL: 0.000897)
2026-02-16 20:42:29,714 - INFO - Epoch 9/100 Batch 211/650 - Loss: 1.199991 (Recon: 1.097653, Diff: 0.102338, KL: 0.000122)
2026-02-16 20:42:30,809 - INFO - Epoch 9/100 Batch 212/650 - Loss: 1.194214 (Recon: 1.086410, Diff: 0.107803, KL: 0.000600)
2026-02-16 20:42:31,972 - INFO - Epoch 9/100 Batch 213/650 - Loss: 1.140225 (Recon: 1.101753, Diff: 0.038472, KL: 0.000435)
2026-02-16 20:42:33,075 - INFO - Epoch 9/100 Batch 214/650 - Loss: 1.167428 (Recon: 1.101325, Diff: 0.066103, KL: 0.000297)
2026-02-16 20:42:34,192 - INFO - Epoch 9/100 Batch 215/650 - Loss: 1.175002 (Recon: 1.102695, Diff: 0.072307, KL: 0.000294)
2026-02-16 20:42:35,338 - INFO - Epoch 9/100 Batch 216/650 - Loss: 1.175369 (Recon: 1.094539, Diff: 0.080829, KL: 0.000290)
2026-02-16 20:42:36,427 - INFO - Epoch 9/100 Batch 217/650 - Loss: 1.220391 (Recon: 1.104502, Diff: 0.115888, KL: 0.000511)
2026-02-16 20:42:37,523 - INFO - Epoch 9/100 Batch 218/650 - Loss: 1.178415 (Recon: 1.102769, Diff: 0.075646, KL: 0.000153)
2026-02-16 20:42:38,602 - INFO - Epoch 9/100 Batch 219/650 - Loss: 1.211547 (Recon: 1.099552, Diff: 0.111994, KL: 0.000299)
2026-02-16 20:42:39,732 - INFO - Epoch 9/100 Batch 220/650 - Loss: 1.251975 (Recon: 1.101134, Diff: 0.150840, KL: 0.000453)
2026-02-16 20:42:40,890 - INFO - Epoch 9/100 Batch 221/650 - Loss: 1.296108 (Recon: 1.086693, Diff: 0.209415, KL: 0.000222)
2026-02-16 20:42:42,001 - INFO - Epoch 9/100 Batch 222/650 - Loss: 1.176058 (Recon: 1.098891, Diff: 0.077167, KL: 0.000751)
2026-02-16 20:42:43,222 - INFO - Epoch 9/100 Batch 223/650 - Loss: 1.182557 (Recon: 1.099806, Diff: 0.082751, KL: 0.000195)
2026-02-16 20:42:44,303 - INFO - Epoch 9/100 Batch 224/650 - Loss: 1.149274 (Recon: 1.100528, Diff: 0.048745, KL: 0.000318)
2026-02-16 20:42:45,414 - INFO - Epoch 9/100 Batch 225/650 - Loss: 1.162280 (Recon: 1.103486, Diff: 0.058794, KL: 0.000469)
2026-02-16 20:42:46,510 - INFO - Epoch 9/100 Batch 226/650 - Loss: 1.178546 (Recon: 1.098743, Diff: 0.079803, KL: 0.000108)
2026-02-16 20:42:47,589 - INFO - Epoch 9/100 Batch 227/650 - Loss: 1.168971 (Recon: 1.103901, Diff: 0.065070, KL: 0.000322)
2026-02-16 20:42:48,714 - INFO - Epoch 9/100 Batch 228/650 - Loss: 1.212029 (Recon: 1.099250, Diff: 0.112779, KL: 0.000062)
2026-02-16 20:42:49,839 - INFO - Epoch 9/100 Batch 229/650 - Loss: 1.201974 (Recon: 1.095737, Diff: 0.106237, KL: 0.000148)
2026-02-16 20:42:50,957 - INFO - Epoch 9/100 Batch 230/650 - Loss: 1.260286 (Recon: 1.103585, Diff: 0.156701, KL: 0.000161)
2026-02-16 20:42:52,046 - INFO - Epoch 9/100 Batch 231/650 - Loss: 1.189183 (Recon: 1.095796, Diff: 0.093388, KL: 0.000124)
2026-02-16 20:42:53,118 - INFO - Epoch 9/100 Batch 232/650 - Loss: 1.162318 (Recon: 1.096334, Diff: 0.065985, KL: 0.000395)
2026-02-16 20:42:54,338 - INFO - Epoch 9/100 Batch 233/650 - Loss: 1.176816 (Recon: 1.091365, Diff: 0.085451, KL: 0.000142)
2026-02-16 20:42:55,438 - INFO - Epoch 9/100 Batch 234/650 - Loss: 1.205374 (Recon: 1.099285, Diff: 0.106089, KL: 0.000169)
2026-02-16 20:42:56,559 - INFO - Epoch 9/100 Batch 235/650 - Loss: 1.164698 (Recon: 1.100761, Diff: 0.063936, KL: 0.001000)
2026-02-16 20:42:57,660 - INFO - Epoch 9/100 Batch 236/650 - Loss: 1.180425 (Recon: 1.095876, Diff: 0.084549, KL: 0.000272)
2026-02-16 20:42:58,770 - INFO - Epoch 9/100 Batch 237/650 - Loss: 1.181580 (Recon: 1.094615, Diff: 0.086965, KL: 0.000082)
2026-02-16 20:42:59,869 - INFO - Epoch 9/100 Batch 238/650 - Loss: 1.179483 (Recon: 1.095395, Diff: 0.084088, KL: 0.000249)
2026-02-16 20:43:00,961 - INFO - Epoch 9/100 Batch 239/650 - Loss: 1.150927 (Recon: 1.100973, Diff: 0.049954, KL: 0.000116)
2026-02-16 20:43:02,017 - INFO - Epoch 9/100 Batch 240/650 - Loss: 1.146730 (Recon: 1.087646, Diff: 0.059084, KL: 0.000295)
2026-02-16 20:43:03,099 - INFO - Epoch 9/100 Batch 241/650 - Loss: 1.188827 (Recon: 1.092827, Diff: 0.095999, KL: 0.000181)
2026-02-16 20:43:04,176 - INFO - Epoch 9/100 Batch 242/650 - Loss: 1.159633 (Recon: 1.092031, Diff: 0.067602, KL: 0.000113)
2026-02-16 20:43:05,320 - INFO - Epoch 9/100 Batch 243/650 - Loss: 1.281346 (Recon: 1.096460, Diff: 0.184887, KL: 0.000255)
2026-02-16 20:43:06,382 - INFO - Epoch 9/100 Batch 244/650 - Loss: 1.183251 (Recon: 1.097964, Diff: 0.085287, KL: 0.000166)
2026-02-16 20:43:07,514 - INFO - Epoch 9/100 Batch 245/650 - Loss: 1.249519 (Recon: 1.091195, Diff: 0.158324, KL: 0.000082)
2026-02-16 20:43:09,131 - INFO - Epoch 9/100 Batch 246/650 - Loss: 1.185510 (Recon: 1.097981, Diff: 0.087529, KL: 0.000076)
2026-02-16 20:43:10,151 - INFO - Epoch 9/100 Batch 247/650 - Loss: 1.181496 (Recon: 1.101960, Diff: 0.079536, KL: 0.000081)
2026-02-16 20:43:11,268 - INFO - Epoch 9/100 Batch 248/650 - Loss: 1.194514 (Recon: 1.097781, Diff: 0.096733, KL: 0.000191)
2026-02-16 20:43:12,283 - INFO - Epoch 9/100 Batch 249/650 - Loss: 1.189966 (Recon: 1.092979, Diff: 0.096987, KL: 0.000154)
2026-02-16 20:43:13,280 - INFO - Epoch 9/100 Batch 250/650 - Loss: 1.180376 (Recon: 1.103802, Diff: 0.076574, KL: 0.000159)
2026-02-16 20:43:16,121 - INFO - Epoch 9/100 Batch 251/650 - Loss: 1.224660 (Recon: 1.089916, Diff: 0.134744, KL: 0.000379)
2026-02-16 20:43:17,193 - INFO - Epoch 9/100 Batch 252/650 - Loss: 1.145370 (Recon: 1.102882, Diff: 0.042487, KL: 0.000159)
2026-02-16 20:43:18,228 - INFO - Epoch 9/100 Batch 253/650 - Loss: 1.230012 (Recon: 1.096964, Diff: 0.133048, KL: 0.000091)
2026-02-16 20:43:19,328 - INFO - Epoch 9/100 Batch 254/650 - Loss: 1.195276 (Recon: 1.100109, Diff: 0.095167, KL: 0.000221)
2026-02-16 20:43:27,691 - INFO - Epoch 9/100 Batch 255/650 - Loss: 1.188594 (Recon: 1.102498, Diff: 0.086096, KL: 0.000097)
2026-02-16 20:43:28,817 - INFO - Epoch 9/100 Batch 256/650 - Loss: 1.207354 (Recon: 1.099285, Diff: 0.108069, KL: 0.000230)
2026-02-16 20:43:29,901 - INFO - Epoch 9/100 Batch 257/650 - Loss: 1.157269 (Recon: 1.094047, Diff: 0.063222, KL: 0.000463)
2026-02-16 20:43:31,015 - INFO - Epoch 9/100 Batch 258/650 - Loss: 1.167338 (Recon: 1.084830, Diff: 0.082507, KL: 0.000222)
2026-02-16 20:43:32,158 - INFO - Epoch 9/100 Batch 259/650 - Loss: 1.221560 (Recon: 1.083569, Diff: 0.137990, KL: 0.000158)
2026-02-16 20:43:33,272 - INFO - Epoch 9/100 Batch 260/650 - Loss: 1.160061 (Recon: 1.092717, Diff: 0.067344, KL: 0.000155)
2026-02-16 20:43:34,371 - INFO - Epoch 9/100 Batch 261/650 - Loss: 1.229214 (Recon: 1.091966, Diff: 0.137249, KL: 0.000289)
2026-02-16 20:43:35,597 - INFO - Epoch 9/100 Batch 262/650 - Loss: 1.135378 (Recon: 1.093830, Diff: 0.041548, KL: 0.000121)
2026-02-16 20:43:36,686 - INFO - Epoch 9/100 Batch 263/650 - Loss: 1.187299 (Recon: 1.092946, Diff: 0.094353, KL: 0.000126)
2026-02-16 20:43:37,810 - INFO - Epoch 9/100 Batch 264/650 - Loss: 1.158805 (Recon: 1.095366, Diff: 0.063437, KL: 0.001879)
2026-02-16 20:43:38,893 - INFO - Epoch 9/100 Batch 265/650 - Loss: 1.148619 (Recon: 1.095921, Diff: 0.052698, KL: 0.000671)
2026-02-16 20:43:40,003 - INFO - Epoch 9/100 Batch 266/650 - Loss: 1.136383 (Recon: 1.099806, Diff: 0.036577, KL: 0.000137)
2026-02-16 20:43:41,092 - INFO - Epoch 9/100 Batch 267/650 - Loss: 1.262047 (Recon: 1.091642, Diff: 0.170405, KL: 0.000270)
2026-02-16 20:43:42,183 - INFO - Epoch 9/100 Batch 268/650 - Loss: 1.151187 (Recon: 1.092174, Diff: 0.059013, KL: 0.000329)
2026-02-16 20:43:43,284 - INFO - Epoch 9/100 Batch 269/650 - Loss: 1.229604 (Recon: 1.096921, Diff: 0.132683, KL: 0.000047)
2026-02-16 20:43:44,398 - INFO - Epoch 9/100 Batch 270/650 - Loss: 1.169467 (Recon: 1.098686, Diff: 0.070781, KL: 0.000160)
2026-02-16 20:43:45,550 - INFO - Epoch 9/100 Batch 271/650 - Loss: 1.218637 (Recon: 1.098120, Diff: 0.120517, KL: 0.000124)
2026-02-16 20:43:46,629 - INFO - Epoch 9/100 Batch 272/650 - Loss: 1.167626 (Recon: 1.098207, Diff: 0.069418, KL: 0.000618)
2026-02-16 20:43:47,812 - INFO - Epoch 9/100 Batch 273/650 - Loss: 1.138061 (Recon: 1.094183, Diff: 0.043877, KL: 0.000720)
2026-02-16 20:43:48,994 - INFO - Epoch 9/100 Batch 274/650 - Loss: 1.156193 (Recon: 1.096358, Diff: 0.059835, KL: 0.000076)
2026-02-16 20:43:50,175 - INFO - Epoch 9/100 Batch 275/650 - Loss: 1.159272 (Recon: 1.097115, Diff: 0.062157, KL: 0.000314)
2026-02-16 20:43:51,291 - INFO - Epoch 9/100 Batch 276/650 - Loss: 1.138554 (Recon: 1.096393, Diff: 0.042161, KL: 0.000346)
2026-02-16 20:43:52,424 - INFO - Epoch 9/100 Batch 277/650 - Loss: 1.200377 (Recon: 1.094647, Diff: 0.105730, KL: 0.000210)
2026-02-16 20:43:53,639 - INFO - Epoch 9/100 Batch 278/650 - Loss: 1.177029 (Recon: 1.091446, Diff: 0.085582, KL: 0.001004)
2026-02-16 20:43:54,794 - INFO - Epoch 9/100 Batch 279/650 - Loss: 1.164033 (Recon: 1.099809, Diff: 0.064224, KL: 0.000690)
2026-02-16 20:43:55,914 - INFO - Epoch 9/100 Batch 280/650 - Loss: 1.169460 (Recon: 1.098970, Diff: 0.070490, KL: 0.000177)
2026-02-16 20:43:57,040 - INFO - Epoch 9/100 Batch 281/650 - Loss: 1.196125 (Recon: 1.095819, Diff: 0.100305, KL: 0.001114)
2026-02-16 20:43:58,168 - INFO - Epoch 9/100 Batch 282/650 - Loss: 1.201511 (Recon: 1.088766, Diff: 0.112745, KL: 0.000283)
2026-02-16 20:43:59,456 - INFO - Epoch 9/100 Batch 283/650 - Loss: 1.198898 (Recon: 1.098157, Diff: 0.100740, KL: 0.000971)
2026-02-16 20:44:00,571 - INFO - Epoch 9/100 Batch 284/650 - Loss: 1.171417 (Recon: 1.093906, Diff: 0.077509, KL: 0.001554)
2026-02-16 20:44:01,706 - INFO - Epoch 9/100 Batch 285/650 - Loss: 1.193957 (Recon: 1.097604, Diff: 0.096354, KL: 0.000104)
2026-02-16 20:44:02,842 - INFO - Epoch 9/100 Batch 286/650 - Loss: 1.163874 (Recon: 1.101178, Diff: 0.062694, KL: 0.001504)
2026-02-16 20:44:03,967 - INFO - Epoch 9/100 Batch 287/650 - Loss: 1.178689 (Recon: 1.097890, Diff: 0.080799, KL: 0.000883)
2026-02-16 20:44:05,082 - INFO - Epoch 9/100 Batch 288/650 - Loss: 1.169156 (Recon: 1.098387, Diff: 0.070768, KL: 0.000307)
2026-02-16 20:44:06,190 - INFO - Epoch 9/100 Batch 289/650 - Loss: 1.141240 (Recon: 1.091479, Diff: 0.049760, KL: 0.000979)
2026-02-16 20:44:07,318 - INFO - Epoch 9/100 Batch 290/650 - Loss: 1.152098 (Recon: 1.092725, Diff: 0.059373, KL: 0.000228)
2026-02-16 20:44:08,472 - INFO - Epoch 9/100 Batch 291/650 - Loss: 1.192869 (Recon: 1.091363, Diff: 0.101505, KL: 0.000581)
2026-02-16 20:44:09,567 - INFO - Epoch 9/100 Batch 292/650 - Loss: 1.160102 (Recon: 1.094883, Diff: 0.065218, KL: 0.000990)
2026-02-16 20:44:10,643 - INFO - Epoch 9/100 Batch 293/650 - Loss: 1.235263 (Recon: 1.097722, Diff: 0.137540, KL: 0.000289)
2026-02-16 20:44:11,661 - INFO - Epoch 9/100 Batch 294/650 - Loss: 1.159610 (Recon: 1.093231, Diff: 0.066379, KL: 0.000319)
2026-02-16 20:44:12,715 - INFO - Epoch 9/100 Batch 295/650 - Loss: 1.155757 (Recon: 1.095817, Diff: 0.059940, KL: 0.000219)
2026-02-16 20:44:13,741 - INFO - Epoch 9/100 Batch 296/650 - Loss: 1.139805 (Recon: 1.093100, Diff: 0.046705, KL: 0.000164)
2026-02-16 20:44:16,895 - INFO - Epoch 9/100 Batch 297/650 - Loss: 1.157989 (Recon: 1.098450, Diff: 0.059539, KL: 0.000102)
2026-02-16 20:44:18,014 - INFO - Epoch 9/100 Batch 298/650 - Loss: 1.184971 (Recon: 1.097271, Diff: 0.087700, KL: 0.000086)
2026-02-16 20:44:19,077 - INFO - Epoch 9/100 Batch 299/650 - Loss: 1.207920 (Recon: 1.099737, Diff: 0.108184, KL: 0.000083)
2026-02-16 20:44:20,129 - INFO - Epoch 9/100 Batch 300/650 - Loss: 1.197924 (Recon: 1.089895, Diff: 0.108028, KL: 0.000089)
2026-02-16 20:44:26,224 - INFO - Epoch 9/100 Batch 301/650 - Loss: 1.158429 (Recon: 1.093513, Diff: 0.064916, KL: 0.000134)
2026-02-16 20:44:27,414 - INFO - Epoch 9/100 Batch 302/650 - Loss: 1.145473 (Recon: 1.094411, Diff: 0.051061, KL: 0.000047)
2026-02-16 20:44:28,499 - INFO - Epoch 9/100 Batch 303/650 - Loss: 1.129409 (Recon: 1.099156, Diff: 0.030253, KL: 0.000087)
2026-02-16 20:44:29,648 - INFO - Epoch 9/100 Batch 304/650 - Loss: 1.183818 (Recon: 1.088382, Diff: 0.095436, KL: 0.000226)
2026-02-16 20:44:30,741 - INFO - Epoch 9/100 Batch 305/650 - Loss: 1.190421 (Recon: 1.094696, Diff: 0.095725, KL: 0.000125)
2026-02-16 20:44:31,822 - INFO - Epoch 9/100 Batch 306/650 - Loss: 1.207545 (Recon: 1.097490, Diff: 0.110055, KL: 0.000119)
2026-02-16 20:44:32,888 - INFO - Epoch 9/100 Batch 307/650 - Loss: 1.143605 (Recon: 1.092442, Diff: 0.051163, KL: 0.000099)
2026-02-16 20:44:34,071 - INFO - Epoch 9/100 Batch 308/650 - Loss: 1.187332 (Recon: 1.098017, Diff: 0.089315, KL: 0.000118)
2026-02-16 20:44:35,130 - INFO - Epoch 9/100 Batch 309/650 - Loss: 1.167295 (Recon: 1.092626, Diff: 0.074669, KL: 0.000055)
2026-02-16 20:44:36,233 - INFO - Epoch 9/100 Batch 310/650 - Loss: 1.254038 (Recon: 1.094319, Diff: 0.159719, KL: 0.000046)
2026-02-16 20:44:37,335 - INFO - Epoch 9/100 Batch 311/650 - Loss: 1.141895 (Recon: 1.101868, Diff: 0.040027, KL: 0.000080)
2026-02-16 20:44:38,419 - INFO - Epoch 9/100 Batch 312/650 - Loss: 1.209100 (Recon: 1.095562, Diff: 0.113538, KL: 0.000053)
2026-02-16 20:44:39,517 - INFO - Epoch 9/100 Batch 313/650 - Loss: 1.279156 (Recon: 1.086866, Diff: 0.192290, KL: 0.000170)
2026-02-16 20:44:40,714 - INFO - Epoch 9/100 Batch 314/650 - Loss: 1.162668 (Recon: 1.093003, Diff: 0.069665, KL: 0.000152)
2026-02-16 20:44:41,799 - INFO - Epoch 9/100 Batch 315/650 - Loss: 1.173455 (Recon: 1.088576, Diff: 0.084879, KL: 0.000065)
2026-02-16 20:44:42,922 - INFO - Epoch 9/100 Batch 316/650 - Loss: 1.255913 (Recon: 1.095796, Diff: 0.160117, KL: 0.000055)
2026-02-16 20:44:44,019 - INFO - Epoch 9/100 Batch 317/650 - Loss: 1.213595 (Recon: 1.100492, Diff: 0.113103, KL: 0.000042)
2026-02-16 20:44:45,129 - INFO - Epoch 9/100 Batch 318/650 - Loss: 1.187163 (Recon: 1.091717, Diff: 0.095445, KL: 0.000117)
2026-02-16 20:44:46,184 - INFO - Epoch 9/100 Batch 319/650 - Loss: 1.159892 (Recon: 1.095946, Diff: 0.063946, KL: 0.000214)
2026-02-16 20:44:47,293 - INFO - Epoch 9/100 Batch 320/650 - Loss: 1.168429 (Recon: 1.091485, Diff: 0.076945, KL: 0.000156)
2026-02-16 20:44:48,401 - INFO - Epoch 9/100 Batch 321/650 - Loss: 1.165388 (Recon: 1.095603, Diff: 0.069785, KL: 0.000040)
2026-02-16 20:44:49,539 - INFO - Epoch 9/100 Batch 322/650 - Loss: 1.204470 (Recon: 1.098004, Diff: 0.106465, KL: 0.000185)
2026-02-16 20:44:50,623 - INFO - Epoch 9/100 Batch 323/650 - Loss: 1.172888 (Recon: 1.102113, Diff: 0.070775, KL: 0.000244)
2026-02-16 20:44:51,711 - INFO - Epoch 9/100 Batch 324/650 - Loss: 1.176607 (Recon: 1.100645, Diff: 0.075962, KL: 0.000054)
2026-02-16 20:44:52,771 - INFO - Epoch 9/100 Batch 325/650 - Loss: 1.162278 (Recon: 1.098525, Diff: 0.063753, KL: 0.000242)
2026-02-16 20:44:53,891 - INFO - Epoch 9/100 Batch 326/650 - Loss: 1.176445 (Recon: 1.096690, Diff: 0.079755, KL: 0.000181)
2026-02-16 20:44:54,931 - INFO - Epoch 9/100 Batch 327/650 - Loss: 1.182952 (Recon: 1.096278, Diff: 0.086674, KL: 0.000091)
2026-02-16 20:44:56,046 - INFO - Epoch 9/100 Batch 328/650 - Loss: 1.171801 (Recon: 1.097491, Diff: 0.074311, KL: 0.000062)
2026-02-16 20:44:57,104 - INFO - Epoch 9/100 Batch 329/650 - Loss: 1.167288 (Recon: 1.098758, Diff: 0.068530, KL: 0.000094)
2026-02-16 20:44:58,218 - INFO - Epoch 9/100 Batch 330/650 - Loss: 1.205354 (Recon: 1.096420, Diff: 0.108933, KL: 0.000055)
2026-02-16 20:44:59,242 - INFO - Epoch 9/100 Batch 331/650 - Loss: 1.170733 (Recon: 1.092944, Diff: 0.077789, KL: 0.000092)
2026-02-16 20:45:00,366 - INFO - Epoch 9/100 Batch 332/650 - Loss: 1.142100 (Recon: 1.097021, Diff: 0.045079, KL: 0.000065)
2026-02-16 20:45:01,443 - INFO - Epoch 9/100 Batch 333/650 - Loss: 1.156465 (Recon: 1.097235, Diff: 0.059230, KL: 0.000180)
2026-02-16 20:45:02,554 - INFO - Epoch 9/100 Batch 334/650 - Loss: 1.180124 (Recon: 1.098323, Diff: 0.081801, KL: 0.000131)
2026-02-16 20:45:03,589 - INFO - Epoch 9/100 Batch 335/650 - Loss: 1.219410 (Recon: 1.093782, Diff: 0.125628, KL: 0.000231)
2026-02-16 20:45:04,743 - INFO - Epoch 9/100 Batch 336/650 - Loss: 1.149060 (Recon: 1.101927, Diff: 0.047133, KL: 0.000582)
2026-02-16 20:45:05,812 - INFO - Epoch 9/100 Batch 337/650 - Loss: 1.219743 (Recon: 1.094769, Diff: 0.124974, KL: 0.000142)
2026-02-16 20:45:06,916 - INFO - Epoch 9/100 Batch 338/650 - Loss: 1.214567 (Recon: 1.093297, Diff: 0.121269, KL: 0.000553)
2026-02-16 20:45:08,042 - INFO - Epoch 9/100 Batch 339/650 - Loss: 1.159419 (Recon: 1.087617, Diff: 0.071802, KL: 0.000826)
2026-02-16 20:45:09,190 - INFO - Epoch 9/100 Batch 340/650 - Loss: 1.132066 (Recon: 1.095380, Diff: 0.036686, KL: 0.000135)
2026-02-16 20:45:10,275 - INFO - Epoch 9/100 Batch 341/650 - Loss: 1.214260 (Recon: 1.095711, Diff: 0.118548, KL: 0.001010)
2026-02-16 20:45:11,498 - INFO - Epoch 9/100 Batch 342/650 - Loss: 1.141593 (Recon: 1.093093, Diff: 0.048499, KL: 0.000981)
2026-02-16 20:45:15,045 - INFO - Epoch 9/100 Batch 343/650 - Loss: 1.154245 (Recon: 1.092209, Diff: 0.062036, KL: 0.000098)
2026-02-16 20:45:16,143 - INFO - Epoch 9/100 Batch 344/650 - Loss: 1.201624 (Recon: 1.093054, Diff: 0.108568, KL: 0.001244)
2026-02-16 20:45:17,187 - INFO - Epoch 9/100 Batch 345/650 - Loss: 1.197582 (Recon: 1.089983, Diff: 0.107599, KL: 0.000847)
2026-02-16 20:45:18,220 - INFO - Epoch 9/100 Batch 346/650 - Loss: 1.178193 (Recon: 1.094727, Diff: 0.083465, KL: 0.000207)
2026-02-16 20:45:19,246 - INFO - Epoch 9/100 Batch 347/650 - Loss: 1.195130 (Recon: 1.087170, Diff: 0.107959, KL: 0.001147)
2026-02-16 20:45:20,298 - INFO - Epoch 9/100 Batch 348/650 - Loss: 1.208088 (Recon: 1.091369, Diff: 0.116719, KL: 0.000349)
2026-02-16 20:45:21,365 - INFO - Epoch 9/100 Batch 349/650 - Loss: 1.155612 (Recon: 1.097743, Diff: 0.057868, KL: 0.000403)
2026-02-16 20:45:22,401 - INFO - Epoch 9/100 Batch 350/650 - Loss: 1.198711 (Recon: 1.076010, Diff: 0.122701, KL: 0.000964)
2026-02-16 20:45:26,091 - INFO - Epoch 9/100 Batch 351/650 - Loss: 1.179898 (Recon: 1.097241, Diff: 0.082658, KL: 0.000267)
2026-02-16 20:45:27,157 - INFO - Epoch 9/100 Batch 352/650 - Loss: 1.171324 (Recon: 1.088427, Diff: 0.082897, KL: 0.000189)
2026-02-16 20:45:28,259 - INFO - Epoch 9/100 Batch 353/650 - Loss: 1.169687 (Recon: 1.093369, Diff: 0.076317, KL: 0.000309)
2026-02-16 20:45:29,336 - INFO - Epoch 9/100 Batch 354/650 - Loss: 1.179435 (Recon: 1.090465, Diff: 0.088970, KL: 0.000205)
2026-02-16 20:45:30,423 - INFO - Epoch 9/100 Batch 355/650 - Loss: 1.133730 (Recon: 1.090728, Diff: 0.043002, KL: 0.000144)
2026-02-16 20:45:31,498 - INFO - Epoch 9/100 Batch 356/650 - Loss: 1.243731 (Recon: 1.082047, Diff: 0.161683, KL: 0.000122)
2026-02-16 20:45:32,612 - INFO - Epoch 9/100 Batch 357/650 - Loss: 1.184654 (Recon: 1.091865, Diff: 0.092789, KL: 0.000116)
2026-02-16 20:45:33,668 - INFO - Epoch 9/100 Batch 358/650 - Loss: 1.166389 (Recon: 1.092000, Diff: 0.074388, KL: 0.000104)
2026-02-16 20:45:34,717 - INFO - Epoch 9/100 Batch 359/650 - Loss: 1.159673 (Recon: 1.096941, Diff: 0.062731, KL: 0.000058)
2026-02-16 20:45:35,780 - INFO - Epoch 9/100 Batch 360/650 - Loss: 1.177196 (Recon: 1.100535, Diff: 0.076661, KL: 0.000112)
2026-02-16 20:45:38,775 - INFO - Epoch 9/100 Batch 361/650 - Loss: 1.225247 (Recon: 1.087065, Diff: 0.138182, KL: 0.000205)
2026-02-16 20:45:39,852 - INFO - Epoch 9/100 Batch 362/650 - Loss: 1.220398 (Recon: 1.097897, Diff: 0.122502, KL: 0.000244)
2026-02-16 20:45:40,907 - INFO - Epoch 9/100 Batch 363/650 - Loss: 1.159137 (Recon: 1.091293, Diff: 0.067843, KL: 0.001230)
2026-02-16 20:45:41,931 - INFO - Epoch 9/100 Batch 364/650 - Loss: 1.172276 (Recon: 1.087751, Diff: 0.084525, KL: 0.000305)
2026-02-16 20:45:43,133 - INFO - Epoch 9/100 Batch 365/650 - Loss: 1.245707 (Recon: 1.091398, Diff: 0.154309, KL: 0.000313)
2026-02-16 20:45:44,166 - INFO - Epoch 9/100 Batch 366/650 - Loss: 1.246874 (Recon: 1.092102, Diff: 0.154772, KL: 0.000108)
2026-02-16 20:45:45,399 - INFO - Epoch 9/100 Batch 367/650 - Loss: 1.157041 (Recon: 1.093318, Diff: 0.063723, KL: 0.000091)
2026-02-16 20:45:46,449 - INFO - Epoch 9/100 Batch 368/650 - Loss: 1.175468 (Recon: 1.090788, Diff: 0.084679, KL: 0.000193)
2026-02-16 20:45:47,561 - INFO - Epoch 9/100 Batch 369/650 - Loss: 1.172093 (Recon: 1.096760, Diff: 0.075332, KL: 0.000172)
2026-02-16 20:45:48,607 - INFO - Epoch 9/100 Batch 370/650 - Loss: 1.138894 (Recon: 1.091908, Diff: 0.046986, KL: 0.000044)
2026-02-16 20:45:49,731 - INFO - Epoch 9/100 Batch 371/650 - Loss: 1.156211 (Recon: 1.095019, Diff: 0.061191, KL: 0.000084)
2026-02-16 20:45:50,752 - INFO - Epoch 9/100 Batch 372/650 - Loss: 1.148720 (Recon: 1.090723, Diff: 0.057998, KL: 0.000180)
2026-02-16 20:45:51,855 - INFO - Epoch 9/100 Batch 373/650 - Loss: 1.182698 (Recon: 1.098320, Diff: 0.084378, KL: 0.000054)
2026-02-16 20:45:52,933 - INFO - Epoch 9/100 Batch 374/650 - Loss: 1.200533 (Recon: 1.098184, Diff: 0.102348, KL: 0.000059)
2026-02-16 20:45:54,089 - INFO - Epoch 9/100 Batch 375/650 - Loss: 1.162622 (Recon: 1.097991, Diff: 0.064631, KL: 0.000049)
2026-02-16 20:45:55,177 - INFO - Epoch 9/100 Batch 376/650 - Loss: 1.215925 (Recon: 1.097975, Diff: 0.117950, KL: 0.000068)
2026-02-16 20:45:56,318 - INFO - Epoch 9/100 Batch 377/650 - Loss: 1.219386 (Recon: 1.096958, Diff: 0.122428, KL: 0.000135)
2026-02-16 20:45:57,404 - INFO - Epoch 9/100 Batch 378/650 - Loss: 1.144726 (Recon: 1.093898, Diff: 0.050828, KL: 0.000101)
2026-02-16 20:45:58,633 - INFO - Epoch 9/100 Batch 379/650 - Loss: 1.162913 (Recon: 1.090587, Diff: 0.072326, KL: 0.000052)
2026-02-16 20:45:59,677 - INFO - Epoch 9/100 Batch 380/650 - Loss: 1.153855 (Recon: 1.093533, Diff: 0.060322, KL: 0.000096)
2026-02-16 20:46:00,848 - INFO - Epoch 9/100 Batch 381/650 - Loss: 1.157242 (Recon: 1.095987, Diff: 0.061256, KL: 0.000057)
2026-02-16 20:46:01,931 - INFO - Epoch 9/100 Batch 382/650 - Loss: 1.145341 (Recon: 1.091525, Diff: 0.053815, KL: 0.000071)
2026-02-16 20:46:03,083 - INFO - Epoch 9/100 Batch 383/650 - Loss: 1.174084 (Recon: 1.090831, Diff: 0.083253, KL: 0.000096)
2026-02-16 20:46:04,190 - INFO - Epoch 9/100 Batch 384/650 - Loss: 1.185107 (Recon: 1.093057, Diff: 0.092050, KL: 0.000090)
2026-02-16 20:46:05,340 - INFO - Epoch 9/100 Batch 385/650 - Loss: 1.171460 (Recon: 1.094627, Diff: 0.076833, KL: 0.000060)
2026-02-16 20:46:06,417 - INFO - Epoch 9/100 Batch 386/650 - Loss: 1.186063 (Recon: 1.098036, Diff: 0.088027, KL: 0.000142)
2026-02-16 20:46:07,553 - INFO - Epoch 9/100 Batch 387/650 - Loss: 1.167528 (Recon: 1.096858, Diff: 0.070670, KL: 0.000080)
2026-02-16 20:46:08,653 - INFO - Epoch 9/100 Batch 388/650 - Loss: 1.203484 (Recon: 1.090180, Diff: 0.113303, KL: 0.000139)
2026-02-16 20:46:09,927 - INFO - Epoch 9/100 Batch 389/650 - Loss: 1.262327 (Recon: 1.094478, Diff: 0.167849, KL: 0.000120)
2026-02-16 20:46:10,973 - INFO - Epoch 9/100 Batch 390/650 - Loss: 1.194074 (Recon: 1.095933, Diff: 0.098140, KL: 0.000560)
2026-02-16 20:46:12,117 - INFO - Epoch 9/100 Batch 391/650 - Loss: 1.155278 (Recon: 1.097155, Diff: 0.058123, KL: 0.000088)
2026-02-16 20:46:13,247 - INFO - Epoch 9/100 Batch 392/650 - Loss: 1.182923 (Recon: 1.081088, Diff: 0.101835, KL: 0.000195)
2026-02-16 20:46:14,300 - INFO - Epoch 9/100 Batch 393/650 - Loss: 1.150063 (Recon: 1.101100, Diff: 0.048962, KL: 0.000443)
2026-02-16 20:46:17,242 - INFO - Epoch 9/100 Batch 394/650 - Loss: 1.144645 (Recon: 1.089621, Diff: 0.055024, KL: 0.000162)
2026-02-16 20:46:18,331 - INFO - Epoch 9/100 Batch 395/650 - Loss: 1.160256 (Recon: 1.093452, Diff: 0.066804, KL: 0.000190)
2026-02-16 20:46:19,427 - INFO - Epoch 9/100 Batch 396/650 - Loss: 1.181310 (Recon: 1.091553, Diff: 0.089756, KL: 0.000407)
2026-02-16 20:46:20,514 - INFO - Epoch 9/100 Batch 397/650 - Loss: 1.154547 (Recon: 1.092853, Diff: 0.061694, KL: 0.000257)
2026-02-16 20:46:21,619 - INFO - Epoch 9/100 Batch 398/650 - Loss: 1.157444 (Recon: 1.095755, Diff: 0.061688, KL: 0.000497)
2026-02-16 20:46:22,707 - INFO - Epoch 9/100 Batch 399/650 - Loss: 1.181826 (Recon: 1.085066, Diff: 0.096760, KL: 0.000384)
2026-02-16 20:46:23,817 - INFO - Epoch 9/100 Batch 400/650 - Loss: 1.176734 (Recon: 1.095663, Diff: 0.081070, KL: 0.000075)
2026-02-16 20:46:26,140 - INFO - Epoch 9/100 Batch 401/650 - Loss: 1.145877 (Recon: 1.091995, Diff: 0.053881, KL: 0.000426)
2026-02-16 20:46:27,254 - INFO - Epoch 9/100 Batch 402/650 - Loss: 1.218702 (Recon: 1.093415, Diff: 0.125287, KL: 0.000445)
2026-02-16 20:46:28,420 - INFO - Epoch 9/100 Batch 403/650 - Loss: 1.193295 (Recon: 1.087309, Diff: 0.105984, KL: 0.001805)
2026-02-16 20:46:29,588 - INFO - Epoch 9/100 Batch 404/650 - Loss: 1.234914 (Recon: 1.090551, Diff: 0.144363, KL: 0.000340)
2026-02-16 20:46:30,754 - INFO - Epoch 9/100 Batch 405/650 - Loss: 1.144524 (Recon: 1.094523, Diff: 0.050001, KL: 0.000447)
2026-02-16 20:46:31,841 - INFO - Epoch 9/100 Batch 406/650 - Loss: 1.159908 (Recon: 1.088810, Diff: 0.071098, KL: 0.000194)
2026-02-16 20:46:33,001 - INFO - Epoch 9/100 Batch 407/650 - Loss: 1.159714 (Recon: 1.091664, Diff: 0.068050, KL: 0.000111)
2026-02-16 20:46:34,174 - INFO - Epoch 9/100 Batch 408/650 - Loss: 1.214886 (Recon: 1.097285, Diff: 0.117601, KL: 0.000139)
2026-02-16 20:46:35,313 - INFO - Epoch 9/100 Batch 409/650 - Loss: 1.142339 (Recon: 1.095325, Diff: 0.047013, KL: 0.000115)
2026-02-16 20:46:36,398 - INFO - Epoch 9/100 Batch 410/650 - Loss: 1.176682 (Recon: 1.091540, Diff: 0.085142, KL: 0.000232)
2026-02-16 20:46:37,547 - INFO - Epoch 9/100 Batch 411/650 - Loss: 1.196005 (Recon: 1.093115, Diff: 0.102889, KL: 0.000138)
2026-02-16 20:46:38,711 - INFO - Epoch 9/100 Batch 412/650 - Loss: 1.135624 (Recon: 1.095420, Diff: 0.040204, KL: 0.000138)
2026-02-16 20:46:39,852 - INFO - Epoch 9/100 Batch 413/650 - Loss: 1.119631 (Recon: 1.091837, Diff: 0.027794, KL: 0.000076)
2026-02-16 20:46:40,964 - INFO - Epoch 9/100 Batch 414/650 - Loss: 1.184027 (Recon: 1.089861, Diff: 0.094166, KL: 0.000081)
2026-02-16 20:46:42,122 - INFO - Epoch 9/100 Batch 415/650 - Loss: 1.160090 (Recon: 1.093876, Diff: 0.066214, KL: 0.000078)
2026-02-16 20:46:43,240 - INFO - Epoch 9/100 Batch 416/650 - Loss: 1.174803 (Recon: 1.087049, Diff: 0.087754, KL: 0.000070)
2026-02-16 20:46:44,430 - INFO - Epoch 9/100 Batch 417/650 - Loss: 1.182423 (Recon: 1.093546, Diff: 0.088877, KL: 0.000107)
2026-02-16 20:46:45,560 - INFO - Epoch 9/100 Batch 418/650 - Loss: 1.194031 (Recon: 1.094114, Diff: 0.099917, KL: 0.000064)
2026-02-16 20:46:46,775 - INFO - Epoch 9/100 Batch 419/650 - Loss: 1.260623 (Recon: 1.092341, Diff: 0.168282, KL: 0.000283)
2026-02-16 20:46:47,901 - INFO - Epoch 9/100 Batch 420/650 - Loss: 1.140009 (Recon: 1.088134, Diff: 0.051875, KL: 0.000330)
2026-02-16 20:46:49,046 - INFO - Epoch 9/100 Batch 421/650 - Loss: 1.249916 (Recon: 1.097234, Diff: 0.152682, KL: 0.000083)
2026-02-16 20:46:50,124 - INFO - Epoch 9/100 Batch 422/650 - Loss: 1.206817 (Recon: 1.093426, Diff: 0.113391, KL: 0.000240)
2026-02-16 20:46:51,274 - INFO - Epoch 9/100 Batch 423/650 - Loss: 1.160376 (Recon: 1.073794, Diff: 0.086582, KL: 0.000280)
2026-02-16 20:46:52,466 - INFO - Epoch 9/100 Batch 424/650 - Loss: 1.173529 (Recon: 1.090651, Diff: 0.082878, KL: 0.000248)
2026-02-16 20:46:53,613 - INFO - Epoch 9/100 Batch 425/650 - Loss: 1.173885 (Recon: 1.090157, Diff: 0.083728, KL: 0.000483)
2026-02-16 20:46:54,696 - INFO - Epoch 9/100 Batch 426/650 - Loss: 1.174476 (Recon: 1.095816, Diff: 0.078660, KL: 0.000127)
2026-02-16 20:46:55,851 - INFO - Epoch 9/100 Batch 427/650 - Loss: 1.161628 (Recon: 1.091220, Diff: 0.070408, KL: 0.000147)
2026-02-16 20:46:57,010 - INFO - Epoch 9/100 Batch 428/650 - Loss: 1.159412 (Recon: 1.094481, Diff: 0.064931, KL: 0.000225)
2026-02-16 20:46:58,141 - INFO - Epoch 9/100 Batch 429/650 - Loss: 1.151107 (Recon: 1.090854, Diff: 0.060253, KL: 0.000174)
2026-02-16 20:46:59,256 - INFO - Epoch 9/100 Batch 430/650 - Loss: 1.154386 (Recon: 1.088076, Diff: 0.066310, KL: 0.000064)
2026-02-16 20:47:00,409 - INFO - Epoch 9/100 Batch 431/650 - Loss: 1.211437 (Recon: 1.092472, Diff: 0.118964, KL: 0.001432)
2026-02-16 20:47:01,667 - INFO - Epoch 9/100 Batch 432/650 - Loss: 1.164371 (Recon: 1.092338, Diff: 0.072031, KL: 0.001818)
2026-02-16 20:47:03,039 - INFO - Epoch 9/100 Batch 433/650 - Loss: 1.197305 (Recon: 1.091973, Diff: 0.105331, KL: 0.001432)
2026-02-16 20:47:04,140 - INFO - Epoch 9/100 Batch 434/650 - Loss: 1.184679 (Recon: 1.089817, Diff: 0.094862, KL: 0.000328)
2026-02-16 20:47:05,302 - INFO - Epoch 9/100 Batch 435/650 - Loss: 1.173448 (Recon: 1.094624, Diff: 0.078824, KL: 0.000727)
2026-02-16 20:47:06,410 - INFO - Epoch 9/100 Batch 436/650 - Loss: 1.197229 (Recon: 1.091849, Diff: 0.105378, KL: 0.001909)
2026-02-16 20:47:07,555 - INFO - Epoch 9/100 Batch 437/650 - Loss: 1.197312 (Recon: 1.088185, Diff: 0.109126, KL: 0.000755)
2026-02-16 20:47:08,603 - INFO - Epoch 9/100 Batch 438/650 - Loss: 1.151486 (Recon: 1.098347, Diff: 0.053138, KL: 0.000113)
2026-02-16 20:47:09,716 - INFO - Epoch 9/100 Batch 439/650 - Loss: 1.150175 (Recon: 1.086404, Diff: 0.063771, KL: 0.000834)
2026-02-16 20:47:10,864 - INFO - Epoch 9/100 Batch 440/650 - Loss: 1.139099 (Recon: 1.089466, Diff: 0.049632, KL: 0.000374)
2026-02-16 20:47:12,077 - INFO - Epoch 9/100 Batch 441/650 - Loss: 1.151213 (Recon: 1.088674, Diff: 0.062539, KL: 0.000263)
2026-02-16 20:47:13,162 - INFO - Epoch 9/100 Batch 442/650 - Loss: 1.161117 (Recon: 1.097946, Diff: 0.063171, KL: 0.001023)
2026-02-16 20:47:14,291 - INFO - Epoch 9/100 Batch 443/650 - Loss: 1.203207 (Recon: 1.080959, Diff: 0.122248, KL: 0.000153)
2026-02-16 20:47:15,339 - INFO - Epoch 9/100 Batch 444/650 - Loss: 1.164101 (Recon: 1.087723, Diff: 0.076377, KL: 0.001117)
2026-02-16 20:47:16,371 - INFO - Epoch 9/100 Batch 445/650 - Loss: 1.156070 (Recon: 1.087624, Diff: 0.068445, KL: 0.001559)
2026-02-16 20:47:20,008 - INFO - Epoch 9/100 Batch 446/650 - Loss: 1.170492 (Recon: 1.096242, Diff: 0.074250, KL: 0.000110)
2026-02-16 20:47:21,081 - INFO - Epoch 9/100 Batch 447/650 - Loss: 1.132999 (Recon: 1.090532, Diff: 0.042465, KL: 0.001067)
2026-02-16 20:47:22,153 - INFO - Epoch 9/100 Batch 448/650 - Loss: 1.289688 (Recon: 1.081468, Diff: 0.208219, KL: 0.000961)
2026-02-16 20:47:23,360 - INFO - Epoch 9/100 Batch 449/650 - Loss: 1.152170 (Recon: 1.094141, Diff: 0.058029, KL: 0.000142)
2026-02-16 20:47:24,733 - INFO - Epoch 9/100 Batch 450/650 - Loss: 1.235142 (Recon: 1.092065, Diff: 0.143076, KL: 0.001238)
2026-02-16 20:47:25,945 - INFO - Epoch 9/100 Batch 451/650 - Loss: 1.209835 (Recon: 1.084842, Diff: 0.124993, KL: 0.000399)
2026-02-16 20:47:27,150 - INFO - Epoch 9/100 Batch 452/650 - Loss: 1.189533 (Recon: 1.099695, Diff: 0.089837, KL: 0.000317)
2026-02-16 20:47:28,267 - INFO - Epoch 9/100 Batch 453/650 - Loss: 1.136296 (Recon: 1.090705, Diff: 0.045590, KL: 0.000575)
2026-02-16 20:47:29,315 - INFO - Epoch 9/100 Batch 454/650 - Loss: 1.193516 (Recon: 1.089895, Diff: 0.103620, KL: 0.000120)
2026-02-16 20:47:30,412 - INFO - Epoch 9/100 Batch 455/650 - Loss: 1.170722 (Recon: 1.094376, Diff: 0.076346, KL: 0.000552)
2026-02-16 20:47:31,456 - INFO - Epoch 9/100 Batch 456/650 - Loss: 1.169032 (Recon: 1.092155, Diff: 0.076877, KL: 0.000155)
2026-02-16 20:47:32,598 - INFO - Epoch 9/100 Batch 457/650 - Loss: 1.131693 (Recon: 1.086244, Diff: 0.045449, KL: 0.000367)
2026-02-16 20:47:33,675 - INFO - Epoch 9/100 Batch 458/650 - Loss: 1.179335 (Recon: 1.092674, Diff: 0.086660, KL: 0.000152)
2026-02-16 20:47:34,754 - INFO - Epoch 9/100 Batch 459/650 - Loss: 1.212058 (Recon: 1.085254, Diff: 0.126804, KL: 0.000178)
2026-02-16 20:47:35,927 - INFO - Epoch 9/100 Batch 460/650 - Loss: 1.144238 (Recon: 1.091152, Diff: 0.053086, KL: 0.000150)
2026-02-16 20:47:37,037 - INFO - Epoch 9/100 Batch 461/650 - Loss: 1.173879 (Recon: 1.087118, Diff: 0.086761, KL: 0.000151)
2026-02-16 20:47:38,092 - INFO - Epoch 9/100 Batch 462/650 - Loss: 1.188906 (Recon: 1.092095, Diff: 0.096810, KL: 0.000236)
2026-02-16 20:47:39,232 - INFO - Epoch 9/100 Batch 463/650 - Loss: 1.224473 (Recon: 1.081997, Diff: 0.142476, KL: 0.000063)
2026-02-16 20:47:40,344 - INFO - Epoch 9/100 Batch 464/650 - Loss: 1.144906 (Recon: 1.092384, Diff: 0.052522, KL: 0.000156)
2026-02-16 20:47:41,466 - INFO - Epoch 9/100 Batch 465/650 - Loss: 1.172712 (Recon: 1.096910, Diff: 0.075802, KL: 0.000197)
2026-02-16 20:47:42,556 - INFO - Epoch 9/100 Batch 466/650 - Loss: 1.191542 (Recon: 1.094137, Diff: 0.097404, KL: 0.000086)
2026-02-16 20:47:43,886 - INFO - Epoch 9/100 Batch 467/650 - Loss: 1.157089 (Recon: 1.091095, Diff: 0.065993, KL: 0.000571)
2026-02-16 20:47:45,037 - INFO - Epoch 9/100 Batch 468/650 - Loss: 1.154891 (Recon: 1.089603, Diff: 0.065288, KL: 0.000534)
2026-02-16 20:47:46,214 - INFO - Epoch 9/100 Batch 469/650 - Loss: 1.210916 (Recon: 1.082806, Diff: 0.128110, KL: 0.000096)
2026-02-16 20:47:47,738 - INFO - Epoch 9/100 Batch 470/650 - Loss: 1.209383 (Recon: 1.092502, Diff: 0.116880, KL: 0.000741)
2026-02-16 20:47:48,913 - INFO - Epoch 9/100 Batch 471/650 - Loss: 1.146435 (Recon: 1.089610, Diff: 0.056826, KL: 0.000490)
2026-02-16 20:47:50,073 - INFO - Epoch 9/100 Batch 472/650 - Loss: 1.193491 (Recon: 1.092830, Diff: 0.100661, KL: 0.000247)
2026-02-16 20:47:51,240 - INFO - Epoch 9/100 Batch 473/650 - Loss: 1.126006 (Recon: 1.091930, Diff: 0.034076, KL: 0.000466)
2026-02-16 20:47:52,315 - INFO - Epoch 9/100 Batch 474/650 - Loss: 1.195954 (Recon: 1.096680, Diff: 0.099274, KL: 0.000097)
2026-02-16 20:47:53,501 - INFO - Epoch 9/100 Batch 475/650 - Loss: 1.165524 (Recon: 1.091037, Diff: 0.074486, KL: 0.000904)
2026-02-16 20:47:54,636 - INFO - Epoch 9/100 Batch 476/650 - Loss: 1.138489 (Recon: 1.086623, Diff: 0.051865, KL: 0.001019)
2026-02-16 20:47:55,794 - INFO - Epoch 9/100 Batch 477/650 - Loss: 1.168187 (Recon: 1.093478, Diff: 0.074709, KL: 0.000093)
2026-02-16 20:47:56,868 - INFO - Epoch 9/100 Batch 478/650 - Loss: 1.127565 (Recon: 1.085168, Diff: 0.042396, KL: 0.001061)
2026-02-16 20:47:58,005 - INFO - Epoch 9/100 Batch 479/650 - Loss: 1.204017 (Recon: 1.088933, Diff: 0.115083, KL: 0.000951)
2026-02-16 20:47:59,164 - INFO - Epoch 9/100 Batch 480/650 - Loss: 1.161361 (Recon: 1.091722, Diff: 0.069639, KL: 0.000203)
2026-02-16 20:48:00,318 - INFO - Epoch 9/100 Batch 481/650 - Loss: 1.178780 (Recon: 1.093349, Diff: 0.085430, KL: 0.000460)
2026-02-16 20:48:01,365 - INFO - Epoch 9/100 Batch 482/650 - Loss: 1.219859 (Recon: 1.095266, Diff: 0.124592, KL: 0.000520)
2026-02-16 20:48:02,474 - INFO - Epoch 9/100 Batch 483/650 - Loss: 1.180388 (Recon: 1.079126, Diff: 0.101262, KL: 0.000205)
2026-02-16 20:48:03,594 - INFO - Epoch 9/100 Batch 484/650 - Loss: 1.115549 (Recon: 1.093370, Diff: 0.022179, KL: 0.000468)
2026-02-16 20:48:04,770 - INFO - Epoch 9/100 Batch 485/650 - Loss: 1.166125 (Recon: 1.086874, Diff: 0.079251, KL: 0.000231)
2026-02-16 20:48:05,913 - INFO - Epoch 9/100 Batch 486/650 - Loss: 1.172647 (Recon: 1.093315, Diff: 0.079331, KL: 0.000979)
2026-02-16 20:48:07,045 - INFO - Epoch 9/100 Batch 487/650 - Loss: 1.160147 (Recon: 1.082613, Diff: 0.077533, KL: 0.000328)
2026-02-16 20:48:08,210 - INFO - Epoch 9/100 Batch 488/650 - Loss: 1.194078 (Recon: 1.080852, Diff: 0.113225, KL: 0.000322)
2026-02-16 20:48:09,333 - INFO - Epoch 9/100 Batch 489/650 - Loss: 1.118782 (Recon: 1.080064, Diff: 0.038717, KL: 0.001206)
2026-02-16 20:48:10,390 - INFO - Epoch 9/100 Batch 490/650 - Loss: 1.138919 (Recon: 1.098192, Diff: 0.040726, KL: 0.000588)
2026-02-16 20:48:11,529 - INFO - Epoch 9/100 Batch 491/650 - Loss: 1.179621 (Recon: 1.082903, Diff: 0.096718, KL: 0.000150)
2026-02-16 20:48:12,687 - INFO - Epoch 9/100 Batch 492/650 - Loss: 1.217284 (Recon: 1.090010, Diff: 0.127273, KL: 0.000729)
2026-02-16 20:48:13,795 - INFO - Epoch 9/100 Batch 493/650 - Loss: 1.175800 (Recon: 1.095587, Diff: 0.080213, KL: 0.000367)
2026-02-16 20:48:14,843 - INFO - Epoch 9/100 Batch 494/650 - Loss: 1.169007 (Recon: 1.086739, Diff: 0.082268, KL: 0.000246)
2026-02-16 20:48:15,956 - INFO - Epoch 9/100 Batch 495/650 - Loss: 1.195128 (Recon: 1.089886, Diff: 0.105241, KL: 0.000628)
2026-02-16 20:48:16,989 - INFO - Epoch 9/100 Batch 496/650 - Loss: 1.150369 (Recon: 1.094176, Diff: 0.056193, KL: 0.000293)
2026-02-16 20:48:18,039 - INFO - Epoch 9/100 Batch 497/650 - Loss: 1.144344 (Recon: 1.092523, Diff: 0.051821, KL: 0.000076)
2026-02-16 20:48:19,044 - INFO - Epoch 9/100 Batch 498/650 - Loss: 1.134063 (Recon: 1.093535, Diff: 0.040528, KL: 0.000055)
2026-02-16 20:48:20,064 - INFO - Epoch 9/100 Batch 499/650 - Loss: 1.153972 (Recon: 1.091574, Diff: 0.062397, KL: 0.000102)
2026-02-16 20:48:23,912 - INFO - Epoch 9/100 Batch 500/650 - Loss: 1.133494 (Recon: 1.090446, Diff: 0.043048, KL: 0.000206)
2026-02-16 20:48:24,985 - INFO - Epoch 9/100 Batch 501/650 - Loss: 1.229739 (Recon: 1.091388, Diff: 0.138351, KL: 0.000229)
2026-02-16 20:48:26,044 - INFO - Epoch 9/100 Batch 502/650 - Loss: 1.191945 (Recon: 1.082268, Diff: 0.109678, KL: 0.000173)
2026-02-16 20:48:29,041 - INFO - Epoch 9/100 Batch 503/650 - Loss: 1.135381 (Recon: 1.090361, Diff: 0.045019, KL: 0.000274)
2026-02-16 20:48:37,696 - INFO - Epoch 9/100 Batch 504/650 - Loss: 1.172918 (Recon: 1.086517, Diff: 0.086401, KL: 0.000084)
2026-02-16 20:48:38,891 - INFO - Epoch 9/100 Batch 505/650 - Loss: 1.200794 (Recon: 1.084472, Diff: 0.116321, KL: 0.000252)
2026-02-16 20:48:39,999 - INFO - Epoch 9/100 Batch 506/650 - Loss: 1.228633 (Recon: 1.087444, Diff: 0.141188, KL: 0.000331)
2026-02-16 20:48:41,133 - INFO - Epoch 9/100 Batch 507/650 - Loss: 1.207060 (Recon: 1.074254, Diff: 0.132805, KL: 0.000122)
2026-02-16 20:48:42,213 - INFO - Epoch 9/100 Batch 508/650 - Loss: 1.216096 (Recon: 1.087348, Diff: 0.128748, KL: 0.000652)
2026-02-16 20:48:43,338 - INFO - Epoch 9/100 Batch 509/650 - Loss: 1.207166 (Recon: 1.085086, Diff: 0.122080, KL: 0.000193)
2026-02-16 20:48:44,476 - INFO - Epoch 9/100 Batch 510/650 - Loss: 1.204531 (Recon: 1.091358, Diff: 0.113173, KL: 0.000221)
2026-02-16 20:48:45,626 - INFO - Epoch 9/100 Batch 511/650 - Loss: 1.205548 (Recon: 1.092714, Diff: 0.112834, KL: 0.000659)
2026-02-16 20:48:46,710 - INFO - Epoch 9/100 Batch 512/650 - Loss: 1.144496 (Recon: 1.091699, Diff: 0.052797, KL: 0.000106)
2026-02-16 20:48:47,808 - INFO - Epoch 9/100 Batch 513/650 - Loss: 1.165758 (Recon: 1.093985, Diff: 0.071773, KL: 0.000339)
2026-02-16 20:48:48,959 - INFO - Epoch 9/100 Batch 514/650 - Loss: 1.163497 (Recon: 1.092150, Diff: 0.071346, KL: 0.000457)
2026-02-16 20:48:50,135 - INFO - Epoch 9/100 Batch 515/650 - Loss: 1.272875 (Recon: 1.087639, Diff: 0.185237, KL: 0.000132)
2026-02-16 20:48:51,229 - INFO - Epoch 9/100 Batch 516/650 - Loss: 1.224983 (Recon: 1.085104, Diff: 0.139878, KL: 0.000707)
2026-02-16 20:48:52,330 - INFO - Epoch 9/100 Batch 517/650 - Loss: 1.202918 (Recon: 1.089642, Diff: 0.113276, KL: 0.000316)
2026-02-16 20:48:53,480 - INFO - Epoch 9/100 Batch 518/650 - Loss: 1.148768 (Recon: 1.093617, Diff: 0.055151, KL: 0.000242)
2026-02-16 20:48:54,614 - INFO - Epoch 9/100 Batch 519/650 - Loss: 1.154707 (Recon: 1.091125, Diff: 0.063581, KL: 0.000803)
2026-02-16 20:48:55,718 - INFO - Epoch 9/100 Batch 520/650 - Loss: 1.147331 (Recon: 1.086544, Diff: 0.060786, KL: 0.000291)
2026-02-16 20:48:56,833 - INFO - Epoch 9/100 Batch 521/650 - Loss: 1.234303 (Recon: 1.084323, Diff: 0.149980, KL: 0.000171)
2026-02-16 20:48:57,922 - INFO - Epoch 9/100 Batch 522/650 - Loss: 1.153675 (Recon: 1.090214, Diff: 0.063461, KL: 0.000574)
2026-02-16 20:48:59,035 - INFO - Epoch 9/100 Batch 523/650 - Loss: 1.148986 (Recon: 1.091063, Diff: 0.057923, KL: 0.000360)
2026-02-16 20:49:00,134 - INFO - Epoch 9/100 Batch 524/650 - Loss: 1.144948 (Recon: 1.087229, Diff: 0.057718, KL: 0.000209)
2026-02-16 20:49:01,220 - INFO - Epoch 9/100 Batch 525/650 - Loss: 1.182924 (Recon: 1.080630, Diff: 0.102294, KL: 0.000245)
2026-02-16 20:49:02,357 - INFO - Epoch 9/100 Batch 526/650 - Loss: 1.191359 (Recon: 1.092002, Diff: 0.099356, KL: 0.000092)
2026-02-16 20:49:03,482 - INFO - Epoch 9/100 Batch 527/650 - Loss: 1.205465 (Recon: 1.089792, Diff: 0.115673, KL: 0.000086)
2026-02-16 20:49:04,590 - INFO - Epoch 9/100 Batch 528/650 - Loss: 1.143795 (Recon: 1.085239, Diff: 0.058556, KL: 0.000145)
2026-02-16 20:49:05,680 - INFO - Epoch 9/100 Batch 529/650 - Loss: 1.164217 (Recon: 1.085884, Diff: 0.078333, KL: 0.000130)
2026-02-16 20:49:06,824 - INFO - Epoch 9/100 Batch 530/650 - Loss: 1.200833 (Recon: 1.090072, Diff: 0.110761, KL: 0.000445)
2026-02-16 20:49:07,901 - INFO - Epoch 9/100 Batch 531/650 - Loss: 1.167219 (Recon: 1.092832, Diff: 0.074386, KL: 0.000172)
2026-02-16 20:49:09,007 - INFO - Epoch 9/100 Batch 532/650 - Loss: 1.149572 (Recon: 1.097086, Diff: 0.052486, KL: 0.000087)
2026-02-16 20:49:10,070 - INFO - Epoch 9/100 Batch 533/650 - Loss: 1.141845 (Recon: 1.093561, Diff: 0.048284, KL: 0.000069)
2026-02-16 20:49:11,197 - INFO - Epoch 9/100 Batch 534/650 - Loss: 1.159122 (Recon: 1.087684, Diff: 0.071438, KL: 0.000186)
2026-02-16 20:49:12,293 - INFO - Epoch 9/100 Batch 535/650 - Loss: 1.153895 (Recon: 1.082971, Diff: 0.070924, KL: 0.000149)
2026-02-16 20:49:13,388 - INFO - Epoch 9/100 Batch 536/650 - Loss: 1.143759 (Recon: 1.084672, Diff: 0.059087, KL: 0.000095)
2026-02-16 20:49:14,441 - INFO - Epoch 9/100 Batch 537/650 - Loss: 1.208134 (Recon: 1.086646, Diff: 0.121488, KL: 0.000109)
2026-02-16 20:49:15,562 - INFO - Epoch 9/100 Batch 538/650 - Loss: 1.147887 (Recon: 1.088588, Diff: 0.059299, KL: 0.000073)
2026-02-16 20:49:16,753 - INFO - Epoch 9/100 Batch 539/650 - Loss: 1.129200 (Recon: 1.087611, Diff: 0.041588, KL: 0.000104)
2026-02-16 20:49:17,775 - INFO - Epoch 9/100 Batch 540/650 - Loss: 1.209498 (Recon: 1.079327, Diff: 0.130171, KL: 0.000121)
2026-02-16 20:49:21,403 - INFO - Epoch 9/100 Batch 541/650 - Loss: 1.164416 (Recon: 1.089560, Diff: 0.074855, KL: 0.000438)
2026-02-16 20:49:22,434 - INFO - Epoch 9/100 Batch 542/650 - Loss: 1.204630 (Recon: 1.092911, Diff: 0.111719, KL: 0.000277)
2026-02-16 20:49:23,432 - INFO - Epoch 9/100 Batch 543/650 - Loss: 1.178265 (Recon: 1.094265, Diff: 0.084001, KL: 0.000044)
2026-02-16 20:49:24,767 - INFO - Epoch 9/100 Batch 544/650 - Loss: 1.182629 (Recon: 1.089466, Diff: 0.093162, KL: 0.000086)
2026-02-16 20:49:25,820 - INFO - Epoch 9/100 Batch 545/650 - Loss: 1.159827 (Recon: 1.089446, Diff: 0.070381, KL: 0.000319)
2026-02-16 20:49:26,803 - INFO - Epoch 9/100 Batch 546/650 - Loss: 1.181101 (Recon: 1.087085, Diff: 0.094017, KL: 0.000226)
2026-02-16 20:49:27,807 - INFO - Epoch 9/100 Batch 547/650 - Loss: 1.229892 (Recon: 1.085837, Diff: 0.144055, KL: 0.000293)
2026-02-16 20:49:36,386 - INFO - Epoch 9/100 Batch 548/650 - Loss: 1.171297 (Recon: 1.081631, Diff: 0.089666, KL: 0.000115)
2026-02-16 20:49:38,853 - INFO - Epoch 9/100 Batch 549/650 - Loss: 1.148364 (Recon: 1.080503, Diff: 0.067861, KL: 0.000071)
2026-02-16 20:49:39,902 - INFO - Epoch 9/100 Batch 550/650 - Loss: 1.177810 (Recon: 1.087627, Diff: 0.090184, KL: 0.000100)
2026-02-16 20:49:41,043 - INFO - Epoch 9/100 Batch 551/650 - Loss: 1.150719 (Recon: 1.084113, Diff: 0.066606, KL: 0.000129)
2026-02-16 20:49:42,125 - INFO - Epoch 9/100 Batch 552/650 - Loss: 1.168242 (Recon: 1.089337, Diff: 0.078904, KL: 0.000143)
2026-02-16 20:49:43,201 - INFO - Epoch 9/100 Batch 553/650 - Loss: 1.210178 (Recon: 1.082528, Diff: 0.127649, KL: 0.000216)
2026-02-16 20:49:44,304 - INFO - Epoch 9/100 Batch 554/650 - Loss: 1.201193 (Recon: 1.087520, Diff: 0.113674, KL: 0.000099)
2026-02-16 20:49:45,417 - INFO - Epoch 9/100 Batch 555/650 - Loss: 1.203813 (Recon: 1.085739, Diff: 0.118074, KL: 0.000102)
2026-02-16 20:49:46,483 - INFO - Epoch 9/100 Batch 556/650 - Loss: 1.136650 (Recon: 1.089575, Diff: 0.047075, KL: 0.000082)
2026-02-16 20:49:47,551 - INFO - Epoch 9/100 Batch 557/650 - Loss: 1.204331 (Recon: 1.088175, Diff: 0.116156, KL: 0.000066)
2026-02-16 20:49:48,637 - INFO - Epoch 9/100 Batch 558/650 - Loss: 1.160602 (Recon: 1.092235, Diff: 0.068367, KL: 0.000040)
2026-02-16 20:49:49,758 - INFO - Epoch 9/100 Batch 559/650 - Loss: 1.176124 (Recon: 1.087274, Diff: 0.088850, KL: 0.000905)
2026-02-16 20:49:50,830 - INFO - Epoch 9/100 Batch 560/650 - Loss: 1.184645 (Recon: 1.092610, Diff: 0.092035, KL: 0.000205)
2026-02-16 20:49:51,894 - INFO - Epoch 9/100 Batch 561/650 - Loss: 1.219420 (Recon: 1.077447, Diff: 0.141973, KL: 0.000213)
2026-02-16 20:49:52,967 - INFO - Epoch 9/100 Batch 562/650 - Loss: 1.140059 (Recon: 1.092072, Diff: 0.047986, KL: 0.000134)
2026-02-16 20:49:54,106 - INFO - Epoch 9/100 Batch 563/650 - Loss: 1.170563 (Recon: 1.084892, Diff: 0.085671, KL: 0.000085)
2026-02-16 20:49:55,197 - INFO - Epoch 9/100 Batch 564/650 - Loss: 1.197788 (Recon: 1.083759, Diff: 0.114029, KL: 0.000074)
2026-02-16 20:49:56,290 - INFO - Epoch 9/100 Batch 565/650 - Loss: 1.171002 (Recon: 1.092997, Diff: 0.078004, KL: 0.000045)
2026-02-16 20:49:57,379 - INFO - Epoch 9/100 Batch 566/650 - Loss: 1.184126 (Recon: 1.082266, Diff: 0.101860, KL: 0.000270)
2026-02-16 20:49:58,471 - INFO - Epoch 9/100 Batch 567/650 - Loss: 1.135603 (Recon: 1.089587, Diff: 0.046016, KL: 0.000112)
2026-02-16 20:49:59,532 - INFO - Epoch 9/100 Batch 568/650 - Loss: 1.147612 (Recon: 1.081254, Diff: 0.066357, KL: 0.000176)
2026-02-16 20:50:00,618 - INFO - Epoch 9/100 Batch 569/650 - Loss: 1.297659 (Recon: 1.089359, Diff: 0.208299, KL: 0.000259)
2026-02-16 20:50:01,763 - INFO - Epoch 9/100 Batch 570/650 - Loss: 1.157835 (Recon: 1.088666, Diff: 0.069168, KL: 0.000149)
2026-02-16 20:50:02,869 - INFO - Epoch 9/100 Batch 571/650 - Loss: 1.141459 (Recon: 1.092193, Diff: 0.049265, KL: 0.000070)
2026-02-16 20:50:03,972 - INFO - Epoch 9/100 Batch 572/650 - Loss: 1.210003 (Recon: 1.083123, Diff: 0.126879, KL: 0.000225)
2026-02-16 20:50:05,061 - INFO - Epoch 9/100 Batch 573/650 - Loss: 1.206278 (Recon: 1.086805, Diff: 0.119472, KL: 0.000051)
2026-02-16 20:50:06,141 - INFO - Epoch 9/100 Batch 574/650 - Loss: 1.190941 (Recon: 1.085435, Diff: 0.105505, KL: 0.000277)
2026-02-16 20:50:07,230 - INFO - Epoch 9/100 Batch 575/650 - Loss: 1.205093 (Recon: 1.077818, Diff: 0.127274, KL: 0.000546)
2026-02-16 20:50:08,287 - INFO - Epoch 9/100 Batch 576/650 - Loss: 1.155460 (Recon: 1.084994, Diff: 0.070466, KL: 0.000058)
2026-02-16 20:50:09,358 - INFO - Epoch 9/100 Batch 577/650 - Loss: 1.141302 (Recon: 1.088010, Diff: 0.053292, KL: 0.000455)
2026-02-16 20:50:10,416 - INFO - Epoch 9/100 Batch 578/650 - Loss: 1.149008 (Recon: 1.088030, Diff: 0.060978, KL: 0.000607)
2026-02-16 20:50:11,521 - INFO - Epoch 9/100 Batch 579/650 - Loss: 1.231786 (Recon: 1.083340, Diff: 0.148446, KL: 0.000073)
2026-02-16 20:50:12,601 - INFO - Epoch 9/100 Batch 580/650 - Loss: 1.123631 (Recon: 1.085086, Diff: 0.038544, KL: 0.000481)
2026-02-16 20:50:13,658 - INFO - Epoch 9/100 Batch 581/650 - Loss: 1.195413 (Recon: 1.087695, Diff: 0.107718, KL: 0.000400)
2026-02-16 20:50:14,786 - INFO - Epoch 9/100 Batch 582/650 - Loss: 1.172499 (Recon: 1.089037, Diff: 0.083462, KL: 0.000053)
2026-02-16 20:50:16,078 - INFO - Epoch 9/100 Batch 583/650 - Loss: 1.164106 (Recon: 1.089390, Diff: 0.074715, KL: 0.000487)
2026-02-16 20:50:17,182 - INFO - Epoch 9/100 Batch 584/650 - Loss: 1.179388 (Recon: 1.091420, Diff: 0.087968, KL: 0.000386)
2026-02-16 20:50:18,309 - INFO - Epoch 9/100 Batch 585/650 - Loss: 1.159028 (Recon: 1.090638, Diff: 0.068390, KL: 0.000137)
2026-02-16 20:50:19,343 - INFO - Epoch 9/100 Batch 586/650 - Loss: 1.161545 (Recon: 1.086955, Diff: 0.074590, KL: 0.000109)
2026-02-16 20:50:20,392 - INFO - Epoch 9/100 Batch 587/650 - Loss: 1.132184 (Recon: 1.087570, Diff: 0.044613, KL: 0.000267)
2026-02-16 20:50:21,384 - INFO - Epoch 9/100 Batch 588/650 - Loss: 1.181486 (Recon: 1.081460, Diff: 0.100025, KL: 0.000129)
2026-02-16 20:50:22,386 - INFO - Epoch 9/100 Batch 589/650 - Loss: 1.184894 (Recon: 1.089095, Diff: 0.095799, KL: 0.000276)
2026-02-16 20:50:24,168 - INFO - Epoch 9/100 Batch 590/650 - Loss: 1.190129 (Recon: 1.091424, Diff: 0.098704, KL: 0.000486)
2026-02-16 20:50:25,231 - INFO - Epoch 9/100 Batch 591/650 - Loss: 1.197995 (Recon: 1.087708, Diff: 0.110287, KL: 0.000220)
2026-02-16 20:50:26,271 - INFO - Epoch 9/100 Batch 592/650 - Loss: 1.216297 (Recon: 1.081958, Diff: 0.134339, KL: 0.000098)
2026-02-16 20:50:27,332 - INFO - Epoch 9/100 Batch 593/650 - Loss: 1.153660 (Recon: 1.081908, Diff: 0.071751, KL: 0.000266)
2026-02-16 20:50:33,573 - INFO - Epoch 9/100 Batch 594/650 - Loss: 1.160982 (Recon: 1.082194, Diff: 0.078788, KL: 0.000231)
2026-02-16 20:50:34,659 - INFO - Epoch 9/100 Batch 595/650 - Loss: 1.166459 (Recon: 1.088236, Diff: 0.078223, KL: 0.000081)
2026-02-16 20:50:35,762 - INFO - Epoch 9/100 Batch 596/650 - Loss: 1.175989 (Recon: 1.072416, Diff: 0.103573, KL: 0.000607)
2026-02-16 20:50:36,920 - INFO - Epoch 9/100 Batch 597/650 - Loss: 1.135139 (Recon: 1.089031, Diff: 0.046107, KL: 0.000548)
2026-02-16 20:50:37,992 - INFO - Epoch 9/100 Batch 598/650 - Loss: 1.142099 (Recon: 1.085603, Diff: 0.056497, KL: 0.000069)
2026-02-16 20:50:39,101 - INFO - Epoch 9/100 Batch 599/650 - Loss: 1.190540 (Recon: 1.085683, Diff: 0.104857, KL: 0.000479)
2026-02-16 20:50:40,167 - INFO - Epoch 9/100 Batch 600/650 - Loss: 1.148028 (Recon: 1.095473, Diff: 0.052554, KL: 0.000407)
2026-02-16 20:50:41,266 - INFO - Epoch 9/100 Batch 601/650 - Loss: 1.153651 (Recon: 1.088836, Diff: 0.064815, KL: 0.000159)
2026-02-16 20:50:42,326 - INFO - Epoch 9/100 Batch 602/650 - Loss: 1.162254 (Recon: 1.090892, Diff: 0.071363, KL: 0.000119)
2026-02-16 20:50:43,409 - INFO - Epoch 9/100 Batch 603/650 - Loss: 1.150047 (Recon: 1.088672, Diff: 0.061374, KL: 0.000286)
2026-02-16 20:50:44,447 - INFO - Epoch 9/100 Batch 604/650 - Loss: 1.175034 (Recon: 1.088792, Diff: 0.086241, KL: 0.000082)
2026-02-16 20:50:45,530 - INFO - Epoch 9/100 Batch 605/650 - Loss: 1.169508 (Recon: 1.091156, Diff: 0.078352, KL: 0.000209)
2026-02-16 20:50:46,592 - INFO - Epoch 9/100 Batch 606/650 - Loss: 1.128173 (Recon: 1.086926, Diff: 0.041247, KL: 0.000367)
2026-02-16 20:50:47,662 - INFO - Epoch 9/100 Batch 607/650 - Loss: 1.140325 (Recon: 1.082795, Diff: 0.057529, KL: 0.000178)
2026-02-16 20:50:48,725 - INFO - Epoch 9/100 Batch 608/650 - Loss: 1.130299 (Recon: 1.088606, Diff: 0.041693, KL: 0.000062)
2026-02-16 20:50:49,839 - INFO - Epoch 9/100 Batch 609/650 - Loss: 1.191347 (Recon: 1.089586, Diff: 0.101760, KL: 0.000076)
2026-02-16 20:50:50,920 - INFO - Epoch 9/100 Batch 610/650 - Loss: 1.203359 (Recon: 1.088768, Diff: 0.114591, KL: 0.000096)
2026-02-16 20:50:51,986 - INFO - Epoch 9/100 Batch 611/650 - Loss: 1.175038 (Recon: 1.087708, Diff: 0.087330, KL: 0.000086)
2026-02-16 20:50:58,048 - INFO - Epoch 9/100 Batch 612/650 - Loss: 1.151324 (Recon: 1.083846, Diff: 0.067478, KL: 0.000086)
2026-02-16 20:50:59,131 - INFO - Epoch 9/100 Batch 613/650 - Loss: 1.144767 (Recon: 1.087079, Diff: 0.057688, KL: 0.000291)
2026-02-16 20:51:00,232 - INFO - Epoch 9/100 Batch 614/650 - Loss: 1.155917 (Recon: 1.084251, Diff: 0.071666, KL: 0.000141)
2026-02-16 20:51:01,317 - INFO - Epoch 9/100 Batch 615/650 - Loss: 1.172366 (Recon: 1.091492, Diff: 0.080874, KL: 0.000075)
2026-02-16 20:51:02,396 - INFO - Epoch 9/100 Batch 616/650 - Loss: 1.139088 (Recon: 1.081872, Diff: 0.057215, KL: 0.000268)
2026-02-16 20:51:03,439 - INFO - Epoch 9/100 Batch 617/650 - Loss: 1.244831 (Recon: 1.089076, Diff: 0.155755, KL: 0.000094)
2026-02-16 20:51:04,497 - INFO - Epoch 9/100 Batch 618/650 - Loss: 1.161066 (Recon: 1.087943, Diff: 0.073123, KL: 0.000171)
2026-02-16 20:51:05,585 - INFO - Epoch 9/100 Batch 619/650 - Loss: 1.260543 (Recon: 1.080411, Diff: 0.180132, KL: 0.000626)
2026-02-16 20:51:06,646 - INFO - Epoch 9/100 Batch 620/650 - Loss: 1.148424 (Recon: 1.089483, Diff: 0.058940, KL: 0.000312)
2026-02-16 20:51:07,678 - INFO - Epoch 9/100 Batch 621/650 - Loss: 1.148038 (Recon: 1.086136, Diff: 0.061902, KL: 0.000052)
2026-02-16 20:51:08,762 - INFO - Epoch 9/100 Batch 622/650 - Loss: 1.170324 (Recon: 1.084064, Diff: 0.086260, KL: 0.000211)
2026-02-16 20:51:09,889 - INFO - Epoch 9/100 Batch 623/650 - Loss: 1.132433 (Recon: 1.085808, Diff: 0.046625, KL: 0.000056)
2026-02-16 20:51:10,985 - INFO - Epoch 9/100 Batch 624/650 - Loss: 1.173159 (Recon: 1.085061, Diff: 0.088097, KL: 0.000195)
2026-02-16 20:51:12,078 - INFO - Epoch 9/100 Batch 625/650 - Loss: 1.130233 (Recon: 1.092408, Diff: 0.037825, KL: 0.000105)
2026-02-16 20:51:13,138 - INFO - Epoch 9/100 Batch 626/650 - Loss: 1.167189 (Recon: 1.089973, Diff: 0.077216, KL: 0.000108)
2026-02-16 20:51:14,174 - INFO - Epoch 9/100 Batch 627/650 - Loss: 1.214469 (Recon: 1.081787, Diff: 0.132682, KL: 0.000188)
2026-02-16 20:51:15,230 - INFO - Epoch 9/100 Batch 628/650 - Loss: 1.197763 (Recon: 1.085613, Diff: 0.112149, KL: 0.000092)
2026-02-16 20:51:16,252 - INFO - Epoch 9/100 Batch 629/650 - Loss: 1.157762 (Recon: 1.088982, Diff: 0.068780, KL: 0.000254)
2026-02-16 20:51:17,322 - INFO - Epoch 9/100 Batch 630/650 - Loss: 1.189770 (Recon: 1.087495, Diff: 0.102274, KL: 0.000348)
2026-02-16 20:51:18,375 - INFO - Epoch 9/100 Batch 631/650 - Loss: 1.151172 (Recon: 1.082661, Diff: 0.068511, KL: 0.000140)
2026-02-16 20:51:19,403 - INFO - Epoch 9/100 Batch 632/650 - Loss: 1.144611 (Recon: 1.089619, Diff: 0.054992, KL: 0.000153)
2026-02-16 20:51:22,155 - INFO - Epoch 9/100 Batch 633/650 - Loss: 1.147190 (Recon: 1.085379, Diff: 0.061811, KL: 0.000048)
2026-02-16 20:51:23,238 - INFO - Epoch 9/100 Batch 634/650 - Loss: 1.140903 (Recon: 1.078752, Diff: 0.062151, KL: 0.000097)
2026-02-16 20:51:24,242 - INFO - Epoch 9/100 Batch 635/650 - Loss: 1.179240 (Recon: 1.083886, Diff: 0.095353, KL: 0.000631)
2026-02-16 20:51:25,240 - INFO - Epoch 9/100 Batch 636/650 - Loss: 1.142650 (Recon: 1.084834, Diff: 0.057816, KL: 0.000096)
2026-02-16 20:51:26,805 - INFO - Epoch 9/100 Batch 637/650 - Loss: 1.181722 (Recon: 1.088457, Diff: 0.093264, KL: 0.000067)
2026-02-16 20:51:28,623 - INFO - Epoch 9/100 Batch 638/650 - Loss: 1.138957 (Recon: 1.084095, Diff: 0.054862, KL: 0.000061)
2026-02-16 20:51:29,652 - INFO - Epoch 9/100 Batch 639/650 - Loss: 1.186839 (Recon: 1.088451, Diff: 0.098388, KL: 0.000412)
2026-02-16 20:51:30,651 - INFO - Epoch 9/100 Batch 640/650 - Loss: 1.149636 (Recon: 1.090883, Diff: 0.058753, KL: 0.000108)
2026-02-16 20:51:31,670 - INFO - Epoch 9/100 Batch 641/650 - Loss: 1.180391 (Recon: 1.078900, Diff: 0.101491, KL: 0.000062)
2026-02-16 20:51:35,052 - INFO - Epoch 9/100 Batch 642/650 - Loss: 1.147469 (Recon: 1.087446, Diff: 0.060023, KL: 0.000064)
2026-02-16 20:51:36,107 - INFO - Epoch 9/100 Batch 643/650 - Loss: 1.177296 (Recon: 1.086506, Diff: 0.090790, KL: 0.000084)
2026-02-16 20:51:37,085 - INFO - Epoch 9/100 Batch 644/650 - Loss: 1.173699 (Recon: 1.084803, Diff: 0.088896, KL: 0.000052)
2026-02-16 20:51:38,120 - INFO - Epoch 9/100 Batch 645/650 - Loss: 1.127887 (Recon: 1.084483, Diff: 0.043404, KL: 0.000102)
2026-02-16 20:51:39,114 - INFO - Epoch 9/100 Batch 646/650 - Loss: 1.146765 (Recon: 1.085765, Diff: 0.061000, KL: 0.000121)
2026-02-16 20:51:40,159 - INFO - Epoch 9/100 Batch 647/650 - Loss: 1.143131 (Recon: 1.088655, Diff: 0.054476, KL: 0.000065)
2026-02-16 20:51:41,165 - INFO - Epoch 9/100 Batch 648/650 - Loss: 1.222528 (Recon: 1.086060, Diff: 0.136469, KL: 0.000150)
2026-02-16 20:51:42,185 - INFO - Epoch 9/100 Batch 649/650 - Loss: 1.144640 (Recon: 1.076071, Diff: 0.068569, KL: 0.000174)
2026-02-16 20:51:43,222 - INFO - Epoch 9/100 Batch 650/650 - Loss: 1.176619 (Recon: 1.085442, Diff: 0.091177, KL: 0.000084)
2026-02-16 20:51:43,396 - INFO - Epoch 9 Train Loss: 1.180460
2026-02-16 20:51:47,886 - INFO - Epoch 9 Val Loss: 1.157368 (Recon: 1.0911, Diff: 0.0663, KL: 0.0044)
2026-02-16 20:51:48,395 - INFO - New best model saved with val_loss: 1.157368
2026-02-16 20:51:51,109 - INFO - Epoch 10/100 Batch 1/650 - Loss: 1.186766 (Recon: 1.084978, Diff: 0.101787, KL: 0.000044)
2026-02-16 20:51:52,299 - INFO - Epoch 10/100 Batch 2/650 - Loss: 1.212955 (Recon: 1.081683, Diff: 0.131273, KL: 0.000115)
2026-02-16 20:51:53,383 - INFO - Epoch 10/100 Batch 3/650 - Loss: 1.154785 (Recon: 1.087894, Diff: 0.066891, KL: 0.000147)
2026-02-16 20:51:54,491 - INFO - Epoch 10/100 Batch 4/650 - Loss: 1.162547 (Recon: 1.086228, Diff: 0.076319, KL: 0.000100)
2026-02-16 20:51:55,580 - INFO - Epoch 10/100 Batch 5/650 - Loss: 1.194134 (Recon: 1.082284, Diff: 0.111850, KL: 0.000177)
2026-02-16 20:52:00,360 - INFO - Epoch 10/100 Batch 6/650 - Loss: 1.291772 (Recon: 1.081132, Diff: 0.210639, KL: 0.000233)
2026-02-16 20:52:01,419 - INFO - Epoch 10/100 Batch 7/650 - Loss: 1.215477 (Recon: 1.088517, Diff: 0.126960, KL: 0.000150)
2026-02-16 20:52:02,543 - INFO - Epoch 10/100 Batch 8/650 - Loss: 1.136412 (Recon: 1.087046, Diff: 0.049367, KL: 0.000166)
2026-02-16 20:52:03,643 - INFO - Epoch 10/100 Batch 9/650 - Loss: 1.242747 (Recon: 1.084812, Diff: 0.157935, KL: 0.000093)
2026-02-16 20:52:04,733 - INFO - Epoch 10/100 Batch 10/650 - Loss: 1.141977 (Recon: 1.088906, Diff: 0.053071, KL: 0.000525)
2026-02-16 20:52:05,777 - INFO - Epoch 10/100 Batch 11/650 - Loss: 1.219132 (Recon: 1.079154, Diff: 0.139978, KL: 0.000434)
2026-02-16 20:52:06,883 - INFO - Epoch 10/100 Batch 12/650 - Loss: 1.160303 (Recon: 1.082412, Diff: 0.077891, KL: 0.000082)
2026-02-16 20:52:07,987 - INFO - Epoch 10/100 Batch 13/650 - Loss: 1.140286 (Recon: 1.086519, Diff: 0.053766, KL: 0.000275)
2026-02-16 20:52:09,007 - INFO - Epoch 10/100 Batch 14/650 - Loss: 1.146174 (Recon: 1.079015, Diff: 0.067158, KL: 0.000214)
2026-02-16 20:52:10,044 - INFO - Epoch 10/100 Batch 15/650 - Loss: 1.164240 (Recon: 1.081652, Diff: 0.082588, KL: 0.000189)
2026-02-16 20:52:11,159 - INFO - Epoch 10/100 Batch 16/650 - Loss: 1.152196 (Recon: 1.085186, Diff: 0.067010, KL: 0.000599)
2026-02-16 20:52:12,251 - INFO - Epoch 10/100 Batch 17/650 - Loss: 1.185820 (Recon: 1.082961, Diff: 0.102859, KL: 0.000317)
2026-02-16 20:52:13,314 - INFO - Epoch 10/100 Batch 18/650 - Loss: 1.197613 (Recon: 1.088603, Diff: 0.109010, KL: 0.000148)
2026-02-16 20:52:14,404 - INFO - Epoch 10/100 Batch 19/650 - Loss: 1.158404 (Recon: 1.087045, Diff: 0.071358, KL: 0.000603)
2026-02-16 20:52:15,514 - INFO - Epoch 10/100 Batch 20/650 - Loss: 1.219571 (Recon: 1.085576, Diff: 0.133995, KL: 0.000238)
2026-02-16 20:52:16,673 - INFO - Epoch 10/100 Batch 21/650 - Loss: 1.144561 (Recon: 1.089628, Diff: 0.054932, KL: 0.000207)
2026-02-16 20:52:17,683 - INFO - Epoch 10/100 Batch 22/650 - Loss: 1.173311 (Recon: 1.075641, Diff: 0.097670, KL: 0.000536)
2026-02-16 20:52:18,760 - INFO - Epoch 10/100 Batch 23/650 - Loss: 1.161273 (Recon: 1.084831, Diff: 0.076442, KL: 0.000182)
2026-02-16 20:52:19,861 - INFO - Epoch 10/100 Batch 24/650 - Loss: 1.193576 (Recon: 1.079414, Diff: 0.114161, KL: 0.000195)
2026-02-16 20:52:21,003 - INFO - Epoch 10/100 Batch 25/650 - Loss: 1.126995 (Recon: 1.085382, Diff: 0.041613, KL: 0.000552)
2026-02-16 20:52:22,010 - INFO - Epoch 10/100 Batch 26/650 - Loss: 1.139381 (Recon: 1.083122, Diff: 0.056259, KL: 0.000389)
2026-02-16 20:52:23,039 - INFO - Epoch 10/100 Batch 27/650 - Loss: 1.154429 (Recon: 1.083514, Diff: 0.070915, KL: 0.000049)
2026-02-16 20:52:26,289 - INFO - Epoch 10/100 Batch 28/650 - Loss: 1.175275 (Recon: 1.075637, Diff: 0.099637, KL: 0.000197)
2026-02-16 20:52:27,315 - INFO - Epoch 10/100 Batch 29/650 - Loss: 1.190821 (Recon: 1.086636, Diff: 0.104184, KL: 0.000197)
2026-02-16 20:52:28,346 - INFO - Epoch 10/100 Batch 30/650 - Loss: 1.181599 (Recon: 1.076154, Diff: 0.105444, KL: 0.000306)
2026-02-16 20:52:29,387 - INFO - Epoch 10/100 Batch 31/650 - Loss: 1.165506 (Recon: 1.077731, Diff: 0.087774, KL: 0.000852)
2026-02-16 20:52:30,417 - INFO - Epoch 10/100 Batch 32/650 - Loss: 1.158836 (Recon: 1.080441, Diff: 0.078394, KL: 0.000624)
2026-02-16 20:52:31,486 - INFO - Epoch 10/100 Batch 33/650 - Loss: 1.182262 (Recon: 1.084373, Diff: 0.097889, KL: 0.000078)
2026-02-16 20:52:34,003 - INFO - Epoch 10/100 Batch 34/650 - Loss: 1.189148 (Recon: 1.091078, Diff: 0.098070, KL: 0.000146)
2026-02-16 20:52:36,140 - INFO - Epoch 10/100 Batch 35/650 - Loss: 1.219307 (Recon: 1.079273, Diff: 0.140033, KL: 0.000311)
2026-02-16 20:52:37,268 - INFO - Epoch 10/100 Batch 36/650 - Loss: 1.157968 (Recon: 1.082940, Diff: 0.075027, KL: 0.000228)
2026-02-16 20:52:38,390 - INFO - Epoch 10/100 Batch 37/650 - Loss: 1.151881 (Recon: 1.083486, Diff: 0.068395, KL: 0.000107)
2026-02-16 20:52:39,520 - INFO - Epoch 10/100 Batch 38/650 - Loss: 1.123473 (Recon: 1.088627, Diff: 0.034846, KL: 0.000110)
2026-02-16 20:52:40,660 - INFO - Epoch 10/100 Batch 39/650 - Loss: 1.145543 (Recon: 1.080410, Diff: 0.065134, KL: 0.000068)
2026-02-16 20:52:41,894 - INFO - Epoch 10/100 Batch 40/650 - Loss: 1.236870 (Recon: 1.081141, Diff: 0.155729, KL: 0.000167)
2026-02-16 20:52:43,014 - INFO - Epoch 10/100 Batch 41/650 - Loss: 1.177726 (Recon: 1.085979, Diff: 0.091747, KL: 0.000063)
2026-02-16 20:52:44,116 - INFO - Epoch 10/100 Batch 42/650 - Loss: 1.191489 (Recon: 1.082983, Diff: 0.108506, KL: 0.000149)
2026-02-16 20:52:45,241 - INFO - Epoch 10/100 Batch 43/650 - Loss: 1.133805 (Recon: 1.086735, Diff: 0.047070, KL: 0.000112)
2026-02-16 20:52:46,284 - INFO - Epoch 10/100 Batch 44/650 - Loss: 1.137781 (Recon: 1.087383, Diff: 0.050398, KL: 0.000086)
2026-02-16 20:52:47,387 - INFO - Epoch 10/100 Batch 45/650 - Loss: 1.131104 (Recon: 1.075579, Diff: 0.055525, KL: 0.000142)
2026-02-16 20:52:48,508 - INFO - Epoch 10/100 Batch 46/650 - Loss: 1.142020 (Recon: 1.086805, Diff: 0.055215, KL: 0.000132)
2026-02-16 20:52:49,615 - INFO - Epoch 10/100 Batch 47/650 - Loss: 1.163367 (Recon: 1.085758, Diff: 0.077609, KL: 0.000059)
2026-02-16 20:52:50,690 - INFO - Epoch 10/100 Batch 48/650 - Loss: 1.163069 (Recon: 1.088535, Diff: 0.074534, KL: 0.000131)
2026-02-16 20:52:51,791 - INFO - Epoch 10/100 Batch 49/650 - Loss: 1.201406 (Recon: 1.080028, Diff: 0.121378, KL: 0.000146)
2026-02-16 20:52:52,883 - INFO - Epoch 10/100 Batch 50/650 - Loss: 1.173018 (Recon: 1.084660, Diff: 0.088358, KL: 0.000165)
2026-02-16 20:52:54,120 - INFO - Epoch 10/100 Batch 51/650 - Loss: 1.147090 (Recon: 1.082616, Diff: 0.064474, KL: 0.000137)
2026-02-16 20:52:55,287 - INFO - Epoch 10/100 Batch 52/650 - Loss: 1.193320 (Recon: 1.078085, Diff: 0.115235, KL: 0.000172)
2026-02-16 20:52:56,436 - INFO - Epoch 10/100 Batch 53/650 - Loss: 1.181680 (Recon: 1.089543, Diff: 0.092136, KL: 0.000067)
2026-02-16 20:52:57,537 - INFO - Epoch 10/100 Batch 54/650 - Loss: 1.140182 (Recon: 1.079620, Diff: 0.060562, KL: 0.000153)
2026-02-16 20:52:58,689 - INFO - Epoch 10/100 Batch 55/650 - Loss: 1.172302 (Recon: 1.089216, Diff: 0.083085, KL: 0.000215)
2026-02-16 20:52:59,805 - INFO - Epoch 10/100 Batch 56/650 - Loss: 1.184324 (Recon: 1.084634, Diff: 0.099690, KL: 0.000444)
2026-02-16 20:53:00,952 - INFO - Epoch 10/100 Batch 57/650 - Loss: 1.135563 (Recon: 1.086839, Diff: 0.048724, KL: 0.000192)
2026-02-16 20:53:02,087 - INFO - Epoch 10/100 Batch 58/650 - Loss: 1.125346 (Recon: 1.080727, Diff: 0.044619, KL: 0.000063)
2026-02-16 20:53:03,259 - INFO - Epoch 10/100 Batch 59/650 - Loss: 1.151880 (Recon: 1.081519, Diff: 0.070361, KL: 0.000169)
2026-02-16 20:53:04,355 - INFO - Epoch 10/100 Batch 60/650 - Loss: 1.146209 (Recon: 1.082541, Diff: 0.063668, KL: 0.000059)
2026-02-16 20:53:05,521 - INFO - Epoch 10/100 Batch 61/650 - Loss: 1.172781 (Recon: 1.088635, Diff: 0.084145, KL: 0.000199)
2026-02-16 20:53:06,657 - INFO - Epoch 10/100 Batch 62/650 - Loss: 1.131072 (Recon: 1.078297, Diff: 0.052775, KL: 0.000064)
2026-02-16 20:53:07,775 - INFO - Epoch 10/100 Batch 63/650 - Loss: 1.134330 (Recon: 1.074187, Diff: 0.060143, KL: 0.000091)
2026-02-16 20:53:08,901 - INFO - Epoch 10/100 Batch 64/650 - Loss: 1.196950 (Recon: 1.080123, Diff: 0.116827, KL: 0.000098)
2026-02-16 20:53:10,060 - INFO - Epoch 10/100 Batch 65/650 - Loss: 1.184475 (Recon: 1.075261, Diff: 0.109214, KL: 0.000196)
2026-02-16 20:53:11,218 - INFO - Epoch 10/100 Batch 66/650 - Loss: 1.164153 (Recon: 1.083999, Diff: 0.080154, KL: 0.000111)
2026-02-16 20:53:12,378 - INFO - Epoch 10/100 Batch 67/650 - Loss: 1.207852 (Recon: 1.082724, Diff: 0.125127, KL: 0.000326)
2026-02-16 20:53:13,509 - INFO - Epoch 10/100 Batch 68/650 - Loss: 1.220376 (Recon: 1.087587, Diff: 0.132789, KL: 0.000495)
2026-02-16 20:53:14,611 - INFO - Epoch 10/100 Batch 69/650 - Loss: 1.186497 (Recon: 1.083017, Diff: 0.103480, KL: 0.000189)
2026-02-16 20:53:15,747 - INFO - Epoch 10/100 Batch 70/650 - Loss: 1.172386 (Recon: 1.077107, Diff: 0.095278, KL: 0.000457)
2026-02-16 20:53:16,882 - INFO - Epoch 10/100 Batch 71/650 - Loss: 1.172724 (Recon: 1.078161, Diff: 0.094563, KL: 0.000334)
2026-02-16 20:53:18,032 - INFO - Epoch 10/100 Batch 72/650 - Loss: 1.202348 (Recon: 1.084487, Diff: 0.117861, KL: 0.000120)
2026-02-16 20:53:19,200 - INFO - Epoch 10/100 Batch 73/650 - Loss: 1.185212 (Recon: 1.079581, Diff: 0.105631, KL: 0.000169)
2026-02-16 20:53:20,388 - INFO - Epoch 10/100 Batch 74/650 - Loss: 1.159381 (Recon: 1.085630, Diff: 0.073750, KL: 0.000136)
2026-02-16 20:53:21,518 - INFO - Epoch 10/100 Batch 75/650 - Loss: 1.164228 (Recon: 1.080594, Diff: 0.083634, KL: 0.000125)
2026-02-16 20:53:22,785 - INFO - Epoch 10/100 Batch 76/650 - Loss: 1.137152 (Recon: 1.084622, Diff: 0.052530, KL: 0.000399)
2026-02-16 20:53:23,816 - INFO - Epoch 10/100 Batch 77/650 - Loss: 1.184522 (Recon: 1.085464, Diff: 0.099058, KL: 0.000375)
2026-02-16 20:53:24,837 - INFO - Epoch 10/100 Batch 78/650 - Loss: 1.201611 (Recon: 1.078055, Diff: 0.123556, KL: 0.000073)
2026-02-16 20:53:25,861 - INFO - Epoch 10/100 Batch 79/650 - Loss: 1.200725 (Recon: 1.075381, Diff: 0.125344, KL: 0.000473)
2026-02-16 20:53:29,233 - INFO - Epoch 10/100 Batch 80/650 - Loss: 1.208406 (Recon: 1.081883, Diff: 0.126522, KL: 0.000618)
2026-02-16 20:53:30,389 - INFO - Epoch 10/100 Batch 81/650 - Loss: 1.158889 (Recon: 1.083631, Diff: 0.075257, KL: 0.000152)
2026-02-16 20:53:31,441 - INFO - Epoch 10/100 Batch 82/650 - Loss: 1.171433 (Recon: 1.081859, Diff: 0.089574, KL: 0.000161)
2026-02-16 20:53:32,532 - INFO - Epoch 10/100 Batch 83/650 - Loss: 1.178001 (Recon: 1.083729, Diff: 0.094272, KL: 0.000092)
2026-02-16 20:53:33,604 - INFO - Epoch 10/100 Batch 84/650 - Loss: 1.144333 (Recon: 1.077290, Diff: 0.067043, KL: 0.000075)
2026-02-16 20:53:38,610 - INFO - Epoch 10/100 Batch 85/650 - Loss: 1.158834 (Recon: 1.085017, Diff: 0.073817, KL: 0.000192)
2026-02-16 20:53:39,738 - INFO - Epoch 10/100 Batch 86/650 - Loss: 1.116930 (Recon: 1.072914, Diff: 0.044016, KL: 0.000099)
2026-02-16 20:53:40,894 - INFO - Epoch 10/100 Batch 87/650 - Loss: 1.170007 (Recon: 1.087253, Diff: 0.082754, KL: 0.000087)
2026-02-16 20:53:42,099 - INFO - Epoch 10/100 Batch 88/650 - Loss: 1.171490 (Recon: 1.082508, Diff: 0.088982, KL: 0.000203)
2026-02-16 20:53:43,157 - INFO - Epoch 10/100 Batch 89/650 - Loss: 1.147689 (Recon: 1.083864, Diff: 0.063824, KL: 0.000275)
2026-02-16 20:53:44,285 - INFO - Epoch 10/100 Batch 90/650 - Loss: 1.164490 (Recon: 1.082806, Diff: 0.081684, KL: 0.000151)
2026-02-16 20:53:45,376 - INFO - Epoch 10/100 Batch 91/650 - Loss: 1.180093 (Recon: 1.085704, Diff: 0.094389, KL: 0.000077)
2026-02-16 20:53:46,578 - INFO - Epoch 10/100 Batch 92/650 - Loss: 1.195198 (Recon: 1.079459, Diff: 0.115738, KL: 0.000422)
2026-02-16 20:53:47,693 - INFO - Epoch 10/100 Batch 93/650 - Loss: 1.200020 (Recon: 1.072940, Diff: 0.127079, KL: 0.000184)
2026-02-16 20:53:48,825 - INFO - Epoch 10/100 Batch 94/650 - Loss: 1.153080 (Recon: 1.076212, Diff: 0.076868, KL: 0.000171)
2026-02-16 20:53:49,925 - INFO - Epoch 10/100 Batch 95/650 - Loss: 1.136790 (Recon: 1.081123, Diff: 0.055667, KL: 0.000452)
2026-02-16 20:53:51,045 - INFO - Epoch 10/100 Batch 96/650 - Loss: 1.125064 (Recon: 1.078457, Diff: 0.046607, KL: 0.000352)
2026-02-16 20:53:52,103 - INFO - Epoch 10/100 Batch 97/650 - Loss: 1.169564 (Recon: 1.076276, Diff: 0.093288, KL: 0.000290)
2026-02-16 20:53:53,312 - INFO - Epoch 10/100 Batch 98/650 - Loss: 1.171759 (Recon: 1.073362, Diff: 0.098397, KL: 0.000390)
2026-02-16 20:53:54,422 - INFO - Epoch 10/100 Batch 99/650 - Loss: 1.151664 (Recon: 1.082842, Diff: 0.068822, KL: 0.000239)
2026-02-16 20:53:55,529 - INFO - Epoch 10/100 Batch 100/650 - Loss: 1.156920 (Recon: 1.081585, Diff: 0.075335, KL: 0.000070)
2026-02-16 20:53:56,584 - INFO - Epoch 10/100 Batch 101/650 - Loss: 1.146950 (Recon: 1.075614, Diff: 0.071336, KL: 0.000291)
2026-02-16 20:53:57,692 - INFO - Epoch 10/100 Batch 102/650 - Loss: 1.179088 (Recon: 1.085316, Diff: 0.093771, KL: 0.000313)
2026-02-16 20:53:58,823 - INFO - Epoch 10/100 Batch 103/650 - Loss: 1.128353 (Recon: 1.084011, Diff: 0.044342, KL: 0.000186)
2026-02-16 20:53:59,935 - INFO - Epoch 10/100 Batch 104/650 - Loss: 1.211102 (Recon: 1.074513, Diff: 0.136589, KL: 0.000176)
2026-02-16 20:54:01,019 - INFO - Epoch 10/100 Batch 105/650 - Loss: 1.201938 (Recon: 1.085779, Diff: 0.116159, KL: 0.000600)
2026-02-16 20:54:02,149 - INFO - Epoch 10/100 Batch 106/650 - Loss: 1.144043 (Recon: 1.074555, Diff: 0.069488, KL: 0.000160)
2026-02-16 20:54:03,248 - INFO - Epoch 10/100 Batch 107/650 - Loss: 1.133896 (Recon: 1.079428, Diff: 0.054467, KL: 0.000281)
2026-02-16 20:54:04,330 - INFO - Epoch 10/100 Batch 108/650 - Loss: 1.165674 (Recon: 1.085617, Diff: 0.080057, KL: 0.000494)
2026-02-16 20:54:05,401 - INFO - Epoch 10/100 Batch 109/650 - Loss: 1.144307 (Recon: 1.081631, Diff: 0.062676, KL: 0.000179)
2026-02-16 20:54:06,580 - INFO - Epoch 10/100 Batch 110/650 - Loss: 1.198695 (Recon: 1.069363, Diff: 0.129331, KL: 0.000130)
2026-02-16 20:54:07,837 - INFO - Epoch 10/100 Batch 111/650 - Loss: 1.194914 (Recon: 1.082971, Diff: 0.111943, KL: 0.000144)
2026-02-16 20:54:08,963 - INFO - Epoch 10/100 Batch 112/650 - Loss: 1.146041 (Recon: 1.087305, Diff: 0.058736, KL: 0.000096)
2026-02-16 20:54:10,036 - INFO - Epoch 10/100 Batch 113/650 - Loss: 1.124596 (Recon: 1.074986, Diff: 0.049610, KL: 0.000192)
2026-02-16 20:54:11,256 - INFO - Epoch 10/100 Batch 114/650 - Loss: 1.166642 (Recon: 1.083040, Diff: 0.083602, KL: 0.000075)
2026-02-16 20:54:12,384 - INFO - Epoch 10/100 Batch 115/650 - Loss: 1.231448 (Recon: 1.081615, Diff: 0.149833, KL: 0.000188)
2026-02-16 20:54:13,615 - INFO - Epoch 10/100 Batch 116/650 - Loss: 1.155386 (Recon: 1.080646, Diff: 0.074740, KL: 0.000135)
2026-02-16 20:54:14,702 - INFO - Epoch 10/100 Batch 117/650 - Loss: 1.174181 (Recon: 1.085390, Diff: 0.088790, KL: 0.000286)
2026-02-16 20:54:15,831 - INFO - Epoch 10/100 Batch 118/650 - Loss: 1.231359 (Recon: 1.082904, Diff: 0.148455, KL: 0.000130)
2026-02-16 20:54:16,969 - INFO - Epoch 10/100 Batch 119/650 - Loss: 1.149391 (Recon: 1.078771, Diff: 0.070620, KL: 0.000212)
2026-02-16 20:54:18,077 - INFO - Epoch 10/100 Batch 120/650 - Loss: 1.170311 (Recon: 1.072456, Diff: 0.097855, KL: 0.000242)
2026-02-16 20:54:19,132 - INFO - Epoch 10/100 Batch 121/650 - Loss: 1.176583 (Recon: 1.082871, Diff: 0.093712, KL: 0.000098)
2026-02-16 20:54:20,219 - INFO - Epoch 10/100 Batch 122/650 - Loss: 1.152670 (Recon: 1.088161, Diff: 0.064509, KL: 0.000364)
2026-02-16 20:54:21,364 - INFO - Epoch 10/100 Batch 123/650 - Loss: 1.119043 (Recon: 1.085708, Diff: 0.033334, KL: 0.000279)
2026-02-16 20:54:22,464 - INFO - Epoch 10/100 Batch 124/650 - Loss: 1.159770 (Recon: 1.069060, Diff: 0.090709, KL: 0.000185)
2026-02-16 20:54:23,559 - INFO - Epoch 10/100 Batch 125/650 - Loss: 1.130710 (Recon: 1.082257, Diff: 0.048453, KL: 0.000459)
2026-02-16 20:54:24,677 - INFO - Epoch 10/100 Batch 126/650 - Loss: 1.155003 (Recon: 1.085303, Diff: 0.069700, KL: 0.000360)
2026-02-16 20:54:25,671 - INFO - Epoch 10/100 Batch 127/650 - Loss: 1.165390 (Recon: 1.085747, Diff: 0.079643, KL: 0.000113)
2026-02-16 20:54:26,667 - INFO - Epoch 10/100 Batch 128/650 - Loss: 1.141062 (Recon: 1.080270, Diff: 0.060792, KL: 0.000084)
2026-02-16 20:54:27,664 - INFO - Epoch 10/100 Batch 129/650 - Loss: 1.143233 (Recon: 1.080353, Diff: 0.062881, KL: 0.000081)
2026-02-16 20:54:28,651 - INFO - Epoch 10/100 Batch 130/650 - Loss: 1.167346 (Recon: 1.083213, Diff: 0.084133, KL: 0.000058)
2026-02-16 20:54:31,564 - INFO - Epoch 10/100 Batch 131/650 - Loss: 1.211549 (Recon: 1.074391, Diff: 0.137158, KL: 0.000108)
2026-02-16 20:54:32,708 - INFO - Epoch 10/100 Batch 132/650 - Loss: 1.161735 (Recon: 1.085555, Diff: 0.076179, KL: 0.000108)
2026-02-16 20:54:33,821 - INFO - Epoch 10/100 Batch 133/650 - Loss: 1.160361 (Recon: 1.081830, Diff: 0.078532, KL: 0.000119)
2026-02-16 20:54:35,530 - INFO - Epoch 10/100 Batch 134/650 - Loss: 1.166153 (Recon: 1.077734, Diff: 0.088419, KL: 0.000159)
2026-02-16 20:54:38,663 - INFO - Epoch 10/100 Batch 135/650 - Loss: 1.183100 (Recon: 1.073420, Diff: 0.109680, KL: 0.000188)
2026-02-16 20:54:39,947 - INFO - Epoch 10/100 Batch 136/650 - Loss: 1.126808 (Recon: 1.085232, Diff: 0.041576, KL: 0.000184)
2026-02-16 20:54:41,070 - INFO - Epoch 10/100 Batch 137/650 - Loss: 1.163694 (Recon: 1.082151, Diff: 0.081542, KL: 0.000371)
2026-02-16 20:54:42,196 - INFO - Epoch 10/100 Batch 138/650 - Loss: 1.178287 (Recon: 1.079181, Diff: 0.099106, KL: 0.000457)
2026-02-16 20:54:43,288 - INFO - Epoch 10/100 Batch 139/650 - Loss: 1.155239 (Recon: 1.082855, Diff: 0.072383, KL: 0.000112)
2026-02-16 20:54:44,388 - INFO - Epoch 10/100 Batch 140/650 - Loss: 1.236528 (Recon: 1.081624, Diff: 0.154903, KL: 0.000235)
2026-02-16 20:54:45,493 - INFO - Epoch 10/100 Batch 141/650 - Loss: 1.146919 (Recon: 1.086483, Diff: 0.060436, KL: 0.000488)
2026-02-16 20:54:46,608 - INFO - Epoch 10/100 Batch 142/650 - Loss: 1.187641 (Recon: 1.075864, Diff: 0.111777, KL: 0.000344)
2026-02-16 20:54:47,728 - INFO - Epoch 10/100 Batch 143/650 - Loss: 1.146255 (Recon: 1.086114, Diff: 0.060141, KL: 0.000092)
2026-02-16 20:54:48,852 - INFO - Epoch 10/100 Batch 144/650 - Loss: 1.126379 (Recon: 1.081218, Diff: 0.045161, KL: 0.000431)
2026-02-16 20:54:49,968 - INFO - Epoch 10/100 Batch 145/650 - Loss: 1.171063 (Recon: 1.083119, Diff: 0.087944, KL: 0.000396)
2026-02-16 20:54:51,084 - INFO - Epoch 10/100 Batch 146/650 - Loss: 1.223393 (Recon: 1.081728, Diff: 0.141665, KL: 0.000139)
2026-02-16 20:54:52,221 - INFO - Epoch 10/100 Batch 147/650 - Loss: 1.128305 (Recon: 1.079382, Diff: 0.048923, KL: 0.000193)
2026-02-16 20:54:53,353 - INFO - Epoch 10/100 Batch 148/650 - Loss: 1.277000 (Recon: 1.084232, Diff: 0.192768, KL: 0.000275)
2026-02-16 20:54:54,471 - INFO - Epoch 10/100 Batch 149/650 - Loss: 1.179682 (Recon: 1.070423, Diff: 0.109258, KL: 0.000312)
2026-02-16 20:54:55,609 - INFO - Epoch 10/100 Batch 150/650 - Loss: 1.139870 (Recon: 1.085433, Diff: 0.054437, KL: 0.000109)
2026-02-16 20:54:56,741 - INFO - Epoch 10/100 Batch 151/650 - Loss: 1.162090 (Recon: 1.080297, Diff: 0.081793, KL: 0.000111)
2026-02-16 20:54:57,859 - INFO - Epoch 10/100 Batch 152/650 - Loss: 1.131443 (Recon: 1.076208, Diff: 0.055234, KL: 0.000118)
2026-02-16 20:54:58,981 - INFO - Epoch 10/100 Batch 153/650 - Loss: 1.208926 (Recon: 1.081903, Diff: 0.127022, KL: 0.000182)
2026-02-16 20:55:00,083 - INFO - Epoch 10/100 Batch 154/650 - Loss: 1.177260 (Recon: 1.086585, Diff: 0.090675, KL: 0.000251)
2026-02-16 20:55:01,276 - INFO - Epoch 10/100 Batch 155/650 - Loss: 1.146201 (Recon: 1.074680, Diff: 0.071520, KL: 0.000251)
2026-02-16 20:55:02,402 - INFO - Epoch 10/100 Batch 156/650 - Loss: 1.177422 (Recon: 1.081976, Diff: 0.095446, KL: 0.000065)
2026-02-16 20:55:03,515 - INFO - Epoch 10/100 Batch 157/650 - Loss: 1.206970 (Recon: 1.076612, Diff: 0.130359, KL: 0.000160)
2026-02-16 20:55:04,653 - INFO - Epoch 10/100 Batch 158/650 - Loss: 1.156546 (Recon: 1.081923, Diff: 0.074623, KL: 0.000081)
2026-02-16 20:55:05,754 - INFO - Epoch 10/100 Batch 159/650 - Loss: 1.194285 (Recon: 1.087007, Diff: 0.107277, KL: 0.000241)
2026-02-16 20:55:07,007 - INFO - Epoch 10/100 Batch 160/650 - Loss: 1.288587 (Recon: 1.075729, Diff: 0.212857, KL: 0.000845)
2026-02-16 20:55:08,101 - INFO - Epoch 10/100 Batch 161/650 - Loss: 1.175983 (Recon: 1.081755, Diff: 0.094228, KL: 0.000646)
2026-02-16 20:55:09,240 - INFO - Epoch 10/100 Batch 162/650 - Loss: 1.187763 (Recon: 1.076488, Diff: 0.111275, KL: 0.000391)
2026-02-16 20:55:10,402 - INFO - Epoch 10/100 Batch 163/650 - Loss: 1.144968 (Recon: 1.086863, Diff: 0.058103, KL: 0.001778)
2026-02-16 20:55:11,517 - INFO - Epoch 10/100 Batch 164/650 - Loss: 1.171876 (Recon: 1.089061, Diff: 0.082814, KL: 0.000941)
2026-02-16 20:55:12,645 - INFO - Epoch 10/100 Batch 165/650 - Loss: 1.197495 (Recon: 1.080767, Diff: 0.116727, KL: 0.000120)
2026-02-16 20:55:13,781 - INFO - Epoch 10/100 Batch 166/650 - Loss: 1.136434 (Recon: 1.075852, Diff: 0.060581, KL: 0.001137)
2026-02-16 20:55:14,901 - INFO - Epoch 10/100 Batch 167/650 - Loss: 1.181331 (Recon: 1.080672, Diff: 0.100659, KL: 0.000825)
2026-02-16 20:55:16,005 - INFO - Epoch 10/100 Batch 168/650 - Loss: 1.149077 (Recon: 1.085821, Diff: 0.063256, KL: 0.000061)
2026-02-16 20:55:17,128 - INFO - Epoch 10/100 Batch 169/650 - Loss: 1.188159 (Recon: 1.058017, Diff: 0.130141, KL: 0.001277)
2026-02-16 20:55:18,291 - INFO - Epoch 10/100 Batch 170/650 - Loss: 1.280490 (Recon: 1.075992, Diff: 0.204496, KL: 0.001297)
2026-02-16 20:55:19,444 - INFO - Epoch 10/100 Batch 171/650 - Loss: 1.212016 (Recon: 1.076751, Diff: 0.135265, KL: 0.000199)
2026-02-16 20:55:20,593 - INFO - Epoch 10/100 Batch 172/650 - Loss: 1.161018 (Recon: 1.081318, Diff: 0.079699, KL: 0.000685)
2026-02-16 20:55:21,703 - INFO - Epoch 10/100 Batch 173/650 - Loss: 1.233710 (Recon: 1.080380, Diff: 0.153329, KL: 0.001176)
2026-02-16 20:55:22,814 - INFO - Epoch 10/100 Batch 174/650 - Loss: 1.168491 (Recon: 1.078405, Diff: 0.090086, KL: 0.000143)
2026-02-16 20:55:23,928 - INFO - Epoch 10/100 Batch 175/650 - Loss: 1.191018 (Recon: 1.076418, Diff: 0.114600, KL: 0.000620)
2026-02-16 20:55:25,015 - INFO - Epoch 10/100 Batch 176/650 - Loss: 1.229419 (Recon: 1.076289, Diff: 0.153129, KL: 0.000755)
2026-02-16 20:55:26,109 - INFO - Epoch 10/100 Batch 177/650 - Loss: 1.204827 (Recon: 1.084351, Diff: 0.120476, KL: 0.000127)
2026-02-16 20:55:27,113 - INFO - Epoch 10/100 Batch 178/650 - Loss: 1.169954 (Recon: 1.074633, Diff: 0.095320, KL: 0.001028)
2026-02-16 20:55:30,569 - INFO - Epoch 10/100 Batch 179/650 - Loss: 1.201593 (Recon: 1.082096, Diff: 0.119497, KL: 0.000576)
2026-02-16 20:55:31,653 - INFO - Epoch 10/100 Batch 180/650 - Loss: 1.162660 (Recon: 1.076743, Diff: 0.085916, KL: 0.000351)
2026-02-16 20:55:32,687 - INFO - Epoch 10/100 Batch 181/650 - Loss: 1.141313 (Recon: 1.082411, Diff: 0.058900, KL: 0.001633)
2026-02-16 20:55:33,729 - INFO - Epoch 10/100 Batch 182/650 - Loss: 1.184010 (Recon: 1.080187, Diff: 0.103823, KL: 0.000379)
2026-02-16 20:55:34,759 - INFO - Epoch 10/100 Batch 183/650 - Loss: 1.232795 (Recon: 1.082911, Diff: 0.149882, KL: 0.001452)
2026-02-16 20:55:35,815 - INFO - Epoch 10/100 Batch 184/650 - Loss: 1.120536 (Recon: 1.078772, Diff: 0.041763, KL: 0.001438)
2026-02-16 20:55:41,065 - INFO - Epoch 10/100 Batch 185/650 - Loss: 1.155426 (Recon: 1.081610, Diff: 0.073816, KL: 0.000167)
2026-02-16 20:55:42,228 - INFO - Epoch 10/100 Batch 186/650 - Loss: 1.196784 (Recon: 1.073555, Diff: 0.123227, KL: 0.001429)
2026-02-16 20:55:43,303 - INFO - Epoch 10/100 Batch 187/650 - Loss: 1.226434 (Recon: 1.082116, Diff: 0.144317, KL: 0.000759)
2026-02-16 20:55:44,413 - INFO - Epoch 10/100 Batch 188/650 - Loss: 1.106468 (Recon: 1.078726, Diff: 0.027742, KL: 0.000296)
2026-02-16 20:55:45,505 - INFO - Epoch 10/100 Batch 189/650 - Loss: 1.200713 (Recon: 1.083443, Diff: 0.117269, KL: 0.000829)
2026-02-16 20:55:46,640 - INFO - Epoch 10/100 Batch 190/650 - Loss: 1.149565 (Recon: 1.074758, Diff: 0.074807, KL: 0.000436)
2026-02-16 20:55:47,728 - INFO - Epoch 10/100 Batch 191/650 - Loss: 1.260403 (Recon: 1.085078, Diff: 0.175323, KL: 0.001431)
2026-02-16 20:55:48,795 - INFO - Epoch 10/100 Batch 192/650 - Loss: 1.147374 (Recon: 1.079122, Diff: 0.068251, KL: 0.001073)
2026-02-16 20:55:49,855 - INFO - Epoch 10/100 Batch 193/650 - Loss: 1.154414 (Recon: 1.078778, Diff: 0.075636, KL: 0.000163)
2026-02-16 20:55:51,012 - INFO - Epoch 10/100 Batch 194/650 - Loss: 1.158778 (Recon: 1.084260, Diff: 0.074518, KL: 0.000527)
2026-02-16 20:55:52,135 - INFO - Epoch 10/100 Batch 195/650 - Loss: 1.211074 (Recon: 1.073882, Diff: 0.137191, KL: 0.000902)
2026-02-16 20:55:53,245 - INFO - Epoch 10/100 Batch 196/650 - Loss: 1.128484 (Recon: 1.079775, Diff: 0.048708, KL: 0.000222)
2026-02-16 20:55:54,353 - INFO - Epoch 10/100 Batch 197/650 - Loss: 1.171047 (Recon: 1.080585, Diff: 0.090461, KL: 0.000805)
2026-02-16 20:55:55,544 - INFO - Epoch 10/100 Batch 198/650 - Loss: 1.151017 (Recon: 1.083228, Diff: 0.067788, KL: 0.001024)
2026-02-16 20:55:56,620 - INFO - Epoch 10/100 Batch 199/650 - Loss: 1.140031 (Recon: 1.073864, Diff: 0.066166, KL: 0.000195)
2026-02-16 20:55:57,661 - INFO - Epoch 10/100 Batch 200/650 - Loss: 1.173173 (Recon: 1.070350, Diff: 0.102823, KL: 0.000315)
2026-02-16 20:55:58,785 - INFO - Epoch 10/100 Batch 201/650 - Loss: 1.227124 (Recon: 1.076876, Diff: 0.150247, KL: 0.000516)
2026-02-16 20:55:59,929 - INFO - Epoch 10/100 Batch 202/650 - Loss: 1.123365 (Recon: 1.080329, Diff: 0.043036, KL: 0.000145)
2026-02-16 20:56:01,034 - INFO - Epoch 10/100 Batch 203/650 - Loss: 1.159346 (Recon: 1.074239, Diff: 0.085106, KL: 0.000652)
2026-02-16 20:56:02,140 - INFO - Epoch 10/100 Batch 204/650 - Loss: 1.137617 (Recon: 1.084477, Diff: 0.053139, KL: 0.000461)
2026-02-16 20:56:03,243 - INFO - Epoch 10/100 Batch 205/650 - Loss: 1.162006 (Recon: 1.080792, Diff: 0.081214, KL: 0.000090)
2026-02-16 20:56:04,365 - INFO - Epoch 10/100 Batch 206/650 - Loss: 1.176774 (Recon: 1.085573, Diff: 0.091200, KL: 0.000397)
2026-02-16 20:56:05,509 - INFO - Epoch 10/100 Batch 207/650 - Loss: 1.229381 (Recon: 1.071850, Diff: 0.157531, KL: 0.000225)
2026-02-16 20:56:06,586 - INFO - Epoch 10/100 Batch 208/650 - Loss: 1.169482 (Recon: 1.080208, Diff: 0.089274, KL: 0.000096)
2026-02-16 20:56:07,705 - INFO - Epoch 10/100 Batch 209/650 - Loss: 1.183251 (Recon: 1.079477, Diff: 0.103774, KL: 0.000230)
2026-02-16 20:56:08,866 - INFO - Epoch 10/100 Batch 210/650 - Loss: 1.129171 (Recon: 1.080283, Diff: 0.048888, KL: 0.000211)
2026-02-16 20:56:09,997 - INFO - Epoch 10/100 Batch 211/650 - Loss: 1.155675 (Recon: 1.084592, Diff: 0.071083, KL: 0.000103)
2026-02-16 20:56:11,122 - INFO - Epoch 10/100 Batch 212/650 - Loss: 1.149074 (Recon: 1.080276, Diff: 0.068797, KL: 0.000147)
2026-02-16 20:56:12,229 - INFO - Epoch 10/100 Batch 213/650 - Loss: 1.152170 (Recon: 1.080980, Diff: 0.071189, KL: 0.000999)
2026-02-16 20:56:13,398 - INFO - Epoch 10/100 Batch 214/650 - Loss: 1.167095 (Recon: 1.080362, Diff: 0.086732, KL: 0.000700)
2026-02-16 20:56:14,482 - INFO - Epoch 10/100 Batch 215/650 - Loss: 1.193395 (Recon: 1.082322, Diff: 0.111072, KL: 0.000385)
2026-02-16 20:56:15,539 - INFO - Epoch 10/100 Batch 216/650 - Loss: 1.133777 (Recon: 1.076732, Diff: 0.057045, KL: 0.000105)
2026-02-16 20:56:16,611 - INFO - Epoch 10/100 Batch 217/650 - Loss: 1.154705 (Recon: 1.075565, Diff: 0.079139, KL: 0.000262)
2026-02-16 20:56:17,829 - INFO - Epoch 10/100 Batch 218/650 - Loss: 1.154380 (Recon: 1.075950, Diff: 0.078430, KL: 0.000195)
2026-02-16 20:56:18,901 - INFO - Epoch 10/100 Batch 219/650 - Loss: 1.181467 (Recon: 1.078027, Diff: 0.103437, KL: 0.003006)
2026-02-16 20:56:19,961 - INFO - Epoch 10/100 Batch 220/650 - Loss: 1.152404 (Recon: 1.078566, Diff: 0.073837, KL: 0.000679)
2026-02-16 20:56:21,097 - INFO - Epoch 10/100 Batch 221/650 - Loss: 1.142704 (Recon: 1.075992, Diff: 0.066711, KL: 0.000369)
2026-02-16 20:56:22,224 - INFO - Epoch 10/100 Batch 222/650 - Loss: 1.205795 (Recon: 1.078041, Diff: 0.127754, KL: 0.000186)
2026-02-16 20:56:23,328 - INFO - Epoch 10/100 Batch 223/650 - Loss: 1.195378 (Recon: 1.080867, Diff: 0.114511, KL: 0.000628)
2026-02-16 20:56:24,383 - INFO - Epoch 10/100 Batch 224/650 - Loss: 1.167779 (Recon: 1.077570, Diff: 0.090209, KL: 0.000146)
2026-02-16 20:56:25,465 - INFO - Epoch 10/100 Batch 225/650 - Loss: 1.163239 (Recon: 1.080424, Diff: 0.082814, KL: 0.000632)
2026-02-16 20:56:26,607 - INFO - Epoch 10/100 Batch 226/650 - Loss: 1.174421 (Recon: 1.075652, Diff: 0.098769, KL: 0.000449)
2026-02-16 20:56:27,672 - INFO - Epoch 10/100 Batch 227/650 - Loss: 1.152148 (Recon: 1.079226, Diff: 0.072921, KL: 0.000235)
2026-02-16 20:56:28,689 - INFO - Epoch 10/100 Batch 228/650 - Loss: 1.183201 (Recon: 1.083643, Diff: 0.099558, KL: 0.000599)
2026-02-16 20:56:29,735 - INFO - Epoch 10/100 Batch 229/650 - Loss: 1.196172 (Recon: 1.075455, Diff: 0.120716, KL: 0.000188)
2026-02-16 20:56:32,982 - INFO - Epoch 10/100 Batch 230/650 - Loss: 1.214960 (Recon: 1.082458, Diff: 0.132502, KL: 0.000193)
2026-02-16 20:56:34,015 - INFO - Epoch 10/100 Batch 231/650 - Loss: 1.218099 (Recon: 1.078915, Diff: 0.139184, KL: 0.000427)
2026-02-16 20:56:35,080 - INFO - Epoch 10/100 Batch 232/650 - Loss: 1.169405 (Recon: 1.074238, Diff: 0.095167, KL: 0.000139)
2026-02-16 20:56:36,167 - INFO - Epoch 10/100 Batch 233/650 - Loss: 1.145053 (Recon: 1.079330, Diff: 0.065723, KL: 0.000390)
2026-02-16 20:56:37,308 - INFO - Epoch 10/100 Batch 234/650 - Loss: 1.137924 (Recon: 1.068799, Diff: 0.069125, KL: 0.000305)
2026-02-16 20:56:38,402 - INFO - Epoch 10/100 Batch 235/650 - Loss: 1.158575 (Recon: 1.079997, Diff: 0.078577, KL: 0.000731)
2026-02-16 20:56:43,848 - INFO - Epoch 10/100 Batch 236/650 - Loss: 1.164618 (Recon: 1.075580, Diff: 0.089036, KL: 0.001562)
2026-02-16 20:56:44,938 - INFO - Epoch 10/100 Batch 237/650 - Loss: 1.154205 (Recon: 1.077527, Diff: 0.076677, KL: 0.000682)
2026-02-16 20:56:46,016 - INFO - Epoch 10/100 Batch 238/650 - Loss: 1.193382 (Recon: 1.074794, Diff: 0.118588, KL: 0.000225)
2026-02-16 20:56:47,062 - INFO - Epoch 10/100 Batch 239/650 - Loss: 1.170336 (Recon: 1.077070, Diff: 0.093266, KL: 0.000517)
2026-02-16 20:56:48,158 - INFO - Epoch 10/100 Batch 240/650 - Loss: 1.150243 (Recon: 1.079612, Diff: 0.070630, KL: 0.000050)
2026-02-16 20:56:49,228 - INFO - Epoch 10/100 Batch 241/650 - Loss: 1.187643 (Recon: 1.083047, Diff: 0.104596, KL: 0.000374)
2026-02-16 20:56:50,304 - INFO - Epoch 10/100 Batch 242/650 - Loss: 1.173653 (Recon: 1.082012, Diff: 0.091640, KL: 0.000296)
2026-02-16 20:56:51,433 - INFO - Epoch 10/100 Batch 243/650 - Loss: 1.160741 (Recon: 1.077611, Diff: 0.083129, KL: 0.000151)
2026-02-16 20:56:52,512 - INFO - Epoch 10/100 Batch 244/650 - Loss: 1.207781 (Recon: 1.076394, Diff: 0.131386, KL: 0.000111)
2026-02-16 20:56:53,611 - INFO - Epoch 10/100 Batch 245/650 - Loss: 1.166983 (Recon: 1.076424, Diff: 0.090559, KL: 0.000079)
2026-02-16 20:56:54,703 - INFO - Epoch 10/100 Batch 246/650 - Loss: 1.110751 (Recon: 1.075027, Diff: 0.035724, KL: 0.000094)
2026-02-16 20:56:55,756 - INFO - Epoch 10/100 Batch 247/650 - Loss: 1.180162 (Recon: 1.084277, Diff: 0.095885, KL: 0.000112)
2026-02-16 20:56:56,862 - INFO - Epoch 10/100 Batch 248/650 - Loss: 1.154453 (Recon: 1.077754, Diff: 0.076699, KL: 0.000076)
2026-02-16 20:56:57,934 - INFO - Epoch 10/100 Batch 249/650 - Loss: 1.151399 (Recon: 1.072756, Diff: 0.078643, KL: 0.000123)
2026-02-16 20:56:59,011 - INFO - Epoch 10/100 Batch 250/650 - Loss: 1.136720 (Recon: 1.073584, Diff: 0.063136, KL: 0.000066)
2026-02-16 20:57:00,088 - INFO - Epoch 10/100 Batch 251/650 - Loss: 1.199923 (Recon: 1.070909, Diff: 0.129014, KL: 0.000132)
2026-02-16 20:57:01,207 - INFO - Epoch 10/100 Batch 252/650 - Loss: 1.178277 (Recon: 1.066838, Diff: 0.111439, KL: 0.000184)
2026-02-16 20:57:02,320 - INFO - Epoch 10/100 Batch 253/650 - Loss: 1.155048 (Recon: 1.076594, Diff: 0.078454, KL: 0.000112)
2026-02-16 20:57:03,395 - INFO - Epoch 10/100 Batch 254/650 - Loss: 1.147550 (Recon: 1.070353, Diff: 0.077197, KL: 0.000200)
2026-02-16 20:57:04,487 - INFO - Epoch 10/100 Batch 255/650 - Loss: 1.169749 (Recon: 1.082130, Diff: 0.087619, KL: 0.000416)
2026-02-16 20:57:05,532 - INFO - Epoch 10/100 Batch 256/650 - Loss: 1.251450 (Recon: 1.079406, Diff: 0.172044, KL: 0.000162)
2026-02-16 20:57:06,604 - INFO - Epoch 10/100 Batch 257/650 - Loss: 1.181673 (Recon: 1.078586, Diff: 0.103086, KL: 0.000386)
2026-02-16 20:57:07,669 - INFO - Epoch 10/100 Batch 258/650 - Loss: 1.167646 (Recon: 1.079160, Diff: 0.088485, KL: 0.000431)
2026-02-16 20:57:08,735 - INFO - Epoch 10/100 Batch 259/650 - Loss: 1.183937 (Recon: 1.071138, Diff: 0.112799, KL: 0.000246)
2026-02-16 20:57:09,819 - INFO - Epoch 10/100 Batch 260/650 - Loss: 1.188999 (Recon: 1.081940, Diff: 0.107059, KL: 0.000287)
2026-02-16 20:57:10,915 - INFO - Epoch 10/100 Batch 261/650 - Loss: 1.185353 (Recon: 1.074452, Diff: 0.110901, KL: 0.000590)
2026-02-16 20:57:12,028 - INFO - Epoch 10/100 Batch 262/650 - Loss: 1.132430 (Recon: 1.080132, Diff: 0.052298, KL: 0.000092)
2026-02-16 20:57:13,081 - INFO - Epoch 10/100 Batch 263/650 - Loss: 1.144580 (Recon: 1.078094, Diff: 0.066486, KL: 0.000706)
2026-02-16 20:57:14,135 - INFO - Epoch 10/100 Batch 264/650 - Loss: 1.145862 (Recon: 1.072589, Diff: 0.073273, KL: 0.000353)
2026-02-16 20:57:15,204 - INFO - Epoch 10/100 Batch 265/650 - Loss: 1.190985 (Recon: 1.080804, Diff: 0.110181, KL: 0.000270)
2026-02-16 20:57:16,259 - INFO - Epoch 10/100 Batch 266/650 - Loss: 1.134236 (Recon: 1.078770, Diff: 0.055466, KL: 0.000530)
2026-02-16 20:57:17,327 - INFO - Epoch 10/100 Batch 267/650 - Loss: 1.149884 (Recon: 1.077266, Diff: 0.072618, KL: 0.000061)
2026-02-16 20:57:18,395 - INFO - Epoch 10/100 Batch 268/650 - Loss: 1.154007 (Recon: 1.077771, Diff: 0.076235, KL: 0.000594)
2026-02-16 20:57:19,480 - INFO - Epoch 10/100 Batch 269/650 - Loss: 1.232256 (Recon: 1.080217, Diff: 0.152039, KL: 0.000458)
2026-02-16 20:57:20,529 - INFO - Epoch 10/100 Batch 270/650 - Loss: 1.126088 (Recon: 1.080872, Diff: 0.045216, KL: 0.000133)
2026-02-16 20:57:21,594 - INFO - Epoch 10/100 Batch 271/650 - Loss: 1.127758 (Recon: 1.081229, Diff: 0.046528, KL: 0.000124)
2026-02-16 20:57:22,696 - INFO - Epoch 10/100 Batch 272/650 - Loss: 1.185480 (Recon: 1.080174, Diff: 0.105306, KL: 0.000129)
2026-02-16 20:57:23,811 - INFO - Epoch 10/100 Batch 273/650 - Loss: 1.188099 (Recon: 1.080777, Diff: 0.107321, KL: 0.000115)
2026-02-16 20:57:24,921 - INFO - Epoch 10/100 Batch 274/650 - Loss: 1.182922 (Recon: 1.080956, Diff: 0.101965, KL: 0.000283)
2026-02-16 20:57:26,030 - INFO - Epoch 10/100 Batch 275/650 - Loss: 1.165717 (Recon: 1.076554, Diff: 0.089163, KL: 0.000177)
2026-02-16 20:57:27,149 - INFO - Epoch 10/100 Batch 276/650 - Loss: 1.122418 (Recon: 1.082695, Diff: 0.039723, KL: 0.000127)
2026-02-16 20:57:28,259 - INFO - Epoch 10/100 Batch 277/650 - Loss: 1.200715 (Recon: 1.069961, Diff: 0.130754, KL: 0.000226)
2026-02-16 20:57:29,361 - INFO - Epoch 10/100 Batch 278/650 - Loss: 1.131002 (Recon: 1.079224, Diff: 0.051778, KL: 0.000067)
2026-02-16 20:57:30,375 - INFO - Epoch 10/100 Batch 279/650 - Loss: 1.143116 (Recon: 1.081717, Diff: 0.061399, KL: 0.000358)
2026-02-16 20:57:31,406 - INFO - Epoch 10/100 Batch 280/650 - Loss: 1.135542 (Recon: 1.079982, Diff: 0.055560, KL: 0.000507)
2026-02-16 20:57:32,413 - INFO - Epoch 10/100 Batch 281/650 - Loss: 1.164469 (Recon: 1.074384, Diff: 0.090085, KL: 0.000267)
2026-02-16 20:57:35,019 - INFO - Epoch 10/100 Batch 282/650 - Loss: 1.200376 (Recon: 1.076062, Diff: 0.124314, KL: 0.000115)
2026-02-16 20:57:36,751 - INFO - Epoch 10/100 Batch 283/650 - Loss: 1.147174 (Recon: 1.076209, Diff: 0.070964, KL: 0.000238)
2026-02-16 20:57:37,789 - INFO - Epoch 10/100 Batch 284/650 - Loss: 1.157717 (Recon: 1.079375, Diff: 0.078341, KL: 0.000187)
2026-02-16 20:57:38,810 - INFO - Epoch 10/100 Batch 285/650 - Loss: 1.170456 (Recon: 1.082750, Diff: 0.087706, KL: 0.000083)
2026-02-16 20:57:42,435 - INFO - Epoch 10/100 Batch 286/650 - Loss: 1.136612 (Recon: 1.080456, Diff: 0.056157, KL: 0.000178)
2026-02-16 20:57:43,539 - INFO - Epoch 10/100 Batch 287/650 - Loss: 1.180055 (Recon: 1.079575, Diff: 0.100480, KL: 0.000170)
2026-02-16 20:57:44,635 - INFO - Epoch 10/100 Batch 288/650 - Loss: 1.195050 (Recon: 1.078368, Diff: 0.116682, KL: 0.000062)
2026-02-16 20:57:45,703 - INFO - Epoch 10/100 Batch 289/650 - Loss: 1.140800 (Recon: 1.079524, Diff: 0.061276, KL: 0.000050)
2026-02-16 20:57:46,819 - INFO - Epoch 10/100 Batch 290/650 - Loss: 1.163286 (Recon: 1.074887, Diff: 0.088399, KL: 0.000168)
2026-02-16 20:57:47,892 - INFO - Epoch 10/100 Batch 291/650 - Loss: 1.161092 (Recon: 1.066512, Diff: 0.094580, KL: 0.000182)
2026-02-16 20:57:48,992 - INFO - Epoch 10/100 Batch 292/650 - Loss: 1.168809 (Recon: 1.073333, Diff: 0.095476, KL: 0.000071)
2026-02-16 20:57:50,131 - INFO - Epoch 10/100 Batch 293/650 - Loss: 1.142784 (Recon: 1.080158, Diff: 0.062626, KL: 0.000047)
2026-02-16 20:57:51,268 - INFO - Epoch 10/100 Batch 294/650 - Loss: 1.137079 (Recon: 1.079326, Diff: 0.057753, KL: 0.000063)
2026-02-16 20:57:52,412 - INFO - Epoch 10/100 Batch 295/650 - Loss: 1.153912 (Recon: 1.079731, Diff: 0.074182, KL: 0.000091)
2026-02-16 20:57:53,512 - INFO - Epoch 10/100 Batch 296/650 - Loss: 1.156214 (Recon: 1.079045, Diff: 0.077169, KL: 0.000163)
2026-02-16 20:57:54,599 - INFO - Epoch 10/100 Batch 297/650 - Loss: 1.174405 (Recon: 1.073781, Diff: 0.100624, KL: 0.000173)
2026-02-16 20:57:55,659 - INFO - Epoch 10/100 Batch 298/650 - Loss: 1.136122 (Recon: 1.067851, Diff: 0.068271, KL: 0.000340)
2026-02-16 20:57:56,807 - INFO - Epoch 10/100 Batch 299/650 - Loss: 1.163626 (Recon: 1.080416, Diff: 0.083209, KL: 0.000360)
2026-02-16 20:57:57,937 - INFO - Epoch 10/100 Batch 300/650 - Loss: 1.130934 (Recon: 1.075407, Diff: 0.055527, KL: 0.000259)
2026-02-16 20:57:59,036 - INFO - Epoch 10/100 Batch 301/650 - Loss: 1.173766 (Recon: 1.079973, Diff: 0.093793, KL: 0.000061)
2026-02-16 20:58:00,136 - INFO - Epoch 10/100 Batch 302/650 - Loss: 1.139509 (Recon: 1.073462, Diff: 0.066047, KL: 0.000335)
2026-02-16 20:58:01,222 - INFO - Epoch 10/100 Batch 303/650 - Loss: 1.129605 (Recon: 1.080319, Diff: 0.049286, KL: 0.000216)
2026-02-16 20:58:02,358 - INFO - Epoch 10/100 Batch 304/650 - Loss: 1.145390 (Recon: 1.073361, Diff: 0.072029, KL: 0.000060)
2026-02-16 20:58:03,428 - INFO - Epoch 10/100 Batch 305/650 - Loss: 1.161478 (Recon: 1.071146, Diff: 0.090331, KL: 0.000141)
2026-02-16 20:58:04,611 - INFO - Epoch 10/100 Batch 306/650 - Loss: 1.115744 (Recon: 1.076061, Diff: 0.039682, KL: 0.000138)
2026-02-16 20:58:05,717 - INFO - Epoch 10/100 Batch 307/650 - Loss: 1.163909 (Recon: 1.080200, Diff: 0.083709, KL: 0.000225)
2026-02-16 20:58:06,828 - INFO - Epoch 10/100 Batch 308/650 - Loss: 1.158256 (Recon: 1.076400, Diff: 0.081856, KL: 0.000077)
2026-02-16 20:58:07,923 - INFO - Epoch 10/100 Batch 309/650 - Loss: 1.158155 (Recon: 1.076120, Diff: 0.082035, KL: 0.000273)
2026-02-16 20:58:09,035 - INFO - Epoch 10/100 Batch 310/650 - Loss: 1.178565 (Recon: 1.078107, Diff: 0.100457, KL: 0.000381)
2026-02-16 20:58:10,140 - INFO - Epoch 10/100 Batch 311/650 - Loss: 1.122157 (Recon: 1.078922, Diff: 0.043235, KL: 0.000110)
2026-02-16 20:58:11,228 - INFO - Epoch 10/100 Batch 312/650 - Loss: 1.125080 (Recon: 1.079126, Diff: 0.045954, KL: 0.000107)
2026-02-16 20:58:12,305 - INFO - Epoch 10/100 Batch 313/650 - Loss: 1.135989 (Recon: 1.081356, Diff: 0.054633, KL: 0.000097)
2026-02-16 20:58:13,401 - INFO - Epoch 10/100 Batch 314/650 - Loss: 1.168040 (Recon: 1.083712, Diff: 0.084328, KL: 0.000078)
2026-02-16 20:58:14,467 - INFO - Epoch 10/100 Batch 315/650 - Loss: 1.193504 (Recon: 1.081839, Diff: 0.111665, KL: 0.000219)
2026-02-16 20:58:15,527 - INFO - Epoch 10/100 Batch 316/650 - Loss: 1.122748 (Recon: 1.079373, Diff: 0.043375, KL: 0.000141)
2026-02-16 20:58:16,640 - INFO - Epoch 10/100 Batch 317/650 - Loss: 1.234665 (Recon: 1.077973, Diff: 0.156691, KL: 0.000728)
2026-02-16 20:58:17,710 - INFO - Epoch 10/100 Batch 318/650 - Loss: 1.136903 (Recon: 1.074391, Diff: 0.062510, KL: 0.001487)
2026-02-16 20:58:18,799 - INFO - Epoch 10/100 Batch 319/650 - Loss: 1.152987 (Recon: 1.074548, Diff: 0.078438, KL: 0.000991)
2026-02-16 20:58:19,875 - INFO - Epoch 10/100 Batch 320/650 - Loss: 1.182680 (Recon: 1.079950, Diff: 0.102730, KL: 0.000556)
2026-02-16 20:58:20,969 - INFO - Epoch 10/100 Batch 321/650 - Loss: 1.133869 (Recon: 1.075837, Diff: 0.058030, KL: 0.001179)
2026-02-16 20:58:22,028 - INFO - Epoch 10/100 Batch 322/650 - Loss: 1.139894 (Recon: 1.077696, Diff: 0.062197, KL: 0.000469)
2026-02-16 20:58:23,085 - INFO - Epoch 10/100 Batch 323/650 - Loss: 1.138235 (Recon: 1.073944, Diff: 0.064291, KL: 0.000329)
2026-02-16 20:58:24,148 - INFO - Epoch 10/100 Batch 324/650 - Loss: 1.198958 (Recon: 1.075677, Diff: 0.123279, KL: 0.001587)
2026-02-16 20:58:25,219 - INFO - Epoch 10/100 Batch 325/650 - Loss: 1.160321 (Recon: 1.063456, Diff: 0.096864, KL: 0.000512)
2026-02-16 20:58:26,335 - INFO - Epoch 10/100 Batch 326/650 - Loss: 1.183546 (Recon: 1.078078, Diff: 0.105467, KL: 0.000468)
2026-02-16 20:58:27,408 - INFO - Epoch 10/100 Batch 327/650 - Loss: 1.140142 (Recon: 1.077424, Diff: 0.062717, KL: 0.001204)
2026-02-16 20:58:28,464 - INFO - Epoch 10/100 Batch 328/650 - Loss: 1.220883 (Recon: 1.073133, Diff: 0.147750, KL: 0.000132)
2026-02-16 20:58:29,545 - INFO - Epoch 10/100 Batch 329/650 - Loss: 1.127810 (Recon: 1.076421, Diff: 0.051388, KL: 0.000745)
2026-02-16 20:58:30,569 - INFO - Epoch 10/100 Batch 330/650 - Loss: 1.234966 (Recon: 1.079323, Diff: 0.155641, KL: 0.001064)
2026-02-16 20:58:33,971 - INFO - Epoch 10/100 Batch 331/650 - Loss: 1.158628 (Recon: 1.069043, Diff: 0.089585, KL: 0.000298)
2026-02-16 20:58:34,997 - INFO - Epoch 10/100 Batch 332/650 - Loss: 1.157411 (Recon: 1.077638, Diff: 0.079773, KL: 0.000224)
2026-02-16 20:58:35,995 - INFO - Epoch 10/100 Batch 333/650 - Loss: 1.213446 (Recon: 1.080151, Diff: 0.133294, KL: 0.000703)
2026-02-16 20:58:37,024 - INFO - Epoch 10/100 Batch 334/650 - Loss: 1.180307 (Recon: 1.070339, Diff: 0.109968, KL: 0.000324)
2026-02-16 20:58:38,064 - INFO - Epoch 10/100 Batch 335/650 - Loss: 1.129814 (Recon: 1.078642, Diff: 0.051172, KL: 0.000152)
2026-02-16 20:58:39,110 - INFO - Epoch 10/100 Batch 336/650 - Loss: 1.157844 (Recon: 1.073037, Diff: 0.084807, KL: 0.000299)
2026-02-16 20:58:40,165 - INFO - Epoch 10/100 Batch 337/650 - Loss: 1.111723 (Recon: 1.084099, Diff: 0.027623, KL: 0.000808)
2026-02-16 20:58:47,936 - INFO - Epoch 10/100 Batch 338/650 - Loss: 1.134833 (Recon: 1.074077, Diff: 0.060755, KL: 0.000545)
2026-02-16 20:58:49,033 - INFO - Epoch 10/100 Batch 339/650 - Loss: 1.182284 (Recon: 1.068741, Diff: 0.113542, KL: 0.000444)
2026-02-16 20:58:50,111 - INFO - Epoch 10/100 Batch 340/650 - Loss: 1.159314 (Recon: 1.075731, Diff: 0.083583, KL: 0.000216)
2026-02-16 20:58:51,148 - INFO - Epoch 10/100 Batch 341/650 - Loss: 1.158519 (Recon: 1.077761, Diff: 0.080758, KL: 0.000129)
2026-02-16 20:58:52,265 - INFO - Epoch 10/100 Batch 342/650 - Loss: 1.233081 (Recon: 1.067595, Diff: 0.165485, KL: 0.000221)
2026-02-16 20:58:53,324 - INFO - Epoch 10/100 Batch 343/650 - Loss: 1.134276 (Recon: 1.062247, Diff: 0.072029, KL: 0.000166)
2026-02-16 20:58:54,381 - INFO - Epoch 10/100 Batch 344/650 - Loss: 1.238447 (Recon: 1.072780, Diff: 0.165667, KL: 0.000168)
2026-02-16 20:58:55,440 - INFO - Epoch 10/100 Batch 345/650 - Loss: 1.138854 (Recon: 1.073612, Diff: 0.065241, KL: 0.000119)
2026-02-16 20:58:56,685 - INFO - Epoch 10/100 Batch 346/650 - Loss: 1.145623 (Recon: 1.077050, Diff: 0.068573, KL: 0.000152)
2026-02-16 20:58:57,736 - INFO - Epoch 10/100 Batch 347/650 - Loss: 1.140170 (Recon: 1.077008, Diff: 0.063163, KL: 0.000101)
2026-02-16 20:58:58,818 - INFO - Epoch 10/100 Batch 348/650 - Loss: 1.123885 (Recon: 1.073415, Diff: 0.050470, KL: 0.000093)
2026-02-16 20:58:59,904 - INFO - Epoch 10/100 Batch 349/650 - Loss: 1.140704 (Recon: 1.067088, Diff: 0.073616, KL: 0.000100)
2026-02-16 20:59:00,958 - INFO - Epoch 10/100 Batch 350/650 - Loss: 1.152970 (Recon: 1.073781, Diff: 0.079189, KL: 0.000328)
2026-02-16 20:59:02,019 - INFO - Epoch 10/100 Batch 351/650 - Loss: 1.177997 (Recon: 1.078989, Diff: 0.099007, KL: 0.000270)
2026-02-16 20:59:03,062 - INFO - Epoch 10/100 Batch 352/650 - Loss: 1.164134 (Recon: 1.073799, Diff: 0.090334, KL: 0.000340)
2026-02-16 20:59:04,114 - INFO - Epoch 10/100 Batch 353/650 - Loss: 1.155818 (Recon: 1.075310, Diff: 0.080508, KL: 0.000630)
2026-02-16 20:59:05,172 - INFO - Epoch 10/100 Batch 354/650 - Loss: 1.169625 (Recon: 1.068976, Diff: 0.100650, KL: 0.000077)
2026-02-16 20:59:06,247 - INFO - Epoch 10/100 Batch 355/650 - Loss: 1.145841 (Recon: 1.063692, Diff: 0.082149, KL: 0.000495)
2026-02-16 20:59:07,300 - INFO - Epoch 10/100 Batch 356/650 - Loss: 1.172060 (Recon: 1.067552, Diff: 0.104507, KL: 0.000893)
2026-02-16 20:59:08,422 - INFO - Epoch 10/100 Batch 357/650 - Loss: 1.197651 (Recon: 1.068783, Diff: 0.128867, KL: 0.001123)
2026-02-16 20:59:09,498 - INFO - Epoch 10/100 Batch 358/650 - Loss: 1.139373 (Recon: 1.073377, Diff: 0.065995, KL: 0.000090)
2026-02-16 20:59:10,575 - INFO - Epoch 10/100 Batch 359/650 - Loss: 1.187356 (Recon: 1.075832, Diff: 0.111523, KL: 0.000130)
2026-02-16 20:59:11,622 - INFO - Epoch 10/100 Batch 360/650 - Loss: 1.131201 (Recon: 1.080181, Diff: 0.051021, KL: 0.000103)
2026-02-16 20:59:12,669 - INFO - Epoch 10/100 Batch 361/650 - Loss: 1.108948 (Recon: 1.056234, Diff: 0.052713, KL: 0.000569)
2026-02-16 20:59:13,749 - INFO - Epoch 10/100 Batch 362/650 - Loss: 1.126427 (Recon: 1.078943, Diff: 0.047483, KL: 0.001152)
2026-02-16 20:59:14,804 - INFO - Epoch 10/100 Batch 363/650 - Loss: 1.190816 (Recon: 1.063890, Diff: 0.126925, KL: 0.001179)
2026-02-16 20:59:15,858 - INFO - Epoch 10/100 Batch 364/650 - Loss: 1.187230 (Recon: 1.070529, Diff: 0.116700, KL: 0.000105)
2026-02-16 20:59:16,906 - INFO - Epoch 10/100 Batch 365/650 - Loss: 1.257043 (Recon: 1.071294, Diff: 0.185749, KL: 0.000851)
2026-02-16 20:59:17,952 - INFO - Epoch 10/100 Batch 366/650 - Loss: 1.166719 (Recon: 1.073229, Diff: 0.093490, KL: 0.000509)
2026-02-16 20:59:19,024 - INFO - Epoch 10/100 Batch 367/650 - Loss: 1.166884 (Recon: 1.062803, Diff: 0.104080, KL: 0.000508)
2026-02-16 20:59:20,061 - INFO - Epoch 10/100 Batch 368/650 - Loss: 1.172821 (Recon: 1.073946, Diff: 0.098873, KL: 0.002117)
2026-02-16 20:59:21,144 - INFO - Epoch 10/100 Batch 369/650 - Loss: 1.175416 (Recon: 1.067839, Diff: 0.107576, KL: 0.001014)
2026-02-16 20:59:22,240 - INFO - Epoch 10/100 Batch 370/650 - Loss: 1.160850 (Recon: 1.077351, Diff: 0.083500, KL: 0.000254)
2026-02-16 20:59:23,369 - INFO - Epoch 10/100 Batch 371/650 - Loss: 1.166299 (Recon: 1.075144, Diff: 0.091153, KL: 0.001731)
2026-02-16 20:59:24,416 - INFO - Epoch 10/100 Batch 372/650 - Loss: 1.125016 (Recon: 1.072984, Diff: 0.052032, KL: 0.000646)
2026-02-16 20:59:25,470 - INFO - Epoch 10/100 Batch 373/650 - Loss: 1.171225 (Recon: 1.080125, Diff: 0.091099, KL: 0.000686)
2026-02-16 20:59:26,535 - INFO - Epoch 10/100 Batch 374/650 - Loss: 1.194004 (Recon: 1.072488, Diff: 0.121515, KL: 0.001405)
2026-02-16 20:59:27,677 - INFO - Epoch 10/100 Batch 375/650 - Loss: 1.127145 (Recon: 1.081638, Diff: 0.045506, KL: 0.000171)
2026-02-16 20:59:28,742 - INFO - Epoch 10/100 Batch 376/650 - Loss: 1.124806 (Recon: 1.080275, Diff: 0.044531, KL: 0.000359)
2026-02-16 20:59:29,797 - INFO - Epoch 10/100 Batch 377/650 - Loss: 1.186634 (Recon: 1.078134, Diff: 0.108500, KL: 0.000249)
2026-02-16 20:59:30,827 - INFO - Epoch 10/100 Batch 378/650 - Loss: 1.147621 (Recon: 1.074443, Diff: 0.073178, KL: 0.000278)
2026-02-16 20:59:31,937 - INFO - Epoch 10/100 Batch 379/650 - Loss: 1.158725 (Recon: 1.074451, Diff: 0.084274, KL: 0.000418)
2026-02-16 20:59:32,988 - INFO - Epoch 10/100 Batch 380/650 - Loss: 1.166159 (Recon: 1.078003, Diff: 0.088156, KL: 0.000207)
2026-02-16 20:59:36,812 - INFO - Epoch 10/100 Batch 381/650 - Loss: 1.136901 (Recon: 1.070362, Diff: 0.066538, KL: 0.000217)
2026-02-16 20:59:37,973 - INFO - Epoch 10/100 Batch 382/650 - Loss: 1.138419 (Recon: 1.078004, Diff: 0.060415, KL: 0.000326)
2026-02-16 20:59:39,021 - INFO - Epoch 10/100 Batch 383/650 - Loss: 1.122617 (Recon: 1.075411, Diff: 0.047205, KL: 0.000165)
2026-02-16 20:59:40,072 - INFO - Epoch 10/100 Batch 384/650 - Loss: 1.188562 (Recon: 1.077787, Diff: 0.110775, KL: 0.000574)
2026-02-16 20:59:41,180 - INFO - Epoch 10/100 Batch 385/650 - Loss: 1.176961 (Recon: 1.065318, Diff: 0.111642, KL: 0.000454)
2026-02-16 20:59:42,263 - INFO - Epoch 10/100 Batch 386/650 - Loss: 1.119463 (Recon: 1.079003, Diff: 0.040460, KL: 0.000947)
2026-02-16 20:59:43,339 - INFO - Epoch 10/100 Batch 387/650 - Loss: 1.170482 (Recon: 1.073120, Diff: 0.097361, KL: 0.000817)
2026-02-16 20:59:45,747 - INFO - Epoch 10/100 Batch 388/650 - Loss: 1.178453 (Recon: 1.074284, Diff: 0.104169, KL: 0.000135)
2026-02-16 20:59:46,843 - INFO - Epoch 10/100 Batch 389/650 - Loss: 1.111700 (Recon: 1.070729, Diff: 0.040970, KL: 0.000830)
2026-02-16 20:59:47,865 - INFO - Epoch 10/100 Batch 390/650 - Loss: 1.174085 (Recon: 1.069757, Diff: 0.104328, KL: 0.000286)
2026-02-16 20:59:49,094 - INFO - Epoch 10/100 Batch 391/650 - Loss: 1.174573 (Recon: 1.078570, Diff: 0.096003, KL: 0.000506)
2026-02-16 20:59:50,313 - INFO - Epoch 10/100 Batch 392/650 - Loss: 1.119773 (Recon: 1.075029, Diff: 0.044744, KL: 0.000682)
2026-02-16 20:59:51,379 - INFO - Epoch 10/100 Batch 393/650 - Loss: 1.170184 (Recon: 1.055476, Diff: 0.114707, KL: 0.000119)
2026-02-16 20:59:52,424 - INFO - Epoch 10/100 Batch 394/650 - Loss: 1.192611 (Recon: 1.075114, Diff: 0.117497, KL: 0.000375)
2026-02-16 20:59:53,519 - INFO - Epoch 10/100 Batch 395/650 - Loss: 1.126949 (Recon: 1.078947, Diff: 0.048002, KL: 0.000211)
2026-02-16 20:59:54,605 - INFO - Epoch 10/100 Batch 396/650 - Loss: 1.130370 (Recon: 1.071810, Diff: 0.058560, KL: 0.000353)
2026-02-16 20:59:55,707 - INFO - Epoch 10/100 Batch 397/650 - Loss: 1.165272 (Recon: 1.078586, Diff: 0.086686, KL: 0.000538)
2026-02-16 20:59:56,776 - INFO - Epoch 10/100 Batch 398/650 - Loss: 1.207853 (Recon: 1.077613, Diff: 0.130240, KL: 0.000257)
2026-02-16 20:59:57,895 - INFO - Epoch 10/100 Batch 399/650 - Loss: 1.144542 (Recon: 1.070477, Diff: 0.074065, KL: 0.000154)
2026-02-16 20:59:58,951 - INFO - Epoch 10/100 Batch 400/650 - Loss: 1.154996 (Recon: 1.072180, Diff: 0.082816, KL: 0.000482)
2026-02-16 21:00:00,006 - INFO - Epoch 10/100 Batch 401/650 - Loss: 1.139053 (Recon: 1.072290, Diff: 0.066762, KL: 0.000311)
2026-02-16 21:00:01,165 - INFO - Epoch 10/100 Batch 402/650 - Loss: 1.173661 (Recon: 1.059903, Diff: 0.113758, KL: 0.000282)
2026-02-16 21:00:02,268 - INFO - Epoch 10/100 Batch 403/650 - Loss: 1.149402 (Recon: 1.075996, Diff: 0.073406, KL: 0.000732)
2026-02-16 21:00:03,343 - INFO - Epoch 10/100 Batch 404/650 - Loss: 1.138499 (Recon: 1.072114, Diff: 0.066385, KL: 0.000279)
2026-02-16 21:00:04,419 - INFO - Epoch 10/100 Batch 405/650 - Loss: 1.167175 (Recon: 1.073696, Diff: 0.093480, KL: 0.000289)
2026-02-16 21:00:05,462 - INFO - Epoch 10/100 Batch 406/650 - Loss: 1.114457 (Recon: 1.075798, Diff: 0.038659, KL: 0.000542)
2026-02-16 21:00:06,611 - INFO - Epoch 10/100 Batch 407/650 - Loss: 1.155207 (Recon: 1.078516, Diff: 0.076691, KL: 0.000376)
2026-02-16 21:00:07,704 - INFO - Epoch 10/100 Batch 408/650 - Loss: 1.183142 (Recon: 1.071503, Diff: 0.111638, KL: 0.000710)
2026-02-16 21:00:08,747 - INFO - Epoch 10/100 Batch 409/650 - Loss: 1.175420 (Recon: 1.072781, Diff: 0.102639, KL: 0.000460)
2026-02-16 21:00:09,876 - INFO - Epoch 10/100 Batch 410/650 - Loss: 1.145801 (Recon: 1.064608, Diff: 0.081192, KL: 0.000316)
2026-02-16 21:00:10,980 - INFO - Epoch 10/100 Batch 411/650 - Loss: 1.132329 (Recon: 1.069397, Diff: 0.062931, KL: 0.000959)
2026-02-16 21:00:12,063 - INFO - Epoch 10/100 Batch 412/650 - Loss: 1.159934 (Recon: 1.065966, Diff: 0.093968, KL: 0.000131)
2026-02-16 21:00:13,148 - INFO - Epoch 10/100 Batch 413/650 - Loss: 1.168692 (Recon: 1.073822, Diff: 0.094870, KL: 0.000463)
2026-02-16 21:00:14,222 - INFO - Epoch 10/100 Batch 414/650 - Loss: 1.135798 (Recon: 1.070288, Diff: 0.065510, KL: 0.000209)
2026-02-16 21:00:15,349 - INFO - Epoch 10/100 Batch 415/650 - Loss: 1.189632 (Recon: 1.061248, Diff: 0.128384, KL: 0.000355)
2026-02-16 21:00:16,436 - INFO - Epoch 10/100 Batch 416/650 - Loss: 1.120433 (Recon: 1.065641, Diff: 0.054791, KL: 0.001349)
2026-02-16 21:00:17,534 - INFO - Epoch 10/100 Batch 417/650 - Loss: 1.154792 (Recon: 1.072843, Diff: 0.081949, KL: 0.000684)
2026-02-16 21:00:18,637 - INFO - Epoch 10/100 Batch 418/650 - Loss: 1.126779 (Recon: 1.074602, Diff: 0.052177, KL: 0.000117)
2026-02-16 21:00:19,722 - INFO - Epoch 10/100 Batch 419/650 - Loss: 1.207093 (Recon: 1.078282, Diff: 0.128810, KL: 0.000650)
2026-02-16 21:00:20,792 - INFO - Epoch 10/100 Batch 420/650 - Loss: 1.219380 (Recon: 1.068884, Diff: 0.150496, KL: 0.000153)
2026-02-16 21:00:21,904 - INFO - Epoch 10/100 Batch 421/650 - Loss: 1.132709 (Recon: 1.076199, Diff: 0.056510, KL: 0.000256)
2026-02-16 21:00:23,022 - INFO - Epoch 10/100 Batch 422/650 - Loss: 1.170256 (Recon: 1.075861, Diff: 0.094395, KL: 0.000149)
2026-02-16 21:00:24,277 - INFO - Epoch 10/100 Batch 423/650 - Loss: 1.171059 (Recon: 1.064151, Diff: 0.106909, KL: 0.000098)
2026-02-16 21:00:25,322 - INFO - Epoch 10/100 Batch 424/650 - Loss: 1.126767 (Recon: 1.079978, Diff: 0.046789, KL: 0.000139)
2026-02-16 21:00:26,422 - INFO - Epoch 10/100 Batch 425/650 - Loss: 1.130279 (Recon: 1.069380, Diff: 0.060899, KL: 0.000069)
2026-02-16 21:00:27,496 - INFO - Epoch 10/100 Batch 426/650 - Loss: 1.148553 (Recon: 1.078420, Diff: 0.070132, KL: 0.000233)
2026-02-16 21:00:28,623 - INFO - Epoch 10/100 Batch 427/650 - Loss: 1.151899 (Recon: 1.062444, Diff: 0.089455, KL: 0.000513)
2026-02-16 21:00:29,703 - INFO - Epoch 10/100 Batch 428/650 - Loss: 1.170032 (Recon: 1.064964, Diff: 0.105067, KL: 0.000180)
2026-02-16 21:00:30,785 - INFO - Epoch 10/100 Batch 429/650 - Loss: 1.164683 (Recon: 1.072577, Diff: 0.092105, KL: 0.001301)
2026-02-16 21:00:31,827 - INFO - Epoch 10/100 Batch 430/650 - Loss: 1.155933 (Recon: 1.076812, Diff: 0.079121, KL: 0.000136)
2026-02-16 21:00:32,930 - INFO - Epoch 10/100 Batch 431/650 - Loss: 1.157423 (Recon: 1.070800, Diff: 0.086623, KL: 0.000096)
2026-02-16 21:00:33,989 - INFO - Epoch 10/100 Batch 432/650 - Loss: 1.131013 (Recon: 1.073411, Diff: 0.057601, KL: 0.000435)
2026-02-16 21:00:34,998 - INFO - Epoch 10/100 Batch 433/650 - Loss: 1.130902 (Recon: 1.069493, Diff: 0.061409, KL: 0.000233)
2026-02-16 21:00:35,994 - INFO - Epoch 10/100 Batch 434/650 - Loss: 1.161557 (Recon: 1.074965, Diff: 0.086592, KL: 0.000184)
2026-02-16 21:00:38,812 - INFO - Epoch 10/100 Batch 435/650 - Loss: 1.151178 (Recon: 1.070300, Diff: 0.080878, KL: 0.000139)
2026-02-16 21:00:40,435 - INFO - Epoch 10/100 Batch 436/650 - Loss: 1.118924 (Recon: 1.076394, Diff: 0.042530, KL: 0.000064)
2026-02-16 21:00:41,444 - INFO - Epoch 10/100 Batch 437/650 - Loss: 1.103492 (Recon: 1.073953, Diff: 0.029539, KL: 0.000093)
2026-02-16 21:00:42,450 - INFO - Epoch 10/100 Batch 438/650 - Loss: 1.143931 (Recon: 1.069627, Diff: 0.074304, KL: 0.000244)
2026-02-16 21:00:43,461 - INFO - Epoch 10/100 Batch 439/650 - Loss: 1.128452 (Recon: 1.073654, Diff: 0.054797, KL: 0.000439)
2026-02-16 21:00:46,644 - INFO - Epoch 10/100 Batch 440/650 - Loss: 1.104514 (Recon: 1.064712, Diff: 0.039802, KL: 0.000171)
2026-02-16 21:00:47,722 - INFO - Epoch 10/100 Batch 441/650 - Loss: 1.180332 (Recon: 1.073463, Diff: 0.106869, KL: 0.000130)
2026-02-16 21:00:48,815 - INFO - Epoch 10/100 Batch 442/650 - Loss: 1.116904 (Recon: 1.074717, Diff: 0.042187, KL: 0.000184)
2026-02-16 21:00:49,931 - INFO - Epoch 10/100 Batch 443/650 - Loss: 1.128041 (Recon: 1.062640, Diff: 0.065401, KL: 0.000165)
2026-02-16 21:00:51,061 - INFO - Epoch 10/100 Batch 444/650 - Loss: 1.144520 (Recon: 1.071031, Diff: 0.073488, KL: 0.000512)
2026-02-16 21:00:52,173 - INFO - Epoch 10/100 Batch 445/650 - Loss: 1.176005 (Recon: 1.072704, Diff: 0.103300, KL: 0.000134)
2026-02-16 21:00:53,282 - INFO - Epoch 10/100 Batch 446/650 - Loss: 1.122972 (Recon: 1.072781, Diff: 0.050191, KL: 0.000269)
2026-02-16 21:00:54,432 - INFO - Epoch 10/100 Batch 447/650 - Loss: 1.208094 (Recon: 1.072775, Diff: 0.135319, KL: 0.000317)
2026-02-16 21:00:55,524 - INFO - Epoch 10/100 Batch 448/650 - Loss: 1.173776 (Recon: 1.075870, Diff: 0.097906, KL: 0.000140)
2026-02-16 21:00:56,643 - INFO - Epoch 10/100 Batch 449/650 - Loss: 1.184962 (Recon: 1.073453, Diff: 0.111508, KL: 0.000454)
2026-02-16 21:00:57,763 - INFO - Epoch 10/100 Batch 450/650 - Loss: 1.179427 (Recon: 1.073075, Diff: 0.106351, KL: 0.000233)
2026-02-16 21:00:58,884 - INFO - Epoch 10/100 Batch 451/650 - Loss: 1.200585 (Recon: 1.073835, Diff: 0.126750, KL: 0.000217)
2026-02-16 21:01:00,005 - INFO - Epoch 10/100 Batch 452/650 - Loss: 1.149430 (Recon: 1.068355, Diff: 0.081074, KL: 0.001026)
2026-02-16 21:01:01,157 - INFO - Epoch 10/100 Batch 453/650 - Loss: 1.182927 (Recon: 1.072638, Diff: 0.110289, KL: 0.000511)
2026-02-16 21:01:02,324 - INFO - Epoch 10/100 Batch 454/650 - Loss: 1.212258 (Recon: 1.070989, Diff: 0.141269, KL: 0.000111)
2026-02-16 21:01:03,428 - INFO - Epoch 10/100 Batch 455/650 - Loss: 1.125877 (Recon: 1.070374, Diff: 0.055503, KL: 0.000975)
2026-02-16 21:01:04,524 - INFO - Epoch 10/100 Batch 456/650 - Loss: 1.169938 (Recon: 1.070534, Diff: 0.099404, KL: 0.000545)
2026-02-16 21:01:05,805 - INFO - Epoch 10/100 Batch 457/650 - Loss: 1.133784 (Recon: 1.069593, Diff: 0.064190, KL: 0.000397)
2026-02-16 21:01:06,926 - INFO - Epoch 10/100 Batch 458/650 - Loss: 1.109762 (Recon: 1.079008, Diff: 0.030753, KL: 0.001666)
2026-02-16 21:01:08,020 - INFO - Epoch 10/100 Batch 459/650 - Loss: 1.114097 (Recon: 1.075138, Diff: 0.038958, KL: 0.000297)
2026-02-16 21:01:09,136 - INFO - Epoch 10/100 Batch 460/650 - Loss: 1.161545 (Recon: 1.070101, Diff: 0.091443, KL: 0.000693)
2026-02-16 21:01:10,250 - INFO - Epoch 10/100 Batch 461/650 - Loss: 1.121241 (Recon: 1.074553, Diff: 0.046687, KL: 0.000828)
2026-02-16 21:01:11,386 - INFO - Epoch 10/100 Batch 462/650 - Loss: 1.144932 (Recon: 1.074003, Diff: 0.070928, KL: 0.000057)
2026-02-16 21:01:12,487 - INFO - Epoch 10/100 Batch 463/650 - Loss: 1.167004 (Recon: 1.076041, Diff: 0.090961, KL: 0.000683)
2026-02-16 21:01:13,672 - INFO - Epoch 10/100 Batch 464/650 - Loss: 1.205963 (Recon: 1.071702, Diff: 0.134261, KL: 0.000346)
2026-02-16 21:01:14,828 - INFO - Epoch 10/100 Batch 465/650 - Loss: 1.149462 (Recon: 1.075631, Diff: 0.073831, KL: 0.000440)
2026-02-16 21:01:15,939 - INFO - Epoch 10/100 Batch 466/650 - Loss: 1.231913 (Recon: 1.073289, Diff: 0.158623, KL: 0.001250)
2026-02-16 21:01:17,077 - INFO - Epoch 10/100 Batch 467/650 - Loss: 1.132789 (Recon: 1.066950, Diff: 0.065839, KL: 0.000212)
2026-02-16 21:01:18,181 - INFO - Epoch 10/100 Batch 468/650 - Loss: 1.152747 (Recon: 1.066774, Diff: 0.085972, KL: 0.000923)
2026-02-16 21:01:19,314 - INFO - Epoch 10/100 Batch 469/650 - Loss: 1.148432 (Recon: 1.068836, Diff: 0.079594, KL: 0.001316)
2026-02-16 21:01:20,426 - INFO - Epoch 10/100 Batch 470/650 - Loss: 1.205444 (Recon: 1.069355, Diff: 0.136090, KL: 0.000087)
2026-02-16 21:01:21,532 - INFO - Epoch 10/100 Batch 471/650 - Loss: 1.170769 (Recon: 1.069212, Diff: 0.101556, KL: 0.000808)
2026-02-16 21:01:22,667 - INFO - Epoch 10/100 Batch 472/650 - Loss: 1.133265 (Recon: 1.064277, Diff: 0.068987, KL: 0.001137)
2026-02-16 21:01:23,761 - INFO - Epoch 10/100 Batch 473/650 - Loss: 1.200117 (Recon: 1.071610, Diff: 0.128507, KL: 0.000163)
2026-02-16 21:01:24,919 - INFO - Epoch 10/100 Batch 474/650 - Loss: 1.199150 (Recon: 1.072819, Diff: 0.126330, KL: 0.000685)
2026-02-16 21:01:26,033 - INFO - Epoch 10/100 Batch 475/650 - Loss: 1.207577 (Recon: 1.065442, Diff: 0.142134, KL: 0.000372)
2026-02-16 21:01:27,166 - INFO - Epoch 10/100 Batch 476/650 - Loss: 1.144595 (Recon: 1.075964, Diff: 0.068631, KL: 0.000173)
2026-02-16 21:01:28,319 - INFO - Epoch 10/100 Batch 477/650 - Loss: 1.194009 (Recon: 1.075841, Diff: 0.118167, KL: 0.000511)
2026-02-16 21:01:29,431 - INFO - Epoch 10/100 Batch 478/650 - Loss: 1.187089 (Recon: 1.070444, Diff: 0.116644, KL: 0.000198)
2026-02-16 21:01:30,555 - INFO - Epoch 10/100 Batch 479/650 - Loss: 1.204125 (Recon: 1.076215, Diff: 0.127910, KL: 0.000264)
2026-02-16 21:01:31,640 - INFO - Epoch 10/100 Batch 480/650 - Loss: 1.235826 (Recon: 1.063889, Diff: 0.171937, KL: 0.000466)
2026-02-16 21:01:32,805 - INFO - Epoch 10/100 Batch 481/650 - Loss: 1.145281 (Recon: 1.067443, Diff: 0.077838, KL: 0.000189)
2026-02-16 21:01:33,902 - INFO - Epoch 10/100 Batch 482/650 - Loss: 1.153798 (Recon: 1.071239, Diff: 0.082559, KL: 0.000232)
2026-02-16 21:01:35,006 - INFO - Epoch 10/100 Batch 483/650 - Loss: 1.116185 (Recon: 1.074666, Diff: 0.041519, KL: 0.000048)
2026-02-16 21:01:36,003 - INFO - Epoch 10/100 Batch 484/650 - Loss: 1.142037 (Recon: 1.075209, Diff: 0.066829, KL: 0.000199)
2026-02-16 21:01:37,076 - INFO - Epoch 10/100 Batch 485/650 - Loss: 1.119636 (Recon: 1.072280, Diff: 0.047356, KL: 0.000219)
2026-02-16 21:01:38,075 - INFO - Epoch 10/100 Batch 486/650 - Loss: 1.158610 (Recon: 1.069025, Diff: 0.089585, KL: 0.000123)
2026-02-16 21:01:39,078 - INFO - Epoch 10/100 Batch 487/650 - Loss: 1.209952 (Recon: 1.070442, Diff: 0.139509, KL: 0.000488)
2026-02-16 21:01:40,074 - INFO - Epoch 10/100 Batch 488/650 - Loss: 1.143962 (Recon: 1.072393, Diff: 0.071569, KL: 0.000265)
2026-02-16 21:01:41,206 - INFO - Epoch 10/100 Batch 489/650 - Loss: 1.114352 (Recon: 1.073819, Diff: 0.040533, KL: 0.000043)
2026-02-16 21:01:42,249 - INFO - Epoch 10/100 Batch 490/650 - Loss: 1.142496 (Recon: 1.071503, Diff: 0.070993, KL: 0.000119)
2026-02-16 21:01:45,331 - INFO - Epoch 10/100 Batch 491/650 - Loss: 1.162442 (Recon: 1.072839, Diff: 0.089603, KL: 0.000112)
2026-02-16 21:01:48,823 - INFO - Epoch 10/100 Batch 492/650 - Loss: 1.100526 (Recon: 1.072819, Diff: 0.027707, KL: 0.000098)
2026-02-16 21:01:50,098 - INFO - Epoch 10/100 Batch 493/650 - Loss: 1.125170 (Recon: 1.073367, Diff: 0.051802, KL: 0.000152)
2026-02-16 21:01:51,195 - INFO - Epoch 10/100 Batch 494/650 - Loss: 1.108673 (Recon: 1.075148, Diff: 0.033526, KL: 0.000029)
2026-02-16 21:01:52,306 - INFO - Epoch 10/100 Batch 495/650 - Loss: 1.198775 (Recon: 1.053560, Diff: 0.145215, KL: 0.000102)
2026-02-16 21:01:53,393 - INFO - Epoch 10/100 Batch 496/650 - Loss: 1.150433 (Recon: 1.067655, Diff: 0.082777, KL: 0.000068)
2026-02-16 21:01:54,537 - INFO - Epoch 10/100 Batch 497/650 - Loss: 1.192022 (Recon: 1.072714, Diff: 0.119308, KL: 0.000100)
2026-02-16 21:01:55,622 - INFO - Epoch 10/100 Batch 498/650 - Loss: 1.135988 (Recon: 1.074241, Diff: 0.061747, KL: 0.000473)
2026-02-16 21:01:56,769 - INFO - Epoch 10/100 Batch 499/650 - Loss: 1.126740 (Recon: 1.070805, Diff: 0.055934, KL: 0.000495)
2026-02-16 21:01:57,816 - INFO - Epoch 10/100 Batch 500/650 - Loss: 1.173568 (Recon: 1.070323, Diff: 0.103244, KL: 0.000074)
2026-02-16 21:01:59,011 - INFO - Epoch 10/100 Batch 501/650 - Loss: 1.122835 (Recon: 1.073495, Diff: 0.049340, KL: 0.000267)
2026-02-16 21:02:00,154 - INFO - Epoch 10/100 Batch 502/650 - Loss: 1.164581 (Recon: 1.070203, Diff: 0.094378, KL: 0.000174)
2026-02-16 21:02:01,287 - INFO - Epoch 10/100 Batch 503/650 - Loss: 1.193121 (Recon: 1.064487, Diff: 0.128635, KL: 0.000072)
2026-02-16 21:02:02,379 - INFO - Epoch 10/100 Batch 504/650 - Loss: 1.119947 (Recon: 1.071389, Diff: 0.048558, KL: 0.000268)
2026-02-16 21:02:03,488 - INFO - Epoch 10/100 Batch 505/650 - Loss: 1.136661 (Recon: 1.068757, Diff: 0.067904, KL: 0.000161)
2026-02-16 21:02:04,611 - INFO - Epoch 10/100 Batch 506/650 - Loss: 1.111142 (Recon: 1.065435, Diff: 0.045707, KL: 0.000158)
2026-02-16 21:02:05,733 - INFO - Epoch 10/100 Batch 507/650 - Loss: 1.124928 (Recon: 1.065723, Diff: 0.059206, KL: 0.000036)
2026-02-16 21:02:06,783 - INFO - Epoch 10/100 Batch 508/650 - Loss: 1.154753 (Recon: 1.062278, Diff: 0.092475, KL: 0.000123)
2026-02-16 21:02:07,919 - INFO - Epoch 10/100 Batch 509/650 - Loss: 1.117400 (Recon: 1.060408, Diff: 0.056992, KL: 0.000230)
2026-02-16 21:02:09,015 - INFO - Epoch 10/100 Batch 510/650 - Loss: 1.173502 (Recon: 1.068949, Diff: 0.104553, KL: 0.000268)
2026-02-16 21:02:10,143 - INFO - Epoch 10/100 Batch 511/650 - Loss: 1.148625 (Recon: 1.061210, Diff: 0.087414, KL: 0.000170)
2026-02-16 21:02:11,183 - INFO - Epoch 10/100 Batch 512/650 - Loss: 1.237124 (Recon: 1.054801, Diff: 0.182323, KL: 0.000163)
2026-02-16 21:02:12,295 - INFO - Epoch 10/100 Batch 513/650 - Loss: 1.190915 (Recon: 1.068050, Diff: 0.122865, KL: 0.000133)
2026-02-16 21:02:13,429 - INFO - Epoch 10/100 Batch 514/650 - Loss: 1.109245 (Recon: 1.074485, Diff: 0.034760, KL: 0.000079)
2026-02-16 21:02:14,536 - INFO - Epoch 10/100 Batch 515/650 - Loss: 1.159629 (Recon: 1.058699, Diff: 0.100929, KL: 0.000227)
2026-02-16 21:02:15,667 - INFO - Epoch 10/100 Batch 516/650 - Loss: 1.160669 (Recon: 1.077590, Diff: 0.083080, KL: 0.000214)
2026-02-16 21:02:16,800 - INFO - Epoch 10/100 Batch 517/650 - Loss: 1.190453 (Recon: 1.069103, Diff: 0.121349, KL: 0.000112)
2026-02-16 21:02:17,949 - INFO - Epoch 10/100 Batch 518/650 - Loss: 1.198121 (Recon: 1.069267, Diff: 0.128855, KL: 0.000108)
2026-02-16 21:02:19,102 - INFO - Epoch 10/100 Batch 519/650 - Loss: 1.156224 (Recon: 1.069870, Diff: 0.086355, KL: 0.000095)
2026-02-16 21:02:20,190 - INFO - Epoch 10/100 Batch 520/650 - Loss: 1.105633 (Recon: 1.071580, Diff: 0.034053, KL: 0.000307)
2026-02-16 21:02:21,333 - INFO - Epoch 10/100 Batch 521/650 - Loss: 1.160412 (Recon: 1.075803, Diff: 0.084608, KL: 0.000557)
2026-02-16 21:02:22,482 - INFO - Epoch 10/100 Batch 522/650 - Loss: 1.172527 (Recon: 1.075909, Diff: 0.096617, KL: 0.001143)
2026-02-16 21:02:23,591 - INFO - Epoch 10/100 Batch 523/650 - Loss: 1.124580 (Recon: 1.067712, Diff: 0.056867, KL: 0.000255)
2026-02-16 21:02:24,651 - INFO - Epoch 10/100 Batch 524/650 - Loss: 1.157655 (Recon: 1.072702, Diff: 0.084953, KL: 0.000083)
2026-02-16 21:02:25,774 - INFO - Epoch 10/100 Batch 525/650 - Loss: 1.140571 (Recon: 1.064721, Diff: 0.075849, KL: 0.000322)
2026-02-16 21:02:26,903 - INFO - Epoch 10/100 Batch 526/650 - Loss: 1.191374 (Recon: 1.070331, Diff: 0.121043, KL: 0.000208)
2026-02-16 21:02:28,052 - INFO - Epoch 10/100 Batch 527/650 - Loss: 1.116595 (Recon: 1.059234, Diff: 0.057361, KL: 0.000298)
2026-02-16 21:02:29,107 - INFO - Epoch 10/100 Batch 528/650 - Loss: 1.110651 (Recon: 1.069402, Diff: 0.041249, KL: 0.000390)
2026-02-16 21:02:30,227 - INFO - Epoch 10/100 Batch 529/650 - Loss: 1.231375 (Recon: 1.070797, Diff: 0.160578, KL: 0.000162)
2026-02-16 21:02:31,335 - INFO - Epoch 10/100 Batch 530/650 - Loss: 1.120413 (Recon: 1.067380, Diff: 0.053032, KL: 0.000215)
2026-02-16 21:02:32,491 - INFO - Epoch 10/100 Batch 531/650 - Loss: 1.151939 (Recon: 1.061093, Diff: 0.090846, KL: 0.000266)
2026-02-16 21:02:33,987 - INFO - Epoch 10/100 Batch 532/650 - Loss: 1.167342 (Recon: 1.067059, Diff: 0.100282, KL: 0.000113)
2026-02-16 21:02:35,131 - INFO - Epoch 10/100 Batch 533/650 - Loss: 1.175835 (Recon: 1.069903, Diff: 0.105932, KL: 0.000432)
2026-02-16 21:02:36,293 - INFO - Epoch 10/100 Batch 534/650 - Loss: 1.153298 (Recon: 1.067746, Diff: 0.085552, KL: 0.000175)
2026-02-16 21:02:38,610 - INFO - Epoch 10/100 Batch 535/650 - Loss: 1.140185 (Recon: 1.074789, Diff: 0.065396, KL: 0.000262)
2026-02-16 21:02:39,659 - INFO - Epoch 10/100 Batch 536/650 - Loss: 1.171492 (Recon: 1.075912, Diff: 0.095580, KL: 0.000252)
2026-02-16 21:02:40,729 - INFO - Epoch 10/100 Batch 537/650 - Loss: 1.132783 (Recon: 1.065862, Diff: 0.066920, KL: 0.000035)
2026-02-16 21:02:42,184 - INFO - Epoch 10/100 Batch 538/650 - Loss: 1.127129 (Recon: 1.064786, Diff: 0.062342, KL: 0.000244)
2026-02-16 21:02:43,297 - INFO - Epoch 10/100 Batch 539/650 - Loss: 1.152606 (Recon: 1.059565, Diff: 0.093040, KL: 0.000225)
2026-02-16 21:02:44,369 - INFO - Epoch 10/100 Batch 540/650 - Loss: 1.120093 (Recon: 1.065496, Diff: 0.054597, KL: 0.000234)
2026-02-16 21:02:45,484 - INFO - Epoch 10/100 Batch 541/650 - Loss: 1.115385 (Recon: 1.073387, Diff: 0.041997, KL: 0.000756)
2026-02-16 21:02:46,550 - INFO - Epoch 10/100 Batch 542/650 - Loss: 1.158651 (Recon: 1.072731, Diff: 0.085920, KL: 0.000176)
2026-02-16 21:02:51,290 - INFO - Epoch 10/100 Batch 543/650 - Loss: 1.132863 (Recon: 1.064537, Diff: 0.068326, KL: 0.000284)
2026-02-16 21:02:52,645 - INFO - Epoch 10/100 Batch 544/650 - Loss: 1.128271 (Recon: 1.074249, Diff: 0.054022, KL: 0.000562)
2026-02-16 21:02:53,828 - INFO - Epoch 10/100 Batch 545/650 - Loss: 1.099783 (Recon: 1.069975, Diff: 0.029807, KL: 0.000757)
2026-02-16 21:02:54,969 - INFO - Epoch 10/100 Batch 546/650 - Loss: 1.153305 (Recon: 1.069731, Diff: 0.083573, KL: 0.001235)
2026-02-16 21:02:56,035 - INFO - Epoch 10/100 Batch 547/650 - Loss: 1.167108 (Recon: 1.071699, Diff: 0.095409, KL: 0.000160)
2026-02-16 21:02:57,127 - INFO - Epoch 10/100 Batch 548/650 - Loss: 1.148816 (Recon: 1.060510, Diff: 0.088305, KL: 0.000793)
2026-02-16 21:02:58,305 - INFO - Epoch 10/100 Batch 549/650 - Loss: 1.186361 (Recon: 1.069752, Diff: 0.116608, KL: 0.000758)
2026-02-16 21:02:59,445 - INFO - Epoch 10/100 Batch 550/650 - Loss: 1.111538 (Recon: 1.061497, Diff: 0.050041, KL: 0.000295)
2026-02-16 21:03:00,550 - INFO - Epoch 10/100 Batch 551/650 - Loss: 1.223022 (Recon: 1.056174, Diff: 0.166847, KL: 0.000528)
2026-02-16 21:03:01,639 - INFO - Epoch 10/100 Batch 552/650 - Loss: 1.162857 (Recon: 1.068640, Diff: 0.094217, KL: 0.000205)
2026-02-16 21:03:02,778 - INFO - Epoch 10/100 Batch 553/650 - Loss: 1.163669 (Recon: 1.075424, Diff: 0.088245, KL: 0.000232)
2026-02-16 21:03:03,928 - INFO - Epoch 10/100 Batch 554/650 - Loss: 1.102300 (Recon: 1.067330, Diff: 0.034970, KL: 0.000082)
2026-02-16 21:03:05,067 - INFO - Epoch 10/100 Batch 555/650 - Loss: 1.132406 (Recon: 1.071464, Diff: 0.060942, KL: 0.000291)
2026-02-16 21:03:06,139 - INFO - Epoch 10/100 Batch 556/650 - Loss: 1.130337 (Recon: 1.068909, Diff: 0.061428, KL: 0.000162)
2026-02-16 21:03:07,342 - INFO - Epoch 10/100 Batch 557/650 - Loss: 1.133863 (Recon: 1.070273, Diff: 0.063590, KL: 0.000556)
2026-02-16 21:03:08,532 - INFO - Epoch 10/100 Batch 558/650 - Loss: 1.205440 (Recon: 1.061614, Diff: 0.143825, KL: 0.000273)
2026-02-16 21:03:09,676 - INFO - Epoch 10/100 Batch 559/650 - Loss: 1.186455 (Recon: 1.064600, Diff: 0.121854, KL: 0.000104)
2026-02-16 21:03:10,771 - INFO - Epoch 10/100 Batch 560/650 - Loss: 1.167776 (Recon: 1.070054, Diff: 0.097722, KL: 0.000292)
2026-02-16 21:03:11,853 - INFO - Epoch 10/100 Batch 561/650 - Loss: 1.128704 (Recon: 1.074369, Diff: 0.054335, KL: 0.000305)
2026-02-16 21:03:12,947 - INFO - Epoch 10/100 Batch 562/650 - Loss: 1.188239 (Recon: 1.069102, Diff: 0.119137, KL: 0.000159)
2026-02-16 21:03:14,017 - INFO - Epoch 10/100 Batch 563/650 - Loss: 1.122269 (Recon: 1.065850, Diff: 0.056418, KL: 0.000657)
2026-02-16 21:03:15,100 - INFO - Epoch 10/100 Batch 564/650 - Loss: 1.170301 (Recon: 1.070807, Diff: 0.099494, KL: 0.000341)
2026-02-16 21:03:16,208 - INFO - Epoch 10/100 Batch 565/650 - Loss: 1.238881 (Recon: 1.052412, Diff: 0.186469, KL: 0.000095)
2026-02-16 21:03:17,357 - INFO - Epoch 10/100 Batch 566/650 - Loss: 1.135371 (Recon: 1.064529, Diff: 0.070841, KL: 0.000213)
2026-02-16 21:03:18,434 - INFO - Epoch 10/100 Batch 567/650 - Loss: 1.215328 (Recon: 1.072062, Diff: 0.143266, KL: 0.000134)
2026-02-16 21:03:19,536 - INFO - Epoch 10/100 Batch 568/650 - Loss: 1.163021 (Recon: 1.069516, Diff: 0.093505, KL: 0.000132)
2026-02-16 21:03:20,688 - INFO - Epoch 10/100 Batch 569/650 - Loss: 1.167662 (Recon: 1.069106, Diff: 0.098556, KL: 0.000449)
2026-02-16 21:03:21,845 - INFO - Epoch 10/100 Batch 570/650 - Loss: 1.151888 (Recon: 1.072628, Diff: 0.079260, KL: 0.000217)
2026-02-16 21:03:22,914 - INFO - Epoch 10/100 Batch 571/650 - Loss: 1.121730 (Recon: 1.067187, Diff: 0.054543, KL: 0.000190)
2026-02-16 21:03:24,012 - INFO - Epoch 10/100 Batch 572/650 - Loss: 1.155899 (Recon: 1.070306, Diff: 0.085593, KL: 0.000387)
2026-02-16 21:03:25,097 - INFO - Epoch 10/100 Batch 573/650 - Loss: 1.216157 (Recon: 1.065612, Diff: 0.150546, KL: 0.000133)
2026-02-16 21:03:26,211 - INFO - Epoch 10/100 Batch 574/650 - Loss: 1.205948 (Recon: 1.072610, Diff: 0.133337, KL: 0.000248)
2026-02-16 21:03:27,238 - INFO - Epoch 10/100 Batch 575/650 - Loss: 1.158966 (Recon: 1.071923, Diff: 0.087043, KL: 0.000182)
2026-02-16 21:03:28,318 - INFO - Epoch 10/100 Batch 576/650 - Loss: 1.182642 (Recon: 1.061907, Diff: 0.120735, KL: 0.000328)
2026-02-16 21:03:29,530 - INFO - Epoch 10/100 Batch 577/650 - Loss: 1.174430 (Recon: 1.059041, Diff: 0.115388, KL: 0.000890)
2026-02-16 21:03:30,688 - INFO - Epoch 10/100 Batch 578/650 - Loss: 1.159774 (Recon: 1.065361, Diff: 0.094412, KL: 0.000127)
2026-02-16 21:03:31,696 - INFO - Epoch 10/100 Batch 579/650 - Loss: 1.168370 (Recon: 1.070274, Diff: 0.098095, KL: 0.000673)
2026-02-16 21:03:32,755 - INFO - Epoch 10/100 Batch 580/650 - Loss: 1.175024 (Recon: 1.063002, Diff: 0.112021, KL: 0.000966)
2026-02-16 21:03:33,870 - INFO - Epoch 10/100 Batch 581/650 - Loss: 1.209382 (Recon: 1.071312, Diff: 0.138070, KL: 0.000164)
2026-02-16 21:03:35,074 - INFO - Epoch 10/100 Batch 582/650 - Loss: 1.117845 (Recon: 1.068421, Diff: 0.049423, KL: 0.000693)
2026-02-16 21:03:36,093 - INFO - Epoch 10/100 Batch 583/650 - Loss: 1.179526 (Recon: 1.067052, Diff: 0.112474, KL: 0.000359)
2026-02-16 21:03:37,264 - INFO - Epoch 10/100 Batch 584/650 - Loss: 1.160068 (Recon: 1.059990, Diff: 0.100078, KL: 0.000246)
2026-02-16 21:03:38,313 - INFO - Epoch 10/100 Batch 585/650 - Loss: 1.120880 (Recon: 1.068367, Diff: 0.052512, KL: 0.000962)
2026-02-16 21:03:41,504 - INFO - Epoch 10/100 Batch 586/650 - Loss: 1.151070 (Recon: 1.066760, Diff: 0.084310, KL: 0.000432)
2026-02-16 21:03:42,533 - INFO - Epoch 10/100 Batch 587/650 - Loss: 1.102386 (Recon: 1.060608, Diff: 0.041779, KL: 0.000068)
2026-02-16 21:03:43,622 - INFO - Epoch 10/100 Batch 588/650 - Loss: 1.108293 (Recon: 1.065805, Diff: 0.042488, KL: 0.000206)
2026-02-16 21:03:44,676 - INFO - Epoch 10/100 Batch 589/650 - Loss: 1.188513 (Recon: 1.075353, Diff: 0.113160, KL: 0.000060)
2026-02-16 21:03:45,752 - INFO - Epoch 10/100 Batch 590/650 - Loss: 1.143701 (Recon: 1.071286, Diff: 0.072414, KL: 0.000179)
2026-02-16 21:03:46,815 - INFO - Epoch 10/100 Batch 591/650 - Loss: 1.160517 (Recon: 1.068145, Diff: 0.092372, KL: 0.000105)
2026-02-16 21:03:47,928 - INFO - Epoch 10/100 Batch 592/650 - Loss: 1.114954 (Recon: 1.071402, Diff: 0.043552, KL: 0.000128)
2026-02-16 21:03:51,776 - INFO - Epoch 10/100 Batch 593/650 - Loss: 1.175745 (Recon: 1.069713, Diff: 0.106032, KL: 0.000203)
2026-02-16 21:03:52,894 - INFO - Epoch 10/100 Batch 594/650 - Loss: 1.121466 (Recon: 1.076062, Diff: 0.045404, KL: 0.000205)
2026-02-16 21:03:54,015 - INFO - Epoch 10/100 Batch 595/650 - Loss: 1.145524 (Recon: 1.067623, Diff: 0.077901, KL: 0.000132)
2026-02-16 21:03:55,148 - INFO - Epoch 10/100 Batch 596/650 - Loss: 1.089548 (Recon: 1.066427, Diff: 0.023122, KL: 0.000176)
2026-02-16 21:03:56,281 - INFO - Epoch 10/100 Batch 597/650 - Loss: 1.132941 (Recon: 1.067374, Diff: 0.065567, KL: 0.000138)
2026-02-16 21:03:57,404 - INFO - Epoch 10/100 Batch 598/650 - Loss: 1.129531 (Recon: 1.071937, Diff: 0.057594, KL: 0.000184)
2026-02-16 21:03:58,545 - INFO - Epoch 10/100 Batch 599/650 - Loss: 1.180231 (Recon: 1.065715, Diff: 0.114517, KL: 0.000088)
2026-02-16 21:03:59,722 - INFO - Epoch 10/100 Batch 600/650 - Loss: 1.192052 (Recon: 1.069719, Diff: 0.122333, KL: 0.000093)
2026-02-16 21:04:00,875 - INFO - Epoch 10/100 Batch 601/650 - Loss: 1.151170 (Recon: 1.059827, Diff: 0.091343, KL: 0.000201)
2026-02-16 21:04:01,971 - INFO - Epoch 10/100 Batch 602/650 - Loss: 1.100407 (Recon: 1.063257, Diff: 0.037150, KL: 0.000096)
2026-02-16 21:04:03,220 - INFO - Epoch 10/100 Batch 603/650 - Loss: 1.201393 (Recon: 1.066935, Diff: 0.134459, KL: 0.000111)
2026-02-16 21:04:04,351 - INFO - Epoch 10/100 Batch 604/650 - Loss: 1.139376 (Recon: 1.069362, Diff: 0.070013, KL: 0.000098)
2026-02-16 21:04:05,475 - INFO - Epoch 10/100 Batch 605/650 - Loss: 1.189889 (Recon: 1.066694, Diff: 0.123195, KL: 0.000082)
2026-02-16 21:04:06,634 - INFO - Epoch 10/100 Batch 606/650 - Loss: 1.138975 (Recon: 1.066923, Diff: 0.072051, KL: 0.000037)
2026-02-16 21:04:07,773 - INFO - Epoch 10/100 Batch 607/650 - Loss: 1.127248 (Recon: 1.071346, Diff: 0.055902, KL: 0.000039)
2026-02-16 21:04:08,972 - INFO - Epoch 10/100 Batch 608/650 - Loss: 1.179758 (Recon: 1.068648, Diff: 0.111110, KL: 0.000091)
2026-02-16 21:04:10,133 - INFO - Epoch 10/100 Batch 609/650 - Loss: 1.130499 (Recon: 1.076506, Diff: 0.053993, KL: 0.000104)
2026-02-16 21:04:11,280 - INFO - Epoch 10/100 Batch 610/650 - Loss: 1.155907 (Recon: 1.060556, Diff: 0.095351, KL: 0.000134)
2026-02-16 21:04:12,428 - INFO - Epoch 10/100 Batch 611/650 - Loss: 1.167556 (Recon: 1.066307, Diff: 0.101248, KL: 0.000302)
2026-02-16 21:04:13,572 - INFO - Epoch 10/100 Batch 612/650 - Loss: 1.113885 (Recon: 1.072815, Diff: 0.041070, KL: 0.000151)
2026-02-16 21:04:14,763 - INFO - Epoch 10/100 Batch 613/650 - Loss: 1.137978 (Recon: 1.072360, Diff: 0.065617, KL: 0.000086)
2026-02-16 21:04:15,852 - INFO - Epoch 10/100 Batch 614/650 - Loss: 1.124824 (Recon: 1.061128, Diff: 0.063695, KL: 0.000230)
2026-02-16 21:04:16,964 - INFO - Epoch 10/100 Batch 615/650 - Loss: 1.129630 (Recon: 1.064499, Diff: 0.065131, KL: 0.000112)
2026-02-16 21:04:18,174 - INFO - Epoch 10/100 Batch 616/650 - Loss: 1.141080 (Recon: 1.064804, Diff: 0.076276, KL: 0.000146)
2026-02-16 21:04:19,339 - INFO - Epoch 10/100 Batch 617/650 - Loss: 1.156731 (Recon: 1.050001, Diff: 0.106730, KL: 0.000285)
2026-02-16 21:04:20,435 - INFO - Epoch 10/100 Batch 618/650 - Loss: 1.109520 (Recon: 1.065833, Diff: 0.043687, KL: 0.000124)
2026-02-16 21:04:21,563 - INFO - Epoch 10/100 Batch 619/650 - Loss: 1.139761 (Recon: 1.067985, Diff: 0.071775, KL: 0.000715)
2026-02-16 21:04:22,655 - INFO - Epoch 10/100 Batch 620/650 - Loss: 1.177495 (Recon: 1.073939, Diff: 0.103555, KL: 0.000559)
2026-02-16 21:04:23,781 - INFO - Epoch 10/100 Batch 621/650 - Loss: 1.172167 (Recon: 1.067866, Diff: 0.104301, KL: 0.000026)
2026-02-16 21:04:24,896 - INFO - Epoch 10/100 Batch 622/650 - Loss: 1.163362 (Recon: 1.060865, Diff: 0.102496, KL: 0.000461)
2026-02-16 21:04:25,998 - INFO - Epoch 10/100 Batch 623/650 - Loss: 1.183814 (Recon: 1.065181, Diff: 0.118632, KL: 0.000236)
2026-02-16 21:04:27,080 - INFO - Epoch 10/100 Batch 624/650 - Loss: 1.128095 (Recon: 1.065235, Diff: 0.062860, KL: 0.000272)
2026-02-16 21:04:28,177 - INFO - Epoch 10/100 Batch 625/650 - Loss: 1.085656 (Recon: 1.061626, Diff: 0.024030, KL: 0.000598)
2026-02-16 21:04:29,280 - INFO - Epoch 10/100 Batch 626/650 - Loss: 1.178970 (Recon: 1.067239, Diff: 0.111731, KL: 0.000097)
2026-02-16 21:04:30,416 - INFO - Epoch 10/100 Batch 627/650 - Loss: 1.096074 (Recon: 1.067984, Diff: 0.028090, KL: 0.000366)
2026-02-16 21:04:31,541 - INFO - Epoch 10/100 Batch 628/650 - Loss: 1.166312 (Recon: 1.067777, Diff: 0.098534, KL: 0.000137)
2026-02-16 21:04:32,701 - INFO - Epoch 10/100 Batch 629/650 - Loss: 1.154537 (Recon: 1.071947, Diff: 0.082590, KL: 0.000400)
2026-02-16 21:04:33,834 - INFO - Epoch 10/100 Batch 630/650 - Loss: 1.180906 (Recon: 1.063127, Diff: 0.117778, KL: 0.000896)
2026-02-16 21:04:34,945 - INFO - Epoch 10/100 Batch 631/650 - Loss: 1.131719 (Recon: 1.071003, Diff: 0.060715, KL: 0.000126)
2026-02-16 21:04:36,100 - INFO - Epoch 10/100 Batch 632/650 - Loss: 1.188286 (Recon: 1.065843, Diff: 0.122442, KL: 0.000484)
2026-02-16 21:04:37,219 - INFO - Epoch 10/100 Batch 633/650 - Loss: 1.218971 (Recon: 1.066329, Diff: 0.152641, KL: 0.000804)
2026-02-16 21:04:38,360 - INFO - Epoch 10/100 Batch 634/650 - Loss: 1.177537 (Recon: 1.072724, Diff: 0.104812, KL: 0.000089)
2026-02-16 21:04:39,485 - INFO - Epoch 10/100 Batch 635/650 - Loss: 1.157009 (Recon: 1.070546, Diff: 0.086463, KL: 0.000742)
2026-02-16 21:04:40,520 - INFO - Epoch 10/100 Batch 636/650 - Loss: 1.163520 (Recon: 1.069804, Diff: 0.093715, KL: 0.000621)
2026-02-16 21:04:41,553 - INFO - Epoch 10/100 Batch 637/650 - Loss: 1.150212 (Recon: 1.067928, Diff: 0.082284, KL: 0.000229)
2026-02-16 21:04:44,005 - INFO - Epoch 10/100 Batch 638/650 - Loss: 1.129059 (Recon: 1.065377, Diff: 0.063681, KL: 0.001023)
2026-02-16 21:04:45,065 - INFO - Epoch 10/100 Batch 639/650 - Loss: 1.147628 (Recon: 1.067277, Diff: 0.080350, KL: 0.000187)
2026-02-16 21:04:46,087 - INFO - Epoch 10/100 Batch 640/650 - Loss: 1.179967 (Recon: 1.063076, Diff: 0.116890, KL: 0.000479)
2026-02-16 21:04:47,159 - INFO - Epoch 10/100 Batch 641/650 - Loss: 1.166674 (Recon: 1.062737, Diff: 0.103937, KL: 0.000540)
2026-02-16 21:04:48,505 - INFO - Epoch 10/100 Batch 642/650 - Loss: 1.121299 (Recon: 1.064255, Diff: 0.057044, KL: 0.000127)
2026-02-16 21:04:49,698 - INFO - Epoch 10/100 Batch 643/650 - Loss: 1.162969 (Recon: 1.065858, Diff: 0.097111, KL: 0.000885)
2026-02-16 21:04:50,722 - INFO - Epoch 10/100 Batch 644/650 - Loss: 1.118708 (Recon: 1.066521, Diff: 0.052187, KL: 0.000470)
2026-02-16 21:04:51,745 - INFO - Epoch 10/100 Batch 645/650 - Loss: 1.149456 (Recon: 1.069291, Diff: 0.080164, KL: 0.000324)
2026-02-16 21:04:52,758 - INFO - Epoch 10/100 Batch 646/650 - Loss: 1.215068 (Recon: 1.071811, Diff: 0.143256, KL: 0.000664)
2026-02-16 21:04:53,765 - INFO - Epoch 10/100 Batch 647/650 - Loss: 1.148284 (Recon: 1.068004, Diff: 0.080280, KL: 0.000315)
2026-02-16 21:04:54,770 - INFO - Epoch 10/100 Batch 648/650 - Loss: 1.190255 (Recon: 1.063564, Diff: 0.126690, KL: 0.000174)
2026-02-16 21:04:55,805 - INFO - Epoch 10/100 Batch 649/650 - Loss: 1.146974 (Recon: 1.066131, Diff: 0.080842, KL: 0.000726)
2026-02-16 21:04:56,844 - INFO - Epoch 10/100 Batch 650/650 - Loss: 1.190514 (Recon: 1.069763, Diff: 0.120751, KL: 0.000459)
2026-02-16 21:04:56,955 - INFO - Epoch 10 Train Loss: 1.162697
2026-02-16 21:05:01,450 - INFO - Epoch 10 Val Loss: 1.159349 (Recon: 1.0764, Diff: 0.0830, KL: 0.0007)
2026-02-16 21:05:03,969 - INFO - Saved checkpoint to /data2/cmdir/home/ioit111/trung_ng/LDSeg-mod/training_logs/checkpoint_epoch_10.pth
2026-02-16 21:05:06,766 - INFO - Epoch 11/100 Batch 1/650 - Loss: 1.145348 (Recon: 1.065117, Diff: 0.080230, KL: 0.000087)
2026-02-16 21:05:07,896 - INFO - Epoch 11/100 Batch 2/650 - Loss: 1.193661 (Recon: 1.063971, Diff: 0.129690, KL: 0.000393)
2026-02-16 21:05:09,047 - INFO - Epoch 11/100 Batch 3/650 - Loss: 1.146341 (Recon: 1.065079, Diff: 0.081262, KL: 0.000378)
2026-02-16 21:05:10,141 - INFO - Epoch 11/100 Batch 4/650 - Loss: 1.178845 (Recon: 1.062753, Diff: 0.116090, KL: 0.001173)
2026-02-16 21:05:11,289 - INFO - Epoch 11/100 Batch 5/650 - Loss: 1.123982 (Recon: 1.065307, Diff: 0.058675, KL: 0.000464)
2026-02-16 21:05:12,369 - INFO - Epoch 11/100 Batch 6/650 - Loss: 1.135478 (Recon: 1.068090, Diff: 0.067388, KL: 0.000218)
2026-02-16 21:05:13,463 - INFO - Epoch 11/100 Batch 7/650 - Loss: 1.185801 (Recon: 1.061614, Diff: 0.124186, KL: 0.000817)
2026-02-16 21:05:14,540 - INFO - Epoch 11/100 Batch 8/650 - Loss: 1.117822 (Recon: 1.068424, Diff: 0.049397, KL: 0.000224)
2026-02-16 21:05:15,590 - INFO - Epoch 11/100 Batch 9/650 - Loss: 1.137007 (Recon: 1.065015, Diff: 0.071991, KL: 0.000201)
2026-02-16 21:05:16,687 - INFO - Epoch 11/100 Batch 10/650 - Loss: 1.164935 (Recon: 1.071181, Diff: 0.093754, KL: 0.000191)
2026-02-16 21:05:17,805 - INFO - Epoch 11/100 Batch 11/650 - Loss: 1.173137 (Recon: 1.070293, Diff: 0.102844, KL: 0.000058)
2026-02-16 21:05:18,922 - INFO - Epoch 11/100 Batch 12/650 - Loss: 1.161868 (Recon: 1.060771, Diff: 0.101096, KL: 0.000497)
2026-02-16 21:05:20,032 - INFO - Epoch 11/100 Batch 13/650 - Loss: 1.153434 (Recon: 1.068693, Diff: 0.084741, KL: 0.000221)
2026-02-16 21:05:21,137 - INFO - Epoch 11/100 Batch 14/650 - Loss: 1.128108 (Recon: 1.065688, Diff: 0.062420, KL: 0.000140)
2026-02-16 21:05:22,241 - INFO - Epoch 11/100 Batch 15/650 - Loss: 1.182479 (Recon: 1.058074, Diff: 0.124404, KL: 0.000556)
2026-02-16 21:05:23,390 - INFO - Epoch 11/100 Batch 16/650 - Loss: 1.123071 (Recon: 1.058166, Diff: 0.064905, KL: 0.000330)
2026-02-16 21:05:24,459 - INFO - Epoch 11/100 Batch 17/650 - Loss: 1.114105 (Recon: 1.063516, Diff: 0.050588, KL: 0.000151)
2026-02-16 21:05:25,555 - INFO - Epoch 11/100 Batch 18/650 - Loss: 1.124159 (Recon: 1.069202, Diff: 0.054956, KL: 0.000404)
2026-02-16 21:05:26,610 - INFO - Epoch 11/100 Batch 19/650 - Loss: 1.161601 (Recon: 1.064411, Diff: 0.097189, KL: 0.000183)
2026-02-16 21:05:27,762 - INFO - Epoch 11/100 Batch 20/650 - Loss: 1.115301 (Recon: 1.070472, Diff: 0.044829, KL: 0.000091)
2026-02-16 21:05:28,824 - INFO - Epoch 11/100 Batch 21/650 - Loss: 1.154543 (Recon: 1.069164, Diff: 0.085379, KL: 0.000276)
2026-02-16 21:05:29,921 - INFO - Epoch 11/100 Batch 22/650 - Loss: 1.117293 (Recon: 1.066418, Diff: 0.050875, KL: 0.000198)
2026-02-16 21:05:31,014 - INFO - Epoch 11/100 Batch 23/650 - Loss: 1.122731 (Recon: 1.057804, Diff: 0.064927, KL: 0.000280)
2026-02-16 21:05:32,209 - INFO - Epoch 11/100 Batch 24/650 - Loss: 1.131511 (Recon: 1.067674, Diff: 0.063837, KL: 0.000451)
2026-02-16 21:05:33,295 - INFO - Epoch 11/100 Batch 25/650 - Loss: 1.113069 (Recon: 1.071038, Diff: 0.042031, KL: 0.000150)
2026-02-16 21:05:34,423 - INFO - Epoch 11/100 Batch 26/650 - Loss: 1.127847 (Recon: 1.064433, Diff: 0.063414, KL: 0.000094)
2026-02-16 21:05:35,526 - INFO - Epoch 11/100 Batch 27/650 - Loss: 1.148471 (Recon: 1.065690, Diff: 0.082780, KL: 0.000099)
2026-02-16 21:05:36,650 - INFO - Epoch 11/100 Batch 28/650 - Loss: 1.139737 (Recon: 1.065136, Diff: 0.074601, KL: 0.000104)
2026-02-16 21:05:37,735 - INFO - Epoch 11/100 Batch 29/650 - Loss: 1.106974 (Recon: 1.062500, Diff: 0.044474, KL: 0.000352)
2026-02-16 21:05:38,826 - INFO - Epoch 11/100 Batch 30/650 - Loss: 1.153850 (Recon: 1.062446, Diff: 0.091404, KL: 0.000152)
2026-02-16 21:05:39,940 - INFO - Epoch 11/100 Batch 31/650 - Loss: 1.142992 (Recon: 1.067179, Diff: 0.075813, KL: 0.000190)
2026-02-16 21:05:40,961 - INFO - Epoch 11/100 Batch 32/650 - Loss: 1.113865 (Recon: 1.068334, Diff: 0.045531, KL: 0.000247)
2026-02-16 21:05:41,991 - INFO - Epoch 11/100 Batch 33/650 - Loss: 1.120114 (Recon: 1.059397, Diff: 0.060716, KL: 0.000103)
2026-02-16 21:05:42,971 - INFO - Epoch 11/100 Batch 34/650 - Loss: 1.199417 (Recon: 1.058904, Diff: 0.140513, KL: 0.000112)
2026-02-16 21:05:43,985 - INFO - Epoch 11/100 Batch 35/650 - Loss: 1.222140 (Recon: 1.067701, Diff: 0.154439, KL: 0.000067)
2026-02-16 21:05:47,053 - INFO - Epoch 11/100 Batch 36/650 - Loss: 1.163881 (Recon: 1.058397, Diff: 0.105484, KL: 0.000171)
2026-02-16 21:05:48,097 - INFO - Epoch 11/100 Batch 37/650 - Loss: 1.149020 (Recon: 1.051924, Diff: 0.097096, KL: 0.000164)
2026-02-16 21:05:49,121 - INFO - Epoch 11/100 Batch 38/650 - Loss: 1.239420 (Recon: 1.060083, Diff: 0.179337, KL: 0.000163)
2026-02-16 21:05:50,140 - INFO - Epoch 11/100 Batch 39/650 - Loss: 1.182179 (Recon: 1.064321, Diff: 0.117858, KL: 0.000306)
2026-02-16 21:05:55,515 - INFO - Epoch 11/100 Batch 40/650 - Loss: 1.118000 (Recon: 1.067178, Diff: 0.050821, KL: 0.000315)
2026-02-16 21:05:56,630 - INFO - Epoch 11/100 Batch 41/650 - Loss: 1.170979 (Recon: 1.060966, Diff: 0.110013, KL: 0.000080)
2026-02-16 21:05:57,751 - INFO - Epoch 11/100 Batch 42/650 - Loss: 1.165689 (Recon: 1.061782, Diff: 0.103907, KL: 0.000328)
2026-02-16 21:05:58,846 - INFO - Epoch 11/100 Batch 43/650 - Loss: 1.166522 (Recon: 1.061660, Diff: 0.104862, KL: 0.000126)
2026-02-16 21:05:59,952 - INFO - Epoch 11/100 Batch 44/650 - Loss: 1.132125 (Recon: 1.067974, Diff: 0.064150, KL: 0.000479)
2026-02-16 21:06:01,072 - INFO - Epoch 11/100 Batch 45/650 - Loss: 1.158664 (Recon: 1.073980, Diff: 0.084683, KL: 0.000509)
2026-02-16 21:06:02,186 - INFO - Epoch 11/100 Batch 46/650 - Loss: 1.130214 (Recon: 1.070722, Diff: 0.059492, KL: 0.000071)
2026-02-16 21:06:03,256 - INFO - Epoch 11/100 Batch 47/650 - Loss: 1.126474 (Recon: 1.067176, Diff: 0.059298, KL: 0.000369)
2026-02-16 21:06:04,358 - INFO - Epoch 11/100 Batch 48/650 - Loss: 1.098337 (Recon: 1.063774, Diff: 0.034563, KL: 0.000186)
2026-02-16 21:06:05,488 - INFO - Epoch 11/100 Batch 49/650 - Loss: 1.165355 (Recon: 1.065856, Diff: 0.099499, KL: 0.000076)
2026-02-16 21:06:06,622 - INFO - Epoch 11/100 Batch 50/650 - Loss: 1.179777 (Recon: 1.061648, Diff: 0.118129, KL: 0.000238)
2026-02-16 21:06:07,693 - INFO - Epoch 11/100 Batch 51/650 - Loss: 1.182261 (Recon: 1.064093, Diff: 0.118168, KL: 0.000174)
2026-02-16 21:06:08,835 - INFO - Epoch 11/100 Batch 52/650 - Loss: 1.163037 (Recon: 1.051910, Diff: 0.111126, KL: 0.000182)
2026-02-16 21:06:10,048 - INFO - Epoch 11/100 Batch 53/650 - Loss: 1.183331 (Recon: 1.063003, Diff: 0.120328, KL: 0.000100)
2026-02-16 21:06:11,203 - INFO - Epoch 11/100 Batch 54/650 - Loss: 1.130805 (Recon: 1.060317, Diff: 0.070488, KL: 0.000111)
2026-02-16 21:06:12,256 - INFO - Epoch 11/100 Batch 55/650 - Loss: 1.166926 (Recon: 1.064618, Diff: 0.102307, KL: 0.000142)
2026-02-16 21:06:13,364 - INFO - Epoch 11/100 Batch 56/650 - Loss: 1.142464 (Recon: 1.068119, Diff: 0.074345, KL: 0.000109)
2026-02-16 21:06:14,502 - INFO - Epoch 11/100 Batch 57/650 - Loss: 1.149032 (Recon: 1.068684, Diff: 0.080348, KL: 0.000208)
2026-02-16 21:06:15,628 - INFO - Epoch 11/100 Batch 58/650 - Loss: 1.165648 (Recon: 1.065635, Diff: 0.100012, KL: 0.000231)
2026-02-16 21:06:16,667 - INFO - Epoch 11/100 Batch 59/650 - Loss: 1.111067 (Recon: 1.063171, Diff: 0.047895, KL: 0.000048)
2026-02-16 21:06:17,707 - INFO - Epoch 11/100 Batch 60/650 - Loss: 1.212507 (Recon: 1.059417, Diff: 0.153089, KL: 0.000112)
2026-02-16 21:06:18,828 - INFO - Epoch 11/100 Batch 61/650 - Loss: 1.136857 (Recon: 1.068870, Diff: 0.067987, KL: 0.000060)
2026-02-16 21:06:19,997 - INFO - Epoch 11/100 Batch 62/650 - Loss: 1.197936 (Recon: 1.067235, Diff: 0.130701, KL: 0.000133)
2026-02-16 21:06:21,079 - INFO - Epoch 11/100 Batch 63/650 - Loss: 1.150068 (Recon: 1.066218, Diff: 0.083850, KL: 0.000175)
2026-02-16 21:06:24,304 - INFO - Epoch 11/100 Batch 64/650 - Loss: 1.156117 (Recon: 1.066263, Diff: 0.089854, KL: 0.000194)
2026-02-16 21:06:25,544 - INFO - Epoch 11/100 Batch 65/650 - Loss: 1.137542 (Recon: 1.063294, Diff: 0.074248, KL: 0.000095)
2026-02-16 21:06:26,818 - INFO - Epoch 11/100 Batch 66/650 - Loss: 1.118011 (Recon: 1.068542, Diff: 0.049469, KL: 0.000084)
2026-02-16 21:06:27,912 - INFO - Epoch 11/100 Batch 67/650 - Loss: 1.119182 (Recon: 1.065428, Diff: 0.053753, KL: 0.000206)
2026-02-16 21:06:29,048 - INFO - Epoch 11/100 Batch 68/650 - Loss: 1.140928 (Recon: 1.068834, Diff: 0.072095, KL: 0.000049)
2026-02-16 21:06:30,190 - INFO - Epoch 11/100 Batch 69/650 - Loss: 1.182383 (Recon: 1.060400, Diff: 0.121983, KL: 0.000489)
2026-02-16 21:06:31,324 - INFO - Epoch 11/100 Batch 70/650 - Loss: 1.189919 (Recon: 1.059451, Diff: 0.130468, KL: 0.000408)
2026-02-16 21:06:32,445 - INFO - Epoch 11/100 Batch 71/650 - Loss: 1.132294 (Recon: 1.065439, Diff: 0.066855, KL: 0.000102)
2026-02-16 21:06:33,639 - INFO - Epoch 11/100 Batch 72/650 - Loss: 1.172984 (Recon: 1.058768, Diff: 0.114215, KL: 0.000987)
2026-02-16 21:06:34,789 - INFO - Epoch 11/100 Batch 73/650 - Loss: 1.168961 (Recon: 1.063671, Diff: 0.105290, KL: 0.000575)
2026-02-16 21:06:36,032 - INFO - Epoch 11/100 Batch 74/650 - Loss: 1.177727 (Recon: 1.066650, Diff: 0.111077, KL: 0.000093)
2026-02-16 21:06:37,115 - INFO - Epoch 11/100 Batch 75/650 - Loss: 1.181468 (Recon: 1.056610, Diff: 0.124857, KL: 0.000849)
2026-02-16 21:06:38,393 - INFO - Epoch 11/100 Batch 76/650 - Loss: 1.198808 (Recon: 1.066895, Diff: 0.131913, KL: 0.000281)
2026-02-16 21:06:39,542 - INFO - Epoch 11/100 Batch 77/650 - Loss: 1.107730 (Recon: 1.070547, Diff: 0.037184, KL: 0.000293)
2026-02-16 21:06:40,676 - INFO - Epoch 11/100 Batch 78/650 - Loss: 1.129819 (Recon: 1.063891, Diff: 0.065927, KL: 0.000716)
2026-02-16 21:06:41,779 - INFO - Epoch 11/100 Batch 79/650 - Loss: 1.177361 (Recon: 1.075579, Diff: 0.101782, KL: 0.000042)
2026-02-16 21:06:42,824 - INFO - Epoch 11/100 Batch 80/650 - Loss: 1.172397 (Recon: 1.061203, Diff: 0.111193, KL: 0.000430)
2026-02-16 21:06:43,864 - INFO - Epoch 11/100 Batch 81/650 - Loss: 1.106996 (Recon: 1.067822, Diff: 0.039174, KL: 0.000474)
2026-02-16 21:06:47,771 - INFO - Epoch 11/100 Batch 82/650 - Loss: 1.241061 (Recon: 1.060197, Diff: 0.180863, KL: 0.000134)
2026-02-16 21:06:48,853 - INFO - Epoch 11/100 Batch 83/650 - Loss: 1.172167 (Recon: 1.057649, Diff: 0.114518, KL: 0.000154)
2026-02-16 21:06:49,919 - INFO - Epoch 11/100 Batch 84/650 - Loss: 1.167983 (Recon: 1.068925, Diff: 0.099058, KL: 0.000228)
2026-02-16 21:06:51,188 - INFO - Epoch 11/100 Batch 85/650 - Loss: 1.124019 (Recon: 1.060282, Diff: 0.063736, KL: 0.000078)
2026-02-16 21:06:52,232 - INFO - Epoch 11/100 Batch 86/650 - Loss: 1.151288 (Recon: 1.059264, Diff: 0.092024, KL: 0.000186)
2026-02-16 21:06:53,292 - INFO - Epoch 11/100 Batch 87/650 - Loss: 1.168168 (Recon: 1.067522, Diff: 0.100646, KL: 0.000069)
2026-02-16 21:06:58,867 - INFO - Epoch 11/100 Batch 88/650 - Loss: 1.210170 (Recon: 1.056099, Diff: 0.154070, KL: 0.000285)
2026-02-16 21:06:59,973 - INFO - Epoch 11/100 Batch 89/650 - Loss: 1.130036 (Recon: 1.065957, Diff: 0.064078, KL: 0.000360)
2026-02-16 21:07:01,108 - INFO - Epoch 11/100 Batch 90/650 - Loss: 1.156274 (Recon: 1.071448, Diff: 0.084825, KL: 0.000095)
2026-02-16 21:07:02,253 - INFO - Epoch 11/100 Batch 91/650 - Loss: 1.187939 (Recon: 1.062530, Diff: 0.125408, KL: 0.000561)
2026-02-16 21:07:03,382 - INFO - Epoch 11/100 Batch 92/650 - Loss: 1.134268 (Recon: 1.068613, Diff: 0.065654, KL: 0.000548)
2026-02-16 21:07:04,492 - INFO - Epoch 11/100 Batch 93/650 - Loss: 1.175453 (Recon: 1.069743, Diff: 0.105710, KL: 0.000157)
2026-02-16 21:07:05,583 - INFO - Epoch 11/100 Batch 94/650 - Loss: 1.167239 (Recon: 1.063016, Diff: 0.104223, KL: 0.000184)
2026-02-16 21:07:06,678 - INFO - Epoch 11/100 Batch 95/650 - Loss: 1.135191 (Recon: 1.059959, Diff: 0.075232, KL: 0.000202)
2026-02-16 21:07:07,811 - INFO - Epoch 11/100 Batch 96/650 - Loss: 1.131035 (Recon: 1.067006, Diff: 0.064029, KL: 0.000065)
2026-02-16 21:07:08,920 - INFO - Epoch 11/100 Batch 97/650 - Loss: 1.121711 (Recon: 1.065108, Diff: 0.056603, KL: 0.000217)
2026-02-16 21:07:10,020 - INFO - Epoch 11/100 Batch 98/650 - Loss: 1.269494 (Recon: 1.059806, Diff: 0.209688, KL: 0.000130)
2026-02-16 21:07:11,100 - INFO - Epoch 11/100 Batch 99/650 - Loss: 1.153739 (Recon: 1.063326, Diff: 0.090413, KL: 0.000103)
2026-02-16 21:07:12,223 - INFO - Epoch 11/100 Batch 100/650 - Loss: 1.216882 (Recon: 1.067597, Diff: 0.149285, KL: 0.000091)
2026-02-16 21:07:13,321 - INFO - Epoch 11/100 Batch 101/650 - Loss: 1.208318 (Recon: 1.067571, Diff: 0.140747, KL: 0.000073)
2026-02-16 21:07:14,440 - INFO - Epoch 11/100 Batch 102/650 - Loss: 1.127384 (Recon: 1.066409, Diff: 0.060974, KL: 0.000066)
2026-02-16 21:07:15,563 - INFO - Epoch 11/100 Batch 103/650 - Loss: 1.143548 (Recon: 1.068054, Diff: 0.075494, KL: 0.000062)
2026-02-16 21:07:16,662 - INFO - Epoch 11/100 Batch 104/650 - Loss: 1.176340 (Recon: 1.070289, Diff: 0.106050, KL: 0.000033)
2026-02-16 21:07:17,807 - INFO - Epoch 11/100 Batch 105/650 - Loss: 1.140753 (Recon: 1.064937, Diff: 0.075815, KL: 0.000033)
2026-02-16 21:07:18,927 - INFO - Epoch 11/100 Batch 106/650 - Loss: 1.127149 (Recon: 1.061622, Diff: 0.065527, KL: 0.000098)
2026-02-16 21:07:20,059 - INFO - Epoch 11/100 Batch 107/650 - Loss: 1.148995 (Recon: 1.063512, Diff: 0.085483, KL: 0.000056)
2026-02-16 21:07:21,155 - INFO - Epoch 11/100 Batch 108/650 - Loss: 1.138484 (Recon: 1.067748, Diff: 0.070735, KL: 0.000029)
2026-02-16 21:07:22,271 - INFO - Epoch 11/100 Batch 109/650 - Loss: 1.148091 (Recon: 1.065878, Diff: 0.082212, KL: 0.000093)
2026-02-16 21:07:23,390 - INFO - Epoch 11/100 Batch 110/650 - Loss: 1.171076 (Recon: 1.059487, Diff: 0.111589, KL: 0.000071)
2026-02-16 21:07:24,493 - INFO - Epoch 11/100 Batch 111/650 - Loss: 1.139095 (Recon: 1.060010, Diff: 0.079084, KL: 0.000100)
2026-02-16 21:07:25,597 - INFO - Epoch 11/100 Batch 112/650 - Loss: 1.141563 (Recon: 1.058246, Diff: 0.083317, KL: 0.000114)
2026-02-16 21:07:26,692 - INFO - Epoch 11/100 Batch 113/650 - Loss: 1.147965 (Recon: 1.066424, Diff: 0.081541, KL: 0.000113)
2026-02-16 21:07:27,811 - INFO - Epoch 11/100 Batch 114/650 - Loss: 1.177289 (Recon: 1.063955, Diff: 0.113334, KL: 0.000112)
2026-02-16 21:07:28,951 - INFO - Epoch 11/100 Batch 115/650 - Loss: 1.147226 (Recon: 1.063139, Diff: 0.084087, KL: 0.000201)
2026-02-16 21:07:30,144 - INFO - Epoch 11/100 Batch 116/650 - Loss: 1.170192 (Recon: 1.055960, Diff: 0.114232, KL: 0.000151)
2026-02-16 21:07:31,269 - INFO - Epoch 11/100 Batch 117/650 - Loss: 1.190454 (Recon: 1.054283, Diff: 0.136171, KL: 0.000330)
2026-02-16 21:07:32,370 - INFO - Epoch 11/100 Batch 118/650 - Loss: 1.139038 (Recon: 1.053360, Diff: 0.085678, KL: 0.000430)
2026-02-16 21:07:33,447 - INFO - Epoch 11/100 Batch 119/650 - Loss: 1.118880 (Recon: 1.051381, Diff: 0.067499, KL: 0.000099)
2026-02-16 21:07:34,547 - INFO - Epoch 11/100 Batch 120/650 - Loss: 1.146149 (Recon: 1.065392, Diff: 0.080757, KL: 0.000169)
2026-02-16 21:07:35,640 - INFO - Epoch 11/100 Batch 121/650 - Loss: 1.171010 (Recon: 1.059837, Diff: 0.111173, KL: 0.000181)
2026-02-16 21:07:36,714 - INFO - Epoch 11/100 Batch 122/650 - Loss: 1.132216 (Recon: 1.056661, Diff: 0.075555, KL: 0.000093)
2026-02-16 21:07:37,796 - INFO - Epoch 11/100 Batch 123/650 - Loss: 1.140634 (Recon: 1.058491, Diff: 0.082143, KL: 0.000247)
2026-02-16 21:07:38,879 - INFO - Epoch 11/100 Batch 124/650 - Loss: 1.150389 (Recon: 1.060305, Diff: 0.090084, KL: 0.000108)
2026-02-16 21:07:39,962 - INFO - Epoch 11/100 Batch 125/650 - Loss: 1.197260 (Recon: 1.061476, Diff: 0.135784, KL: 0.000276)
2026-02-16 21:07:41,052 - INFO - Epoch 11/100 Batch 126/650 - Loss: 1.138259 (Recon: 1.063552, Diff: 0.074706, KL: 0.000136)
2026-02-16 21:07:42,163 - INFO - Epoch 11/100 Batch 127/650 - Loss: 1.117691 (Recon: 1.065572, Diff: 0.052119, KL: 0.000166)
2026-02-16 21:07:43,308 - INFO - Epoch 11/100 Batch 128/650 - Loss: 1.191057 (Recon: 1.069900, Diff: 0.121157, KL: 0.000361)
2026-02-16 21:07:44,299 - INFO - Epoch 11/100 Batch 129/650 - Loss: 1.119037 (Recon: 1.073524, Diff: 0.045513, KL: 0.000198)
2026-02-16 21:07:45,297 - INFO - Epoch 11/100 Batch 130/650 - Loss: 1.155990 (Recon: 1.062097, Diff: 0.093892, KL: 0.000162)
2026-02-16 21:07:46,296 - INFO - Epoch 11/100 Batch 131/650 - Loss: 1.136956 (Recon: 1.066486, Diff: 0.070470, KL: 0.000130)
2026-02-16 21:07:47,303 - INFO - Epoch 11/100 Batch 132/650 - Loss: 1.163520 (Recon: 1.063427, Diff: 0.100093, KL: 0.000274)
2026-02-16 21:07:48,870 - INFO - Epoch 11/100 Batch 133/650 - Loss: 1.145098 (Recon: 1.069579, Diff: 0.075518, KL: 0.000200)
2026-02-16 21:07:50,449 - INFO - Epoch 11/100 Batch 134/650 - Loss: 1.124818 (Recon: 1.064593, Diff: 0.060224, KL: 0.000457)
2026-02-16 21:07:51,472 - INFO - Epoch 11/100 Batch 135/650 - Loss: 1.128427 (Recon: 1.062379, Diff: 0.066048, KL: 0.000128)
2026-02-16 21:07:52,505 - INFO - Epoch 11/100 Batch 136/650 - Loss: 1.159557 (Recon: 1.062218, Diff: 0.097338, KL: 0.000286)
2026-02-16 21:07:58,895 - INFO - Epoch 11/100 Batch 137/650 - Loss: 1.131618 (Recon: 1.069931, Diff: 0.061686, KL: 0.000629)
2026-02-16 21:08:00,024 - INFO - Epoch 11/100 Batch 138/650 - Loss: 1.104584 (Recon: 1.064786, Diff: 0.039798, KL: 0.000123)
2026-02-16 21:08:01,066 - INFO - Epoch 11/100 Batch 139/650 - Loss: 1.112751 (Recon: 1.070749, Diff: 0.042001, KL: 0.000211)
2026-02-16 21:08:02,135 - INFO - Epoch 11/100 Batch 140/650 - Loss: 1.164326 (Recon: 1.061836, Diff: 0.102490, KL: 0.000433)
2026-02-16 21:08:03,231 - INFO - Epoch 11/100 Batch 141/650 - Loss: 1.165746 (Recon: 1.060069, Diff: 0.105677, KL: 0.000136)
2026-02-16 21:08:04,339 - INFO - Epoch 11/100 Batch 142/650 - Loss: 1.171642 (Recon: 1.063657, Diff: 0.107985, KL: 0.000112)
2026-02-16 21:08:05,394 - INFO - Epoch 11/100 Batch 143/650 - Loss: 1.129160 (Recon: 1.064236, Diff: 0.064923, KL: 0.000125)
2026-02-16 21:08:06,436 - INFO - Epoch 11/100 Batch 144/650 - Loss: 1.212483 (Recon: 1.063267, Diff: 0.149215, KL: 0.000046)
2026-02-16 21:08:07,567 - INFO - Epoch 11/100 Batch 145/650 - Loss: 1.145570 (Recon: 1.068056, Diff: 0.077514, KL: 0.000124)
2026-02-16 21:08:08,710 - INFO - Epoch 11/100 Batch 146/650 - Loss: 1.118737 (Recon: 1.057452, Diff: 0.061284, KL: 0.000335)
2026-02-16 21:08:09,776 - INFO - Epoch 11/100 Batch 147/650 - Loss: 1.223153 (Recon: 1.060570, Diff: 0.162582, KL: 0.000393)
2026-02-16 21:08:10,844 - INFO - Epoch 11/100 Batch 148/650 - Loss: 1.135787 (Recon: 1.055186, Diff: 0.080601, KL: 0.000523)
2026-02-16 21:08:11,955 - INFO - Epoch 11/100 Batch 149/650 - Loss: 1.110831 (Recon: 1.063620, Diff: 0.047210, KL: 0.000076)
2026-02-16 21:08:13,058 - INFO - Epoch 11/100 Batch 150/650 - Loss: 1.148029 (Recon: 1.068156, Diff: 0.079872, KL: 0.000275)
2026-02-16 21:08:14,144 - INFO - Epoch 11/100 Batch 151/650 - Loss: 1.107715 (Recon: 1.060868, Diff: 0.046847, KL: 0.000264)
2026-02-16 21:08:15,192 - INFO - Epoch 11/100 Batch 152/650 - Loss: 1.109292 (Recon: 1.067781, Diff: 0.041510, KL: 0.000171)
2026-02-16 21:08:16,331 - INFO - Epoch 11/100 Batch 153/650 - Loss: 1.127740 (Recon: 1.057219, Diff: 0.070521, KL: 0.000396)
2026-02-16 21:08:17,450 - INFO - Epoch 11/100 Batch 154/650 - Loss: 1.168617 (Recon: 1.063324, Diff: 0.105293, KL: 0.000177)
2026-02-16 21:08:18,570 - INFO - Epoch 11/100 Batch 155/650 - Loss: 1.106524 (Recon: 1.064325, Diff: 0.042199, KL: 0.000116)
2026-02-16 21:08:19,605 - INFO - Epoch 11/100 Batch 156/650 - Loss: 1.203424 (Recon: 1.063700, Diff: 0.139724, KL: 0.000159)
2026-02-16 21:08:20,701 - INFO - Epoch 11/100 Batch 157/650 - Loss: 1.172185 (Recon: 1.057756, Diff: 0.114429, KL: 0.000057)
2026-02-16 21:08:21,826 - INFO - Epoch 11/100 Batch 158/650 - Loss: 1.203712 (Recon: 1.063987, Diff: 0.139726, KL: 0.000149)
2026-02-16 21:08:22,925 - INFO - Epoch 11/100 Batch 159/650 - Loss: 1.134582 (Recon: 1.068092, Diff: 0.066491, KL: 0.000131)
2026-02-16 21:08:23,965 - INFO - Epoch 11/100 Batch 160/650 - Loss: 1.158401 (Recon: 1.061308, Diff: 0.097093, KL: 0.000057)
2026-02-16 21:08:25,068 - INFO - Epoch 11/100 Batch 161/650 - Loss: 1.093184 (Recon: 1.065252, Diff: 0.027932, KL: 0.000089)
2026-02-16 21:08:26,156 - INFO - Epoch 11/100 Batch 162/650 - Loss: 1.180144 (Recon: 1.059653, Diff: 0.120491, KL: 0.000074)
2026-02-16 21:08:27,246 - INFO - Epoch 11/100 Batch 163/650 - Loss: 1.134188 (Recon: 1.061638, Diff: 0.072550, KL: 0.000184)
2026-02-16 21:08:28,316 - INFO - Epoch 11/100 Batch 164/650 - Loss: 1.183860 (Recon: 1.064034, Diff: 0.119825, KL: 0.000153)
2026-02-16 21:08:29,449 - INFO - Epoch 11/100 Batch 165/650 - Loss: 1.106784 (Recon: 1.064898, Diff: 0.041886, KL: 0.000099)
2026-02-16 21:08:30,567 - INFO - Epoch 11/100 Batch 166/650 - Loss: 1.180590 (Recon: 1.065437, Diff: 0.115153, KL: 0.000106)
2026-02-16 21:08:31,721 - INFO - Epoch 11/100 Batch 167/650 - Loss: 1.138221 (Recon: 1.057778, Diff: 0.080443, KL: 0.000143)
2026-02-16 21:08:32,792 - INFO - Epoch 11/100 Batch 168/650 - Loss: 1.126580 (Recon: 1.064392, Diff: 0.062188, KL: 0.000057)
2026-02-16 21:08:33,910 - INFO - Epoch 11/100 Batch 169/650 - Loss: 1.121519 (Recon: 1.066991, Diff: 0.054528, KL: 0.000059)
2026-02-16 21:08:35,046 - INFO - Epoch 11/100 Batch 170/650 - Loss: 1.147530 (Recon: 1.062349, Diff: 0.085181, KL: 0.000080)
2026-02-16 21:08:36,099 - INFO - Epoch 11/100 Batch 171/650 - Loss: 1.105167 (Recon: 1.068547, Diff: 0.036619, KL: 0.000184)
2026-02-16 21:08:37,191 - INFO - Epoch 11/100 Batch 172/650 - Loss: 1.146703 (Recon: 1.060473, Diff: 0.086230, KL: 0.000237)
2026-02-16 21:08:38,279 - INFO - Epoch 11/100 Batch 173/650 - Loss: 1.142231 (Recon: 1.059798, Diff: 0.082433, KL: 0.000054)
2026-02-16 21:08:39,352 - INFO - Epoch 11/100 Batch 174/650 - Loss: 1.140137 (Recon: 1.061220, Diff: 0.078917, KL: 0.000052)
2026-02-16 21:08:40,410 - INFO - Epoch 11/100 Batch 175/650 - Loss: 1.148782 (Recon: 1.064072, Diff: 0.084711, KL: 0.000076)
2026-02-16 21:08:41,503 - INFO - Epoch 11/100 Batch 176/650 - Loss: 1.174242 (Recon: 1.056496, Diff: 0.117746, KL: 0.000217)
2026-02-16 21:08:42,619 - INFO - Epoch 11/100 Batch 177/650 - Loss: 1.140485 (Recon: 1.059838, Diff: 0.080647, KL: 0.000270)
2026-02-16 21:08:43,731 - INFO - Epoch 11/100 Batch 178/650 - Loss: 1.143125 (Recon: 1.065978, Diff: 0.077146, KL: 0.000105)
2026-02-16 21:08:44,814 - INFO - Epoch 11/100 Batch 179/650 - Loss: 1.136422 (Recon: 1.059264, Diff: 0.077158, KL: 0.000062)
2026-02-16 21:08:48,611 - INFO - Epoch 11/100 Batch 180/650 - Loss: 1.150849 (Recon: 1.052518, Diff: 0.098330, KL: 0.000292)
2026-02-16 21:08:49,802 - INFO - Epoch 11/100 Batch 181/650 - Loss: 1.125971 (Recon: 1.062183, Diff: 0.063787, KL: 0.000123)
2026-02-16 21:08:50,811 - INFO - Epoch 11/100 Batch 182/650 - Loss: 1.119114 (Recon: 1.068029, Diff: 0.051085, KL: 0.000094)
2026-02-16 21:08:51,827 - INFO - Epoch 11/100 Batch 183/650 - Loss: 1.145797 (Recon: 1.060108, Diff: 0.085688, KL: 0.000211)
2026-02-16 21:08:52,854 - INFO - Epoch 11/100 Batch 184/650 - Loss: 1.109265 (Recon: 1.065337, Diff: 0.043927, KL: 0.000105)
2026-02-16 21:08:53,898 - INFO - Epoch 11/100 Batch 185/650 - Loss: 1.154857 (Recon: 1.057847, Diff: 0.097010, KL: 0.000082)
2026-02-16 21:08:54,951 - INFO - Epoch 11/100 Batch 186/650 - Loss: 1.167206 (Recon: 1.053543, Diff: 0.113663, KL: 0.000326)
2026-02-16 21:08:55,972 - INFO - Epoch 11/100 Batch 187/650 - Loss: 1.138358 (Recon: 1.060787, Diff: 0.077571, KL: 0.000154)
2026-02-16 21:08:59,892 - INFO - Epoch 11/100 Batch 188/650 - Loss: 1.134305 (Recon: 1.052241, Diff: 0.082063, KL: 0.000155)
2026-02-16 21:09:00,997 - INFO - Epoch 11/100 Batch 189/650 - Loss: 1.110250 (Recon: 1.070041, Diff: 0.040208, KL: 0.000062)
2026-02-16 21:09:02,091 - INFO - Epoch 11/100 Batch 190/650 - Loss: 1.149080 (Recon: 1.056909, Diff: 0.092171, KL: 0.000062)
2026-02-16 21:09:03,191 - INFO - Epoch 11/100 Batch 191/650 - Loss: 1.124384 (Recon: 1.059492, Diff: 0.064892, KL: 0.000101)
2026-02-16 21:09:04,314 - INFO - Epoch 11/100 Batch 192/650 - Loss: 1.187000 (Recon: 1.061975, Diff: 0.125025, KL: 0.000052)
2026-02-16 21:09:05,408 - INFO - Epoch 11/100 Batch 193/650 - Loss: 1.137786 (Recon: 1.063596, Diff: 0.074190, KL: 0.000107)
2026-02-16 21:09:06,522 - INFO - Epoch 11/100 Batch 194/650 - Loss: 1.139496 (Recon: 1.065676, Diff: 0.073820, KL: 0.000119)
2026-02-16 21:09:07,639 - INFO - Epoch 11/100 Batch 195/650 - Loss: 1.111426 (Recon: 1.056916, Diff: 0.054511, KL: 0.000164)
2026-02-16 21:09:08,760 - INFO - Epoch 11/100 Batch 196/650 - Loss: 1.155700 (Recon: 1.058229, Diff: 0.097471, KL: 0.000078)
2026-02-16 21:09:09,837 - INFO - Epoch 11/100 Batch 197/650 - Loss: 1.183556 (Recon: 1.067038, Diff: 0.116518, KL: 0.000071)
2026-02-16 21:09:10,931 - INFO - Epoch 11/100 Batch 198/650 - Loss: 1.196281 (Recon: 1.059758, Diff: 0.136523, KL: 0.000034)
2026-02-16 21:09:12,038 - INFO - Epoch 11/100 Batch 199/650 - Loss: 1.185409 (Recon: 1.060480, Diff: 0.124929, KL: 0.000038)
2026-02-16 21:09:13,109 - INFO - Epoch 11/100 Batch 200/650 - Loss: 1.215314 (Recon: 1.062417, Diff: 0.152897, KL: 0.000030)
2026-02-16 21:09:14,188 - INFO - Epoch 11/100 Batch 201/650 - Loss: 1.192183 (Recon: 1.067898, Diff: 0.124285, KL: 0.000087)
2026-02-16 21:09:15,273 - INFO - Epoch 11/100 Batch 202/650 - Loss: 1.128806 (Recon: 1.063933, Diff: 0.064872, KL: 0.000170)
2026-02-16 21:09:16,358 - INFO - Epoch 11/100 Batch 203/650 - Loss: 1.140425 (Recon: 1.064672, Diff: 0.075753, KL: 0.000133)
2026-02-16 21:09:17,460 - INFO - Epoch 11/100 Batch 204/650 - Loss: 1.170817 (Recon: 1.065544, Diff: 0.105274, KL: 0.000037)
2026-02-16 21:09:18,513 - INFO - Epoch 11/100 Batch 205/650 - Loss: 1.156609 (Recon: 1.052602, Diff: 0.104007, KL: 0.000059)
2026-02-16 21:09:19,598 - INFO - Epoch 11/100 Batch 206/650 - Loss: 1.222853 (Recon: 1.061094, Diff: 0.161759, KL: 0.000143)
2026-02-16 21:09:20,672 - INFO - Epoch 11/100 Batch 207/650 - Loss: 1.114072 (Recon: 1.054725, Diff: 0.059347, KL: 0.000073)
2026-02-16 21:09:21,749 - INFO - Epoch 11/100 Batch 208/650 - Loss: 1.145373 (Recon: 1.061324, Diff: 0.084048, KL: 0.000052)
2026-02-16 21:09:22,796 - INFO - Epoch 11/100 Batch 209/650 - Loss: 1.142515 (Recon: 1.063641, Diff: 0.078874, KL: 0.000033)
2026-02-16 21:09:23,861 - INFO - Epoch 11/100 Batch 210/650 - Loss: 1.104906 (Recon: 1.063898, Diff: 0.041008, KL: 0.000046)
2026-02-16 21:09:24,986 - INFO - Epoch 11/100 Batch 211/650 - Loss: 1.162777 (Recon: 1.063895, Diff: 0.098882, KL: 0.000061)
2026-02-16 21:09:26,101 - INFO - Epoch 11/100 Batch 212/650 - Loss: 1.163204 (Recon: 1.062380, Diff: 0.100825, KL: 0.000102)
2026-02-16 21:09:27,193 - INFO - Epoch 11/100 Batch 213/650 - Loss: 1.114689 (Recon: 1.062374, Diff: 0.052314, KL: 0.000074)
2026-02-16 21:09:28,237 - INFO - Epoch 11/100 Batch 214/650 - Loss: 1.112616 (Recon: 1.057975, Diff: 0.054641, KL: 0.000085)
2026-02-16 21:09:29,349 - INFO - Epoch 11/100 Batch 215/650 - Loss: 1.123243 (Recon: 1.064618, Diff: 0.058625, KL: 0.000031)
2026-02-16 21:09:30,442 - INFO - Epoch 11/100 Batch 216/650 - Loss: 1.199250 (Recon: 1.063902, Diff: 0.135348, KL: 0.000182)
2026-02-16 21:09:31,521 - INFO - Epoch 11/100 Batch 217/650 - Loss: 1.108922 (Recon: 1.059750, Diff: 0.049172, KL: 0.000155)
2026-02-16 21:09:32,634 - INFO - Epoch 11/100 Batch 218/650 - Loss: 1.160268 (Recon: 1.054954, Diff: 0.105314, KL: 0.000113)
2026-02-16 21:09:33,717 - INFO - Epoch 11/100 Batch 219/650 - Loss: 1.122783 (Recon: 1.057107, Diff: 0.065676, KL: 0.000090)
2026-02-16 21:09:34,793 - INFO - Epoch 11/100 Batch 220/650 - Loss: 1.184370 (Recon: 1.056485, Diff: 0.127884, KL: 0.000241)
2026-02-16 21:09:35,855 - INFO - Epoch 11/100 Batch 221/650 - Loss: 1.142704 (Recon: 1.067672, Diff: 0.075031, KL: 0.000082)
2026-02-16 21:09:36,981 - INFO - Epoch 11/100 Batch 222/650 - Loss: 1.185655 (Recon: 1.063212, Diff: 0.122443, KL: 0.000222)
2026-02-16 21:09:38,056 - INFO - Epoch 11/100 Batch 223/650 - Loss: 1.110059 (Recon: 1.059398, Diff: 0.050661, KL: 0.000103)
2026-02-16 21:09:39,167 - INFO - Epoch 11/100 Batch 224/650 - Loss: 1.119699 (Recon: 1.056038, Diff: 0.063661, KL: 0.000045)
2026-02-16 21:09:40,247 - INFO - Epoch 11/100 Batch 225/650 - Loss: 1.112139 (Recon: 1.060015, Diff: 0.052123, KL: 0.000057)
2026-02-16 21:09:41,306 - INFO - Epoch 11/100 Batch 226/650 - Loss: 1.177284 (Recon: 1.056295, Diff: 0.120989, KL: 0.000044)
2026-02-16 21:09:42,365 - INFO - Epoch 11/100 Batch 227/650 - Loss: 1.111202 (Recon: 1.062339, Diff: 0.048864, KL: 0.000052)
2026-02-16 21:09:43,430 - INFO - Epoch 11/100 Batch 228/650 - Loss: 1.150979 (Recon: 1.055231, Diff: 0.095748, KL: 0.000144)
2026-02-16 21:09:44,478 - INFO - Epoch 11/100 Batch 229/650 - Loss: 1.146883 (Recon: 1.066006, Diff: 0.080878, KL: 0.000056)
2026-02-16 21:09:45,512 - INFO - Epoch 11/100 Batch 230/650 - Loss: 1.132426 (Recon: 1.063344, Diff: 0.069082, KL: 0.000050)
2026-02-16 21:09:46,516 - INFO - Epoch 11/100 Batch 231/650 - Loss: 1.176567 (Recon: 1.056967, Diff: 0.119600, KL: 0.000101)
2026-02-16 21:09:47,511 - INFO - Epoch 11/100 Batch 232/650 - Loss: 1.148432 (Recon: 1.059808, Diff: 0.088623, KL: 0.000076)
2026-02-16 21:09:48,536 - INFO - Epoch 11/100 Batch 233/650 - Loss: 1.156448 (Recon: 1.067143, Diff: 0.089305, KL: 0.000055)
2026-02-16 21:09:51,167 - INFO - Epoch 11/100 Batch 234/650 - Loss: 1.159220 (Recon: 1.036977, Diff: 0.122243, KL: 0.000250)
2026-02-16 21:09:52,175 - INFO - Epoch 11/100 Batch 235/650 - Loss: 1.135438 (Recon: 1.060198, Diff: 0.075240, KL: 0.000291)
2026-02-16 21:09:53,213 - INFO - Epoch 11/100 Batch 236/650 - Loss: 1.185782 (Recon: 1.067740, Diff: 0.118042, KL: 0.000351)
2026-02-16 21:09:54,273 - INFO - Epoch 11/100 Batch 237/650 - Loss: 1.107886 (Recon: 1.066788, Diff: 0.041097, KL: 0.000326)
2026-02-16 21:09:55,296 - INFO - Epoch 11/100 Batch 238/650 - Loss: 1.126731 (Recon: 1.052473, Diff: 0.074258, KL: 0.000258)
2026-02-16 21:10:00,368 - INFO - Epoch 11/100 Batch 239/650 - Loss: 1.114563 (Recon: 1.063356, Diff: 0.051207, KL: 0.000094)
2026-02-16 21:10:01,604 - INFO - Epoch 11/100 Batch 240/650 - Loss: 1.201890 (Recon: 1.060166, Diff: 0.141722, KL: 0.002000)
2026-02-16 21:10:02,651 - INFO - Epoch 11/100 Batch 241/650 - Loss: 1.186410 (Recon: 1.061006, Diff: 0.125403, KL: 0.000850)
2026-02-16 21:10:03,771 - INFO - Epoch 11/100 Batch 242/650 - Loss: 1.128066 (Recon: 1.056007, Diff: 0.072058, KL: 0.000568)
2026-02-16 21:10:04,884 - INFO - Epoch 11/100 Batch 243/650 - Loss: 1.205974 (Recon: 1.062313, Diff: 0.143661, KL: 0.000217)
2026-02-16 21:10:05,938 - INFO - Epoch 11/100 Batch 244/650 - Loss: 1.153356 (Recon: 1.056961, Diff: 0.096395, KL: 0.000867)
2026-02-16 21:10:07,000 - INFO - Epoch 11/100 Batch 245/650 - Loss: 1.116571 (Recon: 1.058961, Diff: 0.057609, KL: 0.000552)
2026-02-16 21:10:08,152 - INFO - Epoch 11/100 Batch 246/650 - Loss: 1.136184 (Recon: 1.062467, Diff: 0.073716, KL: 0.000646)
2026-02-16 21:10:09,243 - INFO - Epoch 11/100 Batch 247/650 - Loss: 1.122793 (Recon: 1.062993, Diff: 0.059799, KL: 0.000958)
2026-02-16 21:10:10,332 - INFO - Epoch 11/100 Batch 248/650 - Loss: 1.193248 (Recon: 1.060812, Diff: 0.132436, KL: 0.000106)
2026-02-16 21:10:11,404 - INFO - Epoch 11/100 Batch 249/650 - Loss: 1.146105 (Recon: 1.061436, Diff: 0.084668, KL: 0.000727)
2026-02-16 21:10:12,530 - INFO - Epoch 11/100 Batch 250/650 - Loss: 1.099187 (Recon: 1.061504, Diff: 0.037683, KL: 0.000354)
2026-02-16 21:10:13,614 - INFO - Epoch 11/100 Batch 251/650 - Loss: 1.119074 (Recon: 1.061817, Diff: 0.057257, KL: 0.000390)
2026-02-16 21:10:14,730 - INFO - Epoch 11/100 Batch 252/650 - Loss: 1.154480 (Recon: 1.060077, Diff: 0.094402, KL: 0.001311)
2026-02-16 21:10:15,781 - INFO - Epoch 11/100 Batch 253/650 - Loss: 1.144172 (Recon: 1.059119, Diff: 0.085053, KL: 0.000270)
2026-02-16 21:10:16,909 - INFO - Epoch 11/100 Batch 254/650 - Loss: 1.143636 (Recon: 1.058369, Diff: 0.085267, KL: 0.000317)
2026-02-16 21:10:18,007 - INFO - Epoch 11/100 Batch 255/650 - Loss: 1.235591 (Recon: 1.060239, Diff: 0.175352, KL: 0.000404)
2026-02-16 21:10:19,107 - INFO - Epoch 11/100 Batch 256/650 - Loss: 1.176851 (Recon: 1.063239, Diff: 0.113611, KL: 0.000232)
2026-02-16 21:10:20,191 - INFO - Epoch 11/100 Batch 257/650 - Loss: 1.149142 (Recon: 1.061342, Diff: 0.087800, KL: 0.000145)
2026-02-16 21:10:21,310 - INFO - Epoch 11/100 Batch 258/650 - Loss: 1.156000 (Recon: 1.058803, Diff: 0.097196, KL: 0.000412)
2026-02-16 21:10:22,411 - INFO - Epoch 11/100 Batch 259/650 - Loss: 1.112163 (Recon: 1.063136, Diff: 0.049027, KL: 0.000394)
2026-02-16 21:10:23,485 - INFO - Epoch 11/100 Batch 260/650 - Loss: 1.187488 (Recon: 1.051591, Diff: 0.135897, KL: 0.000308)
2026-02-16 21:10:24,581 - INFO - Epoch 11/100 Batch 261/650 - Loss: 1.183756 (Recon: 1.059252, Diff: 0.124504, KL: 0.000251)
2026-02-16 21:10:25,678 - INFO - Epoch 11/100 Batch 262/650 - Loss: 1.116663 (Recon: 1.059459, Diff: 0.057203, KL: 0.000214)
2026-02-16 21:10:26,773 - INFO - Epoch 11/100 Batch 263/650 - Loss: 1.088923 (Recon: 1.059609, Diff: 0.029313, KL: 0.000434)
2026-02-16 21:10:27,848 - INFO - Epoch 11/100 Batch 264/650 - Loss: 1.159747 (Recon: 1.063682, Diff: 0.096064, KL: 0.000657)
2026-02-16 21:10:28,933 - INFO - Epoch 11/100 Batch 265/650 - Loss: 1.152235 (Recon: 1.061361, Diff: 0.090874, KL: 0.000085)
2026-02-16 21:10:30,062 - INFO - Epoch 11/100 Batch 266/650 - Loss: 1.136033 (Recon: 1.049440, Diff: 0.086592, KL: 0.000196)
2026-02-16 21:10:31,182 - INFO - Epoch 11/100 Batch 267/650 - Loss: 1.121714 (Recon: 1.056794, Diff: 0.064921, KL: 0.000142)
2026-02-16 21:10:32,286 - INFO - Epoch 11/100 Batch 268/650 - Loss: 1.118208 (Recon: 1.063290, Diff: 0.054918, KL: 0.000064)
2026-02-16 21:10:33,352 - INFO - Epoch 11/100 Batch 269/650 - Loss: 1.163204 (Recon: 1.064006, Diff: 0.099197, KL: 0.000145)
2026-02-16 21:10:34,480 - INFO - Epoch 11/100 Batch 270/650 - Loss: 1.139736 (Recon: 1.064725, Diff: 0.075011, KL: 0.000065)
2026-02-16 21:10:35,568 - INFO - Epoch 11/100 Batch 271/650 - Loss: 1.130192 (Recon: 1.062546, Diff: 0.067646, KL: 0.000080)
2026-02-16 21:10:36,673 - INFO - Epoch 11/100 Batch 272/650 - Loss: 1.198503 (Recon: 1.059263, Diff: 0.139241, KL: 0.000126)
2026-02-16 21:10:37,777 - INFO - Epoch 11/100 Batch 273/650 - Loss: 1.147624 (Recon: 1.059500, Diff: 0.088123, KL: 0.000045)
2026-02-16 21:10:38,894 - INFO - Epoch 11/100 Batch 274/650 - Loss: 1.110981 (Recon: 1.057281, Diff: 0.053700, KL: 0.000072)
2026-02-16 21:10:39,971 - INFO - Epoch 11/100 Batch 275/650 - Loss: 1.128032 (Recon: 1.061875, Diff: 0.066156, KL: 0.000096)
2026-02-16 21:10:43,896 - INFO - Epoch 11/100 Batch 276/650 - Loss: 1.126751 (Recon: 1.052843, Diff: 0.073907, KL: 0.000268)
2026-02-16 21:10:45,024 - INFO - Epoch 11/100 Batch 277/650 - Loss: 1.117049 (Recon: 1.065322, Diff: 0.051727, KL: 0.000109)
2026-02-16 21:10:46,185 - INFO - Epoch 11/100 Batch 278/650 - Loss: 1.124758 (Recon: 1.060933, Diff: 0.063825, KL: 0.000143)
2026-02-16 21:10:47,295 - INFO - Epoch 11/100 Batch 279/650 - Loss: 1.224557 (Recon: 1.051976, Diff: 0.172581, KL: 0.000145)
2026-02-16 21:10:48,359 - INFO - Epoch 11/100 Batch 280/650 - Loss: 1.158530 (Recon: 1.060460, Diff: 0.098070, KL: 0.000058)
2026-02-16 21:10:49,425 - INFO - Epoch 11/100 Batch 281/650 - Loss: 1.123078 (Recon: 1.051768, Diff: 0.071310, KL: 0.000064)
2026-02-16 21:10:50,479 - INFO - Epoch 11/100 Batch 282/650 - Loss: 1.138140 (Recon: 1.061621, Diff: 0.076520, KL: 0.000163)
2026-02-16 21:10:53,484 - INFO - Epoch 11/100 Batch 283/650 - Loss: 1.163990 (Recon: 1.057621, Diff: 0.106369, KL: 0.000078)
2026-02-16 21:10:54,552 - INFO - Epoch 11/100 Batch 284/650 - Loss: 1.111204 (Recon: 1.065984, Diff: 0.045220, KL: 0.000095)
2026-02-16 21:10:55,614 - INFO - Epoch 11/100 Batch 285/650 - Loss: 1.158587 (Recon: 1.060133, Diff: 0.098454, KL: 0.000109)
2026-02-16 21:10:56,723 - INFO - Epoch 11/100 Batch 286/650 - Loss: 1.117154 (Recon: 1.055149, Diff: 0.062005, KL: 0.000129)
2026-02-16 21:10:57,771 - INFO - Epoch 11/100 Batch 287/650 - Loss: 1.136260 (Recon: 1.057563, Diff: 0.078697, KL: 0.000082)
2026-02-16 21:11:02,606 - INFO - Epoch 11/100 Batch 288/650 - Loss: 1.123648 (Recon: 1.059123, Diff: 0.064524, KL: 0.000154)
2026-02-16 21:11:03,747 - INFO - Epoch 11/100 Batch 289/650 - Loss: 1.127556 (Recon: 1.056957, Diff: 0.070599, KL: 0.000118)
2026-02-16 21:11:04,868 - INFO - Epoch 11/100 Batch 290/650 - Loss: 1.155757 (Recon: 1.047923, Diff: 0.107834, KL: 0.000075)
2026-02-16 21:11:05,996 - INFO - Epoch 11/100 Batch 291/650 - Loss: 1.143107 (Recon: 1.060776, Diff: 0.082330, KL: 0.000427)
2026-02-16 21:11:07,206 - INFO - Epoch 11/100 Batch 292/650 - Loss: 1.111452 (Recon: 1.063310, Diff: 0.048142, KL: 0.000237)
2026-02-16 21:11:08,357 - INFO - Epoch 11/100 Batch 293/650 - Loss: 1.146856 (Recon: 1.053015, Diff: 0.093840, KL: 0.000513)
2026-02-16 21:11:09,559 - INFO - Epoch 11/100 Batch 294/650 - Loss: 1.116416 (Recon: 1.051268, Diff: 0.065147, KL: 0.001329)
2026-02-16 21:11:10,675 - INFO - Epoch 11/100 Batch 295/650 - Loss: 1.184346 (Recon: 1.062738, Diff: 0.121607, KL: 0.001004)
2026-02-16 21:11:11,824 - INFO - Epoch 11/100 Batch 296/650 - Loss: 1.120293 (Recon: 1.062305, Diff: 0.057988, KL: 0.000209)
2026-02-16 21:11:12,969 - INFO - Epoch 11/100 Batch 297/650 - Loss: 1.198776 (Recon: 1.042722, Diff: 0.156054, KL: 0.000924)
2026-02-16 21:11:14,087 - INFO - Epoch 11/100 Batch 298/650 - Loss: 1.112728 (Recon: 1.055978, Diff: 0.056749, KL: 0.000389)
2026-02-16 21:11:15,241 - INFO - Epoch 11/100 Batch 299/650 - Loss: 1.187261 (Recon: 1.057993, Diff: 0.129267, KL: 0.000678)
2026-02-16 21:11:16,392 - INFO - Epoch 11/100 Batch 300/650 - Loss: 1.158554 (Recon: 1.061400, Diff: 0.097154, KL: 0.000512)
2026-02-16 21:11:17,539 - INFO - Epoch 11/100 Batch 301/650 - Loss: 1.149120 (Recon: 1.063282, Diff: 0.085838, KL: 0.000095)
2026-02-16 21:11:18,659 - INFO - Epoch 11/100 Batch 302/650 - Loss: 1.165494 (Recon: 1.051847, Diff: 0.113647, KL: 0.000510)
2026-02-16 21:11:19,779 - INFO - Epoch 11/100 Batch 303/650 - Loss: 1.177087 (Recon: 1.053081, Diff: 0.124006, KL: 0.000284)
2026-02-16 21:11:20,858 - INFO - Epoch 11/100 Batch 304/650 - Loss: 1.158418 (Recon: 1.062341, Diff: 0.096077, KL: 0.000343)
2026-02-16 21:11:22,022 - INFO - Epoch 11/100 Batch 305/650 - Loss: 1.106552 (Recon: 1.062641, Diff: 0.043910, KL: 0.000232)
2026-02-16 21:11:23,165 - INFO - Epoch 11/100 Batch 306/650 - Loss: 1.147317 (Recon: 1.051187, Diff: 0.096130, KL: 0.000123)
2026-02-16 21:11:24,333 - INFO - Epoch 11/100 Batch 307/650 - Loss: 1.172744 (Recon: 1.056950, Diff: 0.115793, KL: 0.000268)
2026-02-16 21:11:25,466 - INFO - Epoch 11/100 Batch 308/650 - Loss: 1.115318 (Recon: 1.062741, Diff: 0.052577, KL: 0.000245)
2026-02-16 21:11:26,642 - INFO - Epoch 11/100 Batch 309/650 - Loss: 1.147099 (Recon: 1.055974, Diff: 0.091126, KL: 0.000123)
2026-02-16 21:11:27,760 - INFO - Epoch 11/100 Batch 310/650 - Loss: 1.153286 (Recon: 1.057367, Diff: 0.095919, KL: 0.000141)
2026-02-16 21:11:28,892 - INFO - Epoch 11/100 Batch 311/650 - Loss: 1.204828 (Recon: 1.061965, Diff: 0.142862, KL: 0.000163)
2026-02-16 21:11:30,033 - INFO - Epoch 11/100 Batch 312/650 - Loss: 1.140822 (Recon: 1.060103, Diff: 0.080719, KL: 0.000048)
2026-02-16 21:11:31,169 - INFO - Epoch 11/100 Batch 313/650 - Loss: 1.130820 (Recon: 1.058873, Diff: 0.071947, KL: 0.000148)
2026-02-16 21:11:32,343 - INFO - Epoch 11/100 Batch 314/650 - Loss: 1.129604 (Recon: 1.061150, Diff: 0.068454, KL: 0.000164)
2026-02-16 21:11:33,480 - INFO - Epoch 11/100 Batch 315/650 - Loss: 1.179224 (Recon: 1.058740, Diff: 0.120484, KL: 0.000220)
2026-02-16 21:11:34,641 - INFO - Epoch 11/100 Batch 316/650 - Loss: 1.152980 (Recon: 1.052537, Diff: 0.100443, KL: 0.000283)
2026-02-16 21:11:35,738 - INFO - Epoch 11/100 Batch 317/650 - Loss: 1.116823 (Recon: 1.057532, Diff: 0.059290, KL: 0.000632)
2026-02-16 21:11:36,875 - INFO - Epoch 11/100 Batch 318/650 - Loss: 1.111181 (Recon: 1.061556, Diff: 0.049625, KL: 0.000172)
2026-02-16 21:11:38,036 - INFO - Epoch 11/100 Batch 319/650 - Loss: 1.238280 (Recon: 1.039619, Diff: 0.198661, KL: 0.000235)
2026-02-16 21:11:39,214 - INFO - Epoch 11/100 Batch 320/650 - Loss: 1.113791 (Recon: 1.062925, Diff: 0.050866, KL: 0.000319)
2026-02-16 21:11:40,309 - INFO - Epoch 11/100 Batch 321/650 - Loss: 1.108105 (Recon: 1.060621, Diff: 0.047484, KL: 0.000310)
2026-02-16 21:11:41,459 - INFO - Epoch 11/100 Batch 322/650 - Loss: 1.140739 (Recon: 1.060482, Diff: 0.080257, KL: 0.000301)
2026-02-16 21:11:42,615 - INFO - Epoch 11/100 Batch 323/650 - Loss: 1.192564 (Recon: 1.055604, Diff: 0.136960, KL: 0.000197)
2026-02-16 21:11:43,768 - INFO - Epoch 11/100 Batch 324/650 - Loss: 1.100808 (Recon: 1.057337, Diff: 0.043472, KL: 0.000113)
2026-02-16 21:11:44,892 - INFO - Epoch 11/100 Batch 325/650 - Loss: 1.149426 (Recon: 1.047016, Diff: 0.102409, KL: 0.000683)
2026-02-16 21:11:46,063 - INFO - Epoch 11/100 Batch 326/650 - Loss: 1.127241 (Recon: 1.053320, Diff: 0.073921, KL: 0.000434)
2026-02-16 21:11:47,233 - INFO - Epoch 11/100 Batch 327/650 - Loss: 1.160400 (Recon: 1.053601, Diff: 0.106798, KL: 0.000225)
2026-02-16 21:11:48,364 - INFO - Epoch 11/100 Batch 328/650 - Loss: 1.165183 (Recon: 1.056986, Diff: 0.108196, KL: 0.001336)
2026-02-16 21:11:50,950 - INFO - Epoch 11/100 Batch 329/650 - Loss: 1.192003 (Recon: 1.058974, Diff: 0.133028, KL: 0.000904)
2026-02-16 21:11:52,040 - INFO - Epoch 11/100 Batch 330/650 - Loss: 1.153205 (Recon: 1.053194, Diff: 0.100010, KL: 0.000145)
2026-02-16 21:11:53,023 - INFO - Epoch 11/100 Batch 331/650 - Loss: 1.145043 (Recon: 1.053150, Diff: 0.091891, KL: 0.001829)
2026-02-16 21:11:54,077 - INFO - Epoch 11/100 Batch 332/650 - Loss: 1.169593 (Recon: 1.052698, Diff: 0.116893, KL: 0.002064)
2026-02-16 21:11:55,099 - INFO - Epoch 11/100 Batch 333/650 - Loss: 1.165293 (Recon: 1.054187, Diff: 0.111106, KL: 0.000233)
2026-02-16 21:11:56,141 - INFO - Epoch 11/100 Batch 334/650 - Loss: 1.109383 (Recon: 1.056936, Diff: 0.052444, KL: 0.002526)
2026-02-16 21:11:57,203 - INFO - Epoch 11/100 Batch 335/650 - Loss: 1.175348 (Recon: 1.064775, Diff: 0.110570, KL: 0.002379)
2026-02-16 21:11:58,276 - INFO - Epoch 11/100 Batch 336/650 - Loss: 1.102676 (Recon: 1.061351, Diff: 0.041325, KL: 0.000263)
2026-02-16 21:12:00,850 - INFO - Epoch 11/100 Batch 337/650 - Loss: 1.149884 (Recon: 1.058601, Diff: 0.091280, KL: 0.003162)
2026-02-16 21:12:01,967 - INFO - Epoch 11/100 Batch 338/650 - Loss: 1.143371 (Recon: 1.047349, Diff: 0.096020, KL: 0.001873)
2026-02-16 21:12:03,074 - INFO - Epoch 11/100 Batch 339/650 - Loss: 1.122598 (Recon: 1.053148, Diff: 0.069450, KL: 0.000317)
2026-02-16 21:12:04,175 - INFO - Epoch 11/100 Batch 340/650 - Loss: 1.159302 (Recon: 1.054774, Diff: 0.104526, KL: 0.001058)
2026-02-16 21:12:05,295 - INFO - Epoch 11/100 Batch 341/650 - Loss: 1.216709 (Recon: 1.060017, Diff: 0.156692, KL: 0.000275)
2026-02-16 21:12:06,379 - INFO - Epoch 11/100 Batch 342/650 - Loss: 1.185306 (Recon: 1.057988, Diff: 0.127315, KL: 0.001762)
2026-02-16 21:12:07,493 - INFO - Epoch 11/100 Batch 343/650 - Loss: 1.108526 (Recon: 1.061130, Diff: 0.047395, KL: 0.001028)
2026-02-16 21:12:08,583 - INFO - Epoch 11/100 Batch 344/650 - Loss: 1.137501 (Recon: 1.059120, Diff: 0.078381, KL: 0.000176)
2026-02-16 21:12:09,695 - INFO - Epoch 11/100 Batch 345/650 - Loss: 1.151785 (Recon: 1.059448, Diff: 0.092336, KL: 0.001487)
2026-02-16 21:12:10,829 - INFO - Epoch 11/100 Batch 346/650 - Loss: 1.137259 (Recon: 1.060585, Diff: 0.076673, KL: 0.000629)
2026-02-16 21:12:11,935 - INFO - Epoch 11/100 Batch 347/650 - Loss: 1.166698 (Recon: 1.059449, Diff: 0.107249, KL: 0.000298)
2026-02-16 21:12:13,135 - INFO - Epoch 11/100 Batch 348/650 - Loss: 1.125405 (Recon: 1.058861, Diff: 0.066543, KL: 0.001156)
2026-02-16 21:12:14,250 - INFO - Epoch 11/100 Batch 349/650 - Loss: 1.155543 (Recon: 1.062194, Diff: 0.093349, KL: 0.000278)
2026-02-16 21:12:15,342 - INFO - Epoch 11/100 Batch 350/650 - Loss: 1.122622 (Recon: 1.061135, Diff: 0.061487, KL: 0.000225)
2026-02-16 21:12:16,465 - INFO - Epoch 11/100 Batch 351/650 - Loss: 1.103846 (Recon: 1.046539, Diff: 0.057307, KL: 0.000255)
2026-02-16 21:12:17,606 - INFO - Epoch 11/100 Batch 352/650 - Loss: 1.127599 (Recon: 1.056947, Diff: 0.070651, KL: 0.000087)
2026-02-16 21:12:18,712 - INFO - Epoch 11/100 Batch 353/650 - Loss: 1.159748 (Recon: 1.060846, Diff: 0.098902, KL: 0.000328)
2026-02-16 21:12:19,818 - INFO - Epoch 11/100 Batch 354/650 - Loss: 1.097276 (Recon: 1.055940, Diff: 0.041336, KL: 0.000080)
2026-02-16 21:12:20,882 - INFO - Epoch 11/100 Batch 355/650 - Loss: 1.115507 (Recon: 1.065756, Diff: 0.049751, KL: 0.000213)
2026-02-16 21:12:21,995 - INFO - Epoch 11/100 Batch 356/650 - Loss: 1.125989 (Recon: 1.059759, Diff: 0.066230, KL: 0.000260)
2026-02-16 21:12:23,090 - INFO - Epoch 11/100 Batch 357/650 - Loss: 1.094661 (Recon: 1.056700, Diff: 0.037960, KL: 0.000154)
2026-02-16 21:12:24,158 - INFO - Epoch 11/100 Batch 358/650 - Loss: 1.136092 (Recon: 1.051610, Diff: 0.084482, KL: 0.000296)
2026-02-16 21:12:25,268 - INFO - Epoch 11/100 Batch 359/650 - Loss: 1.160440 (Recon: 1.058439, Diff: 0.102001, KL: 0.000251)
2026-02-16 21:12:26,392 - INFO - Epoch 11/100 Batch 360/650 - Loss: 1.160588 (Recon: 1.058653, Diff: 0.101935, KL: 0.000121)
2026-02-16 21:12:27,548 - INFO - Epoch 11/100 Batch 361/650 - Loss: 1.149535 (Recon: 1.046742, Diff: 0.102793, KL: 0.000066)
2026-02-16 21:12:28,649 - INFO - Epoch 11/100 Batch 362/650 - Loss: 1.114566 (Recon: 1.057789, Diff: 0.056776, KL: 0.000195)
2026-02-16 21:12:29,763 - INFO - Epoch 11/100 Batch 363/650 - Loss: 1.142837 (Recon: 1.053722, Diff: 0.089115, KL: 0.000067)
2026-02-16 21:12:30,892 - INFO - Epoch 11/100 Batch 364/650 - Loss: 1.104738 (Recon: 1.059935, Diff: 0.044802, KL: 0.000229)
2026-02-16 21:12:32,049 - INFO - Epoch 11/100 Batch 365/650 - Loss: 1.206167 (Recon: 1.050884, Diff: 0.155283, KL: 0.000525)
2026-02-16 21:12:33,135 - INFO - Epoch 11/100 Batch 366/650 - Loss: 1.122438 (Recon: 1.050900, Diff: 0.071538, KL: 0.000235)
2026-02-16 21:12:34,198 - INFO - Epoch 11/100 Batch 367/650 - Loss: 1.144318 (Recon: 1.052159, Diff: 0.092159, KL: 0.000096)
2026-02-16 21:12:35,329 - INFO - Epoch 11/100 Batch 368/650 - Loss: 1.150579 (Recon: 1.061990, Diff: 0.088589, KL: 0.000274)
2026-02-16 21:12:36,475 - INFO - Epoch 11/100 Batch 369/650 - Loss: 1.155911 (Recon: 1.050276, Diff: 0.105635, KL: 0.000190)
2026-02-16 21:12:37,633 - INFO - Epoch 11/100 Batch 370/650 - Loss: 1.167099 (Recon: 1.056982, Diff: 0.110117, KL: 0.000085)
2026-02-16 21:12:38,726 - INFO - Epoch 11/100 Batch 371/650 - Loss: 1.090701 (Recon: 1.055780, Diff: 0.034921, KL: 0.000117)
2026-02-16 21:12:39,856 - INFO - Epoch 11/100 Batch 372/650 - Loss: 1.154883 (Recon: 1.063402, Diff: 0.091480, KL: 0.000050)
2026-02-16 21:12:40,950 - INFO - Epoch 11/100 Batch 373/650 - Loss: 1.114651 (Recon: 1.060168, Diff: 0.054483, KL: 0.000137)
2026-02-16 21:12:42,051 - INFO - Epoch 11/100 Batch 374/650 - Loss: 1.180555 (Recon: 1.061434, Diff: 0.119121, KL: 0.000116)
2026-02-16 21:12:43,167 - INFO - Epoch 11/100 Batch 375/650 - Loss: 1.103968 (Recon: 1.060689, Diff: 0.043279, KL: 0.000052)
2026-02-16 21:12:44,288 - INFO - Epoch 11/100 Batch 376/650 - Loss: 1.198512 (Recon: 1.048554, Diff: 0.149957, KL: 0.000354)
2026-02-16 21:12:45,404 - INFO - Epoch 11/100 Batch 377/650 - Loss: 1.107856 (Recon: 1.060730, Diff: 0.047126, KL: 0.000231)
2026-02-16 21:12:46,499 - INFO - Epoch 11/100 Batch 378/650 - Loss: 1.156082 (Recon: 1.057252, Diff: 0.098830, KL: 0.000068)
2026-02-16 21:12:47,577 - INFO - Epoch 11/100 Batch 379/650 - Loss: 1.175697 (Recon: 1.057683, Diff: 0.118014, KL: 0.000296)
2026-02-16 21:12:48,715 - INFO - Epoch 11/100 Batch 380/650 - Loss: 1.140023 (Recon: 1.057416, Diff: 0.082606, KL: 0.000178)
2026-02-16 21:12:49,791 - INFO - Epoch 11/100 Batch 381/650 - Loss: 1.103375 (Recon: 1.054808, Diff: 0.048567, KL: 0.000134)
2026-02-16 21:12:50,889 - INFO - Epoch 11/100 Batch 382/650 - Loss: 1.130045 (Recon: 1.059716, Diff: 0.070328, KL: 0.000233)
2026-02-16 21:12:53,640 - INFO - Epoch 11/100 Batch 383/650 - Loss: 1.197103 (Recon: 1.059222, Diff: 0.137880, KL: 0.000110)
2026-02-16 21:12:54,691 - INFO - Epoch 11/100 Batch 384/650 - Loss: 1.256859 (Recon: 1.059212, Diff: 0.197647, KL: 0.000142)
2026-02-16 21:12:55,705 - INFO - Epoch 11/100 Batch 385/650 - Loss: 1.134443 (Recon: 1.058824, Diff: 0.075619, KL: 0.000068)
2026-02-16 21:12:56,756 - INFO - Epoch 11/100 Batch 386/650 - Loss: 1.133116 (Recon: 1.059164, Diff: 0.073952, KL: 0.000065)
2026-02-16 21:12:57,818 - INFO - Epoch 11/100 Batch 387/650 - Loss: 1.120485 (Recon: 1.058776, Diff: 0.061709, KL: 0.000207)
2026-02-16 21:12:58,862 - INFO - Epoch 11/100 Batch 388/650 - Loss: 1.130180 (Recon: 1.054528, Diff: 0.075651, KL: 0.000268)
2026-02-16 21:12:59,915 - INFO - Epoch 11/100 Batch 389/650 - Loss: 1.122247 (Recon: 1.061678, Diff: 0.060568, KL: 0.000234)
2026-02-16 21:13:01,550 - INFO - Epoch 11/100 Batch 390/650 - Loss: 1.159574 (Recon: 1.057366, Diff: 0.102208, KL: 0.000150)
2026-02-16 21:13:02,708 - INFO - Epoch 11/100 Batch 391/650 - Loss: 1.180061 (Recon: 1.056254, Diff: 0.123807, KL: 0.000053)
2026-02-16 21:13:03,837 - INFO - Epoch 11/100 Batch 392/650 - Loss: 1.147793 (Recon: 1.060414, Diff: 0.087379, KL: 0.000205)
2026-02-16 21:13:04,957 - INFO - Epoch 11/100 Batch 393/650 - Loss: 1.142473 (Recon: 1.056951, Diff: 0.085522, KL: 0.000264)
2026-02-16 21:13:06,150 - INFO - Epoch 11/100 Batch 394/650 - Loss: 1.139270 (Recon: 1.051438, Diff: 0.087832, KL: 0.000142)
2026-02-16 21:13:07,300 - INFO - Epoch 11/100 Batch 395/650 - Loss: 1.198346 (Recon: 1.050980, Diff: 0.147366, KL: 0.000407)
2026-02-16 21:13:08,464 - INFO - Epoch 11/100 Batch 396/650 - Loss: 1.142905 (Recon: 1.054398, Diff: 0.088507, KL: 0.000771)
2026-02-16 21:13:09,595 - INFO - Epoch 11/100 Batch 397/650 - Loss: 1.159688 (Recon: 1.058937, Diff: 0.100751, KL: 0.000219)
2026-02-16 21:13:10,750 - INFO - Epoch 11/100 Batch 398/650 - Loss: 1.109492 (Recon: 1.055578, Diff: 0.053915, KL: 0.000170)
2026-02-16 21:13:11,903 - INFO - Epoch 11/100 Batch 399/650 - Loss: 1.158193 (Recon: 1.054293, Diff: 0.103899, KL: 0.000322)
2026-02-16 21:13:13,018 - INFO - Epoch 11/100 Batch 400/650 - Loss: 1.166564 (Recon: 1.055971, Diff: 0.110592, KL: 0.000081)
2026-02-16 21:13:14,130 - INFO - Epoch 11/100 Batch 401/650 - Loss: 1.237059 (Recon: 1.054229, Diff: 0.182830, KL: 0.000197)
2026-02-16 21:13:15,247 - INFO - Epoch 11/100 Batch 402/650 - Loss: 1.168306 (Recon: 1.054988, Diff: 0.113317, KL: 0.000389)
2026-02-16 21:13:16,367 - INFO - Epoch 11/100 Batch 403/650 - Loss: 1.193998 (Recon: 1.060176, Diff: 0.133822, KL: 0.000051)
2026-02-16 21:13:17,517 - INFO - Epoch 11/100 Batch 404/650 - Loss: 1.168318 (Recon: 1.050076, Diff: 0.118241, KL: 0.000464)
2026-02-16 21:13:18,632 - INFO - Epoch 11/100 Batch 405/650 - Loss: 1.108223 (Recon: 1.060927, Diff: 0.047296, KL: 0.000452)
2026-02-16 21:13:19,739 - INFO - Epoch 11/100 Batch 406/650 - Loss: 1.163445 (Recon: 1.062241, Diff: 0.101205, KL: 0.000066)
2026-02-16 21:13:20,858 - INFO - Epoch 11/100 Batch 407/650 - Loss: 1.129967 (Recon: 1.050741, Diff: 0.079225, KL: 0.000696)
2026-02-16 21:13:21,984 - INFO - Epoch 11/100 Batch 408/650 - Loss: 1.245555 (Recon: 1.060157, Diff: 0.185397, KL: 0.000698)
2026-02-16 21:13:23,079 - INFO - Epoch 11/100 Batch 409/650 - Loss: 1.111506 (Recon: 1.059013, Diff: 0.052493, KL: 0.000211)
2026-02-16 21:13:24,231 - INFO - Epoch 11/100 Batch 410/650 - Loss: 1.092344 (Recon: 1.061762, Diff: 0.030581, KL: 0.000944)
2026-02-16 21:13:25,325 - INFO - Epoch 11/100 Batch 411/650 - Loss: 1.143172 (Recon: 1.056826, Diff: 0.086345, KL: 0.000764)
2026-02-16 21:13:26,479 - INFO - Epoch 11/100 Batch 412/650 - Loss: 1.136449 (Recon: 1.052037, Diff: 0.084412, KL: 0.000239)
2026-02-16 21:13:27,606 - INFO - Epoch 11/100 Batch 413/650 - Loss: 1.163646 (Recon: 1.055366, Diff: 0.108279, KL: 0.000560)
2026-02-16 21:13:28,746 - INFO - Epoch 11/100 Batch 414/650 - Loss: 1.138763 (Recon: 1.055262, Diff: 0.083501, KL: 0.000241)
2026-02-16 21:13:29,887 - INFO - Epoch 11/100 Batch 415/650 - Loss: 1.126420 (Recon: 1.056201, Diff: 0.070219, KL: 0.000111)
2026-02-16 21:13:31,051 - INFO - Epoch 11/100 Batch 416/650 - Loss: 1.133364 (Recon: 1.048896, Diff: 0.084469, KL: 0.000145)
2026-02-16 21:13:32,165 - INFO - Epoch 11/100 Batch 417/650 - Loss: 1.163243 (Recon: 1.054829, Diff: 0.108413, KL: 0.000118)
2026-02-16 21:13:33,331 - INFO - Epoch 11/100 Batch 418/650 - Loss: 1.139058 (Recon: 1.056798, Diff: 0.082259, KL: 0.000220)
2026-02-16 21:13:34,454 - INFO - Epoch 11/100 Batch 419/650 - Loss: 1.160684 (Recon: 1.051525, Diff: 0.109158, KL: 0.000069)
2026-02-16 21:13:35,607 - INFO - Epoch 11/100 Batch 420/650 - Loss: 1.103974 (Recon: 1.050453, Diff: 0.053521, KL: 0.000428)
2026-02-16 21:13:36,741 - INFO - Epoch 11/100 Batch 421/650 - Loss: 1.139625 (Recon: 1.059674, Diff: 0.079951, KL: 0.000246)
2026-02-16 21:13:37,853 - INFO - Epoch 11/100 Batch 422/650 - Loss: 1.152664 (Recon: 1.054295, Diff: 0.098369, KL: 0.000195)
2026-02-16 21:13:38,922 - INFO - Epoch 11/100 Batch 423/650 - Loss: 1.091854 (Recon: 1.046739, Diff: 0.045114, KL: 0.000796)
2026-02-16 21:13:40,051 - INFO - Epoch 11/100 Batch 424/650 - Loss: 1.151536 (Recon: 1.051843, Diff: 0.099693, KL: 0.000359)
2026-02-16 21:13:41,191 - INFO - Epoch 11/100 Batch 425/650 - Loss: 1.088593 (Recon: 1.053093, Diff: 0.035500, KL: 0.000207)
2026-02-16 21:13:42,314 - INFO - Epoch 11/100 Batch 426/650 - Loss: 1.125311 (Recon: 1.049739, Diff: 0.075571, KL: 0.000908)
2026-02-16 21:13:43,478 - INFO - Epoch 11/100 Batch 427/650 - Loss: 1.138689 (Recon: 1.051925, Diff: 0.086764, KL: 0.000407)
2026-02-16 21:13:44,594 - INFO - Epoch 11/100 Batch 428/650 - Loss: 1.106844 (Recon: 1.058054, Diff: 0.048790, KL: 0.000081)
2026-02-16 21:13:45,698 - INFO - Epoch 11/100 Batch 429/650 - Loss: 1.133911 (Recon: 1.054700, Diff: 0.079210, KL: 0.000415)
2026-02-16 21:13:46,805 - INFO - Epoch 11/100 Batch 430/650 - Loss: 1.165273 (Recon: 1.057465, Diff: 0.107808, KL: 0.000183)
2026-02-16 21:13:47,895 - INFO - Epoch 11/100 Batch 431/650 - Loss: 1.216088 (Recon: 1.047654, Diff: 0.168433, KL: 0.000387)
2026-02-16 21:13:49,001 - INFO - Epoch 11/100 Batch 432/650 - Loss: 1.142607 (Recon: 1.060569, Diff: 0.082037, KL: 0.000916)
2026-02-16 21:13:50,101 - INFO - Epoch 11/100 Batch 433/650 - Loss: 1.152423 (Recon: 1.040834, Diff: 0.111588, KL: 0.000497)
2026-02-16 21:13:51,297 - INFO - Epoch 11/100 Batch 434/650 - Loss: 1.100506 (Recon: 1.057049, Diff: 0.043457, KL: 0.000073)
2026-02-16 21:13:52,377 - INFO - Epoch 11/100 Batch 435/650 - Loss: 1.148446 (Recon: 1.054579, Diff: 0.093867, KL: 0.000361)
2026-02-16 21:13:53,389 - INFO - Epoch 11/100 Batch 436/650 - Loss: 1.165278 (Recon: 1.061295, Diff: 0.103983, KL: 0.000169)
2026-02-16 21:13:56,316 - INFO - Epoch 11/100 Batch 437/650 - Loss: 1.162149 (Recon: 1.054077, Diff: 0.108072, KL: 0.000068)
2026-02-16 21:13:57,347 - INFO - Epoch 11/100 Batch 438/650 - Loss: 1.167850 (Recon: 1.052006, Diff: 0.115844, KL: 0.000165)
2026-02-16 21:13:58,352 - INFO - Epoch 11/100 Batch 439/650 - Loss: 1.094621 (Recon: 1.051180, Diff: 0.043441, KL: 0.000266)
2026-02-16 21:13:59,404 - INFO - Epoch 11/100 Batch 440/650 - Loss: 1.134595 (Recon: 1.057743, Diff: 0.076851, KL: 0.000339)
2026-02-16 21:14:00,496 - INFO - Epoch 11/100 Batch 441/650 - Loss: 1.128213 (Recon: 1.059809, Diff: 0.068404, KL: 0.000055)
2026-02-16 21:14:01,901 - INFO - Epoch 11/100 Batch 442/650 - Loss: 1.152914 (Recon: 1.050657, Diff: 0.102256, KL: 0.000347)
2026-02-16 21:14:03,010 - INFO - Epoch 11/100 Batch 443/650 - Loss: 1.115215 (Recon: 1.055053, Diff: 0.060162, KL: 0.000188)
2026-02-16 21:14:04,105 - INFO - Epoch 11/100 Batch 444/650 - Loss: 1.099880 (Recon: 1.060471, Diff: 0.039409, KL: 0.000042)
2026-02-16 21:14:05,226 - INFO - Epoch 11/100 Batch 445/650 - Loss: 1.109959 (Recon: 1.052146, Diff: 0.057813, KL: 0.000142)
2026-02-16 21:14:06,329 - INFO - Epoch 11/100 Batch 446/650 - Loss: 1.155691 (Recon: 1.055562, Diff: 0.100129, KL: 0.000160)
2026-02-16 21:14:07,442 - INFO - Epoch 11/100 Batch 447/650 - Loss: 1.208596 (Recon: 1.051101, Diff: 0.157495, KL: 0.000348)
2026-02-16 21:14:08,556 - INFO - Epoch 11/100 Batch 448/650 - Loss: 1.123088 (Recon: 1.053164, Diff: 0.069924, KL: 0.000082)
2026-02-16 21:14:09,674 - INFO - Epoch 11/100 Batch 449/650 - Loss: 1.114095 (Recon: 1.043956, Diff: 0.070139, KL: 0.000093)
2026-02-16 21:14:10,779 - INFO - Epoch 11/100 Batch 450/650 - Loss: 1.124206 (Recon: 1.051183, Diff: 0.073023, KL: 0.000124)
2026-02-16 21:14:11,878 - INFO - Epoch 11/100 Batch 451/650 - Loss: 1.166235 (Recon: 1.051452, Diff: 0.114783, KL: 0.000149)
2026-02-16 21:14:12,999 - INFO - Epoch 11/100 Batch 452/650 - Loss: 1.135345 (Recon: 1.056883, Diff: 0.078462, KL: 0.000034)
2026-02-16 21:14:14,154 - INFO - Epoch 11/100 Batch 453/650 - Loss: 1.108758 (Recon: 1.047061, Diff: 0.061697, KL: 0.000391)
2026-02-16 21:14:15,318 - INFO - Epoch 11/100 Batch 454/650 - Loss: 1.116763 (Recon: 1.059210, Diff: 0.057553, KL: 0.000340)
2026-02-16 21:14:16,407 - INFO - Epoch 11/100 Batch 455/650 - Loss: 1.136388 (Recon: 1.053266, Diff: 0.083122, KL: 0.000070)
2026-02-16 21:14:17,549 - INFO - Epoch 11/100 Batch 456/650 - Loss: 1.112196 (Recon: 1.049741, Diff: 0.062454, KL: 0.000269)
2026-02-16 21:14:18,641 - INFO - Epoch 11/100 Batch 457/650 - Loss: 1.121014 (Recon: 1.062956, Diff: 0.058057, KL: 0.000263)
2026-02-16 21:14:19,868 - INFO - Epoch 11/100 Batch 458/650 - Loss: 1.098246 (Recon: 1.056075, Diff: 0.042170, KL: 0.000093)
2026-02-16 21:14:20,977 - INFO - Epoch 11/100 Batch 459/650 - Loss: 1.103344 (Recon: 1.051993, Diff: 0.051351, KL: 0.000098)
2026-02-16 21:14:22,080 - INFO - Epoch 11/100 Batch 460/650 - Loss: 1.185610 (Recon: 1.050864, Diff: 0.134746, KL: 0.000126)
2026-02-16 21:14:23,201 - INFO - Epoch 11/100 Batch 461/650 - Loss: 1.160332 (Recon: 1.052197, Diff: 0.108135, KL: 0.000078)
2026-02-16 21:14:24,317 - INFO - Epoch 11/100 Batch 462/650 - Loss: 1.121609 (Recon: 1.051477, Diff: 0.070132, KL: 0.000200)
2026-02-16 21:14:25,423 - INFO - Epoch 11/100 Batch 463/650 - Loss: 1.165732 (Recon: 1.050711, Diff: 0.115021, KL: 0.000087)
2026-02-16 21:14:26,547 - INFO - Epoch 11/100 Batch 464/650 - Loss: 1.133871 (Recon: 1.047831, Diff: 0.086040, KL: 0.000118)
2026-02-16 21:14:27,642 - INFO - Epoch 11/100 Batch 465/650 - Loss: 1.181988 (Recon: 1.051120, Diff: 0.130867, KL: 0.000261)
2026-02-16 21:14:28,733 - INFO - Epoch 11/100 Batch 466/650 - Loss: 1.125811 (Recon: 1.059036, Diff: 0.066775, KL: 0.000161)
2026-02-16 21:14:29,823 - INFO - Epoch 11/100 Batch 467/650 - Loss: 1.118046 (Recon: 1.056976, Diff: 0.061070, KL: 0.000045)
2026-02-16 21:14:30,937 - INFO - Epoch 11/100 Batch 468/650 - Loss: 1.176989 (Recon: 1.057001, Diff: 0.119988, KL: 0.000180)
2026-02-16 21:14:32,059 - INFO - Epoch 11/100 Batch 469/650 - Loss: 1.106513 (Recon: 1.050440, Diff: 0.056072, KL: 0.000252)
2026-02-16 21:14:33,164 - INFO - Epoch 11/100 Batch 470/650 - Loss: 1.140806 (Recon: 1.054256, Diff: 0.086551, KL: 0.000053)
2026-02-16 21:14:34,275 - INFO - Epoch 11/100 Batch 471/650 - Loss: 1.142368 (Recon: 1.047762, Diff: 0.094605, KL: 0.000156)
2026-02-16 21:14:35,368 - INFO - Epoch 11/100 Batch 472/650 - Loss: 1.148702 (Recon: 1.043921, Diff: 0.104781, KL: 0.000379)
2026-02-16 21:14:36,499 - INFO - Epoch 11/100 Batch 473/650 - Loss: 1.150448 (Recon: 1.050511, Diff: 0.099936, KL: 0.000253)
2026-02-16 21:14:37,597 - INFO - Epoch 11/100 Batch 474/650 - Loss: 1.097264 (Recon: 1.047633, Diff: 0.049630, KL: 0.000102)
2026-02-16 21:14:38,695 - INFO - Epoch 11/100 Batch 475/650 - Loss: 1.089850 (Recon: 1.050770, Diff: 0.039080, KL: 0.000220)
2026-02-16 21:14:39,772 - INFO - Epoch 11/100 Batch 476/650 - Loss: 1.153187 (Recon: 1.052496, Diff: 0.100691, KL: 0.000299)
2026-02-16 21:14:40,891 - INFO - Epoch 11/100 Batch 477/650 - Loss: 1.122212 (Recon: 1.050966, Diff: 0.071246, KL: 0.000093)
2026-02-16 21:14:42,009 - INFO - Epoch 11/100 Batch 478/650 - Loss: 1.188251 (Recon: 1.052207, Diff: 0.136043, KL: 0.000084)
2026-02-16 21:14:43,138 - INFO - Epoch 11/100 Batch 479/650 - Loss: 1.165579 (Recon: 1.058162, Diff: 0.107417, KL: 0.000080)
2026-02-16 21:14:44,263 - INFO - Epoch 11/100 Batch 480/650 - Loss: 1.172597 (Recon: 1.052502, Diff: 0.120095, KL: 0.000052)
2026-02-16 21:14:45,355 - INFO - Epoch 11/100 Batch 481/650 - Loss: 1.150536 (Recon: 1.054882, Diff: 0.095654, KL: 0.000055)
2026-02-16 21:14:46,438 - INFO - Epoch 11/100 Batch 482/650 - Loss: 1.111035 (Recon: 1.057942, Diff: 0.053093, KL: 0.000088)
2026-02-16 21:14:47,538 - INFO - Epoch 11/100 Batch 483/650 - Loss: 1.131382 (Recon: 1.055485, Diff: 0.075897, KL: 0.000118)
2026-02-16 21:14:48,636 - INFO - Epoch 11/100 Batch 484/650 - Loss: 1.121947 (Recon: 1.049641, Diff: 0.072306, KL: 0.000166)
2026-02-16 21:14:49,695 - INFO - Epoch 11/100 Batch 485/650 - Loss: 1.214881 (Recon: 1.057407, Diff: 0.157474, KL: 0.000225)
2026-02-16 21:14:50,806 - INFO - Epoch 11/100 Batch 486/650 - Loss: 1.149458 (Recon: 1.050877, Diff: 0.098582, KL: 0.000110)
2026-02-16 21:14:51,911 - INFO - Epoch 11/100 Batch 487/650 - Loss: 1.188496 (Recon: 1.050080, Diff: 0.138416, KL: 0.000030)
2026-02-16 21:14:53,064 - INFO - Epoch 11/100 Batch 488/650 - Loss: 1.148081 (Recon: 1.055632, Diff: 0.092449, KL: 0.000127)
2026-02-16 21:14:54,062 - INFO - Epoch 11/100 Batch 489/650 - Loss: 1.199423 (Recon: 1.050868, Diff: 0.148555, KL: 0.000157)
2026-02-16 21:14:55,079 - INFO - Epoch 11/100 Batch 490/650 - Loss: 1.168731 (Recon: 1.056646, Diff: 0.112085, KL: 0.000192)
2026-02-16 21:14:56,096 - INFO - Epoch 11/100 Batch 491/650 - Loss: 1.158032 (Recon: 1.047755, Diff: 0.110276, KL: 0.000046)
2026-02-16 21:14:58,373 - INFO - Epoch 11/100 Batch 492/650 - Loss: 1.162601 (Recon: 1.053179, Diff: 0.109423, KL: 0.000065)
2026-02-16 21:14:59,465 - INFO - Epoch 11/100 Batch 493/650 - Loss: 1.119541 (Recon: 1.054056, Diff: 0.065485, KL: 0.000085)
2026-02-16 21:15:00,576 - INFO - Epoch 11/100 Batch 494/650 - Loss: 1.140845 (Recon: 1.045984, Diff: 0.094861, KL: 0.000188)
2026-02-16 21:15:01,676 - INFO - Epoch 11/100 Batch 495/650 - Loss: 1.165259 (Recon: 1.051418, Diff: 0.113841, KL: 0.000153)
2026-02-16 21:15:02,837 - INFO - Epoch 11/100 Batch 496/650 - Loss: 1.114950 (Recon: 1.054729, Diff: 0.060221, KL: 0.000070)
2026-02-16 21:15:04,293 - INFO - Epoch 11/100 Batch 497/650 - Loss: 1.100494 (Recon: 1.054231, Diff: 0.046263, KL: 0.000120)
2026-02-16 21:15:05,396 - INFO - Epoch 11/100 Batch 498/650 - Loss: 1.144648 (Recon: 1.052388, Diff: 0.092261, KL: 0.000050)
2026-02-16 21:15:08,909 - INFO - Epoch 11/100 Batch 499/650 - Loss: 1.130787 (Recon: 1.055331, Diff: 0.075457, KL: 0.000056)
2026-02-16 21:15:09,961 - INFO - Epoch 11/100 Batch 500/650 - Loss: 1.172793 (Recon: 1.046399, Diff: 0.126393, KL: 0.000231)
2026-02-16 21:15:11,104 - INFO - Epoch 11/100 Batch 501/650 - Loss: 1.129174 (Recon: 1.045326, Diff: 0.083848, KL: 0.000136)
2026-02-16 21:15:12,184 - INFO - Epoch 11/100 Batch 502/650 - Loss: 1.167826 (Recon: 1.039095, Diff: 0.128730, KL: 0.000077)
2026-02-16 21:15:13,262 - INFO - Epoch 11/100 Batch 503/650 - Loss: 1.120664 (Recon: 1.055291, Diff: 0.065372, KL: 0.000173)
2026-02-16 21:15:14,348 - INFO - Epoch 11/100 Batch 504/650 - Loss: 1.151779 (Recon: 1.046828, Diff: 0.104950, KL: 0.000071)
2026-02-16 21:15:15,492 - INFO - Epoch 11/100 Batch 505/650 - Loss: 1.134151 (Recon: 1.055588, Diff: 0.078563, KL: 0.000033)
2026-02-16 21:15:16,614 - INFO - Epoch 11/100 Batch 506/650 - Loss: 1.164147 (Recon: 1.048125, Diff: 0.116022, KL: 0.000051)
2026-02-16 21:15:17,691 - INFO - Epoch 11/100 Batch 507/650 - Loss: 1.151540 (Recon: 1.054788, Diff: 0.096752, KL: 0.000027)
2026-02-16 21:15:18,761 - INFO - Epoch 11/100 Batch 508/650 - Loss: 1.117046 (Recon: 1.050434, Diff: 0.066612, KL: 0.000089)
2026-02-16 21:15:19,860 - INFO - Epoch 11/100 Batch 509/650 - Loss: 1.121257 (Recon: 1.055841, Diff: 0.065416, KL: 0.000063)
2026-02-16 21:15:20,967 - INFO - Epoch 11/100 Batch 510/650 - Loss: 1.160386 (Recon: 1.050327, Diff: 0.110059, KL: 0.000039)
2026-02-16 21:15:22,067 - INFO - Epoch 11/100 Batch 511/650 - Loss: 1.138084 (Recon: 1.045471, Diff: 0.092613, KL: 0.000089)
2026-02-16 21:15:23,204 - INFO - Epoch 11/100 Batch 512/650 - Loss: 1.131954 (Recon: 1.054836, Diff: 0.077118, KL: 0.000097)
2026-02-16 21:15:24,324 - INFO - Epoch 11/100 Batch 513/650 - Loss: 1.163379 (Recon: 1.052037, Diff: 0.111342, KL: 0.000185)
2026-02-16 21:15:25,402 - INFO - Epoch 11/100 Batch 514/650 - Loss: 1.229049 (Recon: 1.049424, Diff: 0.179625, KL: 0.000105)
2026-02-16 21:15:26,522 - INFO - Epoch 11/100 Batch 515/650 - Loss: 1.199380 (Recon: 1.053914, Diff: 0.145466, KL: 0.000357)
2026-02-16 21:15:27,605 - INFO - Epoch 11/100 Batch 516/650 - Loss: 1.122542 (Recon: 1.051754, Diff: 0.070787, KL: 0.000559)
2026-02-16 21:15:28,703 - INFO - Epoch 11/100 Batch 517/650 - Loss: 1.149734 (Recon: 1.055529, Diff: 0.094205, KL: 0.000089)
2026-02-16 21:15:32,240 - INFO - Epoch 11/100 Batch 518/650 - Loss: 1.098140 (Recon: 1.057515, Diff: 0.040625, KL: 0.000501)
2026-02-16 21:15:33,345 - INFO - Epoch 11/100 Batch 519/650 - Loss: 1.105826 (Recon: 1.056739, Diff: 0.049086, KL: 0.000619)
2026-02-16 21:15:34,448 - INFO - Epoch 11/100 Batch 520/650 - Loss: 1.123963 (Recon: 1.058859, Diff: 0.065103, KL: 0.000112)
2026-02-16 21:15:35,578 - INFO - Epoch 11/100 Batch 521/650 - Loss: 1.123623 (Recon: 1.051459, Diff: 0.072163, KL: 0.000868)
2026-02-16 21:15:36,641 - INFO - Epoch 11/100 Batch 522/650 - Loss: 1.136167 (Recon: 1.054406, Diff: 0.081759, KL: 0.000699)
2026-02-16 21:15:37,727 - INFO - Epoch 11/100 Batch 523/650 - Loss: 1.154218 (Recon: 1.050231, Diff: 0.103986, KL: 0.000116)
2026-02-16 21:15:38,795 - INFO - Epoch 11/100 Batch 524/650 - Loss: 1.096511 (Recon: 1.045355, Diff: 0.051155, KL: 0.000402)
2026-02-16 21:15:39,870 - INFO - Epoch 11/100 Batch 525/650 - Loss: 1.096116 (Recon: 1.054193, Diff: 0.041923, KL: 0.000177)
2026-02-16 21:15:40,960 - INFO - Epoch 11/100 Batch 526/650 - Loss: 1.111078 (Recon: 1.050503, Diff: 0.060575, KL: 0.000150)
2026-02-16 21:15:42,055 - INFO - Epoch 11/100 Batch 527/650 - Loss: 1.117755 (Recon: 1.046706, Diff: 0.071049, KL: 0.000484)
2026-02-16 21:15:43,101 - INFO - Epoch 11/100 Batch 528/650 - Loss: 1.137815 (Recon: 1.045646, Diff: 0.092168, KL: 0.000505)
2026-02-16 21:15:44,159 - INFO - Epoch 11/100 Batch 529/650 - Loss: 1.196759 (Recon: 1.056270, Diff: 0.140490, KL: 0.000084)
2026-02-16 21:15:45,225 - INFO - Epoch 11/100 Batch 530/650 - Loss: 1.173151 (Recon: 1.050740, Diff: 0.122410, KL: 0.000204)
2026-02-16 21:15:46,272 - INFO - Epoch 11/100 Batch 531/650 - Loss: 1.132247 (Recon: 1.050358, Diff: 0.081888, KL: 0.000309)
2026-02-16 21:15:47,340 - INFO - Epoch 11/100 Batch 532/650 - Loss: 1.240703 (Recon: 1.046392, Diff: 0.194311, KL: 0.000248)
2026-02-16 21:15:48,403 - INFO - Epoch 11/100 Batch 533/650 - Loss: 1.132136 (Recon: 1.048106, Diff: 0.084029, KL: 0.000080)
2026-02-16 21:15:49,470 - INFO - Epoch 11/100 Batch 534/650 - Loss: 1.113215 (Recon: 1.059924, Diff: 0.053291, KL: 0.000041)
2026-02-16 21:15:50,517 - INFO - Epoch 11/100 Batch 535/650 - Loss: 1.106688 (Recon: 1.055582, Diff: 0.051106, KL: 0.000084)
2026-02-16 21:15:51,552 - INFO - Epoch 11/100 Batch 536/650 - Loss: 1.134125 (Recon: 1.051313, Diff: 0.082811, KL: 0.000754)
2026-02-16 21:15:55,535 - INFO - Epoch 11/100 Batch 537/650 - Loss: 1.162393 (Recon: 1.054285, Diff: 0.108107, KL: 0.000341)
2026-02-16 21:15:56,543 - INFO - Epoch 11/100 Batch 538/650 - Loss: 1.102914 (Recon: 1.053346, Diff: 0.049568, KL: 0.000182)
2026-02-16 21:15:57,603 - INFO - Epoch 11/100 Batch 539/650 - Loss: 1.210096 (Recon: 1.053771, Diff: 0.156324, KL: 0.000132)
2026-02-16 21:15:58,605 - INFO - Epoch 11/100 Batch 540/650 - Loss: 1.121267 (Recon: 1.043298, Diff: 0.077969, KL: 0.000098)
2026-02-16 21:16:00,931 - INFO - Epoch 11/100 Batch 541/650 - Loss: 1.116734 (Recon: 1.050467, Diff: 0.066268, KL: 0.000054)
2026-02-16 21:16:01,993 - INFO - Epoch 11/100 Batch 542/650 - Loss: 1.141949 (Recon: 1.052393, Diff: 0.089556, KL: 0.000093)
2026-02-16 21:16:03,034 - INFO - Epoch 11/100 Batch 543/650 - Loss: 1.170002 (Recon: 1.051944, Diff: 0.118059, KL: 0.000123)
2026-02-16 21:16:04,061 - INFO - Epoch 11/100 Batch 544/650 - Loss: 1.149417 (Recon: 1.042626, Diff: 0.106791, KL: 0.000074)
2026-02-16 21:16:05,233 - INFO - Epoch 11/100 Batch 545/650 - Loss: 1.121567 (Recon: 1.046255, Diff: 0.075311, KL: 0.000178)
2026-02-16 21:16:06,451 - INFO - Epoch 11/100 Batch 546/650 - Loss: 1.168242 (Recon: 1.047349, Diff: 0.120892, KL: 0.000082)
2026-02-16 21:16:07,674 - INFO - Epoch 11/100 Batch 547/650 - Loss: 1.088238 (Recon: 1.045606, Diff: 0.042632, KL: 0.000085)
2026-02-16 21:16:08,797 - INFO - Epoch 11/100 Batch 548/650 - Loss: 1.113824 (Recon: 1.047391, Diff: 0.066433, KL: 0.000202)
2026-02-16 21:16:09,880 - INFO - Epoch 11/100 Batch 549/650 - Loss: 1.111376 (Recon: 1.056470, Diff: 0.054906, KL: 0.000101)
2026-02-16 21:16:10,965 - INFO - Epoch 11/100 Batch 550/650 - Loss: 1.100294 (Recon: 1.056810, Diff: 0.043484, KL: 0.000052)
2026-02-16 21:16:12,045 - INFO - Epoch 11/100 Batch 551/650 - Loss: 1.143728 (Recon: 1.048251, Diff: 0.095476, KL: 0.000459)
2026-02-16 21:16:13,091 - INFO - Epoch 11/100 Batch 552/650 - Loss: 1.124547 (Recon: 1.057901, Diff: 0.066645, KL: 0.000159)
2026-02-16 21:16:14,154 - INFO - Epoch 11/100 Batch 553/650 - Loss: 1.135744 (Recon: 1.058660, Diff: 0.077084, KL: 0.000050)
2026-02-16 21:16:15,187 - INFO - Epoch 11/100 Batch 554/650 - Loss: 1.130462 (Recon: 1.054978, Diff: 0.075484, KL: 0.000293)
2026-02-16 21:16:16,241 - INFO - Epoch 11/100 Batch 555/650 - Loss: 1.192910 (Recon: 1.047852, Diff: 0.145057, KL: 0.000365)
2026-02-16 21:16:17,300 - INFO - Epoch 11/100 Batch 556/650 - Loss: 1.102138 (Recon: 1.059758, Diff: 0.042380, KL: 0.000115)
2026-02-16 21:16:18,367 - INFO - Epoch 11/100 Batch 557/650 - Loss: 1.137734 (Recon: 1.050870, Diff: 0.086863, KL: 0.000687)
2026-02-16 21:16:19,435 - INFO - Epoch 11/100 Batch 558/650 - Loss: 1.112276 (Recon: 1.052906, Diff: 0.059369, KL: 0.000609)
2026-02-16 21:16:20,476 - INFO - Epoch 11/100 Batch 559/650 - Loss: 1.148465 (Recon: 1.049618, Diff: 0.098847, KL: 0.000135)
2026-02-16 21:16:21,541 - INFO - Epoch 11/100 Batch 560/650 - Loss: 1.115854 (Recon: 1.057231, Diff: 0.058623, KL: 0.000450)
2026-02-16 21:16:22,596 - INFO - Epoch 11/100 Batch 561/650 - Loss: 1.108420 (Recon: 1.051372, Diff: 0.057047, KL: 0.000587)
2026-02-16 21:16:23,663 - INFO - Epoch 11/100 Batch 562/650 - Loss: 1.113519 (Recon: 1.050907, Diff: 0.062612, KL: 0.000224)
2026-02-16 21:16:24,735 - INFO - Epoch 11/100 Batch 563/650 - Loss: 1.162488 (Recon: 1.049920, Diff: 0.112567, KL: 0.000490)
2026-02-16 21:16:25,787 - INFO - Epoch 11/100 Batch 564/650 - Loss: 1.155238 (Recon: 1.048298, Diff: 0.106938, KL: 0.001144)
2026-02-16 21:16:26,894 - INFO - Epoch 11/100 Batch 565/650 - Loss: 1.186776 (Recon: 1.051354, Diff: 0.135422, KL: 0.000328)
2026-02-16 21:16:27,981 - INFO - Epoch 11/100 Batch 566/650 - Loss: 1.159857 (Recon: 1.052559, Diff: 0.107297, KL: 0.000597)
2026-02-16 21:16:29,061 - INFO - Epoch 11/100 Batch 567/650 - Loss: 1.191113 (Recon: 1.045540, Diff: 0.145573, KL: 0.000522)
2026-02-16 21:16:30,107 - INFO - Epoch 11/100 Batch 568/650 - Loss: 1.100662 (Recon: 1.050396, Diff: 0.050266, KL: 0.000093)
2026-02-16 21:16:31,620 - INFO - Epoch 11/100 Batch 569/650 - Loss: 1.118663 (Recon: 1.054617, Diff: 0.064046, KL: 0.000484)
2026-02-16 21:16:32,719 - INFO - Epoch 11/100 Batch 570/650 - Loss: 1.171271 (Recon: 1.050476, Diff: 0.120794, KL: 0.000315)
2026-02-16 21:16:33,856 - INFO - Epoch 11/100 Batch 571/650 - Loss: 1.104144 (Recon: 1.052636, Diff: 0.051508, KL: 0.000330)
2026-02-16 21:16:34,891 - INFO - Epoch 11/100 Batch 572/650 - Loss: 1.101804 (Recon: 1.053586, Diff: 0.048217, KL: 0.001168)
2026-02-16 21:16:35,985 - INFO - Epoch 11/100 Batch 573/650 - Loss: 1.094661 (Recon: 1.048539, Diff: 0.046121, KL: 0.000466)
2026-02-16 21:16:37,214 - INFO - Epoch 11/100 Batch 574/650 - Loss: 1.149174 (Recon: 1.051629, Diff: 0.097544, KL: 0.000190)
2026-02-16 21:16:38,296 - INFO - Epoch 11/100 Batch 575/650 - Loss: 1.193783 (Recon: 1.052252, Diff: 0.141530, KL: 0.000906)
2026-02-16 21:16:39,352 - INFO - Epoch 11/100 Batch 576/650 - Loss: 1.132907 (Recon: 1.048067, Diff: 0.084839, KL: 0.000292)
2026-02-16 21:16:40,488 - INFO - Epoch 11/100 Batch 577/650 - Loss: 1.128647 (Recon: 1.054534, Diff: 0.074113, KL: 0.000277)
2026-02-16 21:16:41,602 - INFO - Epoch 11/100 Batch 578/650 - Loss: 1.154258 (Recon: 1.053535, Diff: 0.100723, KL: 0.000536)
2026-02-16 21:16:42,695 - INFO - Epoch 11/100 Batch 579/650 - Loss: 1.097495 (Recon: 1.044897, Diff: 0.052598, KL: 0.000189)
2026-02-16 21:16:43,775 - INFO - Epoch 11/100 Batch 580/650 - Loss: 1.118354 (Recon: 1.052225, Diff: 0.066128, KL: 0.000816)
2026-02-16 21:16:44,857 - INFO - Epoch 11/100 Batch 581/650 - Loss: 1.130520 (Recon: 1.054729, Diff: 0.075791, KL: 0.000448)
2026-02-16 21:16:45,991 - INFO - Epoch 11/100 Batch 582/650 - Loss: 1.174111 (Recon: 1.051283, Diff: 0.122827, KL: 0.000321)
2026-02-16 21:16:47,087 - INFO - Epoch 11/100 Batch 583/650 - Loss: 1.147973 (Recon: 1.052016, Diff: 0.095956, KL: 0.000813)
2026-02-16 21:16:48,135 - INFO - Epoch 11/100 Batch 584/650 - Loss: 1.173252 (Recon: 1.053687, Diff: 0.119565, KL: 0.000359)
2026-02-16 21:16:49,251 - INFO - Epoch 11/100 Batch 585/650 - Loss: 1.178134 (Recon: 1.047444, Diff: 0.130690, KL: 0.000048)
2026-02-16 21:16:50,495 - INFO - Epoch 11/100 Batch 586/650 - Loss: 1.138420 (Recon: 1.055520, Diff: 0.082900, KL: 0.000215)
2026-02-16 21:16:51,586 - INFO - Epoch 11/100 Batch 587/650 - Loss: 1.098217 (Recon: 1.053619, Diff: 0.044598, KL: 0.000083)
2026-02-16 21:16:52,669 - INFO - Epoch 11/100 Batch 588/650 - Loss: 1.164758 (Recon: 1.052736, Diff: 0.112022, KL: 0.000208)
2026-02-16 21:16:53,754 - INFO - Epoch 11/100 Batch 589/650 - Loss: 1.095002 (Recon: 1.054149, Diff: 0.040853, KL: 0.000503)
2026-02-16 21:16:54,876 - INFO - Epoch 11/100 Batch 590/650 - Loss: 1.117479 (Recon: 1.054562, Diff: 0.062916, KL: 0.000106)
2026-02-16 21:16:55,928 - INFO - Epoch 11/100 Batch 591/650 - Loss: 1.143036 (Recon: 1.054048, Diff: 0.088988, KL: 0.000448)
2026-02-16 21:16:59,132 - INFO - Epoch 11/100 Batch 592/650 - Loss: 1.159710 (Recon: 1.057477, Diff: 0.102232, KL: 0.000785)
2026-02-16 21:17:00,865 - INFO - Epoch 11/100 Batch 593/650 - Loss: 1.150253 (Recon: 1.045134, Diff: 0.105119, KL: 0.000224)
2026-02-16 21:17:01,887 - INFO - Epoch 11/100 Batch 594/650 - Loss: 1.122070 (Recon: 1.057815, Diff: 0.064253, KL: 0.001564)
2026-02-16 21:17:02,964 - INFO - Epoch 11/100 Batch 595/650 - Loss: 1.141050 (Recon: 1.055947, Diff: 0.085101, KL: 0.001883)
2026-02-16 21:17:03,976 - INFO - Epoch 11/100 Batch 596/650 - Loss: 1.114261 (Recon: 1.055460, Diff: 0.058801, KL: 0.000107)
2026-02-16 21:17:05,052 - INFO - Epoch 11/100 Batch 597/650 - Loss: 1.120007 (Recon: 1.054529, Diff: 0.065476, KL: 0.001243)
2026-02-16 21:17:06,356 - INFO - Epoch 11/100 Batch 598/650 - Loss: 1.130653 (Recon: 1.051709, Diff: 0.078943, KL: 0.001180)
2026-02-16 21:17:07,538 - INFO - Epoch 11/100 Batch 599/650 - Loss: 1.140056 (Recon: 1.048639, Diff: 0.091417, KL: 0.000147)
2026-02-16 21:17:08,611 - INFO - Epoch 11/100 Batch 600/650 - Loss: 1.110730 (Recon: 1.052564, Diff: 0.058165, KL: 0.001002)
2026-02-16 21:17:09,732 - INFO - Epoch 11/100 Batch 601/650 - Loss: 1.127393 (Recon: 1.051002, Diff: 0.076391, KL: 0.000152)
2026-02-16 21:17:10,899 - INFO - Epoch 11/100 Batch 602/650 - Loss: 1.104941 (Recon: 1.049840, Diff: 0.055101, KL: 0.000421)
2026-02-16 21:17:12,048 - INFO - Epoch 11/100 Batch 603/650 - Loss: 1.097078 (Recon: 1.051837, Diff: 0.045240, KL: 0.000508)
2026-02-16 21:17:13,103 - INFO - Epoch 11/100 Batch 604/650 - Loss: 1.135475 (Recon: 1.056523, Diff: 0.078952, KL: 0.000049)
2026-02-16 21:17:14,210 - INFO - Epoch 11/100 Batch 605/650 - Loss: 1.104720 (Recon: 1.049091, Diff: 0.055630, KL: 0.000348)
2026-02-16 21:17:15,335 - INFO - Epoch 11/100 Batch 606/650 - Loss: 1.114874 (Recon: 1.049905, Diff: 0.064969, KL: 0.000421)
2026-02-16 21:17:16,465 - INFO - Epoch 11/100 Batch 607/650 - Loss: 1.092593 (Recon: 1.054238, Diff: 0.038355, KL: 0.000122)
2026-02-16 21:17:17,550 - INFO - Epoch 11/100 Batch 608/650 - Loss: 1.124044 (Recon: 1.054186, Diff: 0.069858, KL: 0.000150)
2026-02-16 21:17:18,651 - INFO - Epoch 11/100 Batch 609/650 - Loss: 1.094893 (Recon: 1.055646, Diff: 0.039246, KL: 0.000313)
2026-02-16 21:17:19,829 - INFO - Epoch 11/100 Batch 610/650 - Loss: 1.136250 (Recon: 1.041704, Diff: 0.094547, KL: 0.000142)
2026-02-16 21:17:20,948 - INFO - Epoch 11/100 Batch 611/650 - Loss: 1.146000 (Recon: 1.053408, Diff: 0.092591, KL: 0.000143)
2026-02-16 21:17:22,033 - INFO - Epoch 11/100 Batch 612/650 - Loss: 1.122481 (Recon: 1.044434, Diff: 0.078047, KL: 0.000123)
2026-02-16 21:17:23,181 - INFO - Epoch 11/100 Batch 613/650 - Loss: 1.103789 (Recon: 1.056077, Diff: 0.047711, KL: 0.000084)
2026-02-16 21:17:24,322 - INFO - Epoch 11/100 Batch 614/650 - Loss: 1.159336 (Recon: 1.046700, Diff: 0.112636, KL: 0.000156)
2026-02-16 21:17:25,447 - INFO - Epoch 11/100 Batch 615/650 - Loss: 1.107256 (Recon: 1.055159, Diff: 0.052097, KL: 0.000091)
2026-02-16 21:17:26,548 - INFO - Epoch 11/100 Batch 616/650 - Loss: 1.100232 (Recon: 1.038614, Diff: 0.061618, KL: 0.000173)
2026-02-16 21:17:27,668 - INFO - Epoch 11/100 Batch 617/650 - Loss: 1.096849 (Recon: 1.052420, Diff: 0.044429, KL: 0.000159)
2026-02-16 21:17:28,832 - INFO - Epoch 11/100 Batch 618/650 - Loss: 1.112299 (Recon: 1.060210, Diff: 0.052089, KL: 0.000102)
2026-02-16 21:17:29,931 - INFO - Epoch 11/100 Batch 619/650 - Loss: 1.155181 (Recon: 1.052148, Diff: 0.103033, KL: 0.000063)
2026-02-16 21:17:31,083 - INFO - Epoch 11/100 Batch 620/650 - Loss: 1.096636 (Recon: 1.049932, Diff: 0.046704, KL: 0.000126)
2026-02-16 21:17:32,165 - INFO - Epoch 11/100 Batch 621/650 - Loss: 1.113692 (Recon: 1.051092, Diff: 0.062599, KL: 0.000160)
2026-02-16 21:17:33,236 - INFO - Epoch 11/100 Batch 622/650 - Loss: 1.079339 (Recon: 1.048100, Diff: 0.031239, KL: 0.000085)
2026-02-16 21:17:34,384 - INFO - Epoch 11/100 Batch 623/650 - Loss: 1.149434 (Recon: 1.045777, Diff: 0.103657, KL: 0.000127)
2026-02-16 21:17:35,512 - INFO - Epoch 11/100 Batch 624/650 - Loss: 1.135489 (Recon: 1.042877, Diff: 0.092612, KL: 0.000133)
2026-02-16 21:17:36,634 - INFO - Epoch 11/100 Batch 625/650 - Loss: 1.123376 (Recon: 1.048350, Diff: 0.075026, KL: 0.000155)
2026-02-16 21:17:37,751 - INFO - Epoch 11/100 Batch 626/650 - Loss: 1.080095 (Recon: 1.054909, Diff: 0.025187, KL: 0.000171)
2026-02-16 21:17:38,836 - INFO - Epoch 11/100 Batch 627/650 - Loss: 1.131711 (Recon: 1.044352, Diff: 0.087360, KL: 0.000090)
2026-02-16 21:17:44,551 - INFO - Epoch 11/100 Batch 628/650 - Loss: 1.080200 (Recon: 1.049755, Diff: 0.030445, KL: 0.000148)
2026-02-16 21:17:45,656 - INFO - Epoch 11/100 Batch 629/650 - Loss: 1.171660 (Recon: 1.056670, Diff: 0.114990, KL: 0.000228)
2026-02-16 21:17:46,721 - INFO - Epoch 11/100 Batch 630/650 - Loss: 1.141075 (Recon: 1.050680, Diff: 0.090395, KL: 0.000037)
2026-02-16 21:17:47,927 - INFO - Epoch 11/100 Batch 631/650 - Loss: 1.162317 (Recon: 1.051302, Diff: 0.111014, KL: 0.000331)
2026-02-16 21:17:48,978 - INFO - Epoch 11/100 Batch 632/650 - Loss: 1.141604 (Recon: 1.053734, Diff: 0.087870, KL: 0.000102)
2026-02-16 21:17:50,131 - INFO - Epoch 11/100 Batch 633/650 - Loss: 1.130903 (Recon: 1.053007, Diff: 0.077895, KL: 0.000239)
2026-02-16 21:17:51,167 - INFO - Epoch 11/100 Batch 634/650 - Loss: 1.127301 (Recon: 1.045660, Diff: 0.081641, KL: 0.000379)
2026-02-16 21:17:52,316 - INFO - Epoch 11/100 Batch 635/650 - Loss: 1.193185 (Recon: 1.055880, Diff: 0.137305, KL: 0.000061)
2026-02-16 21:17:53,377 - INFO - Epoch 11/100 Batch 636/650 - Loss: 1.136280 (Recon: 1.050785, Diff: 0.085495, KL: 0.000238)
2026-02-16 21:17:54,534 - INFO - Epoch 11/100 Batch 637/650 - Loss: 1.151236 (Recon: 1.049738, Diff: 0.101497, KL: 0.000493)
2026-02-16 21:17:55,605 - INFO - Epoch 11/100 Batch 638/650 - Loss: 1.123658 (Recon: 1.038644, Diff: 0.085014, KL: 0.000408)
2026-02-16 21:17:56,810 - INFO - Epoch 11/100 Batch 639/650 - Loss: 1.138613 (Recon: 1.056303, Diff: 0.082310, KL: 0.000062)
2026-02-16 21:17:57,836 - INFO - Epoch 11/100 Batch 640/650 - Loss: 1.126517 (Recon: 1.050473, Diff: 0.076043, KL: 0.000186)
2026-02-16 21:17:58,842 - INFO - Epoch 11/100 Batch 641/650 - Loss: 1.102704 (Recon: 1.050990, Diff: 0.051714, KL: 0.000336)
2026-02-16 21:18:02,097 - INFO - Epoch 11/100 Batch 642/650 - Loss: 1.125040 (Recon: 1.041610, Diff: 0.083429, KL: 0.000223)
2026-02-16 21:18:03,124 - INFO - Epoch 11/100 Batch 643/650 - Loss: 1.086392 (Recon: 1.050166, Diff: 0.036226, KL: 0.000166)
2026-02-16 21:18:04,213 - INFO - Epoch 11/100 Batch 644/650 - Loss: 1.185325 (Recon: 1.050715, Diff: 0.134609, KL: 0.000158)
2026-02-16 21:18:05,312 - INFO - Epoch 11/100 Batch 645/650 - Loss: 1.170730 (Recon: 1.033571, Diff: 0.137159, KL: 0.000138)
2026-02-16 21:18:06,382 - INFO - Epoch 11/100 Batch 646/650 - Loss: 1.169784 (Recon: 1.052077, Diff: 0.117706, KL: 0.000286)
2026-02-16 21:18:07,511 - INFO - Epoch 11/100 Batch 647/650 - Loss: 1.131759 (Recon: 1.052986, Diff: 0.078772, KL: 0.000475)
2026-02-16 21:18:08,558 - INFO - Epoch 11/100 Batch 648/650 - Loss: 1.124008 (Recon: 1.049256, Diff: 0.074752, KL: 0.000209)
2026-02-16 21:18:09,581 - INFO - Epoch 11/100 Batch 649/650 - Loss: 1.122469 (Recon: 1.050171, Diff: 0.072298, KL: 0.000132)
2026-02-16 21:18:10,636 - INFO - Epoch 11/100 Batch 650/650 - Loss: 1.136543 (Recon: 1.044573, Diff: 0.091969, KL: 0.000191)
2026-02-16 21:18:10,749 - INFO - Epoch 11 Train Loss: 1.144599
2026-02-16 21:18:15,524 - INFO - Epoch 11 Val Loss: 1.121251 (Recon: 1.0565, Diff: 0.0648, KL: 0.0001)
2026-02-16 21:18:15,879 - INFO - New best model saved with val_loss: 1.121251
2026-02-16 21:18:18,607 - INFO - Epoch 12/100 Batch 1/650 - Loss: 1.175683 (Recon: 1.044408, Diff: 0.131275, KL: 0.000245)
2026-02-16 21:18:24,604 - INFO - Epoch 12/100 Batch 2/650 - Loss: 1.156279 (Recon: 1.053808, Diff: 0.102471, KL: 0.000206)
2026-02-16 21:18:25,639 - INFO - Epoch 12/100 Batch 3/650 - Loss: 1.134322 (Recon: 1.046302, Diff: 0.088020, KL: 0.000084)
2026-02-16 21:18:26,709 - INFO - Epoch 12/100 Batch 4/650 - Loss: 1.083390 (Recon: 1.039272, Diff: 0.044119, KL: 0.000059)
2026-02-16 21:18:27,768 - INFO - Epoch 12/100 Batch 5/650 - Loss: 1.120258 (Recon: 1.051018, Diff: 0.069240, KL: 0.000287)
2026-02-16 21:18:28,827 - INFO - Epoch 12/100 Batch 6/650 - Loss: 1.122383 (Recon: 1.048849, Diff: 0.073533, KL: 0.000291)
2026-02-16 21:18:29,906 - INFO - Epoch 12/100 Batch 7/650 - Loss: 1.168213 (Recon: 1.055050, Diff: 0.113163, KL: 0.000155)
2026-02-16 21:18:30,988 - INFO - Epoch 12/100 Batch 8/650 - Loss: 1.123503 (Recon: 1.043848, Diff: 0.079655, KL: 0.000283)
2026-02-16 21:18:32,093 - INFO - Epoch 12/100 Batch 9/650 - Loss: 1.086670 (Recon: 1.058063, Diff: 0.028607, KL: 0.000114)
2026-02-16 21:18:33,159 - INFO - Epoch 12/100 Batch 10/650 - Loss: 1.129908 (Recon: 1.047123, Diff: 0.082785, KL: 0.000091)
2026-02-16 21:18:34,248 - INFO - Epoch 12/100 Batch 11/650 - Loss: 1.136026 (Recon: 1.050174, Diff: 0.085852, KL: 0.000295)
2026-02-16 21:18:35,330 - INFO - Epoch 12/100 Batch 12/650 - Loss: 1.147985 (Recon: 1.048323, Diff: 0.099661, KL: 0.000215)
2026-02-16 21:18:36,412 - INFO - Epoch 12/100 Batch 13/650 - Loss: 1.127032 (Recon: 1.052688, Diff: 0.074344, KL: 0.000106)
2026-02-16 21:18:37,533 - INFO - Epoch 12/100 Batch 14/650 - Loss: 1.093702 (Recon: 1.048339, Diff: 0.045363, KL: 0.000207)
2026-02-16 21:18:38,636 - INFO - Epoch 12/100 Batch 15/650 - Loss: 1.142459 (Recon: 1.052821, Diff: 0.089638, KL: 0.000240)
2026-02-16 21:18:39,711 - INFO - Epoch 12/100 Batch 16/650 - Loss: 1.105514 (Recon: 1.055617, Diff: 0.049897, KL: 0.000116)
2026-02-16 21:18:40,898 - INFO - Epoch 12/100 Batch 17/650 - Loss: 1.115108 (Recon: 1.054883, Diff: 0.060225, KL: 0.000202)
2026-02-16 21:18:41,983 - INFO - Epoch 12/100 Batch 18/650 - Loss: 1.188587 (Recon: 1.041588, Diff: 0.146998, KL: 0.000409)
2026-02-16 21:18:43,064 - INFO - Epoch 12/100 Batch 19/650 - Loss: 1.133233 (Recon: 1.051018, Diff: 0.082215, KL: 0.000216)
2026-02-16 21:18:44,184 - INFO - Epoch 12/100 Batch 20/650 - Loss: 1.124386 (Recon: 1.045453, Diff: 0.078933, KL: 0.000104)
2026-02-16 21:18:45,235 - INFO - Epoch 12/100 Batch 21/650 - Loss: 1.123791 (Recon: 1.046768, Diff: 0.077023, KL: 0.000253)
2026-02-16 21:18:46,325 - INFO - Epoch 12/100 Batch 22/650 - Loss: 1.090143 (Recon: 1.054444, Diff: 0.035699, KL: 0.000160)
2026-02-16 21:18:47,362 - INFO - Epoch 12/100 Batch 23/650 - Loss: 1.142177 (Recon: 1.049878, Diff: 0.092299, KL: 0.000096)
2026-02-16 21:18:48,455 - INFO - Epoch 12/100 Batch 24/650 - Loss: 1.136808 (Recon: 1.049153, Diff: 0.087655, KL: 0.000241)
2026-02-16 21:18:49,564 - INFO - Epoch 12/100 Batch 25/650 - Loss: 1.112527 (Recon: 1.045136, Diff: 0.067391, KL: 0.000086)
2026-02-16 21:18:50,640 - INFO - Epoch 12/100 Batch 26/650 - Loss: 1.135077 (Recon: 1.048821, Diff: 0.086256, KL: 0.000356)
2026-02-16 21:18:51,739 - INFO - Epoch 12/100 Batch 27/650 - Loss: 1.136702 (Recon: 1.048200, Diff: 0.088502, KL: 0.000557)
2026-02-16 21:18:52,831 - INFO - Epoch 12/100 Batch 28/650 - Loss: 1.144294 (Recon: 1.048029, Diff: 0.096265, KL: 0.000055)
2026-02-16 21:18:53,903 - INFO - Epoch 12/100 Batch 29/650 - Loss: 1.148414 (Recon: 1.041952, Diff: 0.106462, KL: 0.000231)
2026-02-16 21:18:54,949 - INFO - Epoch 12/100 Batch 30/650 - Loss: 1.140517 (Recon: 1.035309, Diff: 0.105208, KL: 0.000197)
2026-02-16 21:18:59,620 - INFO - Epoch 12/100 Batch 31/650 - Loss: 1.150470 (Recon: 1.050399, Diff: 0.100070, KL: 0.000170)
2026-02-16 21:19:00,604 - INFO - Epoch 12/100 Batch 32/650 - Loss: 1.132755 (Recon: 1.051560, Diff: 0.081195, KL: 0.000283)
2026-02-16 21:19:01,637 - INFO - Epoch 12/100 Batch 33/650 - Loss: 1.090270 (Recon: 1.041441, Diff: 0.048828, KL: 0.000157)
2026-02-16 21:19:03,433 - INFO - Epoch 12/100 Batch 34/650 - Loss: 1.106647 (Recon: 1.054800, Diff: 0.051847, KL: 0.000114)
2026-02-16 21:19:06,048 - INFO - Epoch 12/100 Batch 35/650 - Loss: 1.121472 (Recon: 1.048116, Diff: 0.073355, KL: 0.000228)
2026-02-16 21:19:07,084 - INFO - Epoch 12/100 Batch 36/650 - Loss: 1.149757 (Recon: 1.052466, Diff: 0.097291, KL: 0.000129)
2026-02-16 21:19:08,121 - INFO - Epoch 12/100 Batch 37/650 - Loss: 1.135131 (Recon: 1.047296, Diff: 0.087835, KL: 0.000060)
2026-02-16 21:19:09,209 - INFO - Epoch 12/100 Batch 38/650 - Loss: 1.139630 (Recon: 1.042007, Diff: 0.097623, KL: 0.000159)
2026-02-16 21:19:10,574 - INFO - Epoch 12/100 Batch 39/650 - Loss: 1.120236 (Recon: 1.042948, Diff: 0.077289, KL: 0.000174)
2026-02-16 21:19:11,685 - INFO - Epoch 12/100 Batch 40/650 - Loss: 1.117158 (Recon: 1.052241, Diff: 0.064917, KL: 0.000167)
2026-02-16 21:19:12,790 - INFO - Epoch 12/100 Batch 41/650 - Loss: 1.123150 (Recon: 1.041319, Diff: 0.081830, KL: 0.000197)
2026-02-16 21:19:13,864 - INFO - Epoch 12/100 Batch 42/650 - Loss: 1.164787 (Recon: 1.051927, Diff: 0.112859, KL: 0.000163)
2026-02-16 21:19:14,956 - INFO - Epoch 12/100 Batch 43/650 - Loss: 1.146326 (Recon: 1.049299, Diff: 0.097027, KL: 0.000885)
2026-02-16 21:19:16,029 - INFO - Epoch 12/100 Batch 44/650 - Loss: 1.118651 (Recon: 1.049456, Diff: 0.069195, KL: 0.000138)
2026-02-16 21:19:17,092 - INFO - Epoch 12/100 Batch 45/650 - Loss: 1.150865 (Recon: 1.049929, Diff: 0.100936, KL: 0.000058)
2026-02-16 21:19:18,163 - INFO - Epoch 12/100 Batch 46/650 - Loss: 1.143141 (Recon: 1.046449, Diff: 0.096692, KL: 0.000099)
2026-02-16 21:19:19,213 - INFO - Epoch 12/100 Batch 47/650 - Loss: 1.151002 (Recon: 1.052982, Diff: 0.098020, KL: 0.000231)
2026-02-16 21:19:20,307 - INFO - Epoch 12/100 Batch 48/650 - Loss: 1.204492 (Recon: 1.045361, Diff: 0.159131, KL: 0.000080)
2026-02-16 21:19:21,427 - INFO - Epoch 12/100 Batch 49/650 - Loss: 1.138344 (Recon: 1.043694, Diff: 0.094649, KL: 0.001530)
2026-02-16 21:19:22,509 - INFO - Epoch 12/100 Batch 50/650 - Loss: 1.172314 (Recon: 1.047284, Diff: 0.125030, KL: 0.000786)
2026-02-16 21:19:23,551 - INFO - Epoch 12/100 Batch 51/650 - Loss: 1.200699 (Recon: 1.050800, Diff: 0.149899, KL: 0.000269)
2026-02-16 21:19:24,648 - INFO - Epoch 12/100 Batch 52/650 - Loss: 1.095561 (Recon: 1.046374, Diff: 0.049186, KL: 0.000193)
2026-02-16 21:19:25,747 - INFO - Epoch 12/100 Batch 53/650 - Loss: 1.079144 (Recon: 1.045279, Diff: 0.033864, KL: 0.000605)
2026-02-16 21:19:26,808 - INFO - Epoch 12/100 Batch 54/650 - Loss: 1.109802 (Recon: 1.042655, Diff: 0.067147, KL: 0.000114)
2026-02-16 21:19:27,830 - INFO - Epoch 12/100 Batch 55/650 - Loss: 1.130705 (Recon: 1.045655, Diff: 0.085050, KL: 0.000343)
2026-02-16 21:19:28,901 - INFO - Epoch 12/100 Batch 56/650 - Loss: 1.205464 (Recon: 1.052848, Diff: 0.152614, KL: 0.001973)
2026-02-16 21:19:29,994 - INFO - Epoch 12/100 Batch 57/650 - Loss: 1.141268 (Recon: 1.048007, Diff: 0.093261, KL: 0.000404)
2026-02-16 21:19:31,077 - INFO - Epoch 12/100 Batch 58/650 - Loss: 1.183352 (Recon: 1.042721, Diff: 0.140629, KL: 0.001228)
2026-02-16 21:19:32,136 - INFO - Epoch 12/100 Batch 59/650 - Loss: 1.123531 (Recon: 1.049599, Diff: 0.073932, KL: 0.000081)
2026-02-16 21:19:33,201 - INFO - Epoch 12/100 Batch 60/650 - Loss: 1.127098 (Recon: 1.045180, Diff: 0.081917, KL: 0.001170)
2026-02-16 21:19:34,280 - INFO - Epoch 12/100 Batch 61/650 - Loss: 1.123181 (Recon: 1.048806, Diff: 0.074374, KL: 0.001023)
2026-02-16 21:19:35,322 - INFO - Epoch 12/100 Batch 62/650 - Loss: 1.144219 (Recon: 1.052374, Diff: 0.091845, KL: 0.000064)
2026-02-16 21:19:36,363 - INFO - Epoch 12/100 Batch 63/650 - Loss: 1.087361 (Recon: 1.052865, Diff: 0.034495, KL: 0.000806)
2026-02-16 21:19:37,426 - INFO - Epoch 12/100 Batch 64/650 - Loss: 1.156458 (Recon: 1.042089, Diff: 0.114369, KL: 0.000362)
2026-02-16 21:19:38,524 - INFO - Epoch 12/100 Batch 65/650 - Loss: 1.167454 (Recon: 1.047878, Diff: 0.119576, KL: 0.000198)
2026-02-16 21:19:39,567 - INFO - Epoch 12/100 Batch 66/650 - Loss: 1.169233 (Recon: 1.046252, Diff: 0.122980, KL: 0.000304)
2026-02-16 21:19:40,614 - INFO - Epoch 12/100 Batch 67/650 - Loss: 1.217102 (Recon: 1.049959, Diff: 0.167143, KL: 0.000163)
2026-02-16 21:19:41,686 - INFO - Epoch 12/100 Batch 68/650 - Loss: 1.160208 (Recon: 1.049420, Diff: 0.110788, KL: 0.000813)
2026-02-16 21:19:42,783 - INFO - Epoch 12/100 Batch 69/650 - Loss: 1.107554 (Recon: 1.043468, Diff: 0.064086, KL: 0.000135)
2026-02-16 21:19:43,896 - INFO - Epoch 12/100 Batch 70/650 - Loss: 1.169019 (Recon: 1.045574, Diff: 0.123445, KL: 0.000107)
2026-02-16 21:19:44,935 - INFO - Epoch 12/100 Batch 71/650 - Loss: 1.096563 (Recon: 1.045393, Diff: 0.051170, KL: 0.000190)
2026-02-16 21:19:46,009 - INFO - Epoch 12/100 Batch 72/650 - Loss: 1.132846 (Recon: 1.047741, Diff: 0.085105, KL: 0.000217)
2026-02-16 21:19:47,119 - INFO - Epoch 12/100 Batch 73/650 - Loss: 1.111713 (Recon: 1.046588, Diff: 0.065125, KL: 0.000119)
2026-02-16 21:19:48,175 - INFO - Epoch 12/100 Batch 74/650 - Loss: 1.162933 (Recon: 1.051836, Diff: 0.111097, KL: 0.000408)
2026-02-16 21:19:49,259 - INFO - Epoch 12/100 Batch 75/650 - Loss: 1.172069 (Recon: 1.045305, Diff: 0.126764, KL: 0.000196)
2026-02-16 21:19:50,326 - INFO - Epoch 12/100 Batch 76/650 - Loss: 1.113011 (Recon: 1.049487, Diff: 0.063524, KL: 0.000182)
2026-02-16 21:19:51,428 - INFO - Epoch 12/100 Batch 77/650 - Loss: 1.119221 (Recon: 1.047467, Diff: 0.071753, KL: 0.000647)
2026-02-16 21:19:52,468 - INFO - Epoch 12/100 Batch 78/650 - Loss: 1.093027 (Recon: 1.037789, Diff: 0.055238, KL: 0.000165)
2026-02-16 21:19:53,498 - INFO - Epoch 12/100 Batch 79/650 - Loss: 1.135098 (Recon: 1.049787, Diff: 0.085310, KL: 0.000559)
2026-02-16 21:19:54,578 - INFO - Epoch 12/100 Batch 80/650 - Loss: 1.178482 (Recon: 1.054086, Diff: 0.124396, KL: 0.000669)
2026-02-16 21:19:55,733 - INFO - Epoch 12/100 Batch 81/650 - Loss: 1.154558 (Recon: 1.051487, Diff: 0.103072, KL: 0.000170)
2026-02-16 21:19:56,841 - INFO - Epoch 12/100 Batch 82/650 - Loss: 1.126226 (Recon: 1.055426, Diff: 0.070800, KL: 0.000330)
2026-02-16 21:19:57,928 - INFO - Epoch 12/100 Batch 83/650 - Loss: 1.097898 (Recon: 1.046301, Diff: 0.051596, KL: 0.000769)
2026-02-16 21:19:59,031 - INFO - Epoch 12/100 Batch 84/650 - Loss: 1.190822 (Recon: 1.050904, Diff: 0.139917, KL: 0.000291)
2026-02-16 21:20:00,174 - INFO - Epoch 12/100 Batch 85/650 - Loss: 1.111529 (Recon: 1.047845, Diff: 0.063684, KL: 0.000263)
2026-02-16 21:20:01,199 - INFO - Epoch 12/100 Batch 86/650 - Loss: 1.211016 (Recon: 1.053810, Diff: 0.157205, KL: 0.000569)
2026-02-16 21:20:02,236 - INFO - Epoch 12/100 Batch 87/650 - Loss: 1.117288 (Recon: 1.049968, Diff: 0.067320, KL: 0.000173)
2026-02-16 21:20:03,248 - INFO - Epoch 12/100 Batch 88/650 - Loss: 1.120099 (Recon: 1.044850, Diff: 0.075249, KL: 0.000564)
2026-02-16 21:20:04,332 - INFO - Epoch 12/100 Batch 89/650 - Loss: 1.224783 (Recon: 1.046703, Diff: 0.178079, KL: 0.000396)
2026-02-16 21:20:05,511 - INFO - Epoch 12/100 Batch 90/650 - Loss: 1.146703 (Recon: 1.040957, Diff: 0.105746, KL: 0.000107)
2026-02-16 21:20:06,706 - INFO - Epoch 12/100 Batch 91/650 - Loss: 1.152246 (Recon: 1.047402, Diff: 0.104844, KL: 0.000400)
2026-02-16 21:20:07,784 - INFO - Epoch 12/100 Batch 92/650 - Loss: 1.127245 (Recon: 1.047173, Diff: 0.080072, KL: 0.000088)
2026-02-16 21:20:08,885 - INFO - Epoch 12/100 Batch 93/650 - Loss: 1.124519 (Recon: 1.050972, Diff: 0.073546, KL: 0.000339)
2026-02-16 21:20:13,741 - INFO - Epoch 12/100 Batch 94/650 - Loss: 1.172433 (Recon: 1.049039, Diff: 0.123394, KL: 0.000316)
2026-02-16 21:20:14,811 - INFO - Epoch 12/100 Batch 95/650 - Loss: 1.119709 (Recon: 1.049144, Diff: 0.070565, KL: 0.000057)
2026-02-16 21:20:15,866 - INFO - Epoch 12/100 Batch 96/650 - Loss: 1.121331 (Recon: 1.051082, Diff: 0.070249, KL: 0.000425)
2026-02-16 21:20:16,984 - INFO - Epoch 12/100 Batch 97/650 - Loss: 1.096040 (Recon: 1.056175, Diff: 0.039865, KL: 0.000269)
2026-02-16 21:20:18,029 - INFO - Epoch 12/100 Batch 98/650 - Loss: 1.102009 (Recon: 1.040910, Diff: 0.061098, KL: 0.000084)
2026-02-16 21:20:19,099 - INFO - Epoch 12/100 Batch 99/650 - Loss: 1.152942 (Recon: 1.043633, Diff: 0.109309, KL: 0.000195)
2026-02-16 21:20:20,155 - INFO - Epoch 12/100 Batch 100/650 - Loss: 1.137030 (Recon: 1.048512, Diff: 0.088519, KL: 0.000148)
2026-02-16 21:20:21,241 - INFO - Epoch 12/100 Batch 101/650 - Loss: 1.105125 (Recon: 1.039909, Diff: 0.065216, KL: 0.000126)
2026-02-16 21:20:22,312 - INFO - Epoch 12/100 Batch 102/650 - Loss: 1.157471 (Recon: 1.049603, Diff: 0.107868, KL: 0.000175)
2026-02-16 21:20:23,426 - INFO - Epoch 12/100 Batch 103/650 - Loss: 1.148222 (Recon: 1.042307, Diff: 0.105915, KL: 0.000086)
2026-02-16 21:20:24,528 - INFO - Epoch 12/100 Batch 104/650 - Loss: 1.104930 (Recon: 1.046779, Diff: 0.058151, KL: 0.000176)
2026-02-16 21:20:25,633 - INFO - Epoch 12/100 Batch 105/650 - Loss: 1.102219 (Recon: 1.046528, Diff: 0.055690, KL: 0.000394)
2026-02-16 21:20:26,709 - INFO - Epoch 12/100 Batch 106/650 - Loss: 1.109993 (Recon: 1.054052, Diff: 0.055941, KL: 0.000532)
2026-02-16 21:20:27,789 - INFO - Epoch 12/100 Batch 107/650 - Loss: 1.102636 (Recon: 1.051378, Diff: 0.051258, KL: 0.000173)
2026-02-16 21:20:28,848 - INFO - Epoch 12/100 Batch 108/650 - Loss: 1.125167 (Recon: 1.048505, Diff: 0.076662, KL: 0.000152)
2026-02-16 21:20:34,995 - INFO - Epoch 12/100 Batch 109/650 - Loss: 1.170395 (Recon: 1.049529, Diff: 0.120867, KL: 0.000124)
2026-02-16 21:20:36,041 - INFO - Epoch 12/100 Batch 110/650 - Loss: 1.126647 (Recon: 1.046049, Diff: 0.080597, KL: 0.000229)
2026-02-16 21:20:37,132 - INFO - Epoch 12/100 Batch 111/650 - Loss: 1.122741 (Recon: 1.054281, Diff: 0.068459, KL: 0.000208)
2026-02-16 21:20:38,231 - INFO - Epoch 12/100 Batch 112/650 - Loss: 1.125652 (Recon: 1.051648, Diff: 0.074003, KL: 0.000779)
2026-02-16 21:20:39,288 - INFO - Epoch 12/100 Batch 113/650 - Loss: 1.119523 (Recon: 1.044510, Diff: 0.075013, KL: 0.000066)
2026-02-16 21:20:40,344 - INFO - Epoch 12/100 Batch 114/650 - Loss: 1.123628 (Recon: 1.051652, Diff: 0.071975, KL: 0.001050)
2026-02-16 21:20:53,009 - INFO - Epoch 12/100 Batch 115/650 - Loss: 1.138261 (Recon: 1.035740, Diff: 0.102521, KL: 0.000235)
2026-02-16 21:20:54,067 - INFO - Epoch 12/100 Batch 116/650 - Loss: 1.124911 (Recon: 1.049212, Diff: 0.075699, KL: 0.000123)
2026-02-16 21:20:55,197 - INFO - Epoch 12/100 Batch 117/650 - Loss: 1.084589 (Recon: 1.045222, Diff: 0.039368, KL: 0.000381)
2026-02-16 21:20:56,280 - INFO - Epoch 12/100 Batch 118/650 - Loss: 1.106710 (Recon: 1.051741, Diff: 0.054968, KL: 0.000218)
2026-02-16 21:20:57,406 - INFO - Epoch 12/100 Batch 119/650 - Loss: 1.118405 (Recon: 1.048757, Diff: 0.069648, KL: 0.000197)
2026-02-16 21:20:58,456 - INFO - Epoch 12/100 Batch 120/650 - Loss: 1.111369 (Recon: 1.049618, Diff: 0.061751, KL: 0.000672)
2026-02-16 21:20:59,544 - INFO - Epoch 12/100 Batch 121/650 - Loss: 1.130344 (Recon: 1.044450, Diff: 0.085894, KL: 0.000137)
2026-02-16 21:21:00,631 - INFO - Epoch 12/100 Batch 122/650 - Loss: 1.167978 (Recon: 1.044495, Diff: 0.123482, KL: 0.000246)
2026-02-16 21:21:01,742 - INFO - Epoch 12/100 Batch 123/650 - Loss: 1.115651 (Recon: 1.033384, Diff: 0.082267, KL: 0.000219)
2026-02-16 21:21:02,770 - INFO - Epoch 12/100 Batch 124/650 - Loss: 1.147029 (Recon: 1.050954, Diff: 0.096076, KL: 0.000038)
2026-02-16 21:21:05,699 - INFO - Epoch 12/100 Batch 125/650 - Loss: 1.098731 (Recon: 1.046854, Diff: 0.051877, KL: 0.000182)
2026-02-16 21:21:06,745 - INFO - Epoch 12/100 Batch 126/650 - Loss: 1.114527 (Recon: 1.050943, Diff: 0.063583, KL: 0.000126)
2026-02-16 21:21:07,776 - INFO - Epoch 12/100 Batch 127/650 - Loss: 1.142017 (Recon: 1.051575, Diff: 0.090442, KL: 0.000045)
2026-02-16 21:21:08,853 - INFO - Epoch 12/100 Batch 128/650 - Loss: 1.170217 (Recon: 1.048615, Diff: 0.121602, KL: 0.000114)
2026-02-16 21:21:09,938 - INFO - Epoch 12/100 Batch 129/650 - Loss: 1.123174 (Recon: 1.043178, Diff: 0.079996, KL: 0.000095)
2026-02-16 21:21:11,310 - INFO - Epoch 12/100 Batch 130/650 - Loss: 1.124541 (Recon: 1.043520, Diff: 0.081021, KL: 0.000064)
2026-02-16 21:21:12,389 - INFO - Epoch 12/100 Batch 131/650 - Loss: 1.128959 (Recon: 1.042997, Diff: 0.085961, KL: 0.000124)
2026-02-16 21:21:13,528 - INFO - Epoch 12/100 Batch 132/650 - Loss: 1.085166 (Recon: 1.040105, Diff: 0.045060, KL: 0.000081)
2026-02-16 21:21:14,616 - INFO - Epoch 12/100 Batch 133/650 - Loss: 1.093017 (Recon: 1.051683, Diff: 0.041334, KL: 0.000087)
2026-02-16 21:21:15,722 - INFO - Epoch 12/100 Batch 134/650 - Loss: 1.116410 (Recon: 1.048168, Diff: 0.068241, KL: 0.000036)
2026-02-16 21:21:16,812 - INFO - Epoch 12/100 Batch 135/650 - Loss: 1.101053 (Recon: 1.047335, Diff: 0.053718, KL: 0.000098)
2026-02-16 21:21:17,913 - INFO - Epoch 12/100 Batch 136/650 - Loss: 1.113823 (Recon: 1.038437, Diff: 0.075385, KL: 0.000137)
2026-02-16 21:21:18,990 - INFO - Epoch 12/100 Batch 137/650 - Loss: 1.141915 (Recon: 1.040181, Diff: 0.101734, KL: 0.000098)
2026-02-16 21:21:24,493 - INFO - Epoch 12/100 Batch 138/650 - Loss: 1.118434 (Recon: 1.048584, Diff: 0.069850, KL: 0.000078)
2026-02-16 21:21:25,603 - INFO - Epoch 12/100 Batch 139/650 - Loss: 1.115894 (Recon: 1.038628, Diff: 0.077265, KL: 0.000153)
2026-02-16 21:21:26,719 - INFO - Epoch 12/100 Batch 140/650 - Loss: 1.118563 (Recon: 1.051277, Diff: 0.067286, KL: 0.000240)
2026-02-16 21:21:27,860 - INFO - Epoch 12/100 Batch 141/650 - Loss: 1.097478 (Recon: 1.043275, Diff: 0.054202, KL: 0.000067)
2026-02-16 21:21:28,976 - INFO - Epoch 12/100 Batch 142/650 - Loss: 1.099628 (Recon: 1.054880, Diff: 0.044748, KL: 0.000085)
2026-02-16 21:21:30,067 - INFO - Epoch 12/100 Batch 143/650 - Loss: 1.101617 (Recon: 1.050745, Diff: 0.050871, KL: 0.000102)
2026-02-16 21:21:31,168 - INFO - Epoch 12/100 Batch 144/650 - Loss: 1.148312 (Recon: 1.045981, Diff: 0.102331, KL: 0.000064)
2026-02-16 21:21:32,221 - INFO - Epoch 12/100 Batch 145/650 - Loss: 1.151378 (Recon: 1.052219, Diff: 0.099159, KL: 0.000080)
2026-02-16 21:21:33,324 - INFO - Epoch 12/100 Batch 146/650 - Loss: 1.110185 (Recon: 1.045439, Diff: 0.064745, KL: 0.000133)
2026-02-16 21:21:34,386 - INFO - Epoch 12/100 Batch 147/650 - Loss: 1.144655 (Recon: 1.037821, Diff: 0.106833, KL: 0.000115)
2026-02-16 21:21:35,472 - INFO - Epoch 12/100 Batch 148/650 - Loss: 1.192054 (Recon: 1.045384, Diff: 0.146670, KL: 0.000096)
2026-02-16 21:21:36,549 - INFO - Epoch 12/100 Batch 149/650 - Loss: 1.120877 (Recon: 1.050388, Diff: 0.070489, KL: 0.000029)
2026-02-16 21:21:37,625 - INFO - Epoch 12/100 Batch 150/650 - Loss: 1.155312 (Recon: 1.036864, Diff: 0.118448, KL: 0.000099)
2026-02-16 21:21:38,693 - INFO - Epoch 12/100 Batch 151/650 - Loss: 1.080179 (Recon: 1.045011, Diff: 0.035168, KL: 0.000054)
2026-02-16 21:21:39,739 - INFO - Epoch 12/100 Batch 152/650 - Loss: 1.127767 (Recon: 1.048958, Diff: 0.078809, KL: 0.000062)
2026-02-16 21:21:40,787 - INFO - Epoch 12/100 Batch 153/650 - Loss: 1.104420 (Recon: 1.049541, Diff: 0.054879, KL: 0.000111)
2026-02-16 21:21:41,858 - INFO - Epoch 12/100 Batch 154/650 - Loss: 1.095573 (Recon: 1.042155, Diff: 0.053418, KL: 0.000134)
2026-02-16 21:21:42,952 - INFO - Epoch 12/100 Batch 155/650 - Loss: 1.130747 (Recon: 1.044548, Diff: 0.086199, KL: 0.000060)
2026-02-16 21:21:44,028 - INFO - Epoch 12/100 Batch 156/650 - Loss: 1.119005 (Recon: 1.044301, Diff: 0.074704, KL: 0.000041)
2026-02-16 21:21:49,856 - INFO - Epoch 12/100 Batch 157/650 - Loss: 1.107155 (Recon: 1.045089, Diff: 0.062067, KL: 0.000089)
2026-02-16 21:21:50,960 - INFO - Epoch 12/100 Batch 158/650 - Loss: 1.191100 (Recon: 1.040732, Diff: 0.150367, KL: 0.000348)
2026-02-16 21:21:52,012 - INFO - Epoch 12/100 Batch 159/650 - Loss: 1.097521 (Recon: 1.046938, Diff: 0.050583, KL: 0.000282)
2026-02-16 21:21:53,090 - INFO - Epoch 12/100 Batch 160/650 - Loss: 1.105170 (Recon: 1.041526, Diff: 0.063643, KL: 0.000237)
2026-02-16 21:21:54,169 - INFO - Epoch 12/100 Batch 161/650 - Loss: 1.126017 (Recon: 1.046556, Diff: 0.079461, KL: 0.000120)
2026-02-16 21:21:55,254 - INFO - Epoch 12/100 Batch 162/650 - Loss: 1.159638 (Recon: 1.048296, Diff: 0.111341, KL: 0.000377)
2026-02-16 21:21:56,326 - INFO - Epoch 12/100 Batch 163/650 - Loss: 1.116691 (Recon: 1.041249, Diff: 0.075442, KL: 0.000289)
2026-02-16 21:21:57,362 - INFO - Epoch 12/100 Batch 164/650 - Loss: 1.137930 (Recon: 1.050372, Diff: 0.087558, KL: 0.000098)
2026-02-16 21:21:58,439 - INFO - Epoch 12/100 Batch 165/650 - Loss: 1.088922 (Recon: 1.045302, Diff: 0.043620, KL: 0.000646)
2026-02-16 21:22:03,475 - INFO - Epoch 12/100 Batch 166/650 - Loss: 1.124163 (Recon: 1.035439, Diff: 0.088723, KL: 0.000806)
2026-02-16 21:22:04,511 - INFO - Epoch 12/100 Batch 167/650 - Loss: 1.117391 (Recon: 1.048885, Diff: 0.068506, KL: 0.000251)
2026-02-16 21:22:05,547 - INFO - Epoch 12/100 Batch 168/650 - Loss: 1.101268 (Recon: 1.043702, Diff: 0.057566, KL: 0.000044)
2026-02-16 21:22:07,849 - INFO - Epoch 12/100 Batch 169/650 - Loss: 1.139806 (Recon: 1.047758, Diff: 0.092048, KL: 0.000156)
2026-02-16 21:22:09,186 - INFO - Epoch 12/100 Batch 170/650 - Loss: 1.115108 (Recon: 1.051126, Diff: 0.063982, KL: 0.000245)
2026-02-16 21:22:10,223 - INFO - Epoch 12/100 Batch 171/650 - Loss: 1.168539 (Recon: 1.047624, Diff: 0.120915, KL: 0.000243)
2026-02-16 21:22:11,240 - INFO - Epoch 12/100 Batch 172/650 - Loss: 1.111899 (Recon: 1.045991, Diff: 0.065908, KL: 0.000382)
2026-02-16 21:22:12,278 - INFO - Epoch 12/100 Batch 173/650 - Loss: 1.098287 (Recon: 1.044961, Diff: 0.053326, KL: 0.000170)
2026-02-16 21:22:13,324 - INFO - Epoch 12/100 Batch 174/650 - Loss: 1.174983 (Recon: 1.047823, Diff: 0.127160, KL: 0.000199)
2026-02-16 21:22:15,382 - INFO - Epoch 12/100 Batch 175/650 - Loss: 1.135795 (Recon: 1.039662, Diff: 0.096132, KL: 0.000247)
2026-02-16 21:22:16,442 - INFO - Epoch 12/100 Batch 176/650 - Loss: 1.113289 (Recon: 1.047744, Diff: 0.065544, KL: 0.000353)
2026-02-16 21:22:17,536 - INFO - Epoch 12/100 Batch 177/650 - Loss: 1.123182 (Recon: 1.044372, Diff: 0.078810, KL: 0.000246)
2026-02-16 21:22:18,587 - INFO - Epoch 12/100 Batch 178/650 - Loss: 1.168052 (Recon: 1.051729, Diff: 0.116322, KL: 0.000199)
2026-02-16 21:22:19,648 - INFO - Epoch 12/100 Batch 179/650 - Loss: 1.108597 (Recon: 1.045161, Diff: 0.063436, KL: 0.000249)
2026-02-16 21:22:20,751 - INFO - Epoch 12/100 Batch 180/650 - Loss: 1.185224 (Recon: 1.039008, Diff: 0.146216, KL: 0.000172)
2026-02-16 21:22:21,826 - INFO - Epoch 12/100 Batch 181/650 - Loss: 1.170685 (Recon: 1.047816, Diff: 0.122869, KL: 0.000218)
2026-02-16 21:22:22,912 - INFO - Epoch 12/100 Batch 182/650 - Loss: 1.105209 (Recon: 1.044602, Diff: 0.060606, KL: 0.000253)
2026-02-16 21:22:23,973 - INFO - Epoch 12/100 Batch 183/650 - Loss: 1.140417 (Recon: 1.045660, Diff: 0.094757, KL: 0.000101)
2026-02-16 21:22:25,043 - INFO - Epoch 12/100 Batch 184/650 - Loss: 1.125621 (Recon: 1.050245, Diff: 0.075375, KL: 0.000227)
2026-02-16 21:22:26,128 - INFO - Epoch 12/100 Batch 185/650 - Loss: 1.139708 (Recon: 1.048808, Diff: 0.090899, KL: 0.000529)
2026-02-16 21:22:27,211 - INFO - Epoch 12/100 Batch 186/650 - Loss: 1.190001 (Recon: 1.039284, Diff: 0.150717, KL: 0.000259)
2026-02-16 21:22:28,235 - INFO - Epoch 12/100 Batch 187/650 - Loss: 1.142202 (Recon: 1.044055, Diff: 0.098147, KL: 0.000596)
2026-02-16 21:22:29,281 - INFO - Epoch 12/100 Batch 188/650 - Loss: 1.119410 (Recon: 1.045931, Diff: 0.073479, KL: 0.000630)
2026-02-16 21:22:30,343 - INFO - Epoch 12/100 Batch 189/650 - Loss: 1.162002 (Recon: 1.042537, Diff: 0.119465, KL: 0.000272)
2026-02-16 21:22:31,445 - INFO - Epoch 12/100 Batch 190/650 - Loss: 1.149496 (Recon: 1.044501, Diff: 0.104993, KL: 0.001815)
2026-02-16 21:22:32,543 - INFO - Epoch 12/100 Batch 191/650 - Loss: 1.110645 (Recon: 1.044278, Diff: 0.066366, KL: 0.001477)
2026-02-16 21:22:33,654 - INFO - Epoch 12/100 Batch 192/650 - Loss: 1.124561 (Recon: 1.051267, Diff: 0.073293, KL: 0.000555)
2026-02-16 21:22:34,721 - INFO - Epoch 12/100 Batch 193/650 - Loss: 1.140302 (Recon: 1.045804, Diff: 0.094496, KL: 0.002059)
2026-02-16 21:22:35,744 - INFO - Epoch 12/100 Batch 194/650 - Loss: 1.192032 (Recon: 1.048682, Diff: 0.143347, KL: 0.002362)
2026-02-16 21:22:36,789 - INFO - Epoch 12/100 Batch 195/650 - Loss: 1.153027 (Recon: 1.048619, Diff: 0.104408, KL: 0.000665)
2026-02-16 21:22:37,882 - INFO - Epoch 12/100 Batch 196/650 - Loss: 1.090760 (Recon: 1.045860, Diff: 0.044899, KL: 0.001785)
2026-02-16 21:22:38,930 - INFO - Epoch 12/100 Batch 197/650 - Loss: 1.148069 (Recon: 1.042978, Diff: 0.105091, KL: 0.000510)
2026-02-16 21:22:39,990 - INFO - Epoch 12/100 Batch 198/650 - Loss: 1.140023 (Recon: 1.045922, Diff: 0.094099, KL: 0.001591)
2026-02-16 21:22:41,064 - INFO - Epoch 12/100 Batch 199/650 - Loss: 1.111353 (Recon: 1.041153, Diff: 0.070199, KL: 0.001489)
2026-02-16 21:22:42,153 - INFO - Epoch 12/100 Batch 200/650 - Loss: 1.188371 (Recon: 1.038386, Diff: 0.149982, KL: 0.003133)
2026-02-16 21:22:43,221 - INFO - Epoch 12/100 Batch 201/650 - Loss: 1.155092 (Recon: 1.044495, Diff: 0.110594, KL: 0.002072)
2026-02-16 21:22:44,270 - INFO - Epoch 12/100 Batch 202/650 - Loss: 1.118440 (Recon: 1.046066, Diff: 0.072373, KL: 0.001216)
2026-02-16 21:22:45,378 - INFO - Epoch 12/100 Batch 203/650 - Loss: 1.114429 (Recon: 1.041693, Diff: 0.072730, KL: 0.005646)
2026-02-16 21:22:46,491 - INFO - Epoch 12/100 Batch 204/650 - Loss: 1.197675 (Recon: 1.053089, Diff: 0.144579, KL: 0.007069)
2026-02-16 21:22:47,588 - INFO - Epoch 12/100 Batch 205/650 - Loss: 1.165483 (Recon: 1.039591, Diff: 0.125866, KL: 0.026390)
2026-02-16 21:22:48,615 - INFO - Epoch 12/100 Batch 206/650 - Loss: 1.123093 (Recon: 1.048093, Diff: 0.074982, KL: 0.017846)
2026-02-16 21:22:49,719 - INFO - Epoch 12/100 Batch 207/650 - Loss: 1.107973 (Recon: 1.033729, Diff: 0.074243, KL: 0.000777)
2026-02-16 21:22:50,760 - INFO - Epoch 12/100 Batch 208/650 - Loss: 1.139601 (Recon: 1.046524, Diff: 0.093064, KL: 0.011894)
2026-02-16 21:22:51,818 - INFO - Epoch 12/100 Batch 209/650 - Loss: 1.123653 (Recon: 1.049923, Diff: 0.073728, KL: 0.002797)
2026-02-16 21:22:52,876 - INFO - Epoch 12/100 Batch 210/650 - Loss: 1.158416 (Recon: 1.044384, Diff: 0.114028, KL: 0.004939)
2026-02-16 21:22:53,982 - INFO - Epoch 12/100 Batch 211/650 - Loss: 1.138547 (Recon: 1.048977, Diff: 0.089566, KL: 0.003528)
2026-02-16 21:22:55,078 - INFO - Epoch 12/100 Batch 212/650 - Loss: 1.160135 (Recon: 1.049874, Diff: 0.110259, KL: 0.002379)
2026-02-16 21:22:56,188 - INFO - Epoch 12/100 Batch 213/650 - Loss: 1.130962 (Recon: 1.050797, Diff: 0.080160, KL: 0.005539)
2026-02-16 21:22:57,246 - INFO - Epoch 12/100 Batch 214/650 - Loss: 1.106361 (Recon: 1.047126, Diff: 0.059235, KL: 0.000706)
2026-02-16 21:22:58,331 - INFO - Epoch 12/100 Batch 215/650 - Loss: 1.119560 (Recon: 1.039833, Diff: 0.079721, KL: 0.006089)
2026-02-16 21:22:59,446 - INFO - Epoch 12/100 Batch 216/650 - Loss: 1.174580 (Recon: 1.040833, Diff: 0.133745, KL: 0.001383)
2026-02-16 21:23:00,497 - INFO - Epoch 12/100 Batch 217/650 - Loss: 1.199048 (Recon: 1.040217, Diff: 0.158828, KL: 0.002749)
2026-02-16 21:23:01,594 - INFO - Epoch 12/100 Batch 218/650 - Loss: 1.151613 (Recon: 1.038342, Diff: 0.113269, KL: 0.002759)
2026-02-16 21:23:02,652 - INFO - Epoch 12/100 Batch 219/650 - Loss: 1.099521 (Recon: 1.042679, Diff: 0.056841, KL: 0.000918)
2026-02-16 21:23:03,701 - INFO - Epoch 12/100 Batch 220/650 - Loss: 1.138968 (Recon: 1.042894, Diff: 0.096072, KL: 0.002390)
2026-02-16 21:23:04,762 - INFO - Epoch 12/100 Batch 221/650 - Loss: 1.122726 (Recon: 1.042803, Diff: 0.079923, KL: 0.000262)
2026-02-16 21:23:05,764 - INFO - Epoch 12/100 Batch 222/650 - Loss: 1.130499 (Recon: 1.049386, Diff: 0.081111, KL: 0.002297)
2026-02-16 21:23:06,766 - INFO - Epoch 12/100 Batch 223/650 - Loss: 1.127809 (Recon: 1.051681, Diff: 0.076128, KL: 0.000420)
2026-02-16 21:23:07,762 - INFO - Epoch 12/100 Batch 224/650 - Loss: 1.100977 (Recon: 1.049725, Diff: 0.051248, KL: 0.003068)
2026-02-16 21:23:11,824 - INFO - Epoch 12/100 Batch 225/650 - Loss: 1.170847 (Recon: 1.039981, Diff: 0.130865, KL: 0.000706)
2026-02-16 21:23:12,900 - INFO - Epoch 12/100 Batch 226/650 - Loss: 1.108382 (Recon: 1.048079, Diff: 0.060298, KL: 0.004940)
2026-02-16 21:23:13,951 - INFO - Epoch 12/100 Batch 227/650 - Loss: 1.135042 (Recon: 1.039907, Diff: 0.095133, KL: 0.001979)
2026-02-16 21:23:15,013 - INFO - Epoch 12/100 Batch 228/650 - Loss: 1.139630 (Recon: 1.031240, Diff: 0.108389, KL: 0.001519)
2026-02-16 21:23:16,070 - INFO - Epoch 12/100 Batch 229/650 - Loss: 1.175250 (Recon: 1.047441, Diff: 0.127807, KL: 0.002325)
2026-02-16 21:23:22,488 - INFO - Epoch 12/100 Batch 230/650 - Loss: 1.124761 (Recon: 1.041478, Diff: 0.083282, KL: 0.001011)
2026-02-16 21:23:34,610 - INFO - Epoch 12/100 Batch 231/650 - Loss: 1.146261 (Recon: 1.043562, Diff: 0.102697, KL: 0.002685)
2026-02-16 21:23:35,691 - INFO - Epoch 12/100 Batch 232/650 - Loss: 1.106267 (Recon: 1.043736, Diff: 0.062530, KL: 0.000523)
2026-02-16 21:23:36,795 - INFO - Epoch 12/100 Batch 233/650 - Loss: 1.153798 (Recon: 1.039177, Diff: 0.114618, KL: 0.002789)
2026-02-16 21:23:37,906 - INFO - Epoch 12/100 Batch 234/650 - Loss: 1.123448 (Recon: 1.037665, Diff: 0.085782, KL: 0.000532)
2026-02-16 21:23:54,768 - INFO - Epoch 12/100 Batch 235/650 - Loss: 1.140446 (Recon: 1.029514, Diff: 0.110931, KL: 0.001381)
2026-02-16 21:23:55,826 - INFO - Epoch 12/100 Batch 236/650 - Loss: 1.141682 (Recon: 1.046508, Diff: 0.095172, KL: 0.002416)
2026-02-16 21:23:56,924 - INFO - Epoch 12/100 Batch 237/650 - Loss: 1.164771 (Recon: 1.046551, Diff: 0.118219, KL: 0.000806)
2026-02-16 21:23:58,009 - INFO - Epoch 12/100 Batch 238/650 - Loss: 1.129202 (Recon: 1.045735, Diff: 0.083467, KL: 0.000171)
2026-02-16 21:23:59,139 - INFO - Epoch 12/100 Batch 239/650 - Loss: 1.144637 (Recon: 1.043696, Diff: 0.100940, KL: 0.000804)
2026-02-16 21:24:00,223 - INFO - Epoch 12/100 Batch 240/650 - Loss: 1.133814 (Recon: 1.041459, Diff: 0.092354, KL: 0.000460)
2026-02-16 21:24:01,344 - INFO - Epoch 12/100 Batch 241/650 - Loss: 1.124917 (Recon: 1.049416, Diff: 0.075500, KL: 0.001883)
2026-02-16 21:24:02,458 - INFO - Epoch 12/100 Batch 242/650 - Loss: 1.133338 (Recon: 1.042305, Diff: 0.091031, KL: 0.001386)
2026-02-16 21:24:03,548 - INFO - Epoch 12/100 Batch 243/650 - Loss: 1.178835 (Recon: 1.034416, Diff: 0.144417, KL: 0.001931)
2026-02-16 21:24:04,667 - INFO - Epoch 12/100 Batch 244/650 - Loss: 1.208754 (Recon: 1.042336, Diff: 0.166416, KL: 0.000781)
2026-02-16 21:24:05,773 - INFO - Epoch 12/100 Batch 245/650 - Loss: 1.229339 (Recon: 1.045468, Diff: 0.183870, KL: 0.000343)
2026-02-16 21:24:06,844 - INFO - Epoch 12/100 Batch 246/650 - Loss: 1.166056 (Recon: 1.045416, Diff: 0.120639, KL: 0.000931)
2026-02-16 21:24:07,880 - INFO - Epoch 12/100 Batch 247/650 - Loss: 1.137633 (Recon: 1.032399, Diff: 0.105234, KL: 0.000665)
2026-02-16 21:24:08,927 - INFO - Epoch 12/100 Batch 248/650 - Loss: 1.102300 (Recon: 1.037296, Diff: 0.065002, KL: 0.001542)
2026-02-16 21:24:09,960 - INFO - Epoch 12/100 Batch 249/650 - Loss: 1.176179 (Recon: 1.043260, Diff: 0.132919, KL: 0.000340)
2026-02-16 21:24:13,081 - INFO - Epoch 12/100 Batch 250/650 - Loss: 1.134375 (Recon: 1.048861, Diff: 0.085513, KL: 0.001211)
2026-02-16 21:24:14,178 - INFO - Epoch 12/100 Batch 251/650 - Loss: 1.138147 (Recon: 1.044787, Diff: 0.093359, KL: 0.000475)
2026-02-16 21:24:15,254 - INFO - Epoch 12/100 Batch 252/650 - Loss: 1.162745 (Recon: 1.038271, Diff: 0.124473, KL: 0.001240)
2026-02-16 21:24:16,310 - INFO - Epoch 12/100 Batch 253/650 - Loss: 1.140305 (Recon: 1.048652, Diff: 0.091653, KL: 0.000886)
2026-02-16 21:24:22,318 - INFO - Epoch 12/100 Batch 254/650 - Loss: 1.126940 (Recon: 1.049373, Diff: 0.077566, KL: 0.000538)
2026-02-16 21:24:23,402 - INFO - Epoch 12/100 Batch 255/650 - Loss: 1.140823 (Recon: 1.041325, Diff: 0.099498, KL: 0.000295)
2026-02-16 21:24:24,511 - INFO - Epoch 12/100 Batch 256/650 - Loss: 1.103838 (Recon: 1.041076, Diff: 0.062761, KL: 0.000782)
2026-02-16 21:24:25,583 - INFO - Epoch 12/100 Batch 257/650 - Loss: 1.095270 (Recon: 1.047327, Diff: 0.047943, KL: 0.000721)
2026-02-16 21:24:26,659 - INFO - Epoch 12/100 Batch 258/650 - Loss: 1.099690 (Recon: 1.041908, Diff: 0.057781, KL: 0.000453)
2026-02-16 21:24:40,748 - INFO - Epoch 12/100 Batch 259/650 - Loss: 1.157076 (Recon: 1.033511, Diff: 0.123565, KL: 0.000502)
2026-02-16 21:24:41,821 - INFO - Epoch 12/100 Batch 260/650 - Loss: 1.114883 (Recon: 1.039744, Diff: 0.075138, KL: 0.000534)
2026-02-16 21:24:42,915 - INFO - Epoch 12/100 Batch 261/650 - Loss: 1.131079 (Recon: 1.040760, Diff: 0.090319, KL: 0.000380)
2026-02-16 21:24:44,009 - INFO - Epoch 12/100 Batch 262/650 - Loss: 1.128058 (Recon: 1.045430, Diff: 0.082627, KL: 0.000253)
2026-02-16 21:24:45,057 - INFO - Epoch 12/100 Batch 263/650 - Loss: 1.123152 (Recon: 1.034900, Diff: 0.088251, KL: 0.000143)
2026-02-16 21:24:46,097 - INFO - Epoch 12/100 Batch 264/650 - Loss: 1.114204 (Recon: 1.048270, Diff: 0.065933, KL: 0.000283)
2026-02-16 21:24:47,139 - INFO - Epoch 12/100 Batch 265/650 - Loss: 1.145226 (Recon: 1.040481, Diff: 0.104745, KL: 0.000188)
2026-02-16 21:24:48,192 - INFO - Epoch 12/100 Batch 266/650 - Loss: 1.142472 (Recon: 1.048513, Diff: 0.093959, KL: 0.000249)
2026-02-16 21:24:49,249 - INFO - Epoch 12/100 Batch 267/650 - Loss: 1.171120 (Recon: 1.031804, Diff: 0.139316, KL: 0.000205)
2026-02-16 21:24:50,358 - INFO - Epoch 12/100 Batch 268/650 - Loss: 1.135997 (Recon: 1.040211, Diff: 0.095785, KL: 0.000326)
2026-02-16 21:24:51,461 - INFO - Epoch 12/100 Batch 269/650 - Loss: 1.143815 (Recon: 1.044210, Diff: 0.099604, KL: 0.000717)
2026-02-16 21:24:52,612 - INFO - Epoch 12/100 Batch 270/650 - Loss: 1.086962 (Recon: 1.045471, Diff: 0.041491, KL: 0.000288)
2026-02-16 21:24:53,673 - INFO - Epoch 12/100 Batch 271/650 - Loss: 1.129875 (Recon: 1.036111, Diff: 0.093764, KL: 0.000115)
2026-02-16 21:24:54,719 - INFO - Epoch 12/100 Batch 272/650 - Loss: 1.103890 (Recon: 1.040054, Diff: 0.063836, KL: 0.000215)
2026-02-16 21:24:55,752 - INFO - Epoch 12/100 Batch 273/650 - Loss: 1.168406 (Recon: 1.048224, Diff: 0.120182, KL: 0.000713)
2026-02-16 21:24:56,808 - INFO - Epoch 12/100 Batch 274/650 - Loss: 1.212304 (Recon: 1.045367, Diff: 0.166937, KL: 0.000247)
2026-02-16 21:24:57,875 - INFO - Epoch 12/100 Batch 275/650 - Loss: 1.087139 (Recon: 1.044656, Diff: 0.042482, KL: 0.001418)
2026-02-16 21:24:58,961 - INFO - Epoch 12/100 Batch 276/650 - Loss: 1.131051 (Recon: 1.042017, Diff: 0.089032, KL: 0.001540)
2026-02-16 21:25:00,074 - INFO - Epoch 12/100 Batch 277/650 - Loss: 1.122309 (Recon: 1.038337, Diff: 0.083971, KL: 0.000988)
2026-02-16 21:25:01,134 - INFO - Epoch 12/100 Batch 278/650 - Loss: 1.111571 (Recon: 1.042849, Diff: 0.068721, KL: 0.001617)
2026-02-16 21:25:02,215 - INFO - Epoch 12/100 Batch 279/650 - Loss: 1.115500 (Recon: 1.044726, Diff: 0.070774, KL: 0.000554)
2026-02-16 21:25:03,302 - INFO - Epoch 12/100 Batch 280/650 - Loss: 1.138221 (Recon: 1.036116, Diff: 0.102102, KL: 0.002660)
2026-02-16 21:25:04,413 - INFO - Epoch 12/100 Batch 281/650 - Loss: 1.101705 (Recon: 1.041303, Diff: 0.060402, KL: 0.000336)
2026-02-16 21:25:05,504 - INFO - Epoch 12/100 Batch 282/650 - Loss: 1.155269 (Recon: 1.039006, Diff: 0.116261, KL: 0.001768)
2026-02-16 21:25:06,568 - INFO - Epoch 12/100 Batch 283/650 - Loss: 1.103840 (Recon: 1.043049, Diff: 0.060790, KL: 0.000663)
2026-02-16 21:25:07,658 - INFO - Epoch 12/100 Batch 284/650 - Loss: 1.099363 (Recon: 1.044225, Diff: 0.055137, KL: 0.000898)
2026-02-16 21:25:08,663 - INFO - Epoch 12/100 Batch 285/650 - Loss: 1.109735 (Recon: 1.038323, Diff: 0.071411, KL: 0.000819)
2026-02-16 21:25:09,651 - INFO - Epoch 12/100 Batch 286/650 - Loss: 1.217165 (Recon: 1.044082, Diff: 0.173083, KL: 0.000709)
2026-02-16 21:25:10,665 - INFO - Epoch 12/100 Batch 287/650 - Loss: 1.119165 (Recon: 1.041779, Diff: 0.077384, KL: 0.001889)
2026-02-16 21:25:11,742 - INFO - Epoch 12/100 Batch 288/650 - Loss: 1.123529 (Recon: 1.045692, Diff: 0.077836, KL: 0.000612)
2026-02-16 21:25:12,821 - INFO - Epoch 12/100 Batch 289/650 - Loss: 1.114752 (Recon: 1.043912, Diff: 0.070837, KL: 0.003156)
2026-02-16 21:25:13,865 - INFO - Epoch 12/100 Batch 290/650 - Loss: 1.176845 (Recon: 1.041280, Diff: 0.135564, KL: 0.000471)
2026-02-16 21:25:14,905 - INFO - Epoch 12/100 Batch 291/650 - Loss: 1.197444 (Recon: 1.044333, Diff: 0.153109, KL: 0.002240)
2026-02-16 21:25:15,933 - INFO - Epoch 12/100 Batch 292/650 - Loss: 1.132331 (Recon: 1.038111, Diff: 0.094219, KL: 0.001023)
2026-02-16 21:25:18,533 - INFO - Epoch 12/100 Batch 293/650 - Loss: 1.138374 (Recon: 1.044908, Diff: 0.093464, KL: 0.001140)
2026-02-16 21:25:19,665 - INFO - Epoch 12/100 Batch 294/650 - Loss: 1.085075 (Recon: 1.045247, Diff: 0.039826, KL: 0.001572)
2026-02-16 21:25:20,715 - INFO - Epoch 12/100 Batch 295/650 - Loss: 1.149549 (Recon: 1.035192, Diff: 0.114356, KL: 0.000857)
2026-02-16 21:25:21,814 - INFO - Epoch 12/100 Batch 296/650 - Loss: 1.130774 (Recon: 1.041649, Diff: 0.089123, KL: 0.002213)
2026-02-16 21:25:22,879 - INFO - Epoch 12/100 Batch 297/650 - Loss: 1.086469 (Recon: 1.048837, Diff: 0.037632, KL: 0.000332)
2026-02-16 21:25:23,957 - INFO - Epoch 12/100 Batch 298/650 - Loss: 1.112518 (Recon: 1.037092, Diff: 0.075423, KL: 0.002986)
2026-02-16 21:25:25,078 - INFO - Epoch 12/100 Batch 299/650 - Loss: 1.111133 (Recon: 1.037229, Diff: 0.073903, KL: 0.000121)
2026-02-16 21:25:26,166 - INFO - Epoch 12/100 Batch 300/650 - Loss: 1.176366 (Recon: 1.040959, Diff: 0.135405, KL: 0.002579)
2026-02-16 21:25:27,274 - INFO - Epoch 12/100 Batch 301/650 - Loss: 1.196722 (Recon: 1.043492, Diff: 0.153229, KL: 0.000728)
2026-02-16 21:25:28,409 - INFO - Epoch 12/100 Batch 302/650 - Loss: 1.180087 (Recon: 1.041524, Diff: 0.138561, KL: 0.001780)
2026-02-16 21:25:29,501 - INFO - Epoch 12/100 Batch 303/650 - Loss: 1.134555 (Recon: 1.039787, Diff: 0.094766, KL: 0.000952)
2026-02-16 21:25:30,553 - INFO - Epoch 12/100 Batch 304/650 - Loss: 1.103559 (Recon: 1.046288, Diff: 0.057268, KL: 0.002998)
2026-02-16 21:25:31,654 - INFO - Epoch 12/100 Batch 305/650 - Loss: 1.113780 (Recon: 1.042934, Diff: 0.070842, KL: 0.003788)
2026-02-16 21:25:32,783 - INFO - Epoch 12/100 Batch 306/650 - Loss: 1.172091 (Recon: 1.034210, Diff: 0.137880, KL: 0.000782)
2026-02-16 21:25:33,912 - INFO - Epoch 12/100 Batch 307/650 - Loss: 1.142256 (Recon: 1.042126, Diff: 0.100128, KL: 0.002645)
2026-02-16 21:25:34,951 - INFO - Epoch 12/100 Batch 308/650 - Loss: 1.118316 (Recon: 1.042679, Diff: 0.075636, KL: 0.000844)
2026-02-16 21:25:36,042 - INFO - Epoch 12/100 Batch 309/650 - Loss: 1.126037 (Recon: 1.048595, Diff: 0.077440, KL: 0.002714)
2026-02-16 21:25:37,160 - INFO - Epoch 12/100 Batch 310/650 - Loss: 1.128541 (Recon: 1.037346, Diff: 0.091194, KL: 0.000436)
2026-02-16 21:25:38,269 - INFO - Epoch 12/100 Batch 311/650 - Loss: 1.176576 (Recon: 1.041175, Diff: 0.135400, KL: 0.001222)
2026-02-16 21:25:39,352 - INFO - Epoch 12/100 Batch 312/650 - Loss: 1.138503 (Recon: 1.035922, Diff: 0.102581, KL: 0.000248)
2026-02-16 21:25:40,428 - INFO - Epoch 12/100 Batch 313/650 - Loss: 1.166966 (Recon: 1.038896, Diff: 0.128070, KL: 0.000672)
2026-02-16 21:25:41,563 - INFO - Epoch 12/100 Batch 314/650 - Loss: 1.131241 (Recon: 1.047863, Diff: 0.083377, KL: 0.000241)
2026-02-16 21:25:42,693 - INFO - Epoch 12/100 Batch 315/650 - Loss: 1.119751 (Recon: 1.044628, Diff: 0.075123, KL: 0.000444)
2026-02-16 21:25:43,793 - INFO - Epoch 12/100 Batch 316/650 - Loss: 1.117108 (Recon: 1.036071, Diff: 0.081037, KL: 0.000341)
2026-02-16 21:25:44,866 - INFO - Epoch 12/100 Batch 317/650 - Loss: 1.090280 (Recon: 1.047018, Diff: 0.043262, KL: 0.000438)
2026-02-16 21:25:45,959 - INFO - Epoch 12/100 Batch 318/650 - Loss: 1.121926 (Recon: 1.041509, Diff: 0.080416, KL: 0.000729)
2026-02-16 21:25:47,091 - INFO - Epoch 12/100 Batch 319/650 - Loss: 1.100407 (Recon: 1.040657, Diff: 0.059750, KL: 0.000691)
2026-02-16 21:25:48,161 - INFO - Epoch 12/100 Batch 320/650 - Loss: 1.129121 (Recon: 1.042420, Diff: 0.086701, KL: 0.000276)
2026-02-16 21:25:50,620 - INFO - Epoch 12/100 Batch 321/650 - Loss: 1.191865 (Recon: 1.046223, Diff: 0.145642, KL: 0.000445)
2026-02-16 21:25:51,704 - INFO - Epoch 12/100 Batch 322/650 - Loss: 1.089244 (Recon: 1.044760, Diff: 0.044484, KL: 0.000191)
2026-02-16 21:25:52,801 - INFO - Epoch 12/100 Batch 323/650 - Loss: 1.083165 (Recon: 1.044066, Diff: 0.039099, KL: 0.000378)
2026-02-16 21:25:53,900 - INFO - Epoch 12/100 Batch 324/650 - Loss: 1.101181 (Recon: 1.044320, Diff: 0.056861, KL: 0.000214)
2026-02-16 21:25:54,960 - INFO - Epoch 12/100 Batch 325/650 - Loss: 1.204175 (Recon: 1.043400, Diff: 0.160774, KL: 0.000180)
2026-02-16 21:25:56,067 - INFO - Epoch 12/100 Batch 326/650 - Loss: 1.133923 (Recon: 1.044909, Diff: 0.089014, KL: 0.000098)
2026-02-16 21:25:57,184 - INFO - Epoch 12/100 Batch 327/650 - Loss: 1.163739 (Recon: 1.034627, Diff: 0.129112, KL: 0.000246)
2026-02-16 21:25:58,300 - INFO - Epoch 12/100 Batch 328/650 - Loss: 1.159305 (Recon: 1.037111, Diff: 0.122193, KL: 0.000870)
2026-02-16 21:25:59,415 - INFO - Epoch 12/100 Batch 329/650 - Loss: 1.081971 (Recon: 1.035348, Diff: 0.046623, KL: 0.000433)
2026-02-16 21:26:00,503 - INFO - Epoch 12/100 Batch 330/650 - Loss: 1.122274 (Recon: 1.031700, Diff: 0.090574, KL: 0.000394)
2026-02-16 21:26:01,561 - INFO - Epoch 12/100 Batch 331/650 - Loss: 1.129279 (Recon: 1.044433, Diff: 0.084845, KL: 0.000412)
2026-02-16 21:26:02,673 - INFO - Epoch 12/100 Batch 332/650 - Loss: 1.099124 (Recon: 1.041101, Diff: 0.058023, KL: 0.000251)
2026-02-16 21:26:03,756 - INFO - Epoch 12/100 Batch 333/650 - Loss: 1.109320 (Recon: 1.044855, Diff: 0.064464, KL: 0.000459)
2026-02-16 21:26:04,837 - INFO - Epoch 12/100 Batch 334/650 - Loss: 1.201596 (Recon: 1.042276, Diff: 0.159319, KL: 0.000064)
2026-02-16 21:26:05,866 - INFO - Epoch 12/100 Batch 335/650 - Loss: 1.132599 (Recon: 1.036878, Diff: 0.095721, KL: 0.000430)
2026-02-16 21:26:06,945 - INFO - Epoch 12/100 Batch 336/650 - Loss: 1.102242 (Recon: 1.043101, Diff: 0.059140, KL: 0.000324)
2026-02-16 21:26:07,998 - INFO - Epoch 12/100 Batch 337/650 - Loss: 1.127649 (Recon: 1.045596, Diff: 0.082052, KL: 0.000830)
2026-02-16 21:26:09,093 - INFO - Epoch 12/100 Batch 338/650 - Loss: 1.134349 (Recon: 1.046422, Diff: 0.087927, KL: 0.000272)
2026-02-16 21:26:10,119 - INFO - Epoch 12/100 Batch 339/650 - Loss: 1.094996 (Recon: 1.037737, Diff: 0.057259, KL: 0.000340)
2026-02-16 21:26:11,120 - INFO - Epoch 12/100 Batch 340/650 - Loss: 1.088140 (Recon: 1.046726, Diff: 0.041413, KL: 0.000276)
2026-02-16 21:26:12,132 - INFO - Epoch 12/100 Batch 341/650 - Loss: 1.160129 (Recon: 1.044578, Diff: 0.115551, KL: 0.000218)
2026-02-16 21:26:15,323 - INFO - Epoch 12/100 Batch 342/650 - Loss: 1.163267 (Recon: 1.042659, Diff: 0.120607, KL: 0.000487)
2026-02-16 21:26:16,379 - INFO - Epoch 12/100 Batch 343/650 - Loss: 1.139349 (Recon: 1.038640, Diff: 0.100709, KL: 0.000168)
2026-02-16 21:26:17,423 - INFO - Epoch 12/100 Batch 344/650 - Loss: 1.118554 (Recon: 1.034504, Diff: 0.084049, KL: 0.000205)
2026-02-16 21:26:18,450 - INFO - Epoch 12/100 Batch 345/650 - Loss: 1.122116 (Recon: 1.041784, Diff: 0.080332, KL: 0.000368)
2026-02-16 21:26:19,502 - INFO - Epoch 12/100 Batch 346/650 - Loss: 1.165603 (Recon: 1.043336, Diff: 0.122266, KL: 0.000332)
2026-02-16 21:26:25,962 - INFO - Epoch 12/100 Batch 347/650 - Loss: 1.133773 (Recon: 1.032563, Diff: 0.101210, KL: 0.000219)
2026-02-16 21:26:27,103 - INFO - Epoch 12/100 Batch 348/650 - Loss: 1.124346 (Recon: 1.036561, Diff: 0.087784, KL: 0.000595)
2026-02-16 21:26:28,237 - INFO - Epoch 12/100 Batch 349/650 - Loss: 1.159377 (Recon: 1.040115, Diff: 0.119262, KL: 0.000343)
2026-02-16 21:26:29,356 - INFO - Epoch 12/100 Batch 350/650 - Loss: 1.115615 (Recon: 1.036676, Diff: 0.078938, KL: 0.000103)
2026-02-16 21:26:30,466 - INFO - Epoch 12/100 Batch 351/650 - Loss: 1.153540 (Recon: 1.042755, Diff: 0.110786, KL: 0.000127)
2026-02-16 21:26:31,571 - INFO - Epoch 12/100 Batch 352/650 - Loss: 1.156801 (Recon: 1.044196, Diff: 0.112604, KL: 0.000155)
2026-02-16 21:26:32,659 - INFO - Epoch 12/100 Batch 353/650 - Loss: 1.099801 (Recon: 1.044571, Diff: 0.055229, KL: 0.000534)
2026-02-16 21:26:33,789 - INFO - Epoch 12/100 Batch 354/650 - Loss: 1.128097 (Recon: 1.042650, Diff: 0.085447, KL: 0.000157)
2026-02-16 21:26:34,929 - INFO - Epoch 12/100 Batch 355/650 - Loss: 1.127196 (Recon: 1.037136, Diff: 0.090060, KL: 0.000236)
2026-02-16 21:26:36,087 - INFO - Epoch 12/100 Batch 356/650 - Loss: 1.171593 (Recon: 1.033809, Diff: 0.137783, KL: 0.000568)
2026-02-16 21:26:37,279 - INFO - Epoch 12/100 Batch 357/650 - Loss: 1.175103 (Recon: 1.046636, Diff: 0.128467, KL: 0.000390)
2026-02-16 21:26:38,340 - INFO - Epoch 12/100 Batch 358/650 - Loss: 1.103081 (Recon: 1.043974, Diff: 0.059107, KL: 0.000186)
2026-02-16 21:26:39,498 - INFO - Epoch 12/100 Batch 359/650 - Loss: 1.134092 (Recon: 1.047312, Diff: 0.086780, KL: 0.000738)
2026-02-16 21:26:40,562 - INFO - Epoch 12/100 Batch 360/650 - Loss: 1.124533 (Recon: 1.040861, Diff: 0.083672, KL: 0.000128)
2026-02-16 21:26:41,642 - INFO - Epoch 12/100 Batch 361/650 - Loss: 1.092265 (Recon: 1.036402, Diff: 0.055862, KL: 0.000582)
2026-02-16 21:26:42,731 - INFO - Epoch 12/100 Batch 362/650 - Loss: 1.119473 (Recon: 1.035617, Diff: 0.083855, KL: 0.000145)
2026-02-16 21:26:43,896 - INFO - Epoch 12/100 Batch 363/650 - Loss: 1.139415 (Recon: 1.042964, Diff: 0.096449, KL: 0.000973)
2026-02-16 21:26:45,076 - INFO - Epoch 12/100 Batch 364/650 - Loss: 1.092905 (Recon: 1.036927, Diff: 0.055977, KL: 0.000584)
2026-02-16 21:26:46,228 - INFO - Epoch 12/100 Batch 365/650 - Loss: 1.117672 (Recon: 1.031181, Diff: 0.086490, KL: 0.000806)
2026-02-16 21:26:53,882 - INFO - Epoch 12/100 Batch 366/650 - Loss: 1.157454 (Recon: 1.035004, Diff: 0.122449, KL: 0.001194)
2026-02-16 21:26:54,982 - INFO - Epoch 12/100 Batch 367/650 - Loss: 1.100198 (Recon: 1.034391, Diff: 0.065807, KL: 0.000343)
2026-02-16 21:26:56,058 - INFO - Epoch 12/100 Batch 368/650 - Loss: 1.162107 (Recon: 1.035058, Diff: 0.127049, KL: 0.001000)
2026-02-16 21:26:57,391 - INFO - Epoch 12/100 Batch 369/650 - Loss: 1.147814 (Recon: 1.043245, Diff: 0.104569, KL: 0.000084)
2026-02-16 21:26:58,505 - INFO - Epoch 12/100 Batch 370/650 - Loss: 1.176805 (Recon: 1.032961, Diff: 0.143843, KL: 0.000756)
2026-02-16 21:26:59,621 - INFO - Epoch 12/100 Batch 371/650 - Loss: 1.126310 (Recon: 1.034949, Diff: 0.091361, KL: 0.000242)
2026-02-16 21:27:00,717 - INFO - Epoch 12/100 Batch 372/650 - Loss: 1.129562 (Recon: 1.028411, Diff: 0.101150, KL: 0.000749)
2026-02-16 21:27:02,099 - INFO - Epoch 12/100 Batch 373/650 - Loss: 1.118461 (Recon: 1.030500, Diff: 0.087960, KL: 0.000467)
2026-02-16 21:27:03,193 - INFO - Epoch 12/100 Batch 374/650 - Loss: 1.085461 (Recon: 1.040867, Diff: 0.044594, KL: 0.000265)
2026-02-16 21:27:04,332 - INFO - Epoch 12/100 Batch 375/650 - Loss: 1.105367 (Recon: 1.037405, Diff: 0.067962, KL: 0.000494)
2026-02-16 21:27:05,433 - INFO - Epoch 12/100 Batch 376/650 - Loss: 1.116690 (Recon: 1.039273, Diff: 0.077417, KL: 0.000119)
2026-02-16 21:27:06,536 - INFO - Epoch 12/100 Batch 377/650 - Loss: 1.097900 (Recon: 1.044308, Diff: 0.053591, KL: 0.000602)
2026-02-16 21:27:07,611 - INFO - Epoch 12/100 Batch 378/650 - Loss: 1.133083 (Recon: 1.046491, Diff: 0.086592, KL: 0.000197)
2026-02-16 21:27:08,719 - INFO - Epoch 12/100 Batch 379/650 - Loss: 1.139678 (Recon: 1.038031, Diff: 0.101646, KL: 0.000586)
2026-02-16 21:27:09,792 - INFO - Epoch 12/100 Batch 380/650 - Loss: 1.118731 (Recon: 1.044306, Diff: 0.074424, KL: 0.000704)
2026-02-16 21:27:10,884 - INFO - Epoch 12/100 Batch 381/650 - Loss: 1.091998 (Recon: 1.039856, Diff: 0.052142, KL: 0.000217)
2026-02-16 21:27:11,903 - INFO - Epoch 12/100 Batch 382/650 - Loss: 1.175444 (Recon: 1.037101, Diff: 0.138343, KL: 0.000190)
2026-02-16 21:27:12,974 - INFO - Epoch 12/100 Batch 383/650 - Loss: 1.124706 (Recon: 1.033061, Diff: 0.091645, KL: 0.000141)
2026-02-16 21:27:14,003 - INFO - Epoch 12/100 Batch 384/650 - Loss: 1.145270 (Recon: 1.037743, Diff: 0.107527, KL: 0.000153)
2026-02-16 21:27:17,401 - INFO - Epoch 12/100 Batch 385/650 - Loss: 1.128461 (Recon: 1.040300, Diff: 0.088161, KL: 0.000258)
2026-02-16 21:27:18,502 - INFO - Epoch 12/100 Batch 386/650 - Loss: 1.106946 (Recon: 1.037272, Diff: 0.069673, KL: 0.000390)
2026-02-16 21:27:20,142 - INFO - Epoch 12/100 Batch 387/650 - Loss: 1.143631 (Recon: 1.035515, Diff: 0.108116, KL: 0.000449)
2026-02-16 21:27:21,197 - INFO - Epoch 12/100 Batch 388/650 - Loss: 1.138984 (Recon: 1.036523, Diff: 0.102460, KL: 0.000836)
2026-02-16 21:27:22,223 - INFO - Epoch 12/100 Batch 389/650 - Loss: 1.087449 (Recon: 1.035254, Diff: 0.052195, KL: 0.000159)
2026-02-16 21:27:28,981 - INFO - Epoch 12/100 Batch 390/650 - Loss: 1.117830 (Recon: 1.041731, Diff: 0.076098, KL: 0.000299)
2026-02-16 21:27:30,148 - INFO - Epoch 12/100 Batch 391/650 - Loss: 1.140831 (Recon: 1.040079, Diff: 0.100752, KL: 0.000241)
2026-02-16 21:27:31,317 - INFO - Epoch 12/100 Batch 392/650 - Loss: 1.112004 (Recon: 1.046056, Diff: 0.065947, KL: 0.000143)
2026-02-16 21:27:32,459 - INFO - Epoch 12/100 Batch 393/650 - Loss: 1.164593 (Recon: 1.043094, Diff: 0.121499, KL: 0.000083)
2026-02-16 21:27:33,589 - INFO - Epoch 12/100 Batch 394/650 - Loss: 1.095686 (Recon: 1.040940, Diff: 0.054745, KL: 0.000232)
2026-02-16 21:27:34,694 - INFO - Epoch 12/100 Batch 395/650 - Loss: 1.150810 (Recon: 1.047268, Diff: 0.103542, KL: 0.000105)
2026-02-16 21:27:35,819 - INFO - Epoch 12/100 Batch 396/650 - Loss: 1.158192 (Recon: 1.044934, Diff: 0.113258, KL: 0.000163)
2026-02-16 21:27:37,046 - INFO - Epoch 12/100 Batch 397/650 - Loss: 1.094052 (Recon: 1.037479, Diff: 0.056573, KL: 0.000115)
2026-02-16 21:27:38,184 - INFO - Epoch 12/100 Batch 398/650 - Loss: 1.160062 (Recon: 1.028014, Diff: 0.132048, KL: 0.000209)
2026-02-16 21:27:39,275 - INFO - Epoch 12/100 Batch 399/650 - Loss: 1.114943 (Recon: 1.043095, Diff: 0.071848, KL: 0.000179)
2026-02-16 21:27:40,379 - INFO - Epoch 12/100 Batch 400/650 - Loss: 1.134428 (Recon: 1.042362, Diff: 0.092066, KL: 0.000114)
2026-02-16 21:27:41,534 - INFO - Epoch 12/100 Batch 401/650 - Loss: 1.151495 (Recon: 1.039224, Diff: 0.112271, KL: 0.000476)
2026-02-16 21:27:42,626 - INFO - Epoch 12/100 Batch 402/650 - Loss: 1.152863 (Recon: 1.041238, Diff: 0.111625, KL: 0.000218)
2026-02-16 21:27:43,857 - INFO - Epoch 12/100 Batch 403/650 - Loss: 1.221682 (Recon: 1.041821, Diff: 0.179861, KL: 0.000209)
2026-02-16 21:27:45,042 - INFO - Epoch 12/100 Batch 404/650 - Loss: 1.152452 (Recon: 1.042881, Diff: 0.109571, KL: 0.000309)
2026-02-16 21:27:46,189 - INFO - Epoch 12/100 Batch 405/650 - Loss: 1.105761 (Recon: 1.045422, Diff: 0.060339, KL: 0.000087)
2026-02-16 21:27:47,328 - INFO - Epoch 12/100 Batch 406/650 - Loss: 1.163662 (Recon: 1.037618, Diff: 0.126044, KL: 0.000145)
2026-02-16 21:27:48,443 - INFO - Epoch 12/100 Batch 407/650 - Loss: 1.118329 (Recon: 1.032890, Diff: 0.085438, KL: 0.000118)
2026-02-16 21:27:49,558 - INFO - Epoch 12/100 Batch 408/650 - Loss: 1.105017 (Recon: 1.047331, Diff: 0.057686, KL: 0.000371)
2026-02-16 21:27:50,804 - INFO - Epoch 12/100 Batch 409/650 - Loss: 1.241035 (Recon: 1.038718, Diff: 0.202317, KL: 0.000159)
2026-02-16 21:27:51,930 - INFO - Epoch 12/100 Batch 410/650 - Loss: 1.142377 (Recon: 1.034394, Diff: 0.107983, KL: 0.000157)
2026-02-16 21:27:53,189 - INFO - Epoch 12/100 Batch 411/650 - Loss: 1.206670 (Recon: 1.040437, Diff: 0.166233, KL: 0.000314)
2026-02-16 21:27:54,291 - INFO - Epoch 12/100 Batch 412/650 - Loss: 1.116801 (Recon: 1.044491, Diff: 0.072309, KL: 0.000160)
2026-02-16 21:27:55,385 - INFO - Epoch 12/100 Batch 413/650 - Loss: 1.103432 (Recon: 1.045735, Diff: 0.057697, KL: 0.000432)
2026-02-16 21:27:56,512 - INFO - Epoch 12/100 Batch 414/650 - Loss: 1.182039 (Recon: 1.035981, Diff: 0.146058, KL: 0.000137)
2026-02-16 21:27:57,603 - INFO - Epoch 12/100 Batch 415/650 - Loss: 1.168871 (Recon: 1.027798, Diff: 0.141073, KL: 0.000179)
2026-02-16 21:27:58,723 - INFO - Epoch 12/100 Batch 416/650 - Loss: 1.108242 (Recon: 1.043219, Diff: 0.065023, KL: 0.000134)
2026-02-16 21:27:59,835 - INFO - Epoch 12/100 Batch 417/650 - Loss: 1.133857 (Recon: 1.040590, Diff: 0.093267, KL: 0.000233)
2026-02-16 21:28:00,960 - INFO - Epoch 12/100 Batch 418/650 - Loss: 1.178492 (Recon: 1.044016, Diff: 0.134476, KL: 0.000089)
2026-02-16 21:28:02,033 - INFO - Epoch 12/100 Batch 419/650 - Loss: 1.115486 (Recon: 1.040951, Diff: 0.074534, KL: 0.000311)
2026-02-16 21:28:03,204 - INFO - Epoch 12/100 Batch 420/650 - Loss: 1.097690 (Recon: 1.038893, Diff: 0.058796, KL: 0.000206)
2026-02-16 21:28:04,330 - INFO - Epoch 12/100 Batch 421/650 - Loss: 1.130552 (Recon: 1.026146, Diff: 0.104406, KL: 0.000142)
2026-02-16 21:28:05,566 - INFO - Epoch 12/100 Batch 422/650 - Loss: 1.151364 (Recon: 1.041005, Diff: 0.110360, KL: 0.000118)
2026-02-16 21:28:06,857 - INFO - Epoch 12/100 Batch 423/650 - Loss: 1.105898 (Recon: 1.035026, Diff: 0.070872, KL: 0.000083)
2026-02-16 21:28:07,935 - INFO - Epoch 12/100 Batch 424/650 - Loss: 1.116230 (Recon: 1.033431, Diff: 0.082798, KL: 0.000133)
2026-02-16 21:28:09,073 - INFO - Epoch 12/100 Batch 425/650 - Loss: 1.115698 (Recon: 1.045205, Diff: 0.070493, KL: 0.000062)
2026-02-16 21:28:10,148 - INFO - Epoch 12/100 Batch 426/650 - Loss: 1.154918 (Recon: 1.038589, Diff: 0.116329, KL: 0.000132)
2026-02-16 21:28:11,295 - INFO - Epoch 12/100 Batch 427/650 - Loss: 1.136884 (Recon: 1.038297, Diff: 0.098587, KL: 0.000199)
2026-02-16 21:28:15,120 - INFO - Epoch 12/100 Batch 428/650 - Loss: 1.123781 (Recon: 1.041899, Diff: 0.081881, KL: 0.000099)
2026-02-16 21:28:16,349 - INFO - Epoch 12/100 Batch 429/650 - Loss: 1.112251 (Recon: 1.043800, Diff: 0.068451, KL: 0.000109)
2026-02-16 21:28:17,363 - INFO - Epoch 12/100 Batch 430/650 - Loss: 1.152548 (Recon: 1.038943, Diff: 0.113606, KL: 0.000156)
2026-02-16 21:28:18,430 - INFO - Epoch 12/100 Batch 431/650 - Loss: 1.130357 (Recon: 1.040209, Diff: 0.090148, KL: 0.000145)
2026-02-16 21:28:19,477 - INFO - Epoch 12/100 Batch 432/650 - Loss: 1.178004 (Recon: 1.030867, Diff: 0.147136, KL: 0.000062)
2026-02-16 21:28:20,536 - INFO - Epoch 12/100 Batch 433/650 - Loss: 1.087471 (Recon: 1.042013, Diff: 0.045457, KL: 0.000084)
2026-02-16 21:28:21,557 - INFO - Epoch 12/100 Batch 434/650 - Loss: 1.180888 (Recon: 1.036946, Diff: 0.143941, KL: 0.000117)
2026-02-16 21:28:22,646 - INFO - Epoch 12/100 Batch 435/650 - Loss: 1.126829 (Recon: 1.032254, Diff: 0.094575, KL: 0.000227)
2026-02-16 21:28:23,676 - INFO - Epoch 12/100 Batch 436/650 - Loss: 1.119984 (Recon: 1.022016, Diff: 0.097968, KL: 0.000187)
2026-02-16 21:28:29,044 - INFO - Epoch 12/100 Batch 437/650 - Loss: 1.097742 (Recon: 1.040446, Diff: 0.057296, KL: 0.000176)
2026-02-16 21:28:30,132 - INFO - Epoch 12/100 Batch 438/650 - Loss: 1.167895 (Recon: 1.035809, Diff: 0.132086, KL: 0.000156)
2026-02-16 21:28:31,239 - INFO - Epoch 12/100 Batch 439/650 - Loss: 1.108759 (Recon: 1.041918, Diff: 0.066840, KL: 0.000151)
2026-02-16 21:28:33,506 - INFO - Epoch 12/100 Batch 440/650 - Loss: 1.105730 (Recon: 1.037199, Diff: 0.068531, KL: 0.000105)
2026-02-16 21:28:34,607 - INFO - Epoch 12/100 Batch 441/650 - Loss: 1.108138 (Recon: 1.035426, Diff: 0.072712, KL: 0.000181)
2026-02-16 21:28:35,732 - INFO - Epoch 12/100 Batch 442/650 - Loss: 1.102853 (Recon: 1.039060, Diff: 0.063792, KL: 0.000096)
2026-02-16 21:28:36,833 - INFO - Epoch 12/100 Batch 443/650 - Loss: 1.189066 (Recon: 1.020438, Diff: 0.168628, KL: 0.000125)
2026-02-16 21:28:37,971 - INFO - Epoch 12/100 Batch 444/650 - Loss: 1.070014 (Recon: 1.036689, Diff: 0.033325, KL: 0.000111)
2026-02-16 21:28:39,180 - INFO - Epoch 12/100 Batch 445/650 - Loss: 1.110137 (Recon: 1.041070, Diff: 0.069067, KL: 0.000105)
2026-02-16 21:28:40,462 - INFO - Epoch 12/100 Batch 446/650 - Loss: 1.137804 (Recon: 1.045032, Diff: 0.092772, KL: 0.000103)
2026-02-16 21:28:41,578 - INFO - Epoch 12/100 Batch 447/650 - Loss: 1.164424 (Recon: 1.036034, Diff: 0.128390, KL: 0.000163)
2026-02-16 21:28:42,741 - INFO - Epoch 12/100 Batch 448/650 - Loss: 1.097332 (Recon: 1.035921, Diff: 0.061410, KL: 0.000047)
2026-02-16 21:28:43,890 - INFO - Epoch 12/100 Batch 449/650 - Loss: 1.109087 (Recon: 1.041613, Diff: 0.067474, KL: 0.000100)
2026-02-16 21:28:45,015 - INFO - Epoch 12/100 Batch 450/650 - Loss: 1.129773 (Recon: 1.033350, Diff: 0.096424, KL: 0.000064)
2026-02-16 21:28:46,212 - INFO - Epoch 12/100 Batch 451/650 - Loss: 1.148735 (Recon: 1.039810, Diff: 0.108925, KL: 0.000092)
2026-02-16 21:28:47,305 - INFO - Epoch 12/100 Batch 452/650 - Loss: 1.131898 (Recon: 1.029800, Diff: 0.102098, KL: 0.000141)
2026-02-16 21:28:48,439 - INFO - Epoch 12/100 Batch 453/650 - Loss: 1.071800 (Recon: 1.037582, Diff: 0.034218, KL: 0.000072)
2026-02-16 21:28:49,565 - INFO - Epoch 12/100 Batch 454/650 - Loss: 1.126775 (Recon: 1.040090, Diff: 0.086685, KL: 0.000152)
2026-02-16 21:28:50,718 - INFO - Epoch 12/100 Batch 455/650 - Loss: 1.079047 (Recon: 1.041080, Diff: 0.037967, KL: 0.000073)
2026-02-16 21:28:51,865 - INFO - Epoch 12/100 Batch 456/650 - Loss: 1.112043 (Recon: 1.039635, Diff: 0.072407, KL: 0.000095)
2026-02-16 21:28:53,034 - INFO - Epoch 12/100 Batch 457/650 - Loss: 1.085652 (Recon: 1.036700, Diff: 0.048952, KL: 0.000086)
2026-02-16 21:28:54,246 - INFO - Epoch 12/100 Batch 458/650 - Loss: 1.126730 (Recon: 1.042503, Diff: 0.084227, KL: 0.000072)
2026-02-16 21:28:55,391 - INFO - Epoch 12/100 Batch 459/650 - Loss: 1.104086 (Recon: 1.041064, Diff: 0.063023, KL: 0.000084)
2026-02-16 21:28:56,487 - INFO - Epoch 12/100 Batch 460/650 - Loss: 1.098519 (Recon: 1.042925, Diff: 0.055594, KL: 0.000265)
2026-02-16 21:28:57,637 - INFO - Epoch 12/100 Batch 461/650 - Loss: 1.078158 (Recon: 1.036257, Diff: 0.041901, KL: 0.000205)
2026-02-16 21:28:58,781 - INFO - Epoch 12/100 Batch 462/650 - Loss: 1.131373 (Recon: 1.025862, Diff: 0.105509, KL: 0.000546)
2026-02-16 21:28:59,952 - INFO - Epoch 12/100 Batch 463/650 - Loss: 1.146351 (Recon: 1.042811, Diff: 0.103539, KL: 0.001427)
2026-02-16 21:29:01,091 - INFO - Epoch 12/100 Batch 464/650 - Loss: 1.096005 (Recon: 1.042046, Diff: 0.053959, KL: 0.000138)
2026-02-16 21:29:02,208 - INFO - Epoch 12/100 Batch 465/650 - Loss: 1.132763 (Recon: 1.033687, Diff: 0.099074, KL: 0.001106)
2026-02-16 21:29:03,333 - INFO - Epoch 12/100 Batch 466/650 - Loss: 1.091996 (Recon: 1.038097, Diff: 0.053898, KL: 0.000509)
2026-02-16 21:29:04,442 - INFO - Epoch 12/100 Batch 467/650 - Loss: 1.142508 (Recon: 1.041384, Diff: 0.101124, KL: 0.000530)
2026-02-16 21:29:05,587 - INFO - Epoch 12/100 Batch 468/650 - Loss: 1.113334 (Recon: 1.041167, Diff: 0.072166, KL: 0.000587)
2026-02-16 21:29:06,872 - INFO - Epoch 12/100 Batch 469/650 - Loss: 1.150602 (Recon: 1.035549, Diff: 0.115052, KL: 0.000477)
2026-02-16 21:29:08,033 - INFO - Epoch 12/100 Batch 470/650 - Loss: 1.096369 (Recon: 1.043904, Diff: 0.052464, KL: 0.000404)
2026-02-16 21:29:09,158 - INFO - Epoch 12/100 Batch 471/650 - Loss: 1.115843 (Recon: 1.042762, Diff: 0.073081, KL: 0.000266)
2026-02-16 21:29:10,284 - INFO - Epoch 12/100 Batch 472/650 - Loss: 1.128928 (Recon: 1.035912, Diff: 0.093015, KL: 0.000776)
2026-02-16 21:29:11,386 - INFO - Epoch 12/100 Batch 473/650 - Loss: 1.069994 (Recon: 1.033530, Diff: 0.036464, KL: 0.000255)
2026-02-16 21:29:12,543 - INFO - Epoch 12/100 Batch 474/650 - Loss: 1.174174 (Recon: 1.035414, Diff: 0.138760, KL: 0.000481)
2026-02-16 21:29:13,657 - INFO - Epoch 12/100 Batch 475/650 - Loss: 1.241762 (Recon: 1.025207, Diff: 0.216554, KL: 0.000442)
2026-02-16 21:29:14,722 - INFO - Epoch 12/100 Batch 476/650 - Loss: 1.084833 (Recon: 1.039130, Diff: 0.045702, KL: 0.001017)
2026-02-16 21:29:18,382 - INFO - Epoch 12/100 Batch 477/650 - Loss: 1.117110 (Recon: 1.044133, Diff: 0.072976, KL: 0.000087)
2026-02-16 21:29:19,398 - INFO - Epoch 12/100 Batch 478/650 - Loss: 1.114516 (Recon: 1.034316, Diff: 0.080199, KL: 0.000592)
2026-02-16 21:29:20,704 - INFO - Epoch 12/100 Batch 479/650 - Loss: 1.097957 (Recon: 1.042370, Diff: 0.055588, KL: 0.000182)
2026-02-16 21:29:21,751 - INFO - Epoch 12/100 Batch 480/650 - Loss: 1.196739 (Recon: 1.033421, Diff: 0.163317, KL: 0.000490)
2026-02-16 21:29:22,826 - INFO - Epoch 12/100 Batch 481/650 - Loss: 1.126184 (Recon: 1.039159, Diff: 0.087024, KL: 0.000254)
2026-02-16 21:29:23,868 - INFO - Epoch 12/100 Batch 482/650 - Loss: 1.115568 (Recon: 1.040824, Diff: 0.074743, KL: 0.000186)
2026-02-16 21:29:29,701 - INFO - Epoch 12/100 Batch 483/650 - Loss: 1.138908 (Recon: 1.037413, Diff: 0.101495, KL: 0.000096)
2026-02-16 21:29:30,861 - INFO - Epoch 12/100 Batch 484/650 - Loss: 1.250639 (Recon: 1.037113, Diff: 0.213526, KL: 0.000233)
2026-02-16 21:29:31,974 - INFO - Epoch 12/100 Batch 485/650 - Loss: 1.111970 (Recon: 1.035014, Diff: 0.076956, KL: 0.000053)
2026-02-16 21:29:33,099 - INFO - Epoch 12/100 Batch 486/650 - Loss: 1.095045 (Recon: 1.035968, Diff: 0.059077, KL: 0.000136)
2026-02-16 21:29:34,226 - INFO - Epoch 12/100 Batch 487/650 - Loss: 1.170608 (Recon: 1.042001, Diff: 0.128606, KL: 0.000070)
2026-02-16 21:29:35,349 - INFO - Epoch 12/100 Batch 488/650 - Loss: 1.114282 (Recon: 1.035832, Diff: 0.078450, KL: 0.000146)
2026-02-16 21:29:36,481 - INFO - Epoch 12/100 Batch 489/650 - Loss: 1.101865 (Recon: 1.032135, Diff: 0.069730, KL: 0.000206)
2026-02-16 21:29:37,589 - INFO - Epoch 12/100 Batch 490/650 - Loss: 1.154739 (Recon: 1.041816, Diff: 0.112922, KL: 0.000074)
2026-02-16 21:29:38,830 - INFO - Epoch 12/100 Batch 491/650 - Loss: 1.129416 (Recon: 1.043292, Diff: 0.086124, KL: 0.000403)
2026-02-16 21:29:39,963 - INFO - Epoch 12/100 Batch 492/650 - Loss: 1.124332 (Recon: 1.035886, Diff: 0.088446, KL: 0.000080)
2026-02-16 21:29:41,096 - INFO - Epoch 12/100 Batch 493/650 - Loss: 1.175965 (Recon: 1.038963, Diff: 0.137002, KL: 0.000569)
2026-02-16 21:29:42,247 - INFO - Epoch 12/100 Batch 494/650 - Loss: 1.100268 (Recon: 1.035336, Diff: 0.064932, KL: 0.000174)
2026-02-16 21:29:43,415 - INFO - Epoch 12/100 Batch 495/650 - Loss: 1.132657 (Recon: 1.030473, Diff: 0.102184, KL: 0.000264)
2026-02-16 21:29:44,581 - INFO - Epoch 12/100 Batch 496/650 - Loss: 1.113482 (Recon: 1.035774, Diff: 0.077708, KL: 0.000141)
2026-02-16 21:29:45,708 - INFO - Epoch 12/100 Batch 497/650 - Loss: 1.093868 (Recon: 1.036544, Diff: 0.057323, KL: 0.000288)
2026-02-16 21:29:46,853 - INFO - Epoch 12/100 Batch 498/650 - Loss: 1.115675 (Recon: 1.041202, Diff: 0.074473, KL: 0.000090)
2026-02-16 21:29:48,017 - INFO - Epoch 12/100 Batch 499/650 - Loss: 1.144440 (Recon: 1.032196, Diff: 0.112244, KL: 0.000356)
2026-02-16 21:29:49,279 - INFO - Epoch 12/100 Batch 500/650 - Loss: 1.181646 (Recon: 1.042077, Diff: 0.139569, KL: 0.000287)
2026-02-16 21:29:50,387 - INFO - Epoch 12/100 Batch 501/650 - Loss: 1.125852 (Recon: 1.040019, Diff: 0.085832, KL: 0.000181)
2026-02-16 21:29:51,513 - INFO - Epoch 12/100 Batch 502/650 - Loss: 1.195322 (Recon: 1.030861, Diff: 0.164460, KL: 0.000752)
2026-02-16 21:29:52,657 - INFO - Epoch 12/100 Batch 503/650 - Loss: 1.186170 (Recon: 1.042661, Diff: 0.143509, KL: 0.000110)
2026-02-16 21:29:53,819 - INFO - Epoch 12/100 Batch 504/650 - Loss: 1.145470 (Recon: 1.030259, Diff: 0.115211, KL: 0.000299)
2026-02-16 21:29:54,975 - INFO - Epoch 12/100 Batch 505/650 - Loss: 1.245145 (Recon: 1.032796, Diff: 0.212350, KL: 0.000165)
2026-02-16 21:29:56,132 - INFO - Epoch 12/100 Batch 506/650 - Loss: 1.118138 (Recon: 1.039825, Diff: 0.078313, KL: 0.000188)
2026-02-16 21:29:57,265 - INFO - Epoch 12/100 Batch 507/650 - Loss: 1.164205 (Recon: 1.036298, Diff: 0.127907, KL: 0.000162)
2026-02-16 21:29:58,513 - INFO - Epoch 12/100 Batch 508/650 - Loss: 1.163277 (Recon: 1.029763, Diff: 0.133514, KL: 0.000290)
2026-02-16 21:29:59,648 - INFO - Epoch 12/100 Batch 509/650 - Loss: 1.137065 (Recon: 1.040111, Diff: 0.096954, KL: 0.000258)
2026-02-16 21:30:00,828 - INFO - Epoch 12/100 Batch 510/650 - Loss: 1.087333 (Recon: 1.038974, Diff: 0.048358, KL: 0.000138)
2026-02-16 21:30:02,006 - INFO - Epoch 12/100 Batch 511/650 - Loss: 1.105444 (Recon: 1.035151, Diff: 0.070292, KL: 0.000335)
2026-02-16 21:30:03,142 - INFO - Epoch 12/100 Batch 512/650 - Loss: 1.105615 (Recon: 1.038994, Diff: 0.066621, KL: 0.000041)
2026-02-16 21:30:04,284 - INFO - Epoch 12/100 Batch 513/650 - Loss: 1.153771 (Recon: 1.040271, Diff: 0.113500, KL: 0.000130)
2026-02-16 21:30:05,404 - INFO - Epoch 12/100 Batch 514/650 - Loss: 1.140250 (Recon: 1.033405, Diff: 0.106844, KL: 0.000119)
2026-02-16 21:30:06,524 - INFO - Epoch 12/100 Batch 515/650 - Loss: 1.162793 (Recon: 1.034216, Diff: 0.128577, KL: 0.000125)
2026-02-16 21:30:07,705 - INFO - Epoch 12/100 Batch 516/650 - Loss: 1.131233 (Recon: 1.037328, Diff: 0.093905, KL: 0.000177)
2026-02-16 21:30:08,873 - INFO - Epoch 12/100 Batch 517/650 - Loss: 1.135665 (Recon: 1.026274, Diff: 0.109391, KL: 0.000173)
2026-02-16 21:30:10,024 - INFO - Epoch 12/100 Batch 518/650 - Loss: 1.127794 (Recon: 1.039187, Diff: 0.088606, KL: 0.000140)
2026-02-16 21:30:11,184 - INFO - Epoch 12/100 Batch 519/650 - Loss: 1.101618 (Recon: 1.043113, Diff: 0.058504, KL: 0.000358)
2026-02-16 21:30:12,364 - INFO - Epoch 12/100 Batch 520/650 - Loss: 1.153378 (Recon: 1.035202, Diff: 0.118175, KL: 0.000491)
2026-02-16 21:30:13,490 - INFO - Epoch 12/100 Batch 521/650 - Loss: 1.102351 (Recon: 1.040332, Diff: 0.062019, KL: 0.000100)
2026-02-16 21:30:14,668 - INFO - Epoch 12/100 Batch 522/650 - Loss: 1.090823 (Recon: 1.039740, Diff: 0.051082, KL: 0.000127)
2026-02-16 21:30:15,734 - INFO - Epoch 12/100 Batch 523/650 - Loss: 1.122136 (Recon: 1.033684, Diff: 0.088452, KL: 0.000116)
2026-02-16 21:30:16,800 - INFO - Epoch 12/100 Batch 524/650 - Loss: 1.145674 (Recon: 1.039526, Diff: 0.106148, KL: 0.000062)
2026-02-16 21:30:17,808 - INFO - Epoch 12/100 Batch 525/650 - Loss: 1.134961 (Recon: 1.039062, Diff: 0.095899, KL: 0.000124)
2026-02-16 21:30:19,749 - INFO - Epoch 12/100 Batch 526/650 - Loss: 1.141690 (Recon: 1.037720, Diff: 0.103970, KL: 0.000091)
2026-02-16 21:30:20,808 - INFO - Epoch 12/100 Batch 527/650 - Loss: 1.143611 (Recon: 1.036723, Diff: 0.106888, KL: 0.000048)
2026-02-16 21:30:21,906 - INFO - Epoch 12/100 Batch 528/650 - Loss: 1.125119 (Recon: 1.025562, Diff: 0.099557, KL: 0.000089)
2026-02-16 21:30:23,036 - INFO - Epoch 12/100 Batch 529/650 - Loss: 1.181488 (Recon: 1.037537, Diff: 0.143951, KL: 0.000025)
2026-02-16 21:30:24,162 - INFO - Epoch 12/100 Batch 530/650 - Loss: 1.176118 (Recon: 1.036237, Diff: 0.139881, KL: 0.000085)
2026-02-16 21:30:26,534 - INFO - Epoch 12/100 Batch 531/650 - Loss: 1.115297 (Recon: 1.032135, Diff: 0.083161, KL: 0.000088)
2026-02-16 21:30:27,602 - INFO - Epoch 12/100 Batch 532/650 - Loss: 1.147282 (Recon: 1.039664, Diff: 0.107619, KL: 0.000112)
2026-02-16 21:30:28,712 - INFO - Epoch 12/100 Batch 533/650 - Loss: 1.099173 (Recon: 1.037845, Diff: 0.061328, KL: 0.000230)
2026-02-16 21:30:29,853 - INFO - Epoch 12/100 Batch 534/650 - Loss: 1.099194 (Recon: 1.036991, Diff: 0.062203, KL: 0.000408)
2026-02-16 21:30:30,987 - INFO - Epoch 12/100 Batch 535/650 - Loss: 1.145179 (Recon: 1.035373, Diff: 0.109805, KL: 0.000506)
2026-02-16 21:30:32,059 - INFO - Epoch 12/100 Batch 536/650 - Loss: 1.179121 (Recon: 1.036909, Diff: 0.142212, KL: 0.000182)
2026-02-16 21:30:33,177 - INFO - Epoch 12/100 Batch 537/650 - Loss: 1.094560 (Recon: 1.033716, Diff: 0.060843, KL: 0.000481)
2026-02-16 21:30:34,326 - INFO - Epoch 12/100 Batch 538/650 - Loss: 1.138532 (Recon: 1.032180, Diff: 0.106351, KL: 0.000548)
2026-02-16 21:30:35,411 - INFO - Epoch 12/100 Batch 539/650 - Loss: 1.091201 (Recon: 1.034756, Diff: 0.056445, KL: 0.000099)
2026-02-16 21:30:36,459 - INFO - Epoch 12/100 Batch 540/650 - Loss: 1.085013 (Recon: 1.030813, Diff: 0.054200, KL: 0.000461)
2026-02-16 21:30:37,553 - INFO - Epoch 12/100 Batch 541/650 - Loss: 1.095720 (Recon: 1.042050, Diff: 0.053670, KL: 0.000082)
2026-02-16 21:30:38,672 - INFO - Epoch 12/100 Batch 542/650 - Loss: 1.093085 (Recon: 1.037676, Diff: 0.055408, KL: 0.000531)
2026-02-16 21:30:39,784 - INFO - Epoch 12/100 Batch 543/650 - Loss: 1.152868 (Recon: 1.040257, Diff: 0.112611, KL: 0.000076)
2026-02-16 21:30:40,834 - INFO - Epoch 12/100 Batch 544/650 - Loss: 1.115206 (Recon: 1.040084, Diff: 0.075121, KL: 0.000322)
2026-02-16 21:30:41,925 - INFO - Epoch 12/100 Batch 545/650 - Loss: 1.128034 (Recon: 1.042571, Diff: 0.085463, KL: 0.000172)
2026-02-16 21:30:43,023 - INFO - Epoch 12/100 Batch 546/650 - Loss: 1.091020 (Recon: 1.043462, Diff: 0.047558, KL: 0.000080)
2026-02-16 21:30:44,140 - INFO - Epoch 12/100 Batch 547/650 - Loss: 1.126090 (Recon: 1.034688, Diff: 0.091402, KL: 0.000162)
2026-02-16 21:30:45,210 - INFO - Epoch 12/100 Batch 548/650 - Loss: 1.170802 (Recon: 1.032330, Diff: 0.138471, KL: 0.000248)
2026-02-16 21:30:46,310 - INFO - Epoch 12/100 Batch 549/650 - Loss: 1.202293 (Recon: 1.035616, Diff: 0.166677, KL: 0.000524)
2026-02-16 21:30:47,424 - INFO - Epoch 12/100 Batch 550/650 - Loss: 1.111599 (Recon: 1.034223, Diff: 0.077375, KL: 0.000233)
2026-02-16 21:30:48,501 - INFO - Epoch 12/100 Batch 551/650 - Loss: 1.164008 (Recon: 1.031301, Diff: 0.132707, KL: 0.000256)
2026-02-16 21:30:49,564 - INFO - Epoch 12/100 Batch 552/650 - Loss: 1.149875 (Recon: 1.029042, Diff: 0.120832, KL: 0.000281)
2026-02-16 21:30:50,681 - INFO - Epoch 12/100 Batch 553/650 - Loss: 1.226089 (Recon: 1.039785, Diff: 0.186304, KL: 0.000183)
2026-02-16 21:30:51,795 - INFO - Epoch 12/100 Batch 554/650 - Loss: 1.119272 (Recon: 1.035186, Diff: 0.084085, KL: 0.000465)
2026-02-16 21:30:52,892 - INFO - Epoch 12/100 Batch 555/650 - Loss: 1.155219 (Recon: 1.032404, Diff: 0.122815, KL: 0.000151)
2026-02-16 21:30:53,949 - INFO - Epoch 12/100 Batch 556/650 - Loss: 1.123006 (Recon: 1.037160, Diff: 0.085845, KL: 0.000606)
2026-02-16 21:30:55,086 - INFO - Epoch 12/100 Batch 557/650 - Loss: 1.163078 (Recon: 1.029657, Diff: 0.133420, KL: 0.000151)
2026-02-16 21:30:56,200 - INFO - Epoch 12/100 Batch 558/650 - Loss: 1.107741 (Recon: 1.039103, Diff: 0.068637, KL: 0.000339)
2026-02-16 21:30:57,282 - INFO - Epoch 12/100 Batch 559/650 - Loss: 1.096005 (Recon: 1.036586, Diff: 0.059419, KL: 0.000249)
2026-02-16 21:30:58,350 - INFO - Epoch 12/100 Batch 560/650 - Loss: 1.124133 (Recon: 1.036672, Diff: 0.087460, KL: 0.000291)
2026-02-16 21:30:59,495 - INFO - Epoch 12/100 Batch 561/650 - Loss: 1.149933 (Recon: 1.032325, Diff: 0.117608, KL: 0.000313)
2026-02-16 21:31:00,652 - INFO - Epoch 12/100 Batch 562/650 - Loss: 1.151127 (Recon: 1.036754, Diff: 0.114373, KL: 0.000077)
2026-02-16 21:31:01,772 - INFO - Epoch 12/100 Batch 563/650 - Loss: 1.110626 (Recon: 1.040976, Diff: 0.069650, KL: 0.000103)
2026-02-16 21:31:02,821 - INFO - Epoch 12/100 Batch 564/650 - Loss: 1.105382 (Recon: 1.037062, Diff: 0.068320, KL: 0.000173)
2026-02-16 21:31:03,920 - INFO - Epoch 12/100 Batch 565/650 - Loss: 1.113747 (Recon: 1.038860, Diff: 0.074888, KL: 0.000145)
2026-02-16 21:31:05,054 - INFO - Epoch 12/100 Batch 566/650 - Loss: 1.134102 (Recon: 1.040196, Diff: 0.093906, KL: 0.000159)
2026-02-16 21:31:06,131 - INFO - Epoch 12/100 Batch 567/650 - Loss: 1.115624 (Recon: 1.031918, Diff: 0.083706, KL: 0.000151)
2026-02-16 21:31:07,205 - INFO - Epoch 12/100 Batch 568/650 - Loss: 1.104838 (Recon: 1.033570, Diff: 0.071267, KL: 0.000146)
2026-02-16 21:31:08,404 - INFO - Epoch 12/100 Batch 569/650 - Loss: 1.100682 (Recon: 1.039694, Diff: 0.060988, KL: 0.000110)
2026-02-16 21:31:09,511 - INFO - Epoch 12/100 Batch 570/650 - Loss: 1.086528 (Recon: 1.026679, Diff: 0.059849, KL: 0.000173)
2026-02-16 21:31:10,610 - INFO - Epoch 12/100 Batch 571/650 - Loss: 1.135428 (Recon: 1.039902, Diff: 0.095526, KL: 0.000057)
2026-02-16 21:31:11,675 - INFO - Epoch 12/100 Batch 572/650 - Loss: 1.080067 (Recon: 1.036344, Diff: 0.043724, KL: 0.000119)
2026-02-16 21:31:12,779 - INFO - Epoch 12/100 Batch 573/650 - Loss: 1.095341 (Recon: 1.039768, Diff: 0.055573, KL: 0.000083)
2026-02-16 21:31:13,914 - INFO - Epoch 12/100 Batch 574/650 - Loss: 1.060199 (Recon: 1.024061, Diff: 0.036138, KL: 0.000073)
2026-02-16 21:31:15,009 - INFO - Epoch 12/100 Batch 575/650 - Loss: 1.185631 (Recon: 1.033802, Diff: 0.151829, KL: 0.000270)
2026-02-16 21:31:16,079 - INFO - Epoch 12/100 Batch 576/650 - Loss: 1.101673 (Recon: 1.032057, Diff: 0.069616, KL: 0.000203)
2026-02-16 21:31:17,067 - INFO - Epoch 12/100 Batch 577/650 - Loss: 1.129744 (Recon: 1.041494, Diff: 0.088250, KL: 0.000096)
2026-02-16 21:31:18,092 - INFO - Epoch 12/100 Batch 578/650 - Loss: 1.083992 (Recon: 1.037291, Diff: 0.046701, KL: 0.000134)
2026-02-16 21:31:19,103 - INFO - Epoch 12/100 Batch 579/650 - Loss: 1.098395 (Recon: 1.032947, Diff: 0.065448, KL: 0.000111)
2026-02-16 21:31:20,108 - INFO - Epoch 12/100 Batch 580/650 - Loss: 1.143230 (Recon: 1.036198, Diff: 0.107032, KL: 0.000262)
2026-02-16 21:31:22,989 - INFO - Epoch 12/100 Batch 581/650 - Loss: 1.134366 (Recon: 1.039194, Diff: 0.095173, KL: 0.000071)
2026-02-16 21:31:24,003 - INFO - Epoch 12/100 Batch 582/650 - Loss: 1.098549 (Recon: 1.037063, Diff: 0.061486, KL: 0.000217)
2026-02-16 21:31:25,018 - INFO - Epoch 12/100 Batch 583/650 - Loss: 1.105973 (Recon: 1.039049, Diff: 0.066923, KL: 0.000092)
2026-02-16 21:31:26,047 - INFO - Epoch 12/100 Batch 584/650 - Loss: 1.127624 (Recon: 1.034171, Diff: 0.093453, KL: 0.000145)
2026-02-16 21:31:33,550 - INFO - Epoch 12/100 Batch 585/650 - Loss: 1.091963 (Recon: 1.033568, Diff: 0.058394, KL: 0.000121)
2026-02-16 21:31:34,714 - INFO - Epoch 12/100 Batch 586/650 - Loss: 1.197076 (Recon: 1.024927, Diff: 0.172149, KL: 0.000195)
2026-02-16 21:31:35,837 - INFO - Epoch 12/100 Batch 587/650 - Loss: 1.188519 (Recon: 1.031762, Diff: 0.156757, KL: 0.000217)
2026-02-16 21:31:36,954 - INFO - Epoch 12/100 Batch 588/650 - Loss: 1.099901 (Recon: 1.026459, Diff: 0.073443, KL: 0.000108)
2026-02-16 21:31:38,133 - INFO - Epoch 12/100 Batch 589/650 - Loss: 1.096408 (Recon: 1.040363, Diff: 0.056045, KL: 0.000163)
2026-02-16 21:31:39,248 - INFO - Epoch 12/100 Batch 590/650 - Loss: 1.180428 (Recon: 1.038512, Diff: 0.141916, KL: 0.000205)
2026-02-16 21:31:40,356 - INFO - Epoch 12/100 Batch 591/650 - Loss: 1.099226 (Recon: 1.036786, Diff: 0.062440, KL: 0.000061)
2026-02-16 21:31:41,430 - INFO - Epoch 12/100 Batch 592/650 - Loss: 1.180474 (Recon: 1.039032, Diff: 0.141441, KL: 0.000523)
2026-02-16 21:31:42,539 - INFO - Epoch 12/100 Batch 593/650 - Loss: 1.147016 (Recon: 1.041445, Diff: 0.105571, KL: 0.000121)
2026-02-16 21:31:43,624 - INFO - Epoch 12/100 Batch 594/650 - Loss: 1.118489 (Recon: 1.036274, Diff: 0.082215, KL: 0.000432)
2026-02-16 21:31:44,696 - INFO - Epoch 12/100 Batch 595/650 - Loss: 1.084223 (Recon: 1.040094, Diff: 0.044128, KL: 0.000444)
2026-02-16 21:31:45,741 - INFO - Epoch 12/100 Batch 596/650 - Loss: 1.186343 (Recon: 1.032459, Diff: 0.153884, KL: 0.000294)
2026-02-16 21:31:46,840 - INFO - Epoch 12/100 Batch 597/650 - Loss: 1.104661 (Recon: 1.040550, Diff: 0.064110, KL: 0.000759)
2026-02-16 21:31:47,985 - INFO - Epoch 12/100 Batch 598/650 - Loss: 1.119349 (Recon: 1.040519, Diff: 0.078829, KL: 0.000113)
2026-02-16 21:31:49,088 - INFO - Epoch 12/100 Batch 599/650 - Loss: 1.164971 (Recon: 1.039261, Diff: 0.125710, KL: 0.000313)
2026-02-16 21:31:50,187 - INFO - Epoch 12/100 Batch 600/650 - Loss: 1.140010 (Recon: 1.037627, Diff: 0.102382, KL: 0.000216)
2026-02-16 21:31:51,302 - INFO - Epoch 12/100 Batch 601/650 - Loss: 1.090268 (Recon: 1.042694, Diff: 0.047574, KL: 0.000223)
2026-02-16 21:31:52,374 - INFO - Epoch 12/100 Batch 602/650 - Loss: 1.142971 (Recon: 1.036720, Diff: 0.106250, KL: 0.000473)
2026-02-16 21:31:53,499 - INFO - Epoch 12/100 Batch 603/650 - Loss: 1.107620 (Recon: 1.031660, Diff: 0.075960, KL: 0.000123)
2026-02-16 21:31:54,548 - INFO - Epoch 12/100 Batch 604/650 - Loss: 1.139818 (Recon: 1.025115, Diff: 0.114703, KL: 0.000309)
2026-02-16 21:31:55,665 - INFO - Epoch 12/100 Batch 605/650 - Loss: 1.110088 (Recon: 1.032723, Diff: 0.077365, KL: 0.000161)
2026-02-16 21:31:56,762 - INFO - Epoch 12/100 Batch 606/650 - Loss: 1.142161 (Recon: 1.040415, Diff: 0.101746, KL: 0.000206)
2026-02-16 21:31:57,867 - INFO - Epoch 12/100 Batch 607/650 - Loss: 1.123240 (Recon: 1.031696, Diff: 0.091544, KL: 0.000157)
2026-02-16 21:31:58,923 - INFO - Epoch 12/100 Batch 608/650 - Loss: 1.070853 (Recon: 1.025892, Diff: 0.044960, KL: 0.000362)
2026-02-16 21:32:00,000 - INFO - Epoch 12/100 Batch 609/650 - Loss: 1.082452 (Recon: 1.041939, Diff: 0.040513, KL: 0.000381)
2026-02-16 21:32:01,064 - INFO - Epoch 12/100 Batch 610/650 - Loss: 1.090412 (Recon: 1.036400, Diff: 0.054012, KL: 0.000120)
2026-02-16 21:32:02,154 - INFO - Epoch 12/100 Batch 611/650 - Loss: 1.119396 (Recon: 1.037953, Diff: 0.081443, KL: 0.000311)
2026-02-16 21:32:03,213 - INFO - Epoch 12/100 Batch 612/650 - Loss: 1.118102 (Recon: 1.039279, Diff: 0.078823, KL: 0.000119)
2026-02-16 21:32:04,313 - INFO - Epoch 12/100 Batch 613/650 - Loss: 1.101094 (Recon: 1.029864, Diff: 0.071229, KL: 0.000311)
2026-02-16 21:32:05,389 - INFO - Epoch 12/100 Batch 614/650 - Loss: 1.105915 (Recon: 1.031224, Diff: 0.074690, KL: 0.000413)
2026-02-16 21:32:06,482 - INFO - Epoch 12/100 Batch 615/650 - Loss: 1.137499 (Recon: 1.038972, Diff: 0.098527, KL: 0.000251)
2026-02-16 21:32:07,548 - INFO - Epoch 12/100 Batch 616/650 - Loss: 1.132846 (Recon: 1.039804, Diff: 0.093041, KL: 0.000438)
2026-02-16 21:32:08,685 - INFO - Epoch 12/100 Batch 617/650 - Loss: 1.106249 (Recon: 1.035962, Diff: 0.070288, KL: 0.000135)
2026-02-16 21:32:09,799 - INFO - Epoch 12/100 Batch 618/650 - Loss: 1.132776 (Recon: 1.040409, Diff: 0.092366, KL: 0.000721)
2026-02-16 21:32:10,964 - INFO - Epoch 12/100 Batch 619/650 - Loss: 1.091027 (Recon: 1.028260, Diff: 0.062767, KL: 0.000305)
2026-02-16 21:32:12,018 - INFO - Epoch 12/100 Batch 620/650 - Loss: 1.098543 (Recon: 1.041754, Diff: 0.056787, KL: 0.001230)
2026-02-16 21:32:13,107 - INFO - Epoch 12/100 Batch 621/650 - Loss: 1.127427 (Recon: 1.028980, Diff: 0.098446, KL: 0.000745)
2026-02-16 21:32:14,159 - INFO - Epoch 12/100 Batch 622/650 - Loss: 1.143596 (Recon: 1.034533, Diff: 0.109063, KL: 0.000110)
2026-02-16 21:32:15,360 - INFO - Epoch 12/100 Batch 623/650 - Loss: 1.130779 (Recon: 1.035870, Diff: 0.094909, KL: 0.000148)
2026-02-16 21:32:16,418 - INFO - Epoch 12/100 Batch 624/650 - Loss: 1.156280 (Recon: 1.034473, Diff: 0.121807, KL: 0.000287)
2026-02-16 21:32:17,563 - INFO - Epoch 12/100 Batch 625/650 - Loss: 1.119971 (Recon: 1.036123, Diff: 0.083847, KL: 0.000388)
2026-02-16 21:32:18,580 - INFO - Epoch 12/100 Batch 626/650 - Loss: 1.127710 (Recon: 1.032781, Diff: 0.094929, KL: 0.000169)
2026-02-16 21:32:19,582 - INFO - Epoch 12/100 Batch 627/650 - Loss: 1.104232 (Recon: 1.038804, Diff: 0.065428, KL: 0.000330)
2026-02-16 21:32:23,532 - INFO - Epoch 12/100 Batch 628/650 - Loss: 1.100134 (Recon: 1.038701, Diff: 0.061433, KL: 0.000465)
2026-02-16 21:32:26,847 - INFO - Epoch 12/100 Batch 629/650 - Loss: 1.156779 (Recon: 1.035121, Diff: 0.121658, KL: 0.000220)
2026-02-16 21:32:27,892 - INFO - Epoch 12/100 Batch 630/650 - Loss: 1.094085 (Recon: 1.036154, Diff: 0.057931, KL: 0.000642)
2026-02-16 21:32:28,926 - INFO - Epoch 12/100 Batch 631/650 - Loss: 1.080383 (Recon: 1.030251, Diff: 0.050132, KL: 0.000165)
2026-02-16 21:32:29,962 - INFO - Epoch 12/100 Batch 632/650 - Loss: 1.121728 (Recon: 1.038833, Diff: 0.082895, KL: 0.000264)
2026-02-16 21:32:31,013 - INFO - Epoch 12/100 Batch 633/650 - Loss: 1.192534 (Recon: 1.035173, Diff: 0.157361, KL: 0.000130)
2026-02-16 21:32:37,805 - INFO - Epoch 12/100 Batch 634/650 - Loss: 1.098092 (Recon: 1.029883, Diff: 0.068209, KL: 0.000289)
2026-02-16 21:32:38,929 - INFO - Epoch 12/100 Batch 635/650 - Loss: 1.115627 (Recon: 1.033671, Diff: 0.081955, KL: 0.000422)
2026-02-16 21:32:40,078 - INFO - Epoch 12/100 Batch 636/650 - Loss: 1.083889 (Recon: 1.039291, Diff: 0.044598, KL: 0.000094)
2026-02-16 21:32:41,174 - INFO - Epoch 12/100 Batch 637/650 - Loss: 1.122956 (Recon: 1.037864, Diff: 0.085091, KL: 0.000385)
2026-02-16 21:32:42,308 - INFO - Epoch 12/100 Batch 638/650 - Loss: 1.128421 (Recon: 1.037401, Diff: 0.091019, KL: 0.000119)
2026-02-16 21:32:43,496 - INFO - Epoch 12/100 Batch 639/650 - Loss: 1.073810 (Recon: 1.023704, Diff: 0.050106, KL: 0.000523)
2026-02-16 21:32:44,568 - INFO - Epoch 12/100 Batch 640/650 - Loss: 1.126538 (Recon: 1.028977, Diff: 0.097561, KL: 0.000542)
2026-02-16 21:32:45,683 - INFO - Epoch 12/100 Batch 641/650 - Loss: 1.126298 (Recon: 1.040193, Diff: 0.086104, KL: 0.000199)
2026-02-16 21:32:46,771 - INFO - Epoch 12/100 Batch 642/650 - Loss: 1.172385 (Recon: 1.032532, Diff: 0.139852, KL: 0.000613)
2026-02-16 21:32:47,795 - INFO - Epoch 12/100 Batch 643/650 - Loss: 1.135459 (Recon: 1.032931, Diff: 0.102528, KL: 0.000134)
2026-02-16 21:32:48,816 - INFO - Epoch 12/100 Batch 644/650 - Loss: 1.151425 (Recon: 1.038545, Diff: 0.112879, KL: 0.000614)
2026-02-16 21:32:49,813 - INFO - Epoch 12/100 Batch 645/650 - Loss: 1.146394 (Recon: 1.019443, Diff: 0.126951, KL: 0.000762)
2026-02-16 21:32:50,818 - INFO - Epoch 12/100 Batch 646/650 - Loss: 1.095213 (Recon: 1.038518, Diff: 0.056695, KL: 0.000138)
2026-02-16 21:32:51,815 - INFO - Epoch 12/100 Batch 647/650 - Loss: 1.131412 (Recon: 1.036651, Diff: 0.094761, KL: 0.000243)
2026-02-16 21:32:52,880 - INFO - Epoch 12/100 Batch 648/650 - Loss: 1.123827 (Recon: 1.029411, Diff: 0.094416, KL: 0.000134)
2026-02-16 21:32:53,885 - INFO - Epoch 12/100 Batch 649/650 - Loss: 1.118478 (Recon: 1.035564, Diff: 0.082914, KL: 0.000139)
2026-02-16 21:32:54,898 - INFO - Epoch 12/100 Batch 650/650 - Loss: 1.132889 (Recon: 1.039946, Diff: 0.092943, KL: 0.000224)
2026-02-16 21:32:55,017 - INFO - Epoch 12 Train Loss: 1.131588
2026-02-16 21:32:59,402 - INFO - Epoch 12 Val Loss: 1.115229 (Recon: 1.0404, Diff: 0.0748, KL: 0.0005)
